participant,rt,accuracy,congruency_num,spacing_num,n_trial_experiment
1108,0.3453,1,0,1,1
1108,0.3992,1,1,1,2
1108,0.4576,1,1,1,3
1108,0.4823,1,0,1,6
1108,0.4915,1,1,1,7
1108,0.4397,1,1,1,9
1108,0.3914,1,0,1,14
1108,0.3589,1,1,1,15
1108,0.4942,1,1,1,16
1108,0.6418,1,0,1,18
1108,0.4066,1,0,1,19
1108,0.4526,1,1,1,21
1108,0.5338,1,0,1,22
1108,0.4204,1,0,1,23
1108,0.3902,1,0,1,24
1108,0.4072,1,1,1,26
1108,0.3851,1,0,1,28
1108,0.3656,1,1,1,29
1108,0.3574,1,0,1,30
1108,0.4589,1,1,1,31
1108,0.4119,1,0,1,33
1108,0.3906,1,0,1,34
1108,0.42,1,0,1,35
1108,0.4321,1,1,1,36
1108,0.3527,1,0,1,37
1108,0.3771,1,1,1,38
1108,0.3832,1,0,1,40
1108,0.3541,1,1,1,41
1108,0.3933,1,0,1,43
1108,0.3952,1,1,1,44
1108,0.4368,1,1,1,45
1108,0.3861,1,1,1,47
1108,0.4185,1,0,1,48
1108,0.4036,0,1,1,53
1108,0.3405,1,1,1,55
1108,0.295,1,0,1,56
1108,0.2787,0,1,1,59
1108,0.5231,1,1,1,61
1108,0.3589,1,0,1,62
1108,0.387,1,0,1,63
1108,0.4658,1,1,1,64
1108,0.4629,1,1,1,65
1108,0.4842,1,0,1,66
1108,0.559,1,0,1,68
1108,0.3578,1,0,1,70
1108,0.2954,1,0,1,71
1108,0.348,1,0,1,72
1108,0.3005,0,1,1,73
1108,0.3713,1,0,1,75
1108,0.3874,1,0,1,76
1108,0.3498,0,1,1,77
1108,0.3995,1,0,1,78
1108,0.4576,1,1,1,80
1108,0.4738,1,1,1,81
1108,0.5043,1,1,1,82
1108,0.442,1,0,1,83
1108,0.4262,1,0,1,84
1108,0.3591,1,1,1,85
1108,0.477,1,1,1,86
1108,0.7071,1,0,1,88
1108,0.5744,1,1,1,90
1108,0.5081,1,0,1,92
1108,0.5712,1,1,1,93
1108,0.3757,1,0,1,94
1108,0.3582,1,1,1,96
1108,0.4442,1,1,1,97
1108,0.5362,1,1,1,98
1108,0.4145,1,0,1,99
1108,0.3989,1,0,1,100
1108,0.6874,1,0,1,101
1108,0.3923,1,1,1,102
1108,0.4846,1,0,1,105
1108,0.5157,1,1,1,106
1108,0.4668,1,0,1,107
1108,0.4368,1,1,1,109
1108,0.4408,1,1,1,111
1108,0.4405,0,1,1,112
1108,0.4785,1,1,1,113
1108,0.3106,1,0,1,116
1108,0.338,1,0,1,117
1108,0.3537,1,0,1,118
1108,0.5487,1,1,1,123
1108,0.4047,1,1,1,124
1108,0.3919,1,0,1,127
1108,0.4584,1,1,1,2
1108,0.4488,1,1,1,3
1108,0.3529,1,1,1,4
1108,0.3268,1,0,1,5
1108,0.4062,1,1,1,6
1108,0.3585,1,0,1,8
1108,0.3779,1,0,1,9
1108,0.4762,1,1,1,10
1108,0.4032,1,1,1,12
1108,0.4595,1,1,1,14
1108,0.4708,1,0,1,15
1108,0.3702,1,0,1,16
1108,0.3749,1,1,1,17
1108,0.5304,1,0,1,18
1108,0.4169,1,0,1,20
1108,0.3805,1,0,1,21
1108,0.2932,1,0,1,22
1108,0.3161,1,1,1,24
1108,0.6094,1,1,1,25
1108,0.427,1,1,1,27
1108,0.3577,1,1,1,30
1108,0.4741,1,1,1,33
1108,0.4744,1,1,1,34
1108,0.387,1,1,1,35
1108,0.391,1,0,1,36
1108,0.444,1,0,1,37
1108,0.6903,1,1,1,38
1108,0.4551,1,0,1,40
1108,0.7283,1,1,1,41
1108,0.4401,1,0,1,42
1108,0.3976,1,0,1,43
1108,0.4244,1,1,1,44
1108,0.4204,1,1,1,49
1108,0.5085,1,0,1,52
1108,0.5393,1,1,1,53
1108,0.4372,1,1,1,54
1108,0.4843,1,0,1,56
1108,0.4369,1,0,1,57
1108,0.3768,1,0,1,59
1108,0.4061,1,0,1,61
1108,0.608,1,1,1,64
1108,0.4323,1,0,1,65
1108,0.431,1,1,1,66
1108,0.3536,0,1,1,67
1108,0.4164,1,0,1,73
1108,0.374,1,0,1,74
1108,0.3578,1,0,1,77
1108,0.3405,1,1,1,78
1108,0.3807,1,0,1,79
1108,0.3554,1,1,1,80
1108,0.3241,1,1,1,82
1108,0.4063,1,1,1,83
1108,0.4654,1,1,1,84
1108,0.4538,1,1,1,85
1108,0.4535,1,1,1,86
1108,0.3409,1,1,1,89
1108,0.3835,1,1,1,91
1108,0.3673,1,0,1,92
1108,0.368,1,1,1,93
1108,0.4219,1,1,1,94
1108,0.3667,0,0,1,96
1108,0.3822,1,0,1,98
1108,0.3271,1,0,1,99
1108,0.4034,1,1,1,101
1108,0.4196,0,1,1,102
1108,0.4415,1,0,1,103
1108,0.4541,1,1,1,105
1108,0.375,1,0,1,106
1108,0.3941,1,1,1,107
1108,0.4076,1,0,1,109
1108,0.4368,1,1,1,110
1108,0.3877,1,0,1,111
1108,0.4217,1,0,1,112
1108,0.3542,1,0,1,114
1108,0.4112,1,0,1,115
1108,0.4072,1,0,1,116
1108,0.3606,1,0,1,117
1108,0.3419,1,0,1,119
1108,0.3156,1,0,1,121
1108,0.4127,1,0,1,122
1108,0.3412,1,0,1,123
1108,0.5068,1,1,1,125
1108,0.3506,1,0,1,126
1108,0.4514,1,1,1,4
1108,0.4258,1,0,1,5
1108,0.4825,1,1,1,6
1108,0.3922,1,1,1,7
1108,0.2993,1,0,1,9
1108,0.384,1,1,1,10
1108,0.4025,1,1,1,11
1108,0.4248,1,0,1,13
1108,0.4083,1,0,1,15
1108,0.4173,1,0,1,16
1108,0.4415,1,1,1,17
1108,0.474,1,0,1,18
1108,0.3976,1,1,1,19
1108,0.3611,1,1,1,20
1108,0.3244,1,0,1,22
1108,0.3599,1,1,1,23
1108,0.2858,0,0,1,24
1108,0.3751,1,0,1,27
1108,0.3496,1,0,1,28
1108,0.401,1,1,1,29
1108,0.3579,1,0,1,30
1108,0.3262,1,1,1,31
1108,0.4404,0,1,1,32
1108,0.3935,1,0,1,33
1108,0.3726,1,0,1,35
1108,0.3907,1,0,1,36
1108,0.3462,1,0,1,37
1108,0.3704,1,0,1,39
1108,0.4258,1,1,1,40
1108,0.3588,0,1,1,43
1108,0.4774,1,1,1,44
1108,0.417,1,0,1,45
1108,0.4141,1,0,1,47
1108,0.5985,1,1,1,49
1108,0.3867,1,0,1,50
1108,0.4942,1,0,1,52
1108,0.4914,1,1,1,53
1108,0.4562,1,1,1,55
1108,0.4989,1,1,1,56
1108,0.3512,0,1,1,57
1108,0.3442,1,1,1,58
1108,0.4248,1,1,1,59
1108,0.2836,1,0,1,64
1108,0.3703,1,1,1,67
1108,0.3565,0,1,1,68
1108,0.4445,1,0,1,69
1108,0.4442,1,0,1,71
1108,0.4369,1,1,1,73
1108,0.4365,1,1,1,74
1108,0.42,1,1,1,75
1108,0.4786,1,0,1,78
1108,0.424,1,0,1,79
1108,0.4223,1,1,1,80
1108,0.3765,1,1,1,81
1108,0.4376,1,1,1,84
1108,0.4205,1,1,1,85
1108,0.4236,1,0,1,86
1108,0.5229,1,1,1,88
1108,0.3392,1,0,1,90
1108,0.3868,1,0,1,92
1108,0.3078,1,0,1,98
1108,0.3246,0,0,1,99
1108,0.3865,1,0,1,100
1108,0.377,1,0,1,101
1108,0.3673,1,1,1,102
1108,0.4602,1,1,1,105
1108,0.3838,1,0,1,109
1108,0.3337,1,0,1,112
1108,0.4035,1,0,1,114
1108,0.3535,1,0,1,115
1108,0.3697,1,0,1,116
1108,0.4707,1,1,1,117
1108,0.5089,1,1,1,118
1108,0.4141,1,1,1,119
1108,0.3585,1,0,1,120
1108,0.4088,0,1,1,121
1108,0.385,1,0,1,122
1108,0.3871,1,0,1,123
1108,0.4153,0,1,1,124
1108,0.4779,1,0,1,125
1108,0.377,1,1,1,126
1108,0.3365,1,1,1,127
1108,0.4524,1,0,1,2
1108,0.4282,1,1,1,3
1108,0.3678,1,1,1,9
1108,0.4169,1,1,1,10
1108,0.3735,1,0,1,11
1108,0.362,1,0,1,12
1108,0.4992,1,1,1,13
1108,0.6025,1,1,1,14
1108,0.4299,1,1,1,15
1108,0.4713,1,0,1,16
1108,0.4367,1,0,1,17
1108,0.3935,0,1,1,20
1108,0.3668,1,1,1,22
1108,0.5503,1,0,1,23
1108,0.5215,1,1,1,24
1108,0.5084,1,1,1,25
1108,0.4373,1,1,1,27
1108,0.3766,1,0,1,29
1108,0.4702,1,1,1,30
1108,0.3731,1,0,1,31
1108,0.3607,1,1,1,34
1108,0.3278,1,0,1,35
1108,0.3843,1,1,1,36
1108,0.3445,1,0,1,37
1108,0.4596,1,0,1,38
1108,0.4044,1,0,1,39
1108,0.3784,1,1,1,42
1108,0.3244,0,1,1,43
1108,0.3,0,1,1,45
1108,0.3823,1,0,1,46
1108,0.3743,1,1,1,48
1108,0.3893,1,0,1,49
1108,0.3464,0,1,1,50
1108,0.4829,1,0,1,51
1108,0.4528,1,0,1,52
1108,0.4751,1,1,1,53
1108,0.3434,1,0,1,54
1108,0.4658,1,0,1,55
1108,0.3826,0,1,1,56
1108,0.4957,1,1,1,60
1108,0.4861,1,1,1,62
1108,0.5462,1,1,1,63
1108,0.4827,1,0,1,64
1108,0.3761,0,1,1,65
1108,0.5072,1,0,1,68
1108,0.4049,1,1,1,71
1108,0.4334,1,0,1,75
1108,0.434,1,0,1,77
1108,0.4096,1,0,1,78
1108,0.3658,1,0,1,80
1108,0.4678,1,1,1,81
1108,0.3144,0,1,1,83
1108,0.3869,1,1,1,87
1108,0.3361,1,1,1,88
1108,0.3928,0,1,1,90
1108,0.3599,0,1,1,95
1108,0.3853,1,0,1,96
1108,0.4091,1,0,1,99
1108,0.3034,0,1,1,100
1108,0.4675,1,1,1,101
1108,0.377,1,0,1,102
1108,0.3564,1,0,1,103
1108,0.4164,1,0,1,105
1108,0.4152,1,0,1,106
1108,0.3621,1,0,1,107
1108,0.3405,1,0,1,108
1108,0.3034,1,0,1,109
1108,0.4327,1,1,1,110
1108,0.6754,1,0,1,111
1108,0.5231,1,0,1,112
1108,0.6085,1,0,1,113
1108,0.3529,1,1,1,117
1108,0.3269,1,1,1,118
1108,0.2737,0,1,1,119
1108,0.4445,1,0,1,120
1108,0.5157,1,1,1,121
1108,0.3768,1,0,1,122
1108,0.3491,1,0,1,123
1108,0.4203,1,0,1,124
1108,0.4371,1,1,1,125
1108,0.4221,1,1,1,126
1108,0.3312,1,0,1,127
1108,0.4899,1,1,1,1
1108,0.5389,1,0,1,2
1108,0.4654,1,1,1,3
1108,0.5259,1,1,1,5
1108,0.3839,1,0,1,6
1108,0.4293,1,1,1,7
1108,0.4596,1,1,1,8
1108,0.3998,1,0,1,9
1108,0.3252,1,0,1,10
1108,0.3955,1,1,1,14
1108,0.4116,0,1,1,15
1108,0.6454,1,1,1,16
1108,0.4988,1,1,1,18
1108,0.4313,1,1,1,20
1108,0.6486,1,1,1,22
1108,0.3604,1,0,1,23
1108,0.4665,1,1,1,25
1108,0.4603,1,1,1,29
1108,0.6228,1,1,1,31
1108,0.3585,1,0,1,33
1108,0.5086,1,1,1,37
1108,0.481,1,1,1,41
1108,0.5305,1,1,1,42
1108,0.6255,1,1,1,43
1108,0.4246,1,1,1,44
1108,0.5086,1,0,1,46
1108,0.4371,1,0,1,47
1108,0.4358,1,0,1,48
1108,0.3842,1,1,1,49
1108,0.4836,1,0,1,52
1108,0.3781,1,0,1,54
1108,0.4535,1,0,1,56
1108,0.3617,1,0,1,57
1108,0.4263,1,1,1,58
1108,0.3575,1,1,1,60
1108,0.4149,1,0,1,61
1108,0.4579,1,0,1,62
1108,0.3777,1,0,1,63
1108,0.4909,1,0,1,65
1108,0.502,1,1,1,66
1108,0.4939,1,1,1,67
1108,0.4754,1,0,1,68
1108,0.3574,1,0,1,69
1108,0.4587,1,1,1,70
1108,0.4252,1,1,1,71
1108,0.4909,1,1,1,72
1108,0.3939,1,0,1,73
1108,0.3754,1,0,1,74
1108,0.4161,1,1,1,75
1108,0.3676,1,0,1,81
1108,0.3542,1,0,1,82
1108,0.3418,1,0,1,83
1108,0.3449,0,1,1,85
1108,0.3323,1,0,1,87
1108,0.3001,0,1,1,88
1108,0.5246,1,1,1,89
1108,0.4095,1,0,1,90
1108,0.3094,1,0,1,92
1108,0.3862,1,0,1,93
1108,0.3697,1,0,1,94
1108,0.3755,1,0,1,95
1108,0.4873,1,1,1,96
1108,0.3797,1,0,1,98
1108,0.4026,1,1,1,100
1108,0.3466,0,1,1,102
1108,0.4486,1,0,1,104
1108,0.4398,1,1,1,105
1108,0.3085,1,1,1,106
1108,0.3017,1,0,1,107
1108,0.4242,1,0,1,108
1108,0.3402,1,0,1,110
1108,0.3921,1,0,1,111
1108,0.4285,1,0,1,112
1108,0.3451,1,0,1,113
1108,0.5231,1,1,1,114
1108,0.3862,1,1,1,115
1108,0.474,1,0,1,116
1108,0.4271,1,1,1,119
1108,0.4374,1,0,1,122
1108,0.5131,1,0,1,123
1108,0.4913,1,1,1,125
1108,0.417,1,0,1,127
1108,0.3861,1,1,1,3
1108,0.4041,1,0,1,4
1108,0.6018,1,1,1,5
1108,0.3381,1,1,1,6
1108,0.5916,1,0,1,9
1108,0.2906,1,0,1,11
1108,0.464,1,1,1,12
1108,0.5386,1,1,1,14
1108,0.4623,1,0,1,15
1108,0.4325,1,1,1,17
1108,0.3577,1,0,1,18
1108,0.3628,1,0,1,19
1108,0.4075,1,0,1,22
1108,0.394,1,0,1,24
1108,0.3999,1,0,1,26
1108,0.4085,1,1,1,27
1108,0.3594,0,1,1,29
1108,0.5442,1,0,1,32
1108,0.3728,1,1,1,33
1108,0.4166,1,0,1,34
1108,0.2747,1,1,1,35
1108,0.4791,1,1,1,36
1108,0.3533,1,0,1,37
1108,0.4759,1,1,1,38
1108,0.4118,1,1,1,39
1108,0.3323,1,0,1,40
1108,0.3264,1,0,1,42
1108,0.5823,1,0,1,43
1108,0.4336,1,0,1,48
1108,0.4864,1,0,1,49
1108,0.449,1,1,1,50
1108,0.3696,1,0,1,51
1108,0.4406,1,1,1,52
1108,0.4577,1,1,1,53
1108,0.4561,1,1,1,54
1108,0.4147,0,0,1,55
1108,0.4652,1,0,1,58
1108,0.4666,1,1,1,59
1108,0.3838,1,0,1,61
1108,0.3929,1,0,1,62
1108,0.405,1,0,1,63
1108,0.4248,1,0,1,66
1108,0.5846,1,1,1,67
1108,0.3986,1,1,1,69
1108,0.4159,1,0,1,70
1108,0.3951,1,1,1,71
1108,0.4039,1,0,1,74
1108,0.3784,0,1,1,75
1108,0.3764,1,0,1,76
1108,0.3904,1,0,1,77
1108,0.3593,1,1,1,79
1108,0.3326,0,0,1,81
1108,0.3248,1,0,1,82
1108,0.4539,1,1,1,83
1108,0.3503,1,0,1,84
1108,0.3646,1,0,1,85
1108,0.4034,1,0,1,87
1108,0.3582,1,0,1,89
1108,0.4356,1,1,1,90
1108,0.3946,1,0,1,94
1108,0.4502,1,1,1,95
1108,0.4404,1,0,1,97
1108,0.518,1,1,1,98
1108,0.3788,1,1,1,99
1108,0.3938,1,0,1,100
1108,0.4747,1,0,1,102
1108,0.3764,0,1,1,104
1108,0.612,1,1,1,105
1108,0.4754,1,1,1,106
1108,0.3418,1,1,1,107
1108,0.3916,1,1,1,108
1108,0.3766,1,1,1,110
1108,0.3592,0,0,1,112
1108,0.5332,1,1,1,114
1108,0.4449,1,1,1,115
1108,0.57,1,1,1,116
1108,0.4029,1,1,1,118
1108,0.3727,1,0,1,120
1108,0.3539,1,0,1,121
1108,0.3419,1,1,1,122
1108,0.4464,1,1,1,124
1108,0.3915,1,0,1,125
1108,0.5187,1,1,1,126
1108,0.4961,1,1,1,127
1108,0.5041,1,1,1,2
1108,0.6097,1,1,1,5
1108,0.358,1,0,1,8
1108,0.4687,1,0,1,10
1108,0.426,1,1,1,11
1108,0.4936,1,0,1,12
1108,0.3683,1,1,1,13
1108,0.4409,1,1,1,15
1108,0.33,1,0,1,16
1108,0.4748,0,1,1,17
1108,0.4988,1,1,1,19
1108,0.3613,1,0,1,20
1108,0.4204,1,0,1,21
1108,0.347,1,0,1,23
1108,0.4061,0,0,1,24
1108,0.3423,1,0,1,25
1108,0.3934,1,1,1,26
1108,0.4671,1,1,1,27
1108,0.3281,1,0,1,29
1108,0.4279,1,1,1,32
1108,0.3674,1,0,1,34
1108,0.3259,1,1,1,35
1108,0.3184,0,0,1,36
1108,0.38,1,0,1,38
1108,0.3596,0,1,1,40
1108,0.407,0,1,1,41
1108,0.4088,1,0,1,43
1108,0.3368,1,0,1,44
1108,0.3315,0,1,1,45
1108,0.3937,1,0,1,46
1108,0.5664,1,1,1,47
1108,0.4047,1,1,1,49
1108,0.3746,1,1,1,50
1108,0.374,1,0,1,51
1108,0.3586,1,0,1,52
1108,0.4098,1,1,1,53
1108,0.4398,1,1,1,57
1108,0.6203,1,1,1,58
1108,0.4535,1,1,1,60
1108,0.4314,1,1,1,61
1108,0.4243,1,0,1,62
1108,0.3877,1,1,1,63
1108,0.4887,1,1,1,65
1108,0.3948,1,1,1,66
1108,0.5443,1,1,1,67
1108,0.4843,1,1,1,70
1108,0.3908,1,0,1,71
1108,0.4848,1,1,1,72
1108,0.4457,0,1,1,73
1108,0.3972,1,0,1,78
1108,0.4736,1,0,1,79
1108,0.4542,1,1,1,83
1108,0.3853,1,0,1,84
1108,0.4605,1,1,1,85
1108,0.3578,1,0,1,87
1108,0.4145,1,0,1,89
1108,0.371,1,0,1,90
1108,0.3626,1,0,1,91
1108,0.4653,1,1,1,93
1108,0.4247,1,0,1,94
1108,0.4869,1,0,1,95
1108,0.4436,1,0,1,96
1108,0.4246,1,1,1,99
1108,0.3422,1,1,1,102
1108,0.3562,1,1,1,103
1108,0.3959,1,1,1,106
1108,0.376,1,1,1,108
1108,0.3371,0,1,1,110
1108,0.3396,1,0,1,111
1108,0.3839,1,1,1,112
1108,0.4244,1,0,1,113
1108,0.5111,1,0,1,116
1108,0.3939,0,1,1,117
1108,0.3719,0,1,1,118
1108,0.4481,1,0,1,119
1108,0.3827,1,0,1,120
1108,0.381,1,1,1,121
1108,0.4217,1,0,1,125
1108,0.3872,1,0,1,126
1108,0.3871,1,0,1,127
1108,0.5331,1,1,1,0
1108,0.3944,1,0,1,1
1108,0.4428,1,0,1,2
1108,0.4318,1,0,1,3
1108,0.4955,1,0,1,5
1108,0.3851,1,1,1,6
1108,0.3758,1,1,1,7
1108,0.373,1,1,1,8
1108,0.4372,1,1,1,9
1108,0.3923,1,0,1,10
1108,0.684,1,1,1,13
1108,0.3854,1,0,1,16
1108,0.3766,1,0,1,17
1108,0.491,1,0,1,18
1108,0.5014,1,0,1,19
1108,0.3953,1,0,1,20
1108,0.5236,1,1,1,21
1108,0.3597,1,1,1,22
1108,0.4603,0,0,1,23
1108,0.593,1,0,1,27
1108,0.4297,1,0,1,30
1108,0.4174,1,1,1,31
1108,0.5824,1,1,1,33
1108,0.4375,0,1,1,34
1108,0.3992,1,0,1,37
1108,0.4487,1,0,1,39
1108,0.5173,1,1,1,40
1108,0.5955,1,1,1,41
1108,0.4595,1,0,1,42
1108,0.5256,1,0,1,44
1108,0.6286,1,1,1,48
1108,0.5181,1,0,1,49
1108,0.4912,1,1,1,50
1108,0.3754,1,0,1,51
1108,0.4418,1,0,1,54
1108,0.5101,1,0,1,55
1108,0.3797,0,1,1,56
1108,0.4248,1,1,1,58
1108,0.3924,1,1,1,59
1108,0.3828,1,0,1,60
1108,0.5178,1,1,1,64
1108,0.5001,1,1,1,68
1108,0.566,1,1,1,69
1108,0.4536,1,1,1,70
1108,0.54,1,0,1,72
1108,0.4505,1,1,1,73
1108,0.5368,1,0,1,75
1108,0.4577,1,0,1,76
1108,0.4074,1,0,1,77
1108,0.4019,1,0,1,78
1108,0.3452,1,0,1,82
1108,0.3214,1,0,1,84
1108,0.3049,1,1,1,86
1108,0.4198,1,0,1,87
1108,0.3605,1,1,1,88
1108,0.3386,1,0,1,91
1108,0.4939,1,1,1,93
1108,0.3317,1,1,1,94
1108,0.4329,1,0,1,95
1108,0.4176,0,1,1,96
1108,0.5197,1,1,1,97
1108,0.5272,1,0,1,99
1108,0.5239,1,0,1,101
1108,0.5388,1,1,1,103
1108,0.5042,1,1,1,104
1108,0.4368,0,1,1,106
1108,0.5035,1,1,1,107
1108,0.4205,1,0,1,108
1108,0.6277,1,1,1,109
1108,0.3979,1,1,1,110
1108,0.5938,1,1,1,111
1108,0.6829,1,1,1,113
1108,0.6501,1,1,1,114
1108,0.7164,1,0,1,115
1108,0.5252,1,1,1,117
1108,0.4001,1,0,1,118
1108,0.3857,0,1,1,119
1108,0.4029,1,0,1,121
1108,0.4034,1,0,1,122
1108,0.6762,1,1,1,124
1108,0.4341,1,0,1,125
1108,0.4622,1,0,1,126
1430,0.634,1,0,1,0
1430,0.466,1,0,1,1
1430,0.752,1,1,1,2
1430,0.453,1,1,1,6
1430,0.416,1,0,1,8
1430,0.466,1,1,1,9
1430,0.539,1,1,1,10
1430,0.391,1,0,1,11
1430,0.609,1,1,1,12
1430,0.456,1,0,1,14
1430,0.45,1,0,1,16
1430,0.51,1,0,1,17
1430,0.386,1,0,1,18
1430,0.456,1,0,1,21
1430,0.583,1,1,1,23
1430,0.479,1,1,1,24
1430,0.402,1,0,1,25
1430,0.467,1,1,1,27
1430,0.387,1,0,1,28
1430,0.44,1,0,1,29
1430,0.35,1,0,1,30
1430,0.371,1,0,1,31
1430,0.669,1,1,1,33
1430,0.404,1,1,1,34
1430,0.335,1,0,1,35
1430,0.395,1,1,1,36
1430,0.489,1,1,1,38
1430,0.451,1,0,1,39
1430,0.582,1,1,1,41
1430,0.401,1,0,1,42
1430,0.505,1,1,1,43
1430,0.357,1,0,1,45
1430,0.387,1,0,1,47
1430,0.433,1,1,1,48
1430,0.369,1,0,1,49
1430,0.48,1,1,1,52
1430,0.364,0,0,1,53
1430,0.452,1,0,1,56
1430,0.391,1,1,1,61
1430,0.369,1,0,1,62
1430,0.493,1,0,1,64
1430,0.394,1,0,1,65
1430,0.852,1,1,1,66
1430,0.551,1,0,1,67
1430,0.441,1,1,1,68
1430,0.76,1,1,1,70
1430,0.486,1,1,1,71
1430,0.491,1,0,1,72
1430,0.373,0,1,1,74
1430,0.651,1,0,1,76
1430,0.488,1,0,1,77
1430,0.481,1,1,1,80
1430,0.507,1,1,1,83
1430,0.39,1,0,1,85
1430,0.466,1,0,1,86
1430,0.375,1,0,1,87
1430,0.344,1,0,1,89
1430,0.393,1,1,1,90
1430,0.451,1,0,1,92
1430,0.535,1,1,1,93
1430,0.47,1,1,1,94
1430,0.484,1,1,1,96
1430,0.445,1,0,1,99
1430,0.59,0,1,1,102
1430,0.675,1,1,1,103
1430,0.483,1,0,1,104
1430,0.386,1,0,1,107
1430,0.438,1,1,1,110
1430,0.401,1,1,1,112
1430,0.358,1,0,1,113
1430,0.384,1,1,1,114
1430,0.505,1,1,1,115
1430,0.37,1,0,1,116
1430,0.551,1,1,1,118
1430,0.421,1,1,1,119
1430,0.501,1,0,1,120
1430,0.634,1,1,1,121
1430,0.417,1,1,1,123
1430,0.461,1,1,1,126
1430,0.406,1,1,1,127
1430,0.589,1,1,1,1
1430,0.451,1,0,1,2
1430,0.481,1,0,1,3
1430,0.454,1,1,1,4
1430,0.372,1,0,1,6
1430,0.401,1,1,1,7
1430,0.472,1,0,1,10
1430,0.419,1,0,1,11
1430,0.563,1,1,1,12
1430,0.319,1,0,1,13
1430,0.339,1,0,1,14
1430,0.371,0,1,1,15
1430,0.365,1,1,1,17
1430,0.5,1,1,1,18
1430,0.387,1,1,1,19
1430,0.355,1,0,1,20
1430,0.408,1,0,1,21
1430,0.408,1,0,1,22
1430,0.367,1,0,1,24
1430,0.618,1,1,1,25
1430,0.441,0,1,1,30
1430,0.436,1,0,1,31
1430,0.438,1,0,1,35
1430,0.58,1,0,1,36
1430,0.437,1,0,1,40
1430,0.384,1,1,1,41
1430,0.634,1,0,1,42
1430,0.338,1,0,1,45
1430,0.356,1,0,1,48
1430,0.351,1,1,1,49
1430,0.619,1,1,1,50
1430,0.496,1,1,1,51
1430,0.464,1,0,1,52
1430,0.31,0,1,1,55
1430,0.378,1,1,1,56
1430,0.5,1,1,1,57
1430,0.488,1,0,1,58
1430,0.588,1,1,1,59
1430,0.598,1,1,1,62
1430,0.482,1,1,1,63
1430,0.372,1,0,1,65
1430,0.571,1,0,1,69
1430,0.474,1,1,1,72
1430,0.472,1,1,1,73
1430,0.588,1,1,1,74
1430,0.43,1,0,1,75
1430,0.413,1,0,1,76
1430,0.357,1,0,1,77
1430,0.566,1,0,1,79
1430,0.437,1,1,1,80
1430,0.384,1,1,1,81
1430,0.39,0,1,1,82
1430,0.402,1,0,1,84
1430,0.406,1,0,1,86
1430,0.571,1,1,1,87
1430,0.524,1,1,1,88
1430,0.399,0,1,1,89
1430,0.372,1,0,1,90
1430,0.57,1,1,1,92
1430,0.328,1,0,1,93
1430,0.336,1,1,1,94
1430,0.26,0,0,1,96
1430,0.347,1,0,1,98
1430,0.586,1,1,1,99
1430,0.4,1,1,1,100
1430,0.535,1,0,1,101
1430,0.418,1,1,1,105
1430,0.503,1,1,1,108
1430,0.37,1,0,1,110
1430,0.402,1,0,1,111
1430,0.343,0,1,1,113
1430,0.65,0,1,1,114
1430,0.647,1,0,1,115
1430,0.585,1,1,1,116
1430,0.407,1,0,1,117
1430,0.475,1,0,1,118
1430,0.383,1,0,1,119
1430,0.43,1,0,1,120
1430,0.32,1,0,1,122
1430,0.516,1,1,1,123
1430,0.538,1,1,1,124
1430,0.344,0,1,1,125
1430,0.349,1,1,1,126
1430,0.647,0,1,1,1
1430,0.478,1,1,1,4
1430,0.552,1,1,1,6
1430,0.481,1,1,1,8
1430,0.488,1,1,1,9
1430,0.386,1,0,1,10
1430,0.407,1,1,1,11
1430,0.453,1,1,1,13
1430,0.399,1,0,1,17
1430,0.516,1,1,1,18
1430,0.465,1,0,1,20
1430,0.456,1,0,1,21
1430,0.523,1,1,1,23
1430,0.386,1,0,1,24
1430,0.482,1,0,1,26
1430,0.36,1,0,1,27
1430,0.528,1,1,1,28
1430,0.506,1,1,1,29
1430,0.354,1,0,1,30
1430,0.32,1,1,1,31
1430,0.3,1,0,1,33
1430,0.495,1,0,1,34
1430,0.347,1,0,1,35
1430,0.418,1,0,1,37
1430,0.394,1,0,1,38
1430,0.349,1,0,1,39
1430,0.381,1,0,1,40
1430,0.468,1,0,1,41
1430,0.355,1,0,1,42
1430,0.59,1,1,1,44
1430,0.447,1,0,1,45
1430,0.385,1,1,1,46
1430,0.47,1,0,1,48
1430,0.458,1,0,1,49
1430,0.419,0,1,1,51
1430,0.365,1,0,1,55
1430,0.372,1,0,1,56
1430,0.689,1,0,1,57
1430,0.485,1,1,1,58
1430,0.378,1,0,1,60
1430,0.455,0,1,1,65
1430,0.528,0,1,1,66
1430,0.591,1,1,1,67
1430,0.743,1,0,1,69
1430,0.443,1,1,1,70
1430,0.501,1,1,1,71
1430,0.506,1,1,1,72
1430,0.571,1,0,1,75
1430,0.358,1,0,1,76
1430,0.449,1,1,1,78
1430,0.436,1,0,1,79
1430,0.378,1,0,1,80
1430,0.453,1,1,1,83
1430,0.423,1,0,1,85
1430,0.434,1,1,1,87
1430,0.334,1,0,1,88
1430,0.34,0,0,1,89
1430,0.373,1,1,1,90
1430,0.519,1,0,1,91
1430,0.604,1,1,1,92
1430,0.364,1,1,1,93
1430,0.385,1,0,1,94
1430,0.348,1,0,1,95
1430,0.409,1,0,1,96
1430,0.553,1,1,1,97
1430,0.456,0,1,1,101
1430,0.518,1,0,1,102
1430,0.522,1,1,1,105
1430,0.523,1,1,1,106
1430,0.516,1,1,1,108
1430,0.517,1,1,1,110
1430,0.568,1,1,1,111
1430,0.336,1,0,1,112
1430,0.372,0,1,1,117
1430,0.451,1,1,1,118
1430,0.59,1,1,1,119
1430,0.386,1,0,1,120
1430,0.357,1,0,1,121
1430,0.502,1,1,1,124
1430,0.382,1,1,1,125
1430,0.381,0,1,1,126
1430,0.651,1,0,1,127
1430,0.685,1,0,1,0
1430,0.509,1,1,1,5
1430,0.487,1,1,1,6
1430,0.42,1,1,1,7
1430,0.367,1,0,1,10
1430,0.388,1,0,1,11
1430,0.383,1,0,1,12
1430,0.521,1,1,1,13
1430,0.366,1,1,1,14
1430,0.33,0,1,1,17
1430,0.467,1,0,1,18
1430,0.622,1,1,1,19
1430,0.476,0,1,1,20
1430,0.399,1,1,1,21
1430,0.543,1,1,1,22
1430,0.489,1,1,1,24
1430,0.398,1,0,1,25
1430,0.519,1,1,1,26
1430,0.511,1,0,1,28
1430,0.409,1,1,1,30
1430,0.376,1,0,1,32
1430,0.469,1,0,1,34
1430,0.373,1,0,1,35
1430,0.368,0,1,1,36
1430,0.398,0,0,1,37
1430,0.517,1,1,1,38
1430,0.4,1,1,1,39
1430,0.515,1,0,1,40
1430,0.508,1,0,1,41
1430,0.501,1,1,1,42
1430,0.417,1,1,1,44
1430,0.428,1,1,1,46
1430,0.597,1,1,1,47
1430,0.455,1,0,1,48
1430,0.417,1,0,1,49
1430,0.433,1,0,1,50
1430,0.464,1,0,1,51
1430,0.637,1,1,1,52
1430,0.369,1,0,1,53
1430,0.358,1,0,1,54
1430,0.551,1,1,1,55
1430,0.362,1,1,1,56
1430,0.361,1,0,1,58
1430,0.306,0,0,1,59
1430,0.36,1,0,1,62
1430,0.366,0,1,1,63
1430,0.336,1,0,1,64
1430,0.371,1,1,1,65
1430,0.464,1,1,1,66
1430,0.492,1,0,1,68
1430,0.399,1,0,1,69
1430,0.336,1,0,1,71
1430,0.487,1,0,1,76
1430,0.485,1,1,1,77
1430,0.4,0,1,1,79
1430,0.631,1,1,1,80
1430,0.486,1,0,1,83
1430,0.489,1,1,1,85
1430,0.374,1,1,1,86
1430,0.551,1,0,1,87
1430,0.399,0,1,1,88
1430,0.426,1,0,1,90
1430,0.34,1,0,1,91
1430,0.326,1,0,1,92
1430,0.619,1,1,1,93
1430,0.402,1,0,1,94
1430,0.305,1,0,1,95
1430,0.467,1,1,1,96
1430,0.413,1,0,1,97
1430,0.364,1,0,1,102
1430,0.396,1,0,1,103
1430,0.508,1,1,1,105
1430,0.369,1,0,1,107
1430,0.533,1,1,1,109
1430,0.371,1,0,1,110
1430,0.357,1,0,1,111
1430,0.471,1,1,1,112
1430,0.354,0,1,1,118
1430,0.432,1,1,1,119
1430,0.401,1,0,1,120
1430,0.446,1,1,1,122
1430,0.435,1,1,1,125
1430,0.385,1,0,1,127
1430,0.435,1,0,1,1
1430,0.571,1,0,1,4
1430,0.452,1,1,1,5
1430,0.37,1,1,1,6
1430,0.335,0,1,1,7
1430,0.405,1,1,1,9
1430,0.384,1,0,1,10
1430,0.384,1,1,1,11
1430,0.407,1,0,1,12
1430,0.421,1,0,1,14
1430,0.368,1,0,1,15
1430,0.372,1,0,1,16
1430,0.376,1,0,1,18
1430,0.412,1,0,1,19
1430,0.438,1,1,1,20
1430,0.335,1,1,1,22
1430,0.386,1,0,1,23
1430,0.449,1,0,1,26
1430,0.441,1,0,1,27
1430,0.536,1,1,1,28
1430,0.342,0,1,1,29
1430,0.486,1,1,1,31
1430,0.398,1,0,1,32
1430,0.425,1,0,1,34
1430,0.375,1,0,1,36
1430,0.561,1,1,1,38
1430,0.419,1,0,1,39
1430,0.47,1,1,1,41
1430,0.363,1,0,1,42
1430,0.358,0,1,1,43
1430,0.383,1,1,1,45
1430,0.552,1,1,1,46
1430,0.334,0,0,1,48
1430,0.434,1,1,1,49
1430,0.356,1,1,1,50
1430,0.356,1,0,1,52
1430,0.444,1,0,1,53
1430,0.594,1,1,1,55
1430,0.434,1,0,1,58
1430,0.542,1,0,1,59
1430,0.377,1,1,1,61
1430,0.342,0,1,1,64
1430,0.569,1,1,1,65
1430,0.457,0,1,1,68
1430,0.416,1,0,1,69
1430,0.422,1,0,1,70
1430,0.349,1,0,1,72
1430,0.413,1,0,1,73
1430,0.423,1,0,1,74
1430,0.366,1,1,1,76
1430,0.404,1,0,1,78
1430,0.536,1,1,1,79
1430,0.47,1,0,1,80
1430,0.404,1,0,1,81
1430,0.401,0,1,1,83
1430,0.354,1,0,1,84
1430,0.419,1,0,1,86
1430,0.435,1,1,1,93
1430,0.421,1,0,1,95
1430,0.436,1,1,1,96
1430,0.384,1,1,1,97
1430,0.582,1,0,1,98
1430,0.3,0,1,1,99
1430,0.4,1,1,1,100
1430,0.407,1,0,1,102
1430,0.363,1,0,1,104
1430,0.363,1,0,1,105
1430,0.4,0,1,1,106
1430,0.415,1,0,1,108
1430,0.468,1,1,1,109
1430,0.413,1,0,1,110
1430,0.402,1,1,1,115
1430,0.37,1,0,1,116
1430,0.502,1,1,1,117
1430,0.438,1,1,1,118
1430,0.372,1,0,1,119
1430,0.473,1,1,1,121
1430,0.336,1,1,1,122
1430,0.372,1,1,1,124
1430,0.352,1,1,1,125
1430,0.42,1,0,1,126
1430,0.348,1,1,1,127
1430,0.79,0,0,1,0
1430,0.401,1,0,1,2
1430,0.375,1,0,1,4
1430,0.603,1,1,1,5
1430,0.349,1,0,1,6
1430,0.339,1,0,1,7
1430,0.324,1,0,1,8
1430,0.373,1,0,1,9
1430,0.48,1,1,1,11
1430,0.365,1,1,1,13
1430,0.302,0,0,1,15
1430,0.414,1,0,1,16
1430,0.37,1,0,1,18
1430,0.515,1,1,1,21
1430,0.346,0,1,1,22
1430,0.308,0,1,1,26
1430,0.582,1,0,1,27
1430,0.515,1,0,1,28
1430,0.437,1,1,1,29
1430,0.482,1,1,1,30
1430,0.413,1,1,1,34
1430,0.498,1,0,1,37
1430,0.425,0,1,1,39
1430,0.487,1,0,1,40
1430,0.448,1,1,1,41
1430,0.372,1,0,1,43
1430,0.403,1,1,1,44
1430,0.438,1,1,1,45
1430,0.517,1,0,1,46
1430,0.331,1,0,1,47
1430,0.461,1,0,1,50
1430,0.342,1,0,1,53
1430,0.322,0,0,1,56
1430,0.467,1,1,1,57
1430,0.482,0,1,1,58
1430,0.497,1,0,1,59
1430,0.402,0,1,1,60
1430,0.354,1,0,1,61
1430,0.42,0,1,1,62
1430,0.331,0,1,1,63
1430,0.363,1,1,1,67
1430,0.443,1,1,1,68
1430,0.448,1,0,1,69
1430,0.403,1,1,1,70
1430,0.452,1,0,1,71
1430,0.685,1,0,1,72
1430,0.396,1,1,1,73
1430,0.354,1,0,1,74
1430,0.368,1,1,1,75
1430,0.434,1,0,1,77
1430,0.33,1,0,1,78
1430,0.304,0,1,1,79
1430,0.551,1,1,1,81
1430,0.519,1,0,1,82
1430,0.504,1,1,1,83
1430,0.37,1,0,1,85
1430,0.53,1,0,1,86
1430,0.325,1,0,1,88
1430,0.492,1,0,1,89
1430,0.368,1,1,1,90
1430,0.4,1,1,1,91
1430,0.343,0,0,1,93
1430,0.517,1,1,1,94
1430,0.399,1,1,1,96
1430,0.322,1,0,1,97
1430,0.335,1,1,1,98
1430,0.349,0,0,1,99
1430,0.501,1,1,1,100
1430,0.518,1,0,1,103
1430,0.536,1,1,1,104
1430,0.348,1,0,1,106
1430,0.438,1,1,1,110
1430,0.539,1,0,1,113
1430,0.451,1,1,1,114
1430,0.383,1,0,1,115
1430,0.385,1,1,1,116
1430,0.411,0,1,1,117
1430,0.434,1,0,1,120
1430,0.555,1,1,1,122
1430,0.434,1,1,1,124
1430,0.389,0,1,1,125
1430,0.551,1,0,1,126
1430,0.482,1,1,1,2
1430,0.466,1,0,1,3
1430,0.457,1,0,1,4
1430,0.362,1,0,1,7
1430,0.451,1,1,1,8
1430,0.37,1,0,1,9
1430,0.442,1,0,1,10
1430,0.52,1,1,1,11
1430,0.482,1,1,1,12
1430,0.536,1,1,1,14
1430,0.333,1,1,1,15
1430,0.562,1,0,1,17
1430,0.465,1,0,1,19
1430,0.381,1,0,1,20
1430,0.469,1,0,1,21
1430,0.284,0,1,1,22
1430,0.522,1,1,1,23
1430,0.41,1,1,1,24
1430,0.352,1,0,1,26
1430,0.489,1,1,1,28
1430,0.372,1,0,1,29
1430,0.369,1,1,1,30
1430,0.34,1,0,1,31
1430,0.315,1,0,1,32
1430,0.371,1,1,1,36
1430,0.333,0,0,1,37
1430,0.348,1,0,1,38
1430,0.501,1,1,1,40
1430,0.452,1,1,1,41
1430,0.45,1,1,1,42
1430,0.557,1,1,1,44
1430,0.369,1,0,1,45
1430,0.369,1,1,1,46
1430,0.57,1,0,1,48
1430,0.372,1,0,1,49
1430,0.351,1,1,1,53
1430,0.455,1,0,1,55
1430,0.517,1,1,1,58
1430,0.349,1,1,1,59
1430,0.328,1,1,1,60
1430,0.552,1,0,1,62
1430,0.484,1,0,1,64
1430,0.472,1,0,1,65
1430,0.488,1,1,1,67
1430,0.469,1,1,1,68
1430,0.501,1,0,1,69
1430,0.384,1,0,1,73
1430,0.386,1,1,1,75
1430,0.359,1,0,1,76
1430,0.389,0,0,1,77
1430,0.414,1,0,1,78
1430,0.369,1,1,1,79
1430,0.419,1,0,1,80
1430,0.37,1,1,1,81
1430,0.343,1,1,1,82
1430,0.535,1,1,1,84
1430,0.469,1,0,1,86
1430,0.436,1,1,1,88
1430,0.288,1,0,1,92
1430,0.407,1,0,1,96
1430,0.33,1,0,1,97
1430,0.335,1,1,1,99
1430,0.497,1,0,1,101
1430,0.51,1,0,1,102
1430,0.372,1,0,1,103
1430,0.359,1,0,1,105
1430,0.469,0,1,1,107
1430,0.392,1,1,1,108
1430,0.491,0,1,1,111
1430,0.362,1,1,1,113
1430,0.472,1,1,1,114
1430,0.258,0,1,1,115
1430,0.487,1,0,1,116
1430,0.426,1,1,1,117
1430,0.61,1,1,1,118
1430,0.353,1,0,1,121
1430,0.676,1,1,1,123
1430,0.324,1,1,1,124
1430,0.271,0,1,1,125
1430,0.485,1,1,1,126
1430,0.676,1,0,1,127
1430,0.492,1,0,1,1
1430,0.508,1,1,1,3
1430,0.501,1,1,1,6
1430,0.341,1,0,1,7
1430,0.415,1,0,1,8
1430,0.378,1,0,1,9
1430,0.387,1,0,1,12
1430,0.469,1,1,1,14
1430,0.384,1,1,1,16
1430,0.383,0,0,1,17
1430,0.483,1,1,1,18
1430,0.445,1,1,1,19
1430,0.368,1,0,1,20
1430,0.473,1,0,1,21
1430,0.282,0,1,1,22
1430,0.356,1,0,1,24
1430,0.503,1,1,1,25
1430,0.557,1,1,1,26
1430,0.415,1,0,1,28
1430,0.372,1,0,1,29
1430,0.327,1,0,1,31
1430,0.464,1,0,1,32
1430,0.347,1,0,1,33
1430,0.301,1,0,1,34
1430,0.383,1,1,1,35
1430,0.317,0,1,1,37
1430,0.554,1,0,1,38
1430,0.621,1,1,1,41
1430,0.339,1,0,1,42
1430,0.378,0,1,1,43
1430,0.433,1,0,1,44
1430,0.467,1,1,1,45
1430,0.352,1,0,1,46
1430,0.548,1,1,1,48
1430,0.436,1,0,1,49
1430,0.449,0,1,1,50
1430,0.382,1,0,1,51
1430,0.317,1,0,1,54
1430,0.317,1,1,1,55
1430,0.334,1,0,1,57
1430,0.302,0,1,1,58
1430,0.376,1,0,1,59
1430,0.323,1,0,1,61
1430,0.39,1,0,1,62
1430,0.382,1,1,1,65
1430,0.382,1,1,1,66
1430,0.322,1,0,1,67
1430,0.383,1,1,1,69
1430,0.532,1,0,1,70
1430,0.481,1,1,1,71
1430,0.35,1,1,1,72
1430,0.313,1,1,1,74
1430,0.455,1,0,1,75
1430,0.367,1,1,1,76
1430,0.334,0,0,1,77
1430,0.355,1,1,1,78
1430,0.385,1,0,1,79
1430,0.369,0,0,1,80
1430,0.385,1,1,1,82
1430,0.509,1,0,1,83
1430,0.57,1,1,1,84
1430,0.394,1,1,1,85
1430,0.289,0,1,1,86
1430,0.547,1,1,1,87
1430,0.55,0,1,1,88
1430,0.465,1,1,1,90
1430,0.332,1,0,1,92
1430,0.5,1,0,1,94
1430,0.366,1,1,1,95
1430,0.59,1,1,1,96
1430,0.386,1,0,1,97
1430,0.336,1,1,1,98
1430,0.422,1,0,1,101
1430,0.348,1,1,1,102
1430,0.505,1,1,1,109
1430,0.39,0,1,1,111
1430,0.329,1,0,1,112
1430,0.352,1,0,1,114
1430,0.439,1,0,1,115
1430,0.391,1,0,1,116
1430,0.489,1,1,1,118
1430,0.384,0,1,1,123
1430,0.517,1,1,1,126
1507,0.5514,1,1,1,0
1507,0.6673,0,0,1,3
1507,0.4574,1,1,1,5
1507,0.381,1,0,1,8
1507,0.3863,1,0,1,10
1507,0.5152,0,1,1,11
1507,0.4559,1,0,1,13
1507,0.5457,1,1,1,14
1507,0.5111,1,0,1,15
1507,0.4669,1,0,1,16
1507,0.4386,1,0,1,17
1507,0.5702,1,1,1,19
1507,0.5142,1,1,1,22
1507,0.6148,1,1,1,23
1507,0.4363,1,1,1,25
1507,0.4528,1,0,1,26
1507,0.4465,1,0,1,30
1507,0.588,1,1,1,31
1507,0.4131,1,0,1,32
1507,0.4337,1,1,1,33
1507,0.6575,1,0,1,34
1507,0.4284,1,1,1,35
1507,0.4521,1,0,1,37
1507,0.5143,1,0,1,38
1507,0.4626,1,1,1,39
1507,0.4512,1,0,1,40
1507,0.3859,1,0,1,43
1507,0.6832,1,1,1,45
1507,0.5702,1,1,1,46
1507,0.3791,0,1,1,47
1507,0.4209,1,0,1,49
1507,0.4331,1,0,1,50
1507,0.5595,1,1,1,52
1507,0.4132,1,1,1,54
1507,0.4946,1,1,1,56
1507,0.4697,1,1,1,57
1507,0.4941,1,1,1,59
1507,0.6121,1,1,1,60
1507,0.4717,1,0,1,62
1507,0.7281,1,1,1,65
1507,0.5019,0,0,1,67
1507,0.5096,1,0,1,68
1507,0.4996,1,1,1,70
1507,0.7526,1,0,1,73
1507,0.6063,1,1,1,77
1507,0.4661,1,0,1,78
1507,0.6504,1,1,1,79
1507,0.4264,1,0,1,80
1507,0.4878,1,1,1,81
1507,0.3601,1,1,1,82
1507,0.5374,1,0,1,84
1507,0.4964,1,0,1,86
1507,0.4759,1,1,1,87
1507,0.4807,1,0,1,88
1507,0.43,1,0,1,89
1507,0.3899,1,0,1,91
1507,0.3387,1,0,1,93
1507,0.446,1,0,1,95
1507,0.3922,1,0,1,96
1507,0.415,1,1,1,97
1507,0.3722,1,0,1,98
1507,0.3841,1,1,1,99
1507,0.4638,1,1,1,101
1507,0.4491,1,0,1,102
1507,0.4749,0,1,1,103
1507,0.5208,1,1,1,105
1507,0.4918,1,1,1,106
1507,0.4718,1,1,1,107
1507,0.4636,1,0,1,108
1507,0.4581,1,1,1,109
1507,0.4381,1,1,1,111
1507,0.6158,1,0,1,112
1507,0.509,1,1,1,113
1507,0.3895,1,0,1,114
1507,0.503,1,1,1,115
1507,0.4768,1,1,1,117
1507,0.4683,1,0,1,118
1507,0.415,1,1,1,119
1507,0.4303,1,0,1,122
1507,0.4683,1,0,1,123
1507,0.4454,1,0,1,124
1507,0.5258,1,0,1,126
1507,0.4333,1,0,1,127
1507,0.4791,1,1,1,0
1507,0.4532,1,0,1,1
1507,0.4206,1,0,1,2
1507,0.4261,1,1,1,6
1507,0.4643,0,1,1,7
1507,0.4844,0,1,1,8
1507,0.4337,1,1,1,11
1507,0.4114,1,1,1,12
1507,0.468,0,0,1,13
1507,0.7298,1,0,1,14
1507,0.4486,1,0,1,17
1507,0.5312,1,0,1,19
1507,0.4881,1,1,1,23
1507,0.434,1,0,1,24
1507,0.4124,1,1,1,25
1507,0.463,1,0,1,28
1507,0.532,1,1,1,29
1507,0.5403,1,0,1,30
1507,0.4458,1,0,1,31
1507,0.4595,1,0,1,32
1507,0.5895,1,1,1,34
1507,0.5085,1,1,1,35
1507,0.4805,1,0,1,36
1507,0.427,1,0,1,37
1507,0.4229,1,0,1,38
1507,0.4306,1,0,1,41
1507,0.4954,1,0,1,42
1507,0.5179,0,1,1,43
1507,0.6061,1,0,1,46
1507,0.6642,1,0,1,47
1507,0.5975,1,1,1,48
1507,0.4932,1,0,1,49
1507,0.4578,1,1,1,50
1507,0.5593,1,1,1,52
1507,0.5263,1,1,1,55
1507,0.443,1,0,1,56
1507,0.3674,1,1,1,57
1507,0.3311,1,1,1,58
1507,0.4014,1,1,1,60
1507,0.3098,0,1,1,61
1507,0.5521,1,1,1,62
1507,0.6122,1,1,1,65
1507,0.4287,1,1,1,69
1507,0.4476,1,0,1,72
1507,0.5279,1,0,1,73
1507,0.3894,1,0,1,74
1507,0.5735,1,0,1,75
1507,0.4951,1,1,1,76
1507,0.3264,1,0,1,78
1507,0.3624,1,0,1,79
1507,0.336,0,1,1,80
1507,0.4031,1,1,1,81
1507,0.4319,1,0,1,82
1507,0.3847,1,1,1,83
1507,0.5345,1,0,1,84
1507,0.4482,1,0,1,85
1507,0.4359,1,1,1,86
1507,0.4557,1,1,1,87
1507,0.4706,1,1,1,88
1507,0.437,1,0,1,89
1507,0.6613,1,0,1,91
1507,0.4088,0,1,1,93
1507,0.4744,1,0,1,95
1507,0.6654,1,0,1,99
1507,0.4621,1,0,1,100
1507,0.4531,1,1,1,103
1507,0.4248,1,1,1,104
1507,0.4607,1,0,1,105
1507,0.3645,1,0,1,107
1507,0.3261,1,0,1,108
1507,0.4714,1,1,1,109
1507,0.3728,1,0,1,110
1507,0.4397,1,1,1,111
1507,0.4334,1,1,1,115
1507,0.4029,1,0,1,116
1507,0.481,1,1,1,117
1507,0.4027,1,1,1,118
1507,0.5264,1,0,1,119
1507,0.4246,1,1,1,121
1507,0.428,1,0,1,122
1507,0.5987,1,1,1,124
1507,0.5443,1,1,1,127
1507,0.4146,1,0,1,2
1507,0.5311,1,1,1,4
1507,0.5102,1,0,1,6
1507,0.4686,1,1,1,8
1507,0.4552,1,1,1,9
1507,0.3135,1,0,1,10
1507,0.452,1,0,1,12
1507,0.3363,1,0,1,13
1507,0.5,1,1,1,14
1507,0.4407,1,1,1,16
1507,0.4173,1,0,1,19
1507,0.6154,0,1,1,21
1507,0.4903,1,0,1,23
1507,0.4738,1,0,1,27
1507,0.3545,0,1,1,29
1507,0.3415,1,1,1,30
1507,0.4162,1,0,1,31
1507,0.3823,1,0,1,32
1507,0.4709,1,0,1,33
1507,0.4933,1,1,1,34
1507,0.364,1,0,1,35
1507,0.3751,1,1,1,36
1507,0.3898,1,1,1,37
1507,0.4348,1,1,1,38
1507,0.5191,1,0,1,40
1507,0.5006,1,1,1,43
1507,0.3938,1,0,1,44
1507,0.4128,1,1,1,45
1507,0.3381,1,1,1,46
1507,0.431,1,0,1,48
1507,0.4046,1,0,1,49
1507,0.5498,1,1,1,51
1507,0.4722,1,0,1,52
1507,0.5838,1,0,1,54
1507,0.4108,1,0,1,56
1507,0.3035,0,0,1,57
1507,0.5333,1,0,1,58
1507,0.3786,1,0,1,60
1507,0.3838,1,0,1,62
1507,0.3755,1,1,1,63
1507,0.3631,1,0,1,67
1507,0.4842,1,1,1,68
1507,0.4135,1,1,1,70
1507,0.4322,1,1,1,71
1507,0.4106,1,0,1,72
1507,0.4326,1,1,1,73
1507,0.3564,1,1,1,74
1507,0.3824,1,1,1,78
1507,0.4189,1,1,1,79
1507,0.6304,1,0,1,81
1507,0.5381,1,0,1,84
1507,0.451,1,0,1,85
1507,0.4846,1,0,1,89
1507,0.7045,1,1,1,90
1507,0.5411,1,1,1,91
1507,0.4305,1,0,1,92
1507,0.3495,1,0,1,97
1507,0.4029,1,0,1,98
1507,0.4397,1,1,1,100
1507,0.4907,1,1,1,101
1507,0.3744,1,0,1,103
1507,0.4095,1,1,1,104
1507,0.3811,1,1,1,105
1507,0.5063,1,1,1,107
1507,0.323,1,1,1,108
1507,0.3273,1,1,1,109
1507,0.357,1,0,1,110
1507,0.335,0,1,1,111
1507,0.5103,1,1,1,112
1507,0.365,1,0,1,113
1507,0.4807,1,1,1,115
1507,0.3828,0,0,1,117
1507,0.3812,1,1,1,118
1507,0.5164,1,0,1,120
1507,0.6196,1,1,1,122
1507,0.3915,1,1,1,123
1507,0.4454,1,0,1,124
1507,0.4193,1,1,1,127
1507,0.5961,1,0,1,0
1507,0.3609,1,1,1,2
1507,0.3379,1,0,1,3
1507,0.3131,1,0,1,4
1507,0.4863,1,0,1,5
1507,0.4045,1,1,1,7
1507,0.4537,0,1,1,8
1507,0.4001,1,1,1,9
1507,0.4535,1,0,1,11
1507,0.5458,1,0,1,13
1507,0.4779,1,1,1,15
1507,0.6262,1,1,1,16
1507,0.5198,1,1,1,17
1507,0.5609,1,1,1,18
1507,0.4783,0,1,1,19
1507,0.4861,1,0,1,21
1507,0.467,1,0,1,22
1507,0.4051,1,1,1,23
1507,0.4643,1,1,1,24
1507,0.5032,1,1,1,25
1507,0.4783,0,1,1,26
1507,0.6812,1,0,1,27
1507,0.4018,1,1,1,28
1507,0.532,1,0,1,29
1507,0.4397,1,1,1,30
1507,0.42,1,0,1,33
1507,0.4772,1,1,1,35
1507,0.5887,1,0,1,37
1507,0.4717,1,0,1,38
1507,0.5857,1,0,1,40
1507,0.3922,1,0,1,41
1507,0.473,1,0,1,42
1507,0.4184,0,1,1,45
1507,0.4254,1,1,1,46
1507,0.4071,1,1,1,47
1507,0.3768,1,1,1,48
1507,0.4606,1,0,1,49
1507,0.5193,1,1,1,50
1507,0.4152,1,0,1,52
1507,0.4348,1,1,1,54
1507,0.4021,1,0,1,55
1507,0.655,1,1,1,56
1507,0.4382,1,0,1,60
1507,0.4434,1,0,1,63
1507,0.3565,0,1,1,67
1507,0.5559,1,1,1,69
1507,0.426,1,0,1,71
1507,0.4506,1,0,1,74
1507,0.3993,1,1,1,76
1507,0.4543,1,1,1,77
1507,0.4014,1,1,1,80
1507,0.4095,1,0,1,81
1507,0.4874,1,0,1,82
1507,0.4857,1,1,1,83
1507,0.4909,1,0,1,84
1507,0.3997,1,0,1,85
1507,0.451,1,1,1,86
1507,0.4669,1,0,1,90
1507,0.4512,1,0,1,91
1507,0.4944,1,0,1,92
1507,0.5034,1,1,1,93
1507,0.3932,1,0,1,95
1507,0.3585,1,0,1,96
1507,0.5387,1,0,1,97
1507,0.5314,1,1,1,98
1507,0.5336,1,0,1,99
1507,0.4596,1,1,1,104
1507,0.4172,1,0,1,105
1507,0.5387,1,1,1,106
1507,0.4171,1,0,1,107
1507,0.5187,1,1,1,109
1507,0.5472,1,1,1,110
1507,0.4319,1,0,1,112
1507,0.5902,1,1,1,113
1507,0.3589,1,0,1,114
1507,0.5,1,1,1,115
1507,0.3527,1,0,1,119
1507,0.3926,1,0,1,120
1507,0.5757,1,0,1,121
1507,0.3306,1,0,1,122
1507,0.2945,1,1,1,123
1507,0.3141,1,1,1,124
1507,0.2922,0,1,1,126
1507,0.5094,1,0,1,1
1507,0.7457,1,0,1,2
1507,0.4455,0,1,1,3
1507,0.5013,1,0,1,6
1507,0.4871,1,1,1,7
1507,0.433,1,0,1,12
1507,0.3579,1,0,1,14
1507,0.4565,1,0,1,15
1507,0.3449,0,1,1,16
1507,0.4157,1,1,1,18
1507,0.4137,1,1,1,19
1507,0.385,1,0,1,21
1507,0.4383,1,1,1,23
1507,0.4376,0,1,1,24
1507,0.5271,1,1,1,25
1507,0.3561,1,1,1,27
1507,0.6324,1,1,1,29
1507,0.4221,1,0,1,32
1507,0.4101,0,1,1,36
1507,0.3934,1,0,1,37
1507,0.3593,0,0,1,38
1507,0.5157,1,0,1,39
1507,0.4773,1,0,1,40
1507,0.4514,0,1,1,41
1507,0.4511,1,1,1,44
1507,0.438,1,0,1,47
1507,0.3893,1,0,1,48
1507,0.3896,1,0,1,49
1507,0.4122,0,1,1,50
1507,0.4947,0,1,1,52
1507,0.3487,1,0,1,53
1507,0.4208,1,0,1,54
1507,0.4413,1,1,1,56
1507,0.6723,1,0,1,57
1507,0.453,1,1,1,58
1507,0.4216,1,1,1,59
1507,0.3762,1,0,1,60
1507,0.3815,1,0,1,61
1507,0.6167,1,1,1,62
1507,0.4902,1,0,1,64
1507,0.4295,0,1,1,65
1507,0.379,0,1,1,66
1507,0.5729,1,1,1,67
1507,0.3396,1,1,1,68
1507,0.3665,1,0,1,69
1507,0.4623,1,0,1,72
1507,0.4184,1,1,1,75
1507,0.4089,1,0,1,77
1507,0.4238,0,0,1,78
1507,0.4397,1,1,1,79
1507,0.3617,1,0,1,80
1507,0.4194,0,1,1,81
1507,0.3851,1,1,1,82
1507,0.3613,1,0,1,83
1507,0.3565,1,1,1,84
1507,0.3371,1,1,1,86
1507,0.4232,1,0,1,88
1507,0.4854,1,1,1,89
1507,0.4171,1,1,1,90
1507,0.393,1,0,1,91
1507,0.4051,1,0,1,93
1507,0.394,0,1,1,94
1507,0.445,1,1,1,96
1507,0.4281,1,1,1,97
1507,0.492,1,1,1,98
1507,0.5604,1,1,1,101
1507,0.4337,1,1,1,102
1507,0.6086,1,1,1,103
1507,0.3899,1,0,1,105
1507,0.3252,1,0,1,106
1507,0.4016,1,1,1,107
1507,0.346,1,0,1,108
1507,0.3524,1,1,1,110
1507,0.3996,1,0,1,111
1507,0.3842,1,0,1,114
1507,0.3244,1,0,1,116
1507,0.2747,1,0,1,117
1507,0.2765,0,1,1,118
1507,0.3832,1,0,1,120
1507,0.3805,1,0,1,122
1507,0.3897,1,0,1,124
1507,0.4113,1,1,1,126
1507,0.4408,1,0,1,2
1507,0.4067,1,0,1,3
1507,0.3673,1,0,1,4
1507,0.361,0,0,1,6
1507,0.3988,1,0,1,9
1507,0.4077,0,1,1,10
1507,0.4498,1,1,1,12
1507,0.4773,1,0,1,14
1507,0.373,1,0,1,15
1507,0.4401,1,1,1,19
1507,0.4318,1,0,1,20
1507,0.6762,1,1,1,22
1507,0.4308,1,0,1,24
1507,0.3547,1,1,1,25
1507,0.4005,1,1,1,26
1507,0.3764,1,0,1,27
1507,0.5508,1,1,1,28
1507,0.4156,1,1,1,29
1507,0.304,1,0,1,30
1507,0.3176,0,0,1,31
1507,0.3571,1,0,1,32
1507,0.3005,0,1,1,33
1507,0.4914,1,1,1,35
1507,0.5127,1,1,1,36
1507,0.4247,1,0,1,37
1507,0.4281,1,1,1,38
1507,0.4976,1,0,1,39
1507,0.4512,1,1,1,41
1507,0.4566,1,1,1,42
1507,0.3596,1,1,1,44
1507,0.402,1,0,1,45
1507,0.5376,0,1,1,46
1507,0.3589,1,0,1,49
1507,0.4159,1,0,1,51
1507,0.5744,1,1,1,52
1507,0.6915,1,1,1,54
1507,0.5589,1,1,1,56
1507,0.4283,1,1,1,61
1507,0.5622,1,0,1,63
1507,0.5207,1,1,1,64
1507,0.4484,1,1,1,65
1507,0.3508,1,0,1,67
1507,0.4235,1,0,1,68
1507,0.4356,0,0,1,69
1507,0.5169,1,1,1,70
1507,0.47,1,0,1,71
1507,0.4099,1,0,1,72
1507,0.36,1,1,1,73
1507,0.4674,1,1,1,74
1507,0.4031,1,0,1,77
1507,0.3796,1,1,1,78
1507,0.3524,1,0,1,79
1507,0.7441,1,0,1,80
1507,0.5672,1,0,1,81
1507,0.5648,1,1,1,82
1507,0.3211,1,0,1,83
1507,0.3877,1,1,1,86
1507,0.3735,1,1,1,87
1507,0.3747,1,0,1,88
1507,0.3624,1,0,1,93
1507,0.3747,0,0,1,95
1507,0.4485,1,1,1,96
1507,0.3799,1,1,1,97
1507,0.4276,1,1,1,98
1507,0.3391,1,0,1,100
1507,0.4973,1,1,1,101
1507,0.3733,1,1,1,106
1507,0.6015,1,1,1,108
1507,0.3807,1,1,1,110
1507,0.4042,1,1,1,113
1507,0.3038,1,0,1,114
1507,0.3535,1,1,1,115
1507,0.3635,1,0,1,116
1507,0.3486,0,1,1,117
1507,0.383,0,1,1,118
1507,0.4092,1,1,1,119
1507,0.3287,1,0,1,120
1507,0.4337,1,0,1,121
1507,0.3257,1,0,1,122
1507,0.4401,1,1,1,124
1507,0.5007,1,0,1,125
1507,0.3507,1,0,1,126
1507,0.4294,1,0,1,127
1507,0.4193,1,0,1,3
1507,0.3819,1,0,1,4
1507,0.4141,1,0,1,5
1507,0.3486,0,1,1,6
1507,0.4583,1,1,1,7
1507,0.5063,1,1,1,9
1507,0.6084,1,1,1,13
1507,0.4776,1,0,1,17
1507,0.3909,1,1,1,18
1507,0.3752,0,1,1,20
1507,0.3556,0,1,1,21
1507,0.509,1,1,1,22
1507,0.4315,1,0,1,23
1507,0.3956,1,0,1,25
1507,0.4524,1,0,1,27
1507,0.4472,1,0,1,29
1507,0.472,1,1,1,31
1507,0.3366,1,0,1,32
1507,0.364,1,0,1,33
1507,0.3948,0,1,1,34
1507,0.3403,1,0,1,36
1507,0.3805,1,0,1,37
1507,0.5038,1,1,1,39
1507,0.5081,1,0,1,40
1507,0.3888,0,0,1,41
1507,0.4729,1,0,1,42
1507,0.4221,0,1,1,45
1507,0.4388,1,0,1,46
1507,0.4074,1,1,1,47
1507,0.3262,1,1,1,48
1507,0.4742,0,1,1,52
1507,0.4785,1,1,1,53
1507,0.4115,1,1,1,54
1507,0.3549,1,1,1,56
1507,0.351,1,0,1,57
1507,0.3288,0,1,1,58
1507,0.5138,1,1,1,61
1507,0.4106,1,0,1,62
1507,0.484,1,1,1,63
1507,0.4314,1,0,1,64
1507,0.4026,1,0,1,68
1507,0.4159,1,1,1,69
1507,0.3913,0,1,1,70
1507,0.4635,1,0,1,72
1507,0.4397,1,1,1,73
1507,0.4108,1,1,1,75
1507,0.4506,1,1,1,80
1507,0.4102,1,0,1,82
1507,0.4082,1,1,1,83
1507,0.5169,1,0,1,85
1507,0.5216,1,0,1,87
1507,0.5006,1,1,1,88
1507,0.4191,1,0,1,89
1507,0.4419,1,0,1,90
1507,0.3965,1,0,1,91
1507,0.4014,1,0,1,93
1507,0.4169,1,0,1,94
1507,0.4246,1,0,1,96
1507,0.3733,1,1,1,97
1507,0.5061,1,1,1,99
1507,0.4057,1,0,1,100
1507,0.3781,1,1,1,101
1507,0.5447,1,1,1,103
1507,0.4098,1,0,1,105
1507,0.3835,1,1,1,106
1507,0.4067,1,0,1,109
1507,0.4053,1,1,1,111
1507,0.4426,0,1,1,112
1507,0.4111,1,0,1,113
1507,0.353,0,0,1,114
1507,0.3768,1,0,1,115
1507,0.3922,0,1,1,117
1507,0.5453,1,1,1,118
1507,0.3902,1,0,1,119
1507,0.4142,1,1,1,120
1507,0.3849,1,0,1,121
1507,0.4199,0,0,1,122
1507,0.4435,1,1,1,123
1507,0.4538,1,1,1,124
1507,0.449,1,1,1,125
1507,0.4434,1,1,1,126
1507,0.3879,1,0,1,127
1507,0.4697,1,0,1,4
1507,0.3329,1,0,1,6
1507,0.4361,1,1,1,7
1507,0.4266,0,1,1,8
1507,0.4163,1,0,1,10
1507,0.3934,1,0,1,15
1507,0.3586,0,0,1,16
1507,0.3681,1,0,1,19
1507,0.4376,1,0,1,20
1507,0.2902,1,0,1,22
1507,0.4157,1,0,1,24
1507,0.4132,1,1,1,25
1507,0.4235,1,1,1,26
1507,0.5068,1,1,1,29
1507,0.3158,0,1,1,30
1507,0.3384,1,0,1,32
1507,0.4364,1,0,1,33
1507,0.4061,0,1,1,34
1507,0.4668,0,0,1,35
1507,0.5163,1,0,1,36
1507,0.4963,1,1,1,39
1507,0.393,1,0,1,41
1507,0.4525,1,1,1,43
1507,0.4032,1,0,1,44
1507,0.3742,1,0,1,45
1507,0.6051,1,1,1,46
1507,0.5257,1,1,1,48
1507,0.3935,1,1,1,49
1507,0.6874,1,1,1,50
1507,0.4238,1,1,1,52
1507,0.4211,0,1,1,53
1507,0.5191,1,0,1,54
1507,0.394,0,1,1,56
1507,0.3449,1,1,1,57
1507,0.3503,1,1,1,60
1507,0.3791,0,1,1,61
1507,0.642,1,1,1,62
1507,0.4359,1,1,1,63
1507,0.4346,1,1,1,65
1507,0.4354,1,1,1,66
1507,0.4005,1,0,1,67
1507,0.4757,1,1,1,68
1507,0.3674,0,1,1,70
1507,0.463,1,1,1,71
1507,0.5287,1,0,1,73
1507,0.4938,1,1,1,74
1507,0.4265,1,0,1,75
1507,0.4144,1,0,1,76
1507,0.4201,1,0,1,79
1507,0.3838,0,1,1,80
1507,0.3399,1,1,1,83
1507,0.4837,1,1,1,85
1507,0.405,1,0,1,86
1507,0.3946,1,0,1,88
1507,0.6812,1,1,1,89
1507,0.3953,1,0,1,90
1507,0.5124,0,1,1,91
1507,0.4629,1,0,1,92
1507,0.5224,1,1,1,93
1507,0.4164,1,0,1,94
1507,0.4332,1,0,1,95
1507,0.4239,1,1,1,96
1507,0.463,0,0,1,98
1507,0.4161,1,0,1,99
1507,0.3608,1,0,1,100
1507,0.4644,1,1,1,101
1507,0.3618,1,1,1,103
1507,0.3307,1,0,1,105
1507,0.4703,1,1,1,107
1507,0.4387,1,1,1,108
1507,0.3474,1,0,1,110
1507,0.4202,1,1,1,111
1507,0.4323,1,0,1,114
1507,0.3491,1,0,1,115
1507,0.4391,1,1,1,116
1507,0.4304,1,0,1,117
1507,0.4172,1,0,1,118
1507,0.5622,1,1,1,119
1507,0.4205,1,0,1,120
1507,0.5245,1,1,1,121
1507,0.6244,1,0,1,123
1507,0.3607,1,0,1,124
1507,0.4164,1,0,1,126
1538,0.5262,1,0,1,0
1538,0.4467,1,1,1,1
1538,0.3848,1,0,1,2
1538,0.4917,1,1,1,3
1538,0.4882,1,1,1,4
1538,0.5803,1,1,1,6
1538,0.464,1,0,1,7
1538,0.4369,1,1,1,9
1538,0.4681,1,1,1,11
1538,0.379,1,1,1,12
1538,0.4731,1,0,1,13
1538,0.5062,1,0,1,14
1538,0.5057,1,1,1,16
1538,0.404,1,0,1,17
1538,0.4756,1,0,1,19
1538,0.4464,1,1,1,20
1538,0.4564,1,0,1,22
1538,0.3663,1,0,1,23
1538,0.4695,0,0,1,24
1538,0.568,1,0,1,25
1538,0.505,1,1,1,26
1538,0.4796,1,0,1,29
1538,0.4548,0,1,1,32
1538,0.5069,1,1,1,34
1538,0.7397,1,0,1,35
1538,0.604,1,1,1,36
1538,0.49,1,0,1,38
1538,0.6054,1,0,1,40
1538,0.7954,1,1,1,41
1538,0.455,1,0,1,42
1538,0.5724,1,1,1,45
1538,0.6302,1,1,1,48
1538,0.4896,1,0,1,50
1538,0.4388,1,1,1,51
1538,0.5051,1,1,1,52
1538,0.6096,1,0,1,53
1538,0.5724,1,0,1,54
1538,0.7718,1,0,1,58
1538,0.5485,1,1,1,59
1538,0.4722,1,0,1,63
1538,0.5031,1,1,1,64
1538,0.4724,1,1,1,67
1538,0.5674,1,0,1,68
1538,0.6228,1,1,1,70
1538,0.5054,1,1,1,71
1538,0.4179,1,1,1,74
1538,0.3762,1,0,1,75
1538,0.5223,1,1,1,77
1538,0.4358,1,0,1,79
1538,0.4103,1,0,1,80
1538,0.4397,1,1,1,81
1538,0.4308,1,0,1,82
1538,0.5273,1,1,1,85
1538,0.4879,1,1,1,86
1538,0.492,1,0,1,87
1538,0.3654,1,0,1,88
1538,0.4767,1,1,1,89
1538,0.475,1,0,1,90
1538,0.4973,1,0,1,92
1538,0.4211,1,0,1,93
1538,0.4559,1,0,1,95
1538,0.6057,1,1,1,97
1538,0.6117,1,0,1,101
1538,0.4264,1,0,1,102
1538,0.4996,1,1,1,103
1538,0.4665,1,1,1,104
1538,0.5047,1,1,1,105
1538,0.4182,1,1,1,107
1538,0.4826,1,0,1,108
1538,0.512,1,0,1,109
1538,0.3971,1,0,1,112
1538,0.4799,1,1,1,114
1538,0.5437,1,0,1,116
1538,0.5206,1,1,1,117
1538,0.5017,1,1,1,118
1538,0.3928,1,1,1,119
1538,0.5464,1,1,1,120
1538,0.4586,1,0,1,121
1538,0.3834,1,1,1,126
1538,0.408,1,0,1,127
1538,0.6333,1,0,1,0
1538,0.3602,1,0,1,1
1538,0.4063,1,1,1,2
1538,0.3913,1,1,1,3
1538,0.5229,1,1,1,4
1538,0.5498,1,1,1,6
1538,0.4386,1,0,1,7
1538,0.5073,1,1,1,8
1538,0.3778,1,1,1,13
1538,0.3356,1,0,1,16
1538,0.3712,1,1,1,17
1538,0.4432,1,0,1,19
1538,0.4691,1,1,1,20
1538,0.4353,1,0,1,21
1538,0.409,1,0,1,22
1538,0.6344,1,0,1,23
1538,0.4133,1,1,1,24
1538,0.382,1,0,1,26
1538,0.4932,1,0,1,28
1538,0.3552,1,1,1,31
1538,0.3723,1,1,1,32
1538,0.4633,1,0,1,33
1538,0.4894,1,1,1,35
1538,0.4285,1,0,1,37
1538,0.6226,1,0,1,38
1538,0.5055,1,0,1,39
1538,0.5648,1,1,1,40
1538,0.4102,1,1,1,42
1538,0.4493,1,1,1,43
1538,0.4464,1,0,1,44
1538,0.642,1,1,1,45
1538,0.4397,1,1,1,46
1538,0.3848,1,1,1,47
1538,0.496,1,1,1,49
1538,0.5065,1,0,1,50
1538,0.4185,1,1,1,51
1538,0.3922,1,1,1,52
1538,0.5385,1,1,1,53
1538,0.5099,1,0,1,55
1538,0.6071,1,1,1,57
1538,0.4359,1,0,1,59
1538,0.4683,0,0,1,64
1538,0.4559,1,0,1,65
1538,0.3671,1,0,1,67
1538,0.3554,1,0,1,68
1538,0.3553,1,0,1,69
1538,0.4106,1,1,1,70
1538,0.3728,1,1,1,71
1538,0.5226,1,1,1,75
1538,0.498,1,0,1,76
1538,0.4677,1,1,1,79
1538,0.5115,1,1,1,80
1538,0.5432,1,1,1,81
1538,0.6198,1,0,1,82
1538,0.4435,1,0,1,83
1538,0.4737,1,0,1,84
1538,0.4512,1,0,1,86
1538,0.5801,1,1,1,87
1538,0.61,1,0,1,88
1538,0.4208,1,1,1,90
1538,0.455,1,0,1,91
1538,0.4753,1,1,1,92
1538,0.4888,1,0,1,94
1538,0.6823,1,0,1,96
1538,0.5003,1,0,1,97
1538,0.6722,1,1,1,99
1538,0.4399,1,0,1,100
1538,0.3894,1,0,1,103
1538,0.4571,1,1,1,105
1538,0.4563,1,1,1,107
1538,0.4385,1,1,1,109
1538,0.5452,1,1,1,110
1538,0.4662,1,0,1,111
1538,0.3552,1,1,1,112
1538,0.5853,1,1,1,114
1538,0.5427,1,0,1,116
1538,0.5511,1,0,1,118
1538,0.339,1,1,1,119
1538,0.4639,1,0,1,120
1538,0.6946,0,1,1,121
1538,0.5006,1,1,1,123
1538,0.4506,1,0,1,125
1538,0.4245,1,0,1,126
1538,0.571,1,0,1,127
1538,0.43,1,1,1,1
1538,0.448,1,1,1,5
1538,0.4086,1,1,1,7
1538,0.4046,1,0,1,9
1538,0.3556,1,0,1,10
1538,0.3948,1,1,1,11
1538,0.374,1,1,1,12
1538,0.4349,1,0,1,15
1538,0.5133,1,0,1,17
1538,0.4202,1,1,1,19
1538,0.5002,1,0,1,21
1538,0.5716,1,1,1,24
1538,0.4678,1,1,1,25
1538,0.5384,1,0,1,26
1538,0.3724,1,0,1,28
1538,0.4296,1,1,1,29
1538,0.4468,1,0,1,30
1538,0.4032,1,1,1,31
1538,0.4557,1,1,1,32
1538,0.4251,1,1,1,33
1538,0.355,1,0,1,35
1538,0.3556,1,0,1,36
1538,0.3215,0,1,1,38
1538,0.5935,1,1,1,39
1538,0.5559,1,1,1,42
1538,0.4511,1,0,1,43
1538,0.4562,1,0,1,45
1538,0.7134,1,1,1,46
1538,0.6564,1,1,1,47
1538,0.5228,1,0,1,49
1538,0.4957,1,1,1,50
1538,0.4894,1,1,1,51
1538,0.3673,1,1,1,52
1538,0.4637,1,0,1,53
1538,0.4878,1,0,1,54
1538,0.6384,1,0,1,55
1538,0.4464,0,1,1,56
1538,0.4919,1,0,1,58
1538,0.4594,1,1,1,60
1538,0.423,1,0,1,61
1538,0.499,1,1,1,62
1538,0.4311,1,0,1,65
1538,0.4924,1,0,1,66
1538,0.4044,1,1,1,67
1538,0.6481,1,0,1,68
1538,0.4816,1,0,1,74
1538,0.3425,1,0,1,75
1538,0.404,0,0,1,76
1538,0.5678,1,0,1,77
1538,0.4384,1,0,1,78
1538,0.4765,1,1,1,80
1538,0.4881,1,0,1,82
1538,0.442,1,1,1,84
1538,0.5246,1,0,1,85
1538,0.3888,1,1,1,86
1538,0.4885,1,1,1,89
1538,0.5129,1,0,1,90
1538,0.5061,1,1,1,91
1538,0.724,1,1,1,92
1538,0.4374,1,0,1,93
1538,0.5006,1,0,1,94
1538,0.4753,1,0,1,95
1538,0.424,1,0,1,96
1538,0.694,1,1,1,99
1538,0.4588,1,0,1,100
1538,0.64,1,1,1,101
1538,0.5692,1,1,1,102
1538,0.6212,1,1,1,103
1538,0.5352,1,0,1,105
1538,0.6381,1,1,1,107
1538,0.4455,1,0,1,109
1538,0.3731,1,0,1,110
1538,0.4566,1,1,1,111
1538,0.5306,1,1,1,113
1538,0.393,1,1,1,115
1538,0.4134,1,0,1,116
1538,0.3718,1,0,1,118
1538,0.4891,1,1,1,119
1538,0.4205,1,1,1,121
1538,0.3894,1,0,1,122
1538,0.4436,1,0,1,124
1538,0.3796,1,1,1,125
1538,0.4622,1,1,1,126
1538,0.3888,1,0,1,127
1538,0.5327,1,0,1,0
1538,0.3885,1,0,1,1
1538,0.4725,1,1,1,3
1538,0.419,0,1,1,5
1538,0.4665,1,0,1,7
1538,0.36870000000000003,1,0,1,9
1538,0.4053,1,1,1,12
1538,0.4427,1,1,1,14
1538,0.4152,1,1,1,15
1538,0.3743,1,1,1,16
1538,0.4599,1,0,1,17
1538,0.5099,1,1,1,18
1538,0.4834,1,1,1,19
1538,0.525,1,1,1,20
1538,0.3719,1,0,1,24
1538,0.4416,1,0,1,26
1538,0.6088,1,1,1,27
1538,0.4398,1,1,1,30
1538,0.3722,1,0,1,32
1538,0.3715,1,0,1,34
1538,0.401,1,0,1,35
1538,0.4897,1,0,1,36
1538,0.4799,1,1,1,37
1538,0.4725,1,0,1,39
1538,0.4052,1,1,1,40
1538,0.4406,1,1,1,43
1538,0.4736,1,1,1,45
1538,0.5074,1,1,1,47
1538,0.4721,1,1,1,48
1538,0.3742,1,0,1,51
1538,0.456,1,0,1,52
1538,0.4885,1,1,1,53
1538,0.4111,1,0,1,55
1538,0.3475,1,1,1,58
1538,0.3563,0,1,1,59
1538,0.4775,1,0,1,61
1538,0.3727,1,1,1,64
1538,0.5818,1,0,1,66
1538,0.4131,1,0,1,67
1538,0.4645,1,1,1,68
1538,0.3884,1,1,1,69
1538,0.4734,1,1,1,70
1538,0.6404,1,1,1,71
1538,0.3387,1,0,1,72
1538,0.3465,1,0,1,74
1538,0.4511,1,0,1,76
1538,0.5281,1,1,1,77
1538,0.4274,1,0,1,78
1538,0.4057,1,0,1,79
1538,0.4445,1,1,1,80
1538,0.3885,0,0,1,81
1538,0.4635,1,0,1,82
1538,0.7225,1,1,1,83
1538,0.4621,0,1,1,86
1538,0.4382,1,0,1,87
1538,0.4725,1,1,1,88
1538,0.4781,1,0,1,89
1538,0.4418,1,0,1,90
1538,0.3901,1,0,1,91
1538,0.3499,1,0,1,93
1538,0.4782,1,1,1,97
1538,0.4593,1,0,1,98
1538,0.4117,0,1,1,100
1538,0.4573,1,0,1,101
1538,0.4676,1,1,1,105
1538,0.388,1,0,1,106
1538,0.456,1,0,1,108
1538,0.3609,1,0,1,109
1538,0.5341,1,1,1,110
1538,0.5051,1,1,1,111
1538,0.4461,1,0,1,114
1538,0.3932,1,0,1,115
1538,0.3901,1,1,1,116
1538,0.3652,1,1,1,119
1538,0.4799,1,0,1,120
1538,0.3623,1,0,1,123
1538,0.4803,1,1,1,124
1538,0.4073,1,1,1,125
1538,0.6123,1,0,1,126
1538,0.4893,1,0,1,127
1538,0.4284,1,0,1,1
1538,0.4625,1,1,1,2
1538,0.4846,1,1,1,4
1538,0.4257,1,1,1,6
1538,0.4333,1,1,1,7
1538,0.4825,1,0,1,8
1538,0.3759,1,1,1,9
1538,0.4887,1,1,1,11
1538,0.4061,1,1,1,12
1538,0.3897,1,1,1,13
1538,0.4704,1,0,1,14
1538,0.3917,1,0,1,15
1538,0.3716,1,1,1,16
1538,0.4887,1,1,1,17
1538,0.4771,1,0,1,19
1538,0.3961,1,0,1,21
1538,0.5525,1,1,1,22
1538,0.3955,1,0,1,23
1538,0.4718,1,0,1,24
1538,0.5357,1,1,1,25
1538,0.4942,1,0,1,28
1538,0.5751,1,0,1,31
1538,0.5563,1,1,1,32
1538,0.3846,1,1,1,34
1538,0.378,1,1,1,36
1538,0.3928,1,0,1,37
1538,0.4005,1,1,1,38
1538,0.4225,1,1,1,39
1538,0.3735,1,1,1,40
1538,0.3801,1,0,1,41
1538,0.3571,1,1,1,42
1538,0.3281,1,1,1,43
1538,0.3217,1,0,1,45
1538,0.3171,1,0,1,46
1538,0.4592,1,0,1,47
1538,0.4383,1,1,1,48
1538,0.3711,1,0,1,50
1538,0.3841,1,0,1,51
1538,0.3707,1,1,1,53
1538,0.4556,1,0,1,55
1538,0.6392,1,0,1,56
1538,0.6752,1,1,1,57
1538,0.4722,1,1,1,59
1538,0.3503,1,1,1,60
1538,0.3431,1,0,1,61
1538,0.4276,1,0,1,62
1538,0.5114,1,1,1,63
1538,0.456,1,1,1,64
1538,0.3843,1,1,1,66
1538,0.4697,1,0,1,67
1538,0.4584,1,0,1,68
1538,0.4231,1,0,1,73
1538,0.4572,1,0,1,75
1538,0.4706,1,0,1,77
1538,0.5367,1,0,1,79
1538,0.3418,1,0,1,80
1538,0.4781,1,0,1,81
1538,0.4721,1,0,1,82
1538,0.4078,0,0,1,84
1538,0.4659,1,0,1,85
1538,0.5964,1,1,1,86
1538,0.4065,1,0,1,88
1538,0.4877,1,1,1,89
1538,0.6642,1,0,1,90
1538,0.3937,1,0,1,91
1538,0.6568,1,1,1,92
1538,0.589,1,1,1,96
1538,0.4737,1,0,1,97
1538,0.3888,1,1,1,99
1538,0.4274,1,0,1,100
1538,0.4958,1,1,1,103
1538,0.3551,1,1,1,104
1538,0.5743,1,1,1,106
1538,0.4677,1,0,1,109
1538,0.4211,1,1,1,113
1538,0.4904,1,1,1,114
1538,0.406,1,1,1,117
1538,0.4716,1,0,1,119
1538,0.4233,1,1,1,121
1538,0.3859,1,0,1,124
1538,0.3852,1,1,1,125
1538,0.477,1,0,1,126
1538,0.4005,1,0,1,127
1538,0.3908,1,0,1,0
1538,0.5208,1,1,1,1
1538,0.306,1,0,1,2
1538,0.6059,1,0,1,5
1538,0.5135,1,0,1,7
1538,0.5136,1,0,1,9
1538,0.5612,1,0,1,10
1538,0.4167,1,0,1,11
1538,0.4187,1,1,1,12
1538,0.4124,1,1,1,14
1538,0.5096,1,1,1,15
1538,0.3551,1,0,1,16
1538,0.4993,1,1,1,17
1538,0.5297,1,1,1,21
1538,0.6227,1,1,1,25
1538,0.4125,1,0,1,26
1538,0.4053,1,0,1,27
1538,0.5253,1,0,1,28
1538,0.4831,1,0,1,29
1538,0.3574,0,0,1,30
1538,0.7103,1,0,1,31
1538,0.5453,1,0,1,32
1538,0.7399,1,1,1,33
1538,0.4304,1,1,1,34
1538,0.3887,1,1,1,37
1538,0.5339,1,1,1,39
1538,0.4008,1,0,1,43
1538,0.4186,1,1,1,44
1538,0.7149,1,0,1,45
1538,0.6964,1,1,1,46
1538,0.4894,1,1,1,48
1538,0.4952,1,0,1,50
1538,0.4491,1,0,1,52
1538,0.4734,1,0,1,53
1538,0.6001,1,1,1,54
1538,0.7534,1,1,1,55
1538,0.502,1,1,1,56
1538,0.4092,1,0,1,58
1538,0.5087,1,1,1,59
1538,0.4057,1,0,1,61
1538,0.3939,1,0,1,62
1538,0.479,1,1,1,64
1538,0.5002,0,1,1,65
1538,0.4089,1,1,1,66
1538,0.4729,1,1,1,69
1538,0.4555,1,0,1,70
1538,0.4044,1,1,1,72
1538,0.3063,1,0,1,74
1538,0.4201,0,1,1,75
1538,0.36,1,1,1,77
1538,0.4837,1,0,1,78
1538,0.4248,1,0,1,79
1538,0.4681,1,0,1,80
1538,0.4898,1,1,1,82
1538,0.4609,1,1,1,84
1538,0.3751,1,1,1,85
1538,0.3791,1,0,1,86
1538,0.4128,1,1,1,87
1538,0.3725,1,1,1,88
1538,0.3561,1,1,1,89
1538,0.3289,1,0,1,90
1538,0.3291,1,1,1,91
1538,0.4056,1,1,1,92
1538,0.5204,1,0,1,95
1538,0.673,1,1,1,96
1538,0.5391,1,0,1,97
1538,0.6479,1,1,1,98
1538,0.5283,1,0,1,99
1538,0.4933,1,1,1,102
1538,0.4143,1,0,1,103
1538,0.4154,1,1,1,105
1538,0.4159,1,0,1,107
1538,0.4182,0,0,1,108
1538,0.455,1,0,1,109
1538,0.379,1,0,1,110
1538,0.5068,1,0,1,112
1538,0.4221,1,0,1,113
1538,0.4561,1,1,1,118
1538,0.3691,1,1,1,119
1538,0.4039,0,1,1,121
1538,0.3897,1,0,1,123
1538,0.5359,1,1,1,125
1538,0.6178,1,1,1,126
1538,0.5381,1,0,1,0
1538,0.2837,1,0,1,3
1538,0.3412,1,0,1,4
1538,0.5392,0,1,1,5
1538,0.3966,1,0,1,6
1538,0.3955,1,1,1,7
1538,0.487,1,1,1,9
1538,0.3847,1,1,1,10
1538,0.5234,1,1,1,11
1538,0.3972,1,1,1,13
1538,0.5057,1,0,1,15
1538,0.3292,1,0,1,19
1538,0.518,1,0,1,20
1538,0.437,1,0,1,22
1538,0.3427,1,1,1,25
1538,0.728,1,1,1,26
1538,0.3867,1,0,1,28
1538,0.5228,1,1,1,31
1538,0.451,1,0,1,33
1538,0.5005,1,1,1,35
1538,0.5391,1,0,1,36
1538,0.4145,1,0,1,39
1538,0.3945,1,0,1,40
1538,0.6925,1,0,1,42
1538,0.4528,1,1,1,43
1538,0.3786,1,0,1,45
1538,0.3938,1,1,1,46
1538,0.5561,1,0,1,47
1538,0.5043,1,1,1,48
1538,0.4869,1,1,1,51
1538,0.4599,1,0,1,52
1538,0.3615,1,0,1,53
1538,0.3916,1,0,1,54
1538,0.4224,1,0,1,55
1538,0.3564,1,1,1,56
1538,0.4656,1,1,1,57
1538,0.4555,1,1,1,58
1538,0.4398,1,0,1,59
1538,0.7232,1,1,1,62
1538,0.6457,1,0,1,63
1538,0.3965,1,0,1,64
1538,0.3936,1,1,1,65
1538,0.4995,1,1,1,66
1538,0.6706,1,0,1,67
1538,0.7293,1,1,1,68
1538,0.3774,1,1,1,69
1538,0.4314,1,1,1,71
1538,0.3668,1,0,1,72
1538,0.4303,1,1,1,73
1538,0.4628,1,0,1,75
1538,0.4386,1,1,1,77
1538,0.4072,1,0,1,78
1538,0.4339,1,0,1,79
1538,0.3566,1,1,1,80
1538,0.44,1,1,1,81
1538,0.3156,1,0,1,83
1538,0.4462,1,1,1,84
1538,0.5229,1,1,1,85
1538,0.3644,1,0,1,88
1538,0.3779,1,1,1,89
1538,0.4379,1,0,1,90
1538,0.3772,1,0,1,91
1538,0.4504,1,0,1,93
1538,0.4394,1,1,1,94
1538,0.3338,1,0,1,97
1538,0.3862,0,1,1,99
1538,0.3616,1,0,1,102
1538,0.4061,1,1,1,103
1538,0.4424,1,0,1,105
1538,0.3778,1,0,1,106
1538,0.3894,1,1,1,107
1538,0.5874,1,1,1,108
1538,0.3907,1,1,1,110
1538,0.4909,1,1,1,113
1538,0.3965,1,1,1,116
1538,0.3353,1,0,1,117
1538,0.4563,1,1,1,118
1538,0.4554,0,1,1,120
1538,0.3405,1,0,1,121
1538,0.4345,1,0,1,122
1538,0.4062,1,0,1,123
1538,0.4075,1,1,1,125
1538,0.4225,1,1,1,126
1538,0.3888,1,0,1,127
1538,0.6812,1,0,1,0
1538,0.3711,1,1,1,1
1538,0.4064,1,0,1,4
1538,0.4221,1,0,1,5
1538,0.5608,1,1,1,7
1538,0.6354,1,1,1,8
1538,0.4401,1,0,1,11
1538,0.3227,1,1,1,14
1538,0.423,1,1,1,16
1538,0.4644,1,0,1,17
1538,0.393,1,0,1,18
1538,0.4217,1,0,1,19
1538,0.428,1,0,1,21
1538,0.3726,1,1,1,22
1538,0.4885,1,0,1,24
1538,0.4893,1,1,1,25
1538,0.3018,1,0,1,26
1538,0.4246,1,0,1,27
1538,0.4782,1,0,1,30
1538,0.3564,1,1,1,31
1538,0.3616,1,0,1,33
1538,0.5886,1,1,1,34
1538,0.4065,1,1,1,35
1538,0.4291,1,0,1,36
1538,0.6395,1,1,1,37
1538,0.5309,1,1,1,38
1538,0.4227,1,0,1,39
1538,0.4145,1,1,1,40
1538,0.4209,1,0,1,41
1538,0.5236,1,1,1,42
1538,0.4152,1,1,1,43
1538,0.3385,1,1,1,44
1538,0.3789,1,0,1,45
1538,0.4348,0,0,1,46
1538,0.459,1,0,1,48
1538,0.4396,1,0,1,49
1538,0.4897,1,1,1,54
1538,0.4723,1,0,1,55
1538,0.4461,1,0,1,58
1538,0.5504,1,1,1,59
1538,0.367,1,0,1,61
1538,0.3871,1,1,1,62
1538,0.3398,1,1,1,63
1538,0.4279,1,0,1,64
1538,0.41,1,0,1,65
1538,0.5225,1,1,1,66
1538,0.4409,1,0,1,68
1538,0.4611,1,0,1,69
1538,0.4454,0,1,1,70
1538,0.4092,1,1,1,73
1538,0.4106,1,1,1,74
1538,0.6429,1,0,1,75
1538,0.5614,1,1,1,78
1538,0.5005,1,1,1,79
1538,0.4558,1,1,1,81
1538,0.3621,1,0,1,82
1538,0.3728,1,0,1,83
1538,0.4891,1,1,1,85
1538,0.6476,1,0,1,86
1538,0.4214,1,1,1,90
1538,0.3829,1,0,1,91
1538,0.3652,1,0,1,92
1538,0.4638,1,1,1,93
1538,0.3772,0,0,1,95
1538,0.4486,1,1,1,97
1538,0.5256,1,1,1,99
1538,0.3767,1,1,1,100
1538,0.4951,1,1,1,101
1538,0.4303,1,0,1,102
1538,0.3444,0,1,1,103
1538,0.6195,1,1,1,105
1538,0.4604,1,0,1,106
1538,0.4893,1,0,1,107
1538,0.4122,1,0,1,110
1538,0.4504,1,1,1,112
1538,0.3591,1,1,1,113
1538,0.395,1,1,1,114
1538,0.3715,1,1,1,115
1538,0.4583,1,0,1,116
1538,0.3809,1,0,1,119
1538,0.3905,1,0,1,126
1538,0.493,1,0,1,127
1582,0.5236,1,0,1,0
1582,0.5344,1,1,1,6
1582,0.6098,1,1,1,7
1582,0.401,1,0,1,8
1582,0.4713,1,0,1,10
1582,0.5288,1,1,1,11
1582,0.8718,0,0,1,12
1582,0.384,1,0,1,13
1582,0.5338,1,0,1,16
1582,0.4743,1,1,1,18
1582,0.6682,1,0,1,19
1582,0.3759,1,0,1,21
1582,0.419,1,0,1,22
1582,0.455,1,1,1,24
1582,0.4408,1,1,1,25
1582,0.5055,1,1,1,26
1582,0.4382,1,1,1,27
1582,0.4911,1,1,1,28
1582,0.3977,1,1,1,33
1582,0.4409,1,0,1,34
1582,0.5299,1,1,1,37
1582,0.5244,1,1,1,38
1582,0.6383,1,0,1,39
1582,0.6305,1,0,1,41
1582,0.5527,1,1,1,42
1582,0.4725,1,0,1,44
1582,0.5185,1,0,1,46
1582,0.6337,1,0,1,47
1582,0.4718,1,0,1,48
1582,0.3885,1,0,1,49
1582,0.3899,1,0,1,51
1582,0.3878,0,1,1,52
1582,0.5003,1,0,1,53
1582,0.4171,1,1,1,54
1582,0.5078,1,1,1,55
1582,0.6883,1,1,1,56
1582,0.3707,1,0,1,57
1582,0.484,1,1,1,59
1582,0.455,1,1,1,61
1582,0.4051,1,1,1,62
1582,0.4176,1,0,1,64
1582,0.3504,1,0,1,66
1582,0.358,1,0,1,67
1582,0.392,0,1,1,69
1582,0.5378,1,1,1,72
1582,0.3354,1,0,1,73
1582,0.4047,1,0,1,74
1582,0.3887,1,0,1,75
1582,0.4051,1,1,1,76
1582,0.6885,1,0,1,80
1582,0.6003,1,0,1,81
1582,0.5294,1,1,1,82
1582,0.5409,1,1,1,83
1582,0.4882,1,0,1,85
1582,0.4217,1,1,1,87
1582,0.4047,1,0,1,89
1582,0.6257,1,1,1,91
1582,0.5231,1,0,1,92
1582,0.5764,1,1,1,93
1582,0.4374,1,0,1,94
1582,0.3593,1,1,1,95
1582,0.6593,1,1,1,97
1582,0.4678,1,0,1,98
1582,0.5728,1,1,1,100
1582,0.3254,0,0,1,101
1582,0.4883,1,1,1,102
1582,0.6551,1,1,1,103
1582,0.5292,1,0,1,105
1582,0.5041,1,0,1,106
1582,0.4698,1,0,1,108
1582,0.4048,1,1,1,110
1582,0.8035,1,0,1,111
1582,0.5879,1,1,1,112
1582,0.5395,1,0,1,113
1582,0.4886,1,1,1,114
1582,0.5748,1,1,1,116
1582,0.4419,1,0,1,119
1582,0.4711,1,0,1,121
1582,0.4517,1,0,1,124
1582,0.5014,1,1,1,125
1582,0.8088,1,1,1,126
1582,0.6512,1,1,1,0
1582,0.5217,1,1,1,2
1582,0.6412,1,1,1,3
1582,0.485,1,1,1,4
1582,0.4179,1,0,1,5
1582,0.7085,0,0,1,6
1582,0.4002,1,0,1,7
1582,0.4071,1,0,1,8
1582,0.6046,1,1,1,9
1582,0.5723,1,1,1,11
1582,0.4925,1,1,1,12
1582,0.4633,1,1,1,14
1582,0.3401,1,0,1,16
1582,0.3545,0,1,1,17
1582,0.43,1,0,1,18
1582,0.6301,1,1,1,20
1582,0.5084,1,0,1,21
1582,0.588,1,1,1,23
1582,0.4883,1,0,1,25
1582,0.5351,1,1,1,26
1582,0.4218,1,0,1,27
1582,0.5678,1,1,1,28
1582,0.5249,1,1,1,30
1582,0.5012,1,1,1,31
1582,0.379,1,0,1,36
1582,0.4214,1,1,1,39
1582,0.4217,1,1,1,40
1582,0.3941,0,1,1,41
1582,0.4353,1,0,1,42
1582,0.5417,1,0,1,44
1582,0.5712,1,1,1,45
1582,0.4825,1,0,1,46
1582,0.505,1,1,1,50
1582,0.4736,1,0,1,51
1582,0.48,1,1,1,52
1582,0.505,1,0,1,55
1582,0.4381,1,0,1,57
1582,0.4711,0,1,1,58
1582,0.4378,1,0,1,59
1582,0.6005,1,0,1,60
1582,0.5214,1,0,1,61
1582,0.5919,1,1,1,65
1582,0.4765,1,1,1,67
1582,0.5761,1,0,1,70
1582,0.4834,1,0,1,71
1582,0.3749,1,0,1,72
1582,0.4665,1,0,1,73
1582,0.5294,1,1,1,74
1582,0.4754,1,0,1,76
1582,0.5176,1,1,1,77
1582,0.5044,1,0,1,79
1582,0.6921,1,0,1,80
1582,0.3849,1,1,1,81
1582,0.4592,1,0,1,82
1582,0.4337,1,0,1,83
1582,0.3754,1,0,1,84
1582,0.4873,1,0,1,85
1582,0.4998,1,1,1,86
1582,0.5083,1,1,1,87
1582,0.5013,1,1,1,88
1582,0.4382,1,1,1,91
1582,0.4227,1,0,1,92
1582,0.4499,1,1,1,93
1582,0.4246,1,1,1,95
1582,0.535,0,0,1,98
1582,0.3769,1,0,1,100
1582,0.4087,1,0,1,102
1582,0.4381,1,0,1,103
1582,0.4907,1,1,1,105
1582,0.4709,1,0,1,107
1582,0.5753,1,0,1,108
1582,0.5849,1,1,1,109
1582,0.4933,1,0,1,110
1582,0.6011,1,1,1,111
1582,0.5879,1,1,1,113
1582,0.5216,1,0,1,115
1582,0.4177,1,0,1,116
1582,0.4343,1,0,1,118
1582,0.4063,1,0,1,121
1582,0.458,1,1,1,124
1582,0.587,1,1,1,125
1582,0.4929,1,1,1,126
1582,0.6015,1,1,1,0
1582,0.4049,1,0,1,1
1582,0.5552,1,1,1,3
1582,0.5581,1,1,1,4
1582,0.4326,1,1,1,7
1582,0.4594,0,1,1,9
1582,0.5434,1,1,1,10
1582,0.4051,0,1,1,13
1582,0.4747,1,1,1,15
1582,0.503,1,0,1,16
1582,0.4379,1,0,1,17
1582,0.5069,1,1,1,19
1582,0.4183,1,0,1,20
1582,0.518,1,1,1,21
1582,0.4097,1,0,1,22
1582,0.3748,1,0,1,23
1582,0.5133,1,1,1,25
1582,0.4578,1,0,1,27
1582,0.4384,1,0,1,29
1582,0.8424,1,0,1,31
1582,0.7766,1,0,1,32
1582,0.5084,1,1,1,33
1582,0.3946,1,0,1,36
1582,0.4177,1,1,1,37
1582,0.5586,1,1,1,38
1582,0.53,1,1,1,40
1582,0.4543,1,0,1,41
1582,0.4884,1,0,1,43
1582,0.4215,1,0,1,44
1582,0.5381,1,0,1,45
1582,0.5576,1,1,1,47
1582,0.4889,1,1,1,50
1582,0.3422,1,0,1,51
1582,0.4249,1,0,1,53
1582,0.5046,1,0,1,54
1582,0.6022,1,0,1,57
1582,0.4257,1,0,1,59
1582,0.449,1,0,1,61
1582,0.4739,1,1,1,62
1582,0.4423,1,1,1,63
1582,0.492,1,0,1,64
1582,0.4469,1,1,1,65
1582,0.543,1,1,1,67
1582,0.4426,1,0,1,68
1582,0.3883,1,0,1,69
1582,0.5377,1,1,1,70
1582,0.4503,1,0,1,71
1582,0.385,1,0,1,73
1582,0.6382,1,1,1,75
1582,0.4014,1,0,1,76
1582,0.3419,0,0,1,77
1582,0.4046,1,1,1,78
1582,0.6104,1,1,1,80
1582,0.3883,1,0,1,81
1582,0.5215,1,1,1,85
1582,0.4296,1,1,1,87
1582,0.4741,1,1,1,89
1582,0.5013,1,0,1,90
1582,0.605,1,1,1,92
1582,0.4712,1,0,1,93
1582,0.4927,1,1,1,94
1582,0.4546,1,0,1,95
1582,0.6323,1,1,1,96
1582,0.5592,1,1,1,98
1582,0.5916,1,1,1,99
1582,0.6511,1,1,1,100
1582,0.5051,1,1,1,101
1582,0.4045,1,0,1,102
1582,0.4551,1,0,1,103
1582,0.4636,1,0,1,105
1582,0.5548,1,0,1,106
1582,0.4168,1,0,1,107
1582,0.6682,1,1,1,112
1582,0.4711,1,1,1,113
1582,0.4502,1,0,1,116
1582,0.476,1,1,1,117
1582,0.4546,1,0,1,118
1582,0.5829,1,1,1,119
1582,0.3722,0,1,1,122
1582,0.4017,1,0,1,123
1582,0.4378,1,1,1,126
1582,0.4691,1,0,1,127
1582,0.4669,1,0,1,0
1582,0.459,1,0,1,1
1582,0.5301,1,0,1,3
1582,0.4262,1,1,1,7
1582,0.4179,1,0,1,8
1582,0.4303,1,1,1,9
1582,0.5749,1,1,1,10
1582,0.3679,1,1,1,11
1582,0.4254,1,0,1,15
1582,0.5011,1,1,1,16
1582,0.4171,1,0,1,18
1582,0.4679,1,1,1,20
1582,0.3927,1,0,1,21
1582,0.3584,1,0,1,23
1582,0.4515,1,1,1,26
1582,0.4092,1,0,1,27
1582,0.3714,1,0,1,28
1582,0.5681,1,1,1,29
1582,0.3523,1,1,1,30
1582,0.4209,1,0,1,31
1582,0.4208,1,0,1,33
1582,0.388,1,0,1,34
1582,0.3822,1,1,1,36
1582,0.5049,1,1,1,37
1582,0.3637,1,1,1,42
1582,0.3882,1,0,1,43
1582,0.3729,1,0,1,44
1582,0.4872,1,1,1,45
1582,0.4093,1,1,1,46
1582,0.4715,1,1,1,47
1582,0.3726,1,0,1,48
1582,0.4214,1,1,1,50
1582,0.5243,1,1,1,51
1582,0.5216,1,1,1,54
1582,0.3838,1,0,1,55
1582,0.4249,1,0,1,58
1582,0.5209,1,1,1,59
1582,0.4181,1,0,1,60
1582,0.4715,1,1,1,62
1582,0.4742,1,1,1,63
1582,0.6002,1,1,1,64
1582,0.528,1,0,1,66
1582,0.3713,1,1,1,67
1582,0.4409,1,1,1,68
1582,0.4733,1,1,1,69
1582,0.3747,0,1,1,71
1582,0.5083,1,1,1,73
1582,0.393,1,0,1,76
1582,0.4213,1,0,1,80
1582,0.4241,1,0,1,81
1582,0.7504,1,0,1,82
1582,0.4544,1,0,1,84
1582,0.518,1,1,1,86
1582,0.5217,1,1,1,87
1582,0.4886,1,1,1,88
1582,0.4675,1,0,1,89
1582,0.4635,1,1,1,90
1582,0.451,1,0,1,91
1582,0.3906,1,0,1,92
1582,0.458,1,1,1,93
1582,0.5967,1,0,1,94
1582,0.8027,1,0,1,95
1582,0.4635,1,0,1,97
1582,0.5505,1,0,1,98
1582,0.4216,1,0,1,99
1582,0.4739,1,1,1,103
1582,0.5388,1,1,1,104
1582,0.4244,1,0,1,105
1582,0.543,1,1,1,106
1582,0.484,1,0,1,109
1582,0.3802,1,1,1,110
1582,0.5931,1,1,1,111
1582,0.4851,1,0,1,112
1582,0.5378,1,1,1,113
1582,0.4302,1,0,1,114
1582,0.4905,1,0,1,115
1582,0.3497,1,0,1,116
1582,0.5632,1,1,1,117
1582,0.6275,1,1,1,119
1582,0.5883,1,0,1,121
1582,0.4266,1,1,1,123
1582,0.5913,1,1,1,124
1582,0.4049,1,0,1,125
1582,0.4881,1,0,1,0
1582,0.3654,1,1,1,1
1582,0.4442,1,1,1,2
1582,0.3929,1,0,1,5
1582,0.3884,1,0,1,6
1582,0.4677,1,1,1,7
1582,0.4173,1,0,1,9
1582,0.3794,1,1,1,10
1582,0.4545,1,0,1,11
1582,0.53,1,1,1,12
1582,0.4668,1,0,1,13
1582,0.5469,1,1,1,14
1582,0.3881,0,1,1,18
1582,0.3805,1,1,1,20
1582,0.691,1,1,1,21
1582,0.5885,1,1,1,22
1582,0.5051,1,1,1,24
1582,0.6841,1,0,1,27
1582,0.5762,1,1,1,28
1582,0.438,1,1,1,29
1582,0.6411,1,1,1,30
1582,0.5214,1,0,1,33
1582,0.5215,1,0,1,35
1582,0.6182,1,1,1,36
1582,0.4048,1,0,1,37
1582,0.6552,0,0,1,41
1582,0.4217,1,0,1,43
1582,0.3883,1,0,1,44
1582,0.4008,1,0,1,47
1582,0.392,1,0,1,48
1582,0.509,1,1,1,49
1582,0.3745,1,1,1,51
1582,0.3696,0,1,1,52
1582,0.3583,0,1,1,53
1582,0.4215,1,0,1,56
1582,0.4502,1,0,1,58
1582,0.375,1,0,1,59
1582,0.6013,1,1,1,60
1582,0.5881,1,0,1,62
1582,0.4545,1,0,1,64
1582,0.451,1,0,1,68
1582,0.4212,1,1,1,70
1582,0.5419,1,1,1,72
1582,0.403,1,0,1,73
1582,0.3882,1,0,1,74
1582,0.4257,1,0,1,76
1582,0.5922,1,1,1,78
1582,0.4676,1,0,1,79
1582,0.4253,1,0,1,80
1582,0.4634,1,0,1,82
1582,0.5218,1,1,1,83
1582,0.4922,1,0,1,84
1582,0.5401,1,0,1,85
1582,0.5219,1,1,1,86
1582,0.5006,1,0,1,88
1582,0.375,1,0,1,89
1582,0.5838,1,0,1,90
1582,0.3847,1,0,1,93
1582,0.4753,1,1,1,94
1582,0.4797,1,1,1,96
1582,0.5916,1,1,1,97
1582,0.4548,1,0,1,99
1582,0.426,1,0,1,101
1582,0.405,1,0,1,103
1582,0.5677,1,1,1,104
1582,0.6089,1,1,1,106
1582,0.8416,1,1,1,107
1582,0.4551,1,1,1,108
1582,0.6219,1,1,1,109
1582,0.491,1,1,1,110
1582,0.4245,1,1,1,111
1582,0.384,1,0,1,114
1582,0.4671,1,1,1,115
1582,0.4548,1,1,1,116
1582,0.4513,0,1,1,118
1582,0.3919,1,0,1,119
1582,0.3515,1,0,1,120
1582,0.4464,1,1,1,121
1582,0.388,1,0,1,122
1582,0.4421,1,1,1,123
1582,0.3925,1,1,1,124
1582,0.3201,1,0,1,125
1582,0.3757,1,1,1,126
1582,0.5339,1,0,1,0
1582,0.4384,1,0,1,1
1582,0.375,1,0,1,2
1582,0.4549,1,0,1,3
1582,0.3542,1,1,1,4
1582,0.5682,1,0,1,6
1582,0.3613,0,1,1,7
1582,0.4389,1,0,1,8
1582,0.4211,1,1,1,10
1582,0.4926,1,1,1,13
1582,0.6048,1,0,1,14
1582,0.5281,1,0,1,15
1582,0.5879,1,1,1,16
1582,0.517,1,0,1,18
1582,0.9074,1,1,1,22
1582,0.5301,1,1,1,24
1582,0.6253,1,1,1,25
1582,0.5673,1,1,1,26
1582,0.3702,1,0,1,27
1582,0.3552,1,0,1,28
1582,0.3588,1,1,1,30
1582,0.4212,1,0,1,31
1582,0.3716,1,0,1,32
1582,0.3933,1,1,1,34
1582,0.3912,0,1,1,35
1582,0.3712,1,0,1,39
1582,0.3792,1,0,1,40
1582,0.5847,1,1,1,41
1582,0.5084,1,1,1,42
1582,0.5098,1,1,1,44
1582,0.4545,1,0,1,45
1582,0.5616,1,1,1,49
1582,0.4935,1,1,1,50
1582,0.4179,1,0,1,52
1582,0.4592,1,1,1,53
1582,0.5044,1,0,1,55
1582,0.5191,1,1,1,56
1582,0.5383,1,1,1,58
1582,0.3847,1,1,1,61
1582,0.4214,1,1,1,63
1582,0.4217,1,1,1,64
1582,0.4878,1,0,1,65
1582,0.5104,1,1,1,66
1582,0.4213,1,0,1,68
1582,0.4505,1,0,1,71
1582,0.6013,1,1,1,73
1582,0.505,1,1,1,74
1582,0.5414,1,1,1,75
1582,0.5883,1,1,1,79
1582,0.4011,1,0,1,80
1582,0.3922,1,0,1,81
1582,0.4561,1,0,1,82
1582,0.4879,1,1,1,83
1582,0.4063,1,0,1,84
1582,0.4383,1,0,1,86
1582,0.4379,1,1,1,87
1582,0.4251,0,1,1,88
1582,0.3912,1,1,1,89
1582,0.4186,1,1,1,90
1582,0.4409,1,0,1,91
1582,0.5921,1,0,1,92
1582,0.4341,1,0,1,95
1582,0.4882,1,0,1,98
1582,0.3881,1,1,1,100
1582,0.3377,1,0,1,101
1582,0.4716,1,0,1,104
1582,0.325,0,1,1,105
1582,0.3323,1,0,1,106
1582,0.3802,0,0,1,108
1582,0.4216,1,0,1,109
1582,0.3378,1,0,1,110
1582,0.601,1,1,1,111
1582,0.505,1,0,1,112
1582,0.4849,1,1,1,114
1582,0.6546,1,0,1,115
1582,0.4882,1,0,1,116
1582,0.5004,1,0,1,117
1582,0.6079,1,1,1,119
1582,0.7051,1,1,1,121
1582,0.4044,1,0,1,123
1582,0.4292,1,1,1,124
1582,0.475,1,0,1,125
1582,0.4786,1,1,1,127
1582,0.5548,1,1,1,0
1582,0.4573,1,1,1,1
1582,0.4343,1,0,1,5
1582,0.4215,1,0,1,6
1582,0.3715,1,0,1,7
1582,0.4505,1,1,1,8
1582,0.3507,1,0,1,10
1582,0.4559,1,1,1,12
1582,0.5135,1,0,1,13
1582,0.4582,1,0,1,15
1582,0.5376,1,1,1,16
1582,0.408,1,1,1,17
1582,0.4708,1,0,1,18
1582,0.4541,1,1,1,22
1582,0.4004,1,0,1,24
1582,0.4717,0,0,1,25
1582,0.3716,1,0,1,26
1582,0.417,0,1,1,27
1582,0.4172,0,1,1,29
1582,0.4213,1,0,1,30
1582,0.4012,1,0,1,31
1582,0.4046,1,0,1,32
1582,0.3382,1,0,1,34
1582,0.4136,1,0,1,36
1582,0.8737,1,0,1,37
1582,0.4882,1,0,1,38
1582,0.4719,1,1,1,40
1582,0.4732,1,0,1,42
1582,0.5343,1,0,1,43
1582,0.3919,1,0,1,44
1582,0.3998,1,0,1,45
1582,0.859,1,0,1,46
1582,0.4843,1,1,1,47
1582,0.4119,1,0,1,48
1582,0.5222,1,1,1,51
1582,0.555,1,1,1,56
1582,0.5513,1,0,1,58
1582,0.3947,1,1,1,59
1582,0.6455,1,1,1,60
1582,0.5136,1,1,1,67
1582,0.5909,1,1,1,68
1582,0.6077,1,1,1,69
1582,0.3583,1,1,1,70
1582,0.3728,1,0,1,71
1582,0.4679,1,1,1,72
1582,0.4382,1,1,1,74
1582,0.4378,1,0,1,75
1582,0.3813,1,1,1,76
1582,0.5976,1,1,1,78
1582,0.4044,1,0,1,80
1582,0.5421,1,0,1,81
1582,0.6879,1,0,1,82
1582,0.605,1,0,1,83
1582,0.4685,1,0,1,84
1582,0.4174,1,1,1,85
1582,0.4718,1,1,1,88
1582,0.4882,1,1,1,89
1582,0.6237,1,0,1,90
1582,0.5592,1,1,1,91
1582,0.5845,1,0,1,92
1582,0.5107,1,1,1,93
1582,0.4517,1,0,1,95
1582,0.4836,1,0,1,96
1582,0.377,1,1,1,97
1582,0.3511,1,0,1,98
1582,0.4307,1,1,1,99
1582,0.3715,1,1,1,100
1582,0.3696,1,0,1,101
1582,0.3923,1,1,1,102
1582,0.5076,1,1,1,103
1582,0.4216,1,0,1,104
1582,0.4358,1,1,1,108
1582,0.3422,1,1,1,109
1582,0.3841,0,1,1,112
1582,0.3235,1,0,1,113
1582,0.4347,1,1,1,114
1582,0.8048,1,0,1,116
1582,0.4515,1,0,1,118
1582,0.5832,1,0,1,119
1582,0.5444,1,1,1,120
1582,0.7245,1,1,1,121
1582,0.5859,1,1,1,0
1582,0.4584,1,1,1,3
1582,0.5096,1,0,1,4
1582,0.5604,1,1,1,5
1582,0.5215,1,1,1,6
1582,0.6249,1,1,1,7
1582,0.4388,1,1,1,8
1582,0.5079,1,1,1,9
1582,0.551,1,0,1,10
1582,0.4037,1,0,1,11
1582,0.5556,1,1,1,13
1582,0.5054,1,1,1,14
1582,0.6551,0,1,1,15
1582,0.5009,1,0,1,16
1582,0.5097,1,1,1,17
1582,0.5511,1,0,1,18
1582,0.5049,1,0,1,19
1582,0.4547,1,0,1,20
1582,0.5849,1,0,1,21
1582,0.7251,1,0,1,22
1582,0.5547,1,1,1,23
1582,0.5059,1,0,1,24
1582,0.4754,1,1,1,26
1582,0.6412,1,1,1,27
1582,0.6222,1,1,1,28
1582,0.5548,1,0,1,29
1582,0.4858,1,0,1,31
1582,0.6762,1,1,1,32
1582,0.6051,1,1,1,40
1582,0.4519,1,0,1,41
1582,0.4445,1,0,1,42
1582,0.5841,1,0,1,43
1582,0.5457,1,0,1,44
1582,0.6552,1,1,1,46
1582,0.5592,1,1,1,48
1582,0.4678,1,0,1,49
1582,0.4384,1,0,1,50
1582,0.4051,1,0,1,51
1582,0.4506,1,0,1,52
1582,0.7637,1,1,1,53
1582,0.5249,1,1,1,54
1582,0.6546,1,1,1,56
1582,0.475,1,1,1,57
1582,0.5612,1,1,1,58
1582,0.4679,1,1,1,60
1582,0.5756,1,1,1,61
1582,0.6218,1,1,1,64
1582,0.3746,1,1,1,65
1582,0.7728,1,0,1,66
1582,0.5716,1,0,1,67
1582,0.5421,1,0,1,68
1582,0.788,1,1,1,69
1582,0.4361,1,0,1,70
1582,0.5884,1,0,1,73
1582,0.5338,1,1,1,75
1582,0.5716,1,0,1,76
1582,0.5548,1,1,1,77
1582,0.6351,1,0,1,78
1582,0.6512,1,0,1,79
1582,0.6087,1,1,1,86
1582,0.6024,1,0,1,88
1582,0.5884,1,0,1,89
1582,0.5383,1,0,1,90
1582,0.7381,1,1,1,92
1582,0.6543,1,0,1,93
1582,0.4756,1,0,1,94
1582,0.6342,1,0,1,95
1582,0.5085,1,0,1,96
1582,0.5635,1,1,1,98
1582,0.5714,1,1,1,100
1582,0.4716,1,1,1,101
1582,0.4051,1,1,1,102
1582,0.624,1,1,1,103
1582,0.5451,1,1,1,106
1582,0.4178,1,0,1,108
1582,0.5081,1,1,1,110
1582,0.4678,1,1,1,117
1582,0.5798,1,0,1,118
1582,0.4675,1,0,1,120
1582,0.547,1,1,1,121
1582,0.4711,1,0,1,122
1582,0.4593,1,0,1,125
1582,0.4844,1,0,1,126
1582,0.7217,1,0,1,127
1583,0.466,1,0,1,1
1583,0.3863,1,1,1,3
1583,0.3165,0,1,1,4
1583,0.6518999999999999,1,1,1,5
1583,0.3827,1,1,1,6
1583,0.4184,1,0,1,8
1583,0.4755,1,1,1,9
1583,0.4579,1,1,1,10
1583,0.3788,1,0,1,11
1583,0.4144,0,1,1,12
1583,0.5247,1,0,1,13
1583,0.4861,1,0,1,14
1583,0.4181,1,0,1,16
1583,0.4916,1,1,1,17
1583,0.3829,1,1,1,19
1583,0.4759,1,1,1,21
1583,0.4454,1,0,1,22
1583,0.4782,1,1,1,23
1583,0.4103,1,0,1,24
1583,0.3922,1,0,1,25
1583,0.4326,1,0,1,26
1583,0.5014,1,1,1,30
1583,0.4184,0,0,1,31
1583,0.771,1,0,1,32
1583,0.4283,1,0,1,33
1583,0.4624,1,1,1,34
1583,0.6285999999999999,1,0,1,35
1583,0.4018,1,0,1,36
1583,0.4923,1,1,1,37
1583,0.4201,1,1,1,40
1583,0.5045000000000001,1,1,1,43
1583,0.4842999999999999,1,1,1,45
1583,0.4549,0,1,1,46
1583,0.3847,1,0,1,47
1583,0.5339,1,1,1,48
1583,0.3698,1,0,1,49
1583,0.42,1,1,1,52
1583,0.4366,1,0,1,54
1583,0.4133,1,0,1,55
1583,0.4664,1,1,1,56
1583,0.4089,0,0,1,57
1583,0.5806,1,0,1,58
1583,0.4482,1,0,1,59
1583,0.6805,1,1,1,61
1583,0.4373,1,1,1,62
1583,0.39360000000000006,1,0,1,63
1583,0.475,1,0,1,64
1583,0.4570999999999999,1,0,1,66
1583,0.6533,1,0,1,67
1583,0.5101,1,1,1,70
1583,0.551,1,0,1,71
1583,0.5009,1,1,1,72
1583,0.3826,0,1,1,73
1583,0.5251,1,0,1,74
1583,0.5178,1,1,1,75
1583,0.4245,1,1,1,76
1583,0.4384,1,1,1,77
1583,0.41,1,0,1,80
1583,0.45110000000000006,1,0,1,81
1583,0.3676,1,0,1,82
1583,0.4546,0,1,1,83
1583,0.5167,1,1,1,87
1583,0.3994,1,0,1,92
1583,0.5816,1,1,1,93
1583,0.6456,1,0,1,94
1583,0.5536,1,1,1,95
1583,0.4977,1,1,1,96
1583,0.4603,1,1,1,99
1583,0.6688999999999999,1,1,1,100
1583,0.4516,1,0,1,102
1583,0.4562,1,1,1,103
1583,0.4634,1,1,1,105
1583,0.4489,1,1,1,107
1583,0.44,1,0,1,109
1583,0.3609,1,0,1,110
1583,0.3678,1,0,1,111
1583,0.4536,1,0,1,112
1583,0.478,1,0,1,114
1583,0.3873,1,0,1,116
1583,0.4469,0,1,1,117
1583,0.6677,1,1,1,119
1583,0.4178,1,1,1,124
1583,0.33030000000000004,1,0,1,125
1583,0.5215,1,0,1,126
1583,0.4188,1,1,1,1
1583,0.4416,1,1,1,2
1583,0.33089999999999997,1,0,1,4
1583,0.3809,1,0,1,5
1583,0.3458,1,0,1,6
1583,0.5152,1,1,1,7
1583,0.5216,1,0,1,8
1583,0.5931,1,1,1,9
1583,0.3862,1,0,1,11
1583,0.3288,1,0,1,13
1583,0.3639,1,0,1,14
1583,0.4507,1,0,1,15
1583,0.3983,1,0,1,17
1583,0.4961,1,1,1,18
1583,0.48740000000000006,0,1,1,19
1583,0.3907000000000001,1,1,1,20
1583,0.3703,1,0,1,21
1583,0.402,1,0,1,24
1583,0.4398,1,1,1,26
1583,0.3832,1,0,1,27
1583,0.4963,1,0,1,29
1583,0.4324,1,0,1,31
1583,0.5211,1,0,1,32
1583,0.3933,1,0,1,33
1583,0.4752,1,1,1,35
1583,0.36640000000000006,1,0,1,36
1583,0.4248,1,1,1,37
1583,0.47630000000000006,1,1,1,39
1583,0.4535,1,1,1,40
1583,0.359,1,1,1,43
1583,0.5176000000000001,1,1,1,46
1583,0.4817,1,1,1,47
1583,0.5335,1,0,1,49
1583,0.3454,1,0,1,51
1583,0.3352,1,0,1,52
1583,0.497,1,1,1,53
1583,0.3978,1,1,1,54
1583,0.4822,1,0,1,56
1583,0.3242,1,0,1,57
1583,0.3414,1,0,1,58
1583,0.7048,1,1,1,61
1583,0.4683000000000001,1,0,1,62
1583,0.6345999999999999,1,1,1,63
1583,0.5136000000000001,1,1,1,65
1583,0.381,1,1,1,66
1583,0.3993,1,1,1,67
1583,0.5445,1,1,1,68
1583,0.4029,1,0,1,70
1583,0.4389,1,1,1,71
1583,0.6304,1,1,1,73
1583,0.6048,1,1,1,75
1583,0.4827,1,1,1,76
1583,0.5088,1,0,1,79
1583,0.4453,1,1,1,81
1583,0.6409,1,1,1,82
1583,0.45610000000000006,0,0,1,83
1583,0.5276,1,1,1,85
1583,0.6804,1,0,1,86
1583,0.4693,1,1,1,87
1583,0.4367,1,1,1,89
1583,0.4506,1,0,1,92
1583,0.376,1,0,1,93
1583,0.4338,1,0,1,94
1583,0.4126,1,0,1,96
1583,0.3966,1,0,1,98
1583,0.3622,1,0,1,100
1583,0.4208,1,0,1,101
1583,0.4381,1,1,1,104
1583,0.42,1,0,1,105
1583,0.4528,1,0,1,106
1583,0.3696,1,1,1,107
1583,0.3921,1,0,1,109
1583,0.5245,1,0,1,110
1583,0.4244,1,0,1,111
1583,0.414,1,1,1,113
1583,0.421,0,1,1,115
1583,0.6021,1,1,1,118
1583,0.4095,1,1,1,120
1583,0.3366,1,0,1,122
1583,0.583,1,1,1,123
1583,0.3629,1,0,1,124
1583,0.3787,1,1,1,125
1583,0.5779,1,1,1,126
1583,0.4505,1,1,1,127
1583,0.3833,1,0,1,1
1583,0.4912,1,1,1,5
1583,0.5903,1,1,1,8
1583,0.4371,1,1,1,9
1583,0.45110000000000006,1,0,1,10
1583,0.42,1,0,1,12
1583,0.39970000000000006,1,0,1,13
1583,0.4112,1,0,1,14
1583,0.3614,1,0,1,15
1583,0.3635000000000001,1,0,1,16
1583,0.4825,1,1,1,17
1583,0.4349,1,0,1,18
1583,0.509,1,0,1,21
1583,0.4518,1,1,1,22
1583,0.5188,1,1,1,23
1583,0.5771,1,0,1,24
1583,0.3834,1,1,1,26
1583,0.4323,1,1,1,27
1583,0.4336,1,1,1,29
1583,0.4290000000000001,1,0,1,31
1583,0.4988,1,1,1,32
1583,0.6820999999999999,1,1,1,33
1583,0.4671,1,1,1,35
1583,0.3918,1,1,1,36
1583,0.4606,1,1,1,38
1583,0.4300000000000001,1,0,1,39
1583,0.5688,1,1,1,40
1583,0.39870000000000005,1,0,1,41
1583,0.4694,1,1,1,42
1583,0.5351,1,1,1,44
1583,0.4495,1,0,1,45
1583,0.5037,1,1,1,46
1583,0.4354,1,0,1,48
1583,0.3882,1,0,1,49
1583,0.4556,1,1,1,50
1583,0.4715,1,1,1,51
1583,0.4502,1,1,1,52
1583,0.3701,1,0,1,53
1583,0.4502,1,1,1,54
1583,0.6266,1,0,1,57
1583,0.3739,1,0,1,59
1583,0.5769,1,1,1,61
1583,0.4848,1,1,1,63
1583,0.3836000000000001,1,0,1,64
1583,0.4094,1,0,1,65
1583,0.4422,1,1,1,66
1583,0.6453,1,1,1,67
1583,0.4417,1,0,1,68
1583,0.4338999999999999,1,0,1,69
1583,0.4185,1,0,1,71
1583,0.5133,1,1,1,73
1583,0.4101,1,0,1,74
1583,0.552,1,1,1,75
1583,0.6517,1,0,1,76
1583,0.4075,1,0,1,78
1583,0.5856,1,1,1,82
1583,0.4858,1,1,1,83
1583,0.7296,1,1,1,85
1583,0.4227,1,0,1,86
1583,0.4025,1,1,1,90
1583,0.5043,1,0,1,91
1583,0.5621,1,0,1,92
1583,0.4736,1,0,1,93
1583,0.5113,1,1,1,94
1583,0.4065,1,0,1,95
1583,0.4518,1,1,1,96
1583,0.679,1,0,1,98
1583,0.4261,1,0,1,102
1583,0.7025,1,1,1,103
1583,0.4383,1,0,1,104
1583,0.4841,1,1,1,105
1583,0.4215,1,0,1,108
1583,0.6992,1,1,1,109
1583,0.4423,1,0,1,111
1583,0.4236,1,0,1,112
1583,0.3757,1,0,1,113
1583,0.4516,1,0,1,114
1583,0.5504,1,1,1,115
1583,0.4405,1,0,1,117
1583,0.508,1,1,1,120
1583,0.4814000000000001,1,0,1,121
1583,0.5421,1,1,1,122
1583,0.4866,1,1,1,124
1583,0.4638,1,1,1,126
1583,0.7424,1,0,1,0
1583,0.3772,1,0,1,1
1583,0.4739,1,1,1,2
1583,0.4406,1,1,1,5
1583,0.3278,0,1,1,6
1583,0.4574,1,0,1,7
1583,0.4725,1,0,1,8
1583,0.3952,1,0,1,10
1583,0.3804,1,0,1,11
1583,0.3678,1,0,1,12
1583,0.3902,0,0,1,13
1583,0.3829,1,1,1,15
1583,0.3672,1,0,1,16
1583,0.3685000000000001,0,1,1,18
1583,0.4893,1,1,1,20
1583,0.4904,1,0,1,21
1583,0.8262,1,1,1,24
1583,0.5264,1,1,1,25
1583,0.3864,1,0,1,26
1583,0.6064999999999999,1,1,1,27
1583,0.383,1,1,1,29
1583,0.4083,1,0,1,30
1583,0.3878,1,0,1,31
1583,0.362,1,0,1,34
1583,0.486,1,1,1,35
1583,0.4496,1,1,1,38
1583,0.8238,1,1,1,39
1583,0.4354,0,0,1,42
1583,0.573,1,1,1,43
1583,0.5871,1,0,1,47
1583,0.5646,1,1,1,49
1583,0.5685,1,1,1,50
1583,0.5248,1,1,1,51
1583,0.4368,1,0,1,52
1583,0.353,1,0,1,55
1583,0.6026,1,1,1,57
1583,0.4628,1,1,1,58
1583,0.3623,1,0,1,59
1583,0.7917,1,1,1,63
1583,0.5344,1,0,1,64
1583,0.4928,1,1,1,65
1583,0.3568,1,1,1,66
1583,0.45010000000000006,1,0,1,67
1583,0.5159,1,0,1,69
1583,0.5873,1,1,1,71
1583,0.4674,1,1,1,72
1583,0.4285,1,0,1,73
1583,0.7391,1,1,1,74
1583,0.5029,1,1,1,75
1583,0.7928,1,0,1,76
1583,0.5577,1,0,1,77
1583,0.49950000000000006,1,0,1,78
1583,0.7891,1,0,1,79
1583,0.457,1,0,1,80
1583,0.5376,1,1,1,84
1583,0.6003999999999999,1,0,1,85
1583,0.5277,1,1,1,87
1583,0.589,1,1,1,88
1583,0.4091,1,0,1,89
1583,0.4587,1,0,1,92
1583,0.3953,1,0,1,93
1583,0.4102,1,0,1,94
1583,0.4244,1,0,1,95
1583,0.5388,1,1,1,97
1583,0.5364,1,1,1,99
1583,0.4562,1,1,1,100
1583,0.3772,0,1,1,101
1583,0.3869,1,1,1,102
1583,0.3837,1,1,1,103
1583,0.4647,1,0,1,107
1583,0.5478,1,1,1,108
1583,0.477,1,1,1,109
1583,0.7615,1,0,1,111
1583,0.4147,1,0,1,112
1583,0.4185,1,0,1,113
1583,0.4539,1,1,1,114
1583,0.5378,1,1,1,115
1583,0.5691,1,0,1,116
1583,0.6869999999999999,1,1,1,118
1583,0.3686,1,0,1,121
1583,0.375,1,0,1,122
1583,0.3692,0,0,1,123
1583,0.5267,1,1,1,124
1583,0.426,1,1,1,125
1583,0.4119,1,0,1,1
1583,0.4647,1,1,1,2
1583,0.3945,1,0,1,4
1583,0.3771,1,0,1,5
1583,0.5706,1,1,1,7
1583,0.5261,1,1,1,8
1583,0.4516,1,0,1,9
1583,0.5155,1,1,1,10
1583,0.3885,1,0,1,11
1583,0.7016,1,1,1,15
1583,0.4364,1,0,1,16
1583,0.32130000000000003,1,0,1,17
1583,0.4257,1,1,1,18
1583,0.3832,1,1,1,19
1583,0.3754,1,0,1,20
1583,0.4005,1,0,1,21
1583,0.4935000000000001,1,1,1,22
1583,0.3586,1,1,1,23
1583,0.38050000000000006,1,0,1,25
1583,0.4166,0,1,1,26
1583,0.3864,1,1,1,29
1583,0.3901,0,0,1,30
1583,0.4692,1,0,1,31
1583,0.4438,0,1,1,34
1583,0.6044,1,1,1,38
1583,0.4926,1,1,1,39
1583,0.5148,1,1,1,40
1583,0.4633000000000001,1,0,1,43
1583,0.4527,1,1,1,44
1583,0.4445,0,0,1,47
1583,0.5092,1,1,1,48
1583,0.826,1,1,1,49
1583,0.5278,1,1,1,50
1583,0.4131,1,1,1,51
1583,0.409,1,1,1,54
1583,0.4194,1,0,1,55
1583,0.3258,1,0,1,56
1583,0.4103,1,0,1,58
1583,0.4131,0,1,1,59
1583,0.8596,1,1,1,62
1583,0.433,1,0,1,65
1583,0.4606,1,0,1,68
1583,0.4239,1,1,1,69
1583,0.7179,1,0,1,72
1583,0.308,1,0,1,73
1583,0.4066999999999999,1,0,1,74
1583,0.4121,1,0,1,75
1583,0.3466,1,1,1,76
1583,0.4636,1,0,1,78
1583,0.4182,0,1,1,80
1583,0.4355,0,1,1,81
1583,0.6492,1,1,1,82
1583,0.4939,1,1,1,83
1583,0.518,1,0,1,84
1583,0.6499,1,0,1,85
1583,0.4913,1,0,1,86
1583,0.4278,1,1,1,87
1583,0.4211,1,1,1,88
1583,0.4667,1,1,1,89
1583,0.4577,1,0,1,91
1583,0.7175,1,1,1,92
1583,0.4448,0,1,1,93
1583,0.3882,1,0,1,95
1583,0.4476,1,0,1,97
1583,0.4539,1,0,1,99
1583,0.6404,1,0,1,100
1583,0.535,1,0,1,102
1583,0.4295,1,0,1,103
1583,0.4426,1,0,1,104
1583,0.5087,1,1,1,109
1583,0.5172,1,0,1,110
1583,0.5687,1,1,1,112
1583,0.4443,1,0,1,114
1583,0.4122,1,1,1,115
1583,0.3921,1,0,1,116
1583,0.4544,1,1,1,118
1583,0.4169,1,1,1,119
1583,0.5251,1,1,1,120
1583,0.4496,1,1,1,122
1583,0.3874,0,0,1,124
1583,0.431,1,0,1,125
1583,0.6345999999999999,1,1,1,126
1583,0.5202,1,0,1,127
1583,0.4882,1,0,1,0
1583,0.3736,1,0,1,3
1583,0.3287,1,0,1,5
1583,0.4354,1,0,1,6
1583,0.29300000000000004,0,1,1,7
1583,0.3929,1,1,1,10
1583,0.4111,1,1,1,11
1583,0.5029,0,1,1,13
1583,0.4343,1,0,1,15
1583,0.5544,1,0,1,19
1583,0.4731,1,1,1,20
1583,0.6846,1,1,1,23
1583,0.4604,1,1,1,25
1583,0.4493,1,0,1,26
1583,0.3934,0,1,1,27
1583,0.5256,1,1,1,28
1583,0.4861,1,1,1,29
1583,0.6679999999999999,1,1,1,30
1583,0.6007,1,1,1,31
1583,0.7567,1,1,1,32
1583,0.513,1,1,1,33
1583,0.5126,1,0,1,34
1583,0.5566,1,1,1,35
1583,0.7279,1,1,1,36
1583,0.4687,1,1,1,38
1583,0.501,1,1,1,39
1583,0.5135,1,1,1,41
1583,0.4933,1,0,1,43
1583,0.5962,1,1,1,45
1583,0.7857,1,0,1,46
1583,0.483,1,1,1,47
1583,0.5128,0,1,1,48
1583,0.7439,1,1,1,49
1583,0.6604,1,1,1,51
1583,0.5127,1,0,1,56
1583,0.8197,1,1,1,58
1583,0.8375,1,0,1,59
1583,0.4415,1,0,1,60
1583,0.4489,1,1,1,61
1583,0.5949,1,1,1,62
1583,0.4172,1,0,1,63
1583,0.5409,1,0,1,64
1583,0.7259,1,0,1,65
1583,0.3871,1,0,1,67
1583,0.4086,1,0,1,68
1583,0.3759,1,0,1,69
1583,0.5167,1,0,1,70
1583,0.3769,1,0,1,71
1583,0.4723,1,1,1,74
1583,0.5363,0,1,1,76
1583,0.4353,1,0,1,78
1583,0.587,1,1,1,79
1583,0.5285,1,1,1,81
1583,0.7012,1,0,1,82
1583,0.4143,1,0,1,86
1583,0.6394,1,1,1,88
1583,0.4638,1,0,1,90
1583,0.3907,1,1,1,91
1583,0.5249,1,1,1,92
1583,0.6209,1,1,1,93
1583,0.41,1,0,1,95
1583,0.4084,1,0,1,96
1583,0.6013999999999999,1,0,1,97
1583,0.4256,1,1,1,98
1583,0.4354,1,0,1,101
1583,0.4479999999999999,1,0,1,102
1583,0.40070000000000006,1,0,1,104
1583,0.2544,0,1,1,105
1583,0.5222,1,1,1,107
1583,0.4439,1,0,1,109
1583,0.5043,1,1,1,113
1583,0.6333,1,0,1,114
1583,0.4478,1,0,1,117
1583,0.4194,1,1,1,119
1583,0.3361,1,0,1,120
1583,0.6383,1,0,1,121
1583,0.38,0,0,1,122
1583,0.4423,1,0,1,124
1583,0.411,1,0,1,126
1583,0.5078,1,0,1,0
1583,0.39,1,0,1,1
1583,0.3274,1,0,1,2
1583,0.3558,1,0,1,3
1583,0.4635,1,1,1,5
1583,0.34199999999999997,1,0,1,6
1583,0.3448,1,0,1,7
1583,0.5048,1,1,1,8
1583,0.3602999999999999,1,0,1,9
1583,0.4048000000000001,1,1,1,12
1583,0.5529000000000001,1,1,1,13
1583,0.3985999999999999,1,1,1,14
1583,0.3418,1,0,1,15
1583,0.7727,1,1,1,18
1583,0.7397,1,0,1,19
1583,0.3814,1,1,1,20
1583,0.3622,1,1,1,22
1583,0.3932,1,0,1,23
1583,0.6076,1,1,1,24
1583,0.5993,1,1,1,25
1583,0.5751,1,1,1,26
1583,0.4408,1,1,1,27
1583,0.3649,1,0,1,28
1583,0.3937,1,0,1,30
1583,0.4309,1,1,1,31
1583,0.434,1,0,1,33
1583,0.5947,1,1,1,34
1583,0.5264,1,1,1,36
1583,0.4062,0,1,1,37
1583,0.4369,1,1,1,39
1583,0.4021,1,1,1,40
1583,0.3895,1,1,1,41
1583,0.5588,1,1,1,42
1583,0.4308,0,0,1,44
1583,0.4194,1,0,1,47
1583,0.3832,1,1,1,49
1583,0.4194,1,0,1,52
1583,0.4439,0,1,1,53
1583,0.3955999999999999,0,1,1,57
1583,0.5239,1,0,1,58
1583,0.4217999999999999,1,1,1,59
1583,0.3798,1,0,1,60
1583,0.4714,1,1,1,61
1583,0.5365,1,0,1,62
1583,0.585,1,1,1,63
1583,0.5032,1,1,1,67
1583,0.5014,1,0,1,68
1583,0.453,1,0,1,69
1583,0.3919,1,0,1,70
1583,0.4009,1,0,1,71
1583,0.5075,1,1,1,72
1583,0.4343,1,0,1,73
1583,0.3804,1,0,1,76
1583,0.45,1,0,1,77
1583,0.6669999999999999,1,1,1,78
1583,0.5742,1,1,1,79
1583,0.4749,1,1,1,80
1583,0.6081,1,0,1,82
1583,0.6408,1,0,1,84
1583,0.35840000000000005,1,0,1,88
1583,0.5209,1,0,1,92
1583,0.8128,1,1,1,94
1583,0.3771,1,0,1,95
1583,0.5284,1,1,1,96
1583,0.3689,1,0,1,97
1583,0.6969,1,0,1,99
1583,0.4933,1,0,1,100
1583,0.5703,1,0,1,102
1583,0.8626,1,1,1,104
1583,0.5127,1,0,1,106
1583,0.3853,1,0,1,110
1583,0.3767,1,0,1,111
1583,0.5096,1,1,1,112
1583,0.5721,1,1,1,113
1583,0.38760000000000006,0,1,1,114
1583,0.5591,1,1,1,116
1583,0.4352,1,0,1,117
1583,0.3701,1,0,1,118
1583,0.4257,1,1,1,119
1583,0.4659,1,1,1,121
1583,0.3951,1,0,1,122
1583,0.6003,1,1,1,125
1583,0.4748,1,1,1,126
1583,0.4517,1,0,1,127
1583,0.4338,1,1,1,0
1583,0.3287,1,0,1,1
1583,0.5326,1,1,1,5
1583,0.4036,1,1,1,6
1583,0.3838,0,1,1,7
1583,0.4035,1,0,1,9
1583,0.728,1,1,1,10
1583,0.3537,1,0,1,11
1583,0.3846,0,1,1,12
1583,0.4807,1,1,1,14
1583,0.3845,1,0,1,15
1583,0.3787,1,0,1,17
1583,0.4031,1,0,1,19
1583,0.407,1,0,1,20
1583,0.4636,1,0,1,21
1583,0.5805,1,0,1,22
1583,0.3682,0,1,1,23
1583,0.481,0,1,1,24
1583,0.3953,1,1,1,25
1583,0.5133,1,1,1,27
1583,0.3119,1,0,1,28
1583,0.3982,1,0,1,30
1583,0.3331,1,0,1,32
1583,0.35240000000000005,1,1,1,34
1583,0.4779,1,1,1,37
1583,0.5063,1,1,1,38
1583,0.4106,0,0,1,39
1583,0.6979,1,0,1,40
1583,0.4177,0,0,1,41
1583,0.3659,1,0,1,43
1583,0.3985999999999999,1,0,1,44
1583,0.3231,1,0,1,45
1583,0.3172,1,0,1,46
1583,0.4348999999999999,1,0,1,47
1583,0.4089,1,0,1,48
1583,0.4786,1,1,1,49
1583,0.6063,1,1,1,53
1583,0.5258,1,1,1,54
1583,0.3213,1,0,1,58
1583,0.33,1,1,1,59
1583,0.4326,1,0,1,61
1583,0.3768,1,0,1,62
1583,0.3199,1,0,1,64
1583,0.3357,1,0,1,65
1583,0.5435,1,1,1,67
1583,0.6267,1,1,1,68
1583,0.4013,1,1,1,70
1583,0.4086999999999999,1,0,1,71
1583,0.4045,1,1,1,73
1583,0.4669,1,1,1,74
1583,0.5707,1,1,1,75
1583,0.4447,1,1,1,78
1583,0.5012,1,1,1,79
1583,0.4856,1,0,1,81
1583,0.4564,1,1,1,83
1583,0.5379,1,0,1,85
1583,0.3484,0,1,1,88
1583,0.35760000000000003,1,0,1,89
1583,0.34240000000000004,1,0,1,90
1583,0.3843,1,1,1,92
1583,0.3877,1,0,1,93
1583,0.4399,1,1,1,94
1583,0.344,1,0,1,97
1583,0.3757,0,1,1,98
1583,0.3898,1,0,1,99
1583,0.3392,1,0,1,100
1583,0.4202,1,0,1,101
1583,0.4428,1,0,1,102
1583,0.4367,1,0,1,103
1583,0.5347,1,1,1,104
1583,0.4636,1,1,1,107
1583,0.4785,1,1,1,108
1583,0.42690000000000006,1,0,1,109
1583,0.5348,1,0,1,114
1583,0.4695,1,1,1,115
1583,0.6809999999999999,1,1,1,116
1583,0.3269,1,0,1,118
1583,0.3848,1,0,1,119
1583,0.4324,1,1,1,121
1583,0.4768,1,1,1,122
1583,0.4053,0,1,1,123
1583,0.3897000000000001,0,1,1,124
1583,0.3854999999999999,0,1,1,125
1583,0.6851,1,1,1,126
1597,0.777,1,1,1,1
1597,0.803,1,1,1,2
1597,0.444,1,0,1,6
1597,0.858,1,0,1,8
1597,0.61,1,1,1,10
1597,0.604,1,1,1,11
1597,0.79,1,0,1,12
1597,0.663,1,0,1,13
1597,0.756,1,1,1,14
1597,0.553,1,1,1,15
1597,0.534,1,1,1,16
1597,0.436,1,1,1,18
1597,0.402,1,1,1,19
1597,0.391,1,0,1,20
1597,0.442,1,1,1,21
1597,0.604,1,1,1,24
1597,0.434,1,0,1,25
1597,0.441,1,0,1,26
1597,0.486,1,1,1,30
1597,0.596,1,1,1,31
1597,0.534,1,1,1,33
1597,0.607,1,1,1,35
1597,0.468,1,0,1,36
1597,0.441,1,0,1,37
1597,0.926,1,1,1,38
1597,0.477,1,0,1,41
1597,0.436,1,0,1,42
1597,0.511,1,0,1,43
1597,0.527,0,1,1,44
1597,0.559,1,1,1,45
1597,0.803,1,1,1,46
1597,0.783,1,0,1,47
1597,0.693,1,0,1,49
1597,0.61,1,1,1,50
1597,0.7,1,0,1,51
1597,0.51,1,0,1,53
1597,0.503,1,0,1,54
1597,0.52,1,1,1,55
1597,0.739,1,1,1,57
1597,0.598,1,0,1,58
1597,0.492,1,0,1,59
1597,1.031,1,0,1,60
1597,0.472,1,1,1,62
1597,0.374,1,1,1,63
1597,0.399,1,0,1,64
1597,0.419,1,0,1,66
1597,0.489,1,0,1,68
1597,0.576,1,1,1,69
1597,0.615,1,0,1,70
1597,0.552,1,1,1,74
1597,0.843,1,1,1,75
1597,0.466,1,0,1,76
1597,0.399,1,1,1,77
1597,0.508,1,0,1,79
1597,0.812,1,1,1,80
1597,0.903,1,1,1,81
1597,0.515,1,1,1,83
1597,0.471,1,0,1,85
1597,0.548,1,1,1,86
1597,0.676,1,0,1,87
1597,0.52,1,1,1,90
1597,0.542,1,1,1,91
1597,0.647,1,0,1,92
1597,0.43,1,0,1,95
1597,0.409,1,1,1,96
1597,0.433,1,0,1,100
1597,0.492,1,0,1,101
1597,0.698,1,0,1,103
1597,0.498,1,1,1,104
1597,0.504,1,1,1,105
1597,0.483,1,1,1,108
1597,0.407,1,0,1,111
1597,0.437,1,0,1,113
1597,0.514,1,0,1,116
1597,0.791,1,1,1,117
1597,0.709,1,0,1,121
1597,0.46,1,1,1,122
1597,0.426,1,0,1,123
1597,0.444,1,0,1,124
1597,0.409,1,1,1,125
1597,0.55,1,0,1,126
1597,0.469,1,0,1,127
1597,0.597,1,1,1,1
1597,1.102,1,0,1,2
1597,0.531,1,1,1,3
1597,0.59,1,1,1,5
1597,0.458,1,1,1,6
1597,0.536,1,1,1,7
1597,0.412,1,0,1,9
1597,0.436,1,0,1,10
1597,0.6,1,1,1,13
1597,0.577,1,1,1,14
1597,0.541,1,1,1,15
1597,0.532,1,0,1,16
1597,0.485,1,1,1,17
1597,0.543,1,1,1,19
1597,0.52,1,1,1,20
1597,0.494,1,0,1,21
1597,0.707,1,0,1,26
1597,0.419,1,0,1,29
1597,0.552,1,1,1,30
1597,0.514,1,0,1,31
1597,0.511,1,0,1,33
1597,0.398,1,1,1,35
1597,0.485,1,0,1,37
1597,0.509,1,0,1,38
1597,0.733,1,1,1,39
1597,0.434,1,0,1,40
1597,0.507,1,0,1,42
1597,0.424,1,1,1,43
1597,1.091,1,1,1,45
1597,0.484,1,0,1,47
1597,0.573,1,0,1,49
1597,0.794,1,0,1,51
1597,0.592,1,0,1,53
1597,0.441,1,0,1,55
1597,0.409,1,0,1,57
1597,0.428,1,0,1,58
1597,0.498,1,1,1,59
1597,0.492,1,0,1,60
1597,0.805,1,0,1,61
1597,0.487,1,0,1,62
1597,0.566,1,1,1,63
1597,0.653,1,1,1,65
1597,0.532,1,0,1,66
1597,0.725,1,0,1,67
1597,0.57,1,0,1,68
1597,0.793,1,1,1,69
1597,0.71,1,1,1,70
1597,0.749,1,0,1,71
1597,0.423,1,0,1,73
1597,0.966,0,1,1,74
1597,0.633,1,0,1,76
1597,0.492,1,1,1,77
1597,0.502,1,1,1,78
1597,0.495,1,0,1,80
1597,0.698,1,1,1,81
1597,0.507,1,1,1,84
1597,0.733,1,0,1,85
1597,0.916,1,0,1,87
1597,0.913,1,1,1,89
1597,0.46,1,1,1,90
1597,0.596,1,1,1,94
1597,0.77,1,1,1,95
1597,0.491,1,1,1,97
1597,0.529,1,0,1,100
1597,0.438,1,1,1,102
1597,0.515,1,0,1,103
1597,0.427,1,1,1,104
1597,0.465,1,0,1,105
1597,0.432,0,1,1,106
1597,0.432,1,0,1,107
1597,0.504,1,0,1,108
1597,0.403,1,0,1,109
1597,0.61,1,0,1,110
1597,0.619,1,0,1,111
1597,0.671,1,0,1,112
1597,0.599,1,1,1,113
1597,0.629,0,1,1,115
1597,0.52,1,1,1,116
1597,0.558,1,1,1,120
1597,0.521,1,1,1,124
1597,0.565,1,1,1,125
1597,0.531,1,1,1,1
1597,0.459,1,0,1,3
1597,0.743,1,0,1,4
1597,0.675,1,1,1,5
1597,0.42,1,0,1,6
1597,0.426,1,0,1,7
1597,0.521,1,1,1,8
1597,0.609,1,1,1,9
1597,0.486,1,1,1,10
1597,0.387,1,0,1,11
1597,0.475,1,1,1,13
1597,0.56,1,0,1,15
1597,0.654,1,1,1,16
1597,0.45,1,0,1,17
1597,0.583,1,1,1,18
1597,0.553,1,1,1,19
1597,0.575,1,1,1,20
1597,0.536,1,1,1,22
1597,0.725,1,1,1,23
1597,0.391,1,1,1,24
1597,0.451,1,0,1,27
1597,0.471,1,0,1,29
1597,0.945,1,0,1,31
1597,0.564,1,0,1,35
1597,0.577,1,1,1,37
1597,0.465,1,0,1,39
1597,0.693,1,1,1,40
1597,0.616,1,0,1,41
1597,0.732,1,1,1,42
1597,0.825,1,1,1,44
1597,0.57,1,1,1,45
1597,0.531,1,0,1,46
1597,0.653,1,0,1,47
1597,0.842,0,1,1,49
1597,0.473,1,0,1,53
1597,0.498,1,1,1,55
1597,0.409,1,0,1,57
1597,0.578,1,1,1,58
1597,0.414,1,1,1,60
1597,0.695,1,1,1,61
1597,0.503,1,0,1,63
1597,0.369,1,1,1,64
1597,0.468,1,0,1,66
1597,0.502,1,0,1,67
1597,0.478,1,0,1,68
1597,0.565,1,1,1,69
1597,0.438,1,1,1,71
1597,0.51,1,1,1,72
1597,0.643,1,0,1,73
1597,0.558,1,0,1,75
1597,0.454,1,1,1,76
1597,0.515,0,0,1,77
1597,0.624,1,0,1,78
1597,1.106,1,0,1,79
1597,0.432,1,0,1,82
1597,0.415,1,0,1,83
1597,0.667,1,0,1,85
1597,0.664,1,0,1,87
1597,0.387,0,0,1,88
1597,0.765,1,1,1,89
1597,0.559,1,0,1,91
1597,0.849,1,1,1,93
1597,0.508,1,1,1,98
1597,0.533,1,0,1,99
1597,0.613,1,1,1,101
1597,0.482,1,0,1,102
1597,0.787,1,0,1,105
1597,0.5,1,1,1,107
1597,0.558,1,1,1,108
1597,0.576,1,0,1,109
1597,0.621,1,1,1,110
1597,0.741,1,1,1,111
1597,0.591,1,1,1,112
1597,1.103,1,1,1,113
1597,0.793,1,0,1,116
1597,0.701,1,0,1,118
1597,0.714,1,1,1,119
1597,0.902,1,0,1,121
1597,0.738,1,0,1,122
1597,0.739,1,1,1,123
1597,0.719,1,1,1,125
1597,0.479,1,0,1,126
1597,0.731,1,0,1,0
1597,0.479,1,0,1,1
1597,0.506,1,1,1,2
1597,0.46,1,0,1,3
1597,0.599,1,0,1,6
1597,0.454,1,0,1,7
1597,0.427,1,0,1,9
1597,0.404,1,0,1,11
1597,0.615,1,1,1,12
1597,0.593,1,0,1,13
1597,0.534,1,1,1,15
1597,0.626,1,1,1,16
1597,0.425,1,1,1,17
1597,0.493,1,0,1,24
1597,0.507,1,1,1,25
1597,0.812,1,1,1,26
1597,0.679,1,0,1,27
1597,0.57,1,1,1,29
1597,0.508,1,1,1,30
1597,0.503,1,1,1,32
1597,0.631,1,0,1,33
1597,0.514,1,0,1,34
1597,0.814,1,1,1,35
1597,0.488,0,1,1,37
1597,0.463,1,1,1,38
1597,0.422,1,0,1,39
1597,0.419,1,1,1,40
1597,0.442,1,0,1,42
1597,0.543,1,0,1,44
1597,0.593,1,1,1,46
1597,0.544,1,1,1,47
1597,0.907,1,1,1,49
1597,0.571,1,1,1,50
1597,0.54,1,1,1,51
1597,0.551,1,1,1,55
1597,0.566,1,0,1,56
1597,0.558,1,1,1,59
1597,0.56,1,0,1,60
1597,0.419,1,0,1,61
1597,0.53,1,0,1,62
1597,0.423,1,0,1,63
1597,0.609,1,0,1,67
1597,0.47,1,0,1,68
1597,0.441,1,0,1,69
1597,0.524,1,0,1,71
1597,0.483,1,1,1,72
1597,0.333,1,1,1,73
1597,0.703,1,1,1,74
1597,0.349,1,0,1,75
1597,0.449,1,1,1,76
1597,0.476,1,1,1,78
1597,0.776,1,0,1,79
1597,0.491,1,1,1,80
1597,0.475,1,1,1,83
1597,0.467,1,0,1,84
1597,0.477,1,0,1,86
1597,0.582,1,1,1,87
1597,0.42,0,1,1,88
1597,0.414,1,0,1,91
1597,0.383,1,0,1,92
1597,0.454,1,0,1,94
1597,0.71,1,1,1,96
1597,0.478,1,0,1,97
1597,0.429,1,0,1,98
1597,0.558,1,0,1,99
1597,0.486,1,0,1,100
1597,0.925,1,0,1,103
1597,0.75,1,1,1,107
1597,0.453,1,0,1,110
1597,0.427,1,1,1,111
1597,0.39,1,1,1,112
1597,0.497,1,1,1,113
1597,0.424,1,1,1,114
1597,0.933,0,0,1,115
1597,0.627,1,1,1,116
1597,0.605,1,1,1,117
1597,0.407,1,1,1,118
1597,0.611,1,1,1,119
1597,0.674,1,1,1,120
1597,0.8,1,0,1,121
1597,0.441,1,0,1,123
1597,0.809,1,1,1,124
1597,0.746,1,0,1,125
1597,0.758,0,0,1,127
1597,0.402,1,0,1,1
1597,0.6,1,1,1,2
1597,0.65,1,0,1,3
1597,0.62,1,0,1,4
1597,0.724,1,0,1,5
1597,0.467,1,1,1,8
1597,0.653,1,1,1,9
1597,0.631,1,0,1,10
1597,0.48,1,0,1,14
1597,1.032,1,1,1,15
1597,0.675,1,1,1,20
1597,0.489,1,0,1,23
1597,0.726,1,1,1,25
1597,0.568,1,0,1,26
1597,0.431,1,1,1,27
1597,0.386,0,1,1,30
1597,0.388,1,0,1,32
1597,0.419,1,0,1,33
1597,0.644,1,1,1,37
1597,0.365,1,0,1,38
1597,0.44,1,1,1,39
1597,0.399,1,1,1,41
1597,0.437,1,1,1,42
1597,0.426,0,1,1,44
1597,0.482,1,0,1,45
1597,0.654,1,0,1,46
1597,0.561,1,1,1,47
1597,0.596,0,0,1,48
1597,0.482,1,1,1,50
1597,0.346,1,0,1,51
1597,0.459,1,0,1,52
1597,0.49,1,0,1,53
1597,0.582,1,0,1,54
1597,0.491,1,0,1,55
1597,0.485,1,0,1,56
1597,0.643,1,1,1,57
1597,0.355,1,0,1,58
1597,0.598,1,0,1,60
1597,0.557,1,1,1,61
1597,0.46,1,0,1,62
1597,0.458,0,1,1,64
1597,0.425,1,1,1,65
1597,0.387,1,1,1,66
1597,0.459,1,1,1,70
1597,0.507,1,1,1,71
1597,0.624,1,1,1,73
1597,0.593,1,1,1,75
1597,0.465,1,1,1,77
1597,0.702,1,1,1,78
1597,0.703,1,0,1,80
1597,0.437,1,0,1,82
1597,0.517,1,1,1,83
1597,0.591,1,0,1,85
1597,0.549,1,1,1,86
1597,0.56,1,0,1,87
1597,0.492,1,0,1,89
1597,0.477,1,1,1,90
1597,0.524,1,1,1,91
1597,0.616,1,0,1,92
1597,0.415,1,1,1,93
1597,0.574,1,1,1,96
1597,0.399,1,0,1,97
1597,0.565,1,1,1,98
1597,0.575,1,1,1,99
1597,0.634,1,0,1,100
1597,0.51,1,0,1,102
1597,1.003,0,0,1,103
1597,0.642,1,1,1,104
1597,0.428,1,0,1,105
1597,0.428,1,0,1,107
1597,0.483,1,1,1,108
1597,0.408,1,1,1,112
1597,0.399,1,0,1,113
1597,0.471,1,0,1,115
1597,0.481,1,1,1,118
1597,0.76,1,0,1,119
1597,0.477,1,1,1,120
1597,0.372,0,1,1,121
1597,0.425,1,1,1,122
1597,0.503,1,0,1,125
1597,0.427,1,0,1,126
1597,0.591,1,0,1,127
1597,0.898,1,1,1,0
1597,0.405,1,1,1,1
1597,0.341,0,1,1,2
1597,0.503,1,1,1,3
1597,0.424,1,1,1,4
1597,0.503,1,1,1,5
1597,0.499,1,0,1,6
1597,0.614,1,0,1,7
1597,0.482,1,1,1,8
1597,0.742,1,0,1,11
1597,0.803,1,1,1,13
1597,0.633,1,0,1,14
1597,0.608,1,0,1,15
1597,0.649,0,1,1,16
1597,0.726,1,1,1,18
1597,0.782,1,1,1,21
1597,0.579,1,1,1,23
1597,0.559,1,1,1,24
1597,0.47,1,0,1,25
1597,0.541,0,1,1,26
1597,0.537,1,1,1,28
1597,0.759,1,0,1,29
1597,0.681,1,1,1,36
1597,0.466,1,0,1,38
1597,0.656,1,0,1,40
1597,0.52,1,0,1,41
1597,0.403,1,0,1,43
1597,0.528,1,0,1,45
1597,0.641,1,0,1,46
1597,0.535,1,1,1,47
1597,0.735,1,1,1,51
1597,0.482,1,0,1,52
1597,0.526,1,0,1,53
1597,0.585,1,1,1,54
1597,0.402,1,0,1,56
1597,0.787,1,1,1,57
1597,0.426,1,0,1,59
1597,0.594,1,1,1,60
1597,0.464,1,0,1,61
1597,0.438,1,0,1,62
1597,0.563,1,1,1,63
1597,0.377,1,0,1,65
1597,0.46,1,1,1,66
1597,0.496,1,0,1,67
1597,0.422,1,0,1,71
1597,0.492,1,0,1,72
1597,0.497,1,1,1,73
1597,0.38,1,1,1,74
1597,0.403,1,1,1,75
1597,0.399,1,0,1,76
1597,0.442,1,1,1,78
1597,0.414,1,1,1,79
1597,0.491,1,0,1,81
1597,0.476,0,1,1,82
1597,0.526,1,0,1,83
1597,0.391,1,1,1,84
1597,0.803,1,1,1,86
1597,0.593,1,0,1,87
1597,0.553,1,0,1,90
1597,0.68,1,0,1,91
1597,1.019,1,0,1,92
1597,0.466,1,0,1,93
1597,0.387,1,0,1,94
1597,0.44,1,0,1,95
1597,0.503,1,0,1,96
1597,0.624,1,1,1,99
1597,0.743,1,0,1,100
1597,0.835,0,0,1,101
1597,0.486,1,0,1,102
1597,0.467,1,1,1,103
1597,0.807,1,0,1,104
1597,0.48,1,1,1,106
1597,0.543,1,1,1,107
1597,0.693,1,1,1,111
1597,1.153,1,1,1,113
1597,0.492,1,1,1,114
1597,0.606,1,1,1,118
1597,0.775,1,0,1,119
1597,0.514,1,0,1,121
1597,0.633,1,1,1,122
1597,0.519,0,0,1,123
1597,1.058,1,1,1,125
1597,0.533,1,0,1,126
1597,0.583,1,1,1,127
1597,0.697,1,1,1,2
1597,0.957,1,1,1,3
1597,0.593,1,0,1,9
1597,0.415,1,1,1,10
1597,0.463,0,0,1,11
1597,0.852,1,0,1,14
1597,0.446,0,0,1,15
1597,0.49,1,1,1,19
1597,0.482,1,1,1,22
1597,0.873,1,0,1,23
1597,0.412,1,0,1,24
1597,0.407,1,0,1,25
1597,0.636,1,0,1,26
1597,0.41,0,1,1,27
1597,0.576,1,0,1,29
1597,0.909,1,1,1,30
1597,0.393,1,0,1,31
1597,0.45,1,1,1,32
1597,0.742,1,1,1,33
1597,0.426,1,1,1,36
1597,0.425,0,1,1,37
1597,0.509,1,0,1,38
1597,0.491,1,0,1,39
1597,0.613,1,1,1,40
1597,0.534,1,1,1,43
1597,0.488,1,0,1,44
1597,0.724,0,0,1,45
1597,0.488,1,0,1,46
1597,0.479,1,0,1,47
1597,0.603,1,1,1,54
1597,0.519,1,1,1,55
1597,0.509,1,0,1,56
1597,0.588,1,0,1,57
1597,1.156,1,1,1,59
1597,0.411,0,1,1,60
1597,0.615,1,0,1,61
1597,0.614,1,1,1,63
1597,0.915,1,0,1,64
1597,0.691,1,0,1,65
1597,0.683,1,1,1,66
1597,0.715,1,0,1,67
1597,0.582,1,1,1,69
1597,0.536,1,1,1,70
1597,0.475,1,0,1,72
1597,0.459,1,0,1,73
1597,0.543,1,1,1,74
1597,0.399,1,0,1,75
1597,0.608,1,1,1,76
1597,0.451,1,0,1,77
1597,0.759,0,0,1,79
1597,0.509,1,1,1,80
1597,0.748,1,0,1,81
1597,0.495,1,0,1,83
1597,0.533,1,0,1,85
1597,0.436,1,0,1,89
1597,0.806,1,1,1,91
1597,0.575,1,1,1,93
1597,0.684,1,0,1,94
1597,0.374,1,1,1,95
1597,0.405,1,1,1,96
1597,0.406,1,1,1,97
1597,0.665,1,0,1,98
1597,0.555,1,0,1,103
1597,0.53,1,0,1,104
1597,0.735,1,0,1,105
1597,0.628,1,1,1,107
1597,0.657,1,1,1,108
1597,0.619,1,1,1,109
1597,0.604,1,1,1,111
1597,0.416,1,0,1,112
1597,0.636,1,0,1,113
1597,0.658,1,1,1,116
1597,0.532,1,1,1,118
1597,0.573,1,1,1,119
1597,0.514,1,1,1,120
1597,0.526,0,0,1,121
1597,0.492,1,1,1,123
1597,0.475,1,0,1,126
1597,0.616,1,1,1,127
1597,0.509,1,0,1,2
1597,0.598,1,1,1,10
1597,0.502,1,1,1,19
1597,0.436,1,0,1,22
1597,0.419,1,0,1,27
1597,0.791,1,0,1,29
1597,0.388,1,0,1,30
1597,0.389,1,0,1,31
1597,0.625,1,0,1,34
1597,0.532,0,0,1,38
1597,0.516,1,1,1,41
1597,0.402,1,0,1,43
1597,0.445,1,1,1,44
1597,0.45,0,0,1,51
1597,0.408,1,0,1,54
1597,0.764,1,0,1,57
1597,0.538,1,1,1,65
1597,0.698,1,0,1,67
1597,0.598,1,1,1,69
1597,0.724,1,1,1,71
1597,0.469,0,0,1,73
1597,0.683,1,0,1,76
1597,0.457,1,1,1,79
1597,0.542,1,1,1,81
1597,0.62,1,1,1,84
1597,0.622,0,1,1,89
1597,0.611,1,0,1,90
1597,0.778,1,1,1,91
1597,0.568,1,1,1,93
1597,0.435,1,1,1,94
1597,0.642,1,0,1,98
1597,0.616,1,1,1,101
1597,0.543,1,0,1,102
1597,0.444,1,0,1,103
1597,0.522,1,1,1,105
1597,0.333,0,1,1,106
1597,0.77,1,1,1,107
1597,0.543,1,1,1,108
1597,0.478,1,1,1,109
1597,0.415,1,0,1,110
1597,0.501,1,1,1,111
1597,0.499,1,0,1,112
1597,0.416,1,1,1,113
1597,0.46,1,0,1,114
1597,0.443,1,0,1,115
1597,0.626,1,1,1,116
1597,0.543,1,0,1,117
1597,0.402,1,0,1,120
1597,0.532,1,1,1,122
1597,0.399,1,0,1,123
1597,0.47,0,0,1,124
1597,0.664,0,1,1,125
1597,0.573,1,1,1,126
1597,0.392,1,1,1,127
1601,0.5518,1,0,1,0
1601,0.414,1,0,1,2
1601,0.3602,1,0,1,3
1601,0.5036,1,1,1,4
1601,0.6087,1,0,1,5
1601,0.7213,1,0,1,6
1601,0.4045,1,0,1,7
1601,0.3573,1,1,1,8
1601,0.5131,1,1,1,10
1601,0.5245,1,0,1,11
1601,0.3479,1,0,1,14
1601,0.395,1,0,1,15
1601,0.4504,1,1,1,16
1601,0.4289,1,0,1,17
1601,0.4147,1,1,1,18
1601,0.4322,1,0,1,19
1601,0.3924,1,0,1,22
1601,0.4844,1,1,1,23
1601,0.558,1,0,1,24
1601,0.3984,1,1,1,28
1601,0.3868,1,1,1,29
1601,0.3768,1,0,1,31
1601,0.4432,1,1,1,32
1601,0.3848,1,0,1,34
1601,0.4579,1,0,1,35
1601,0.4568,1,1,1,40
1601,0.2514,0,1,1,41
1601,0.336,1,1,1,43
1601,0.736,1,0,1,44
1601,0.358,1,1,1,45
1601,0.3515,1,1,1,46
1601,0.381,1,0,1,48
1601,0.3149,1,0,1,49
1601,0.5474,1,1,1,50
1601,0.5184,1,1,1,52
1601,0.3322,1,1,1,53
1601,0.4813,1,1,1,54
1601,0.5667,1,1,1,55
1601,0.3355,1,0,1,57
1601,0.3454,1,1,1,58
1601,0.4047,1,0,1,61
1601,0.393,1,0,1,63
1601,0.3646,1,1,1,64
1601,0.3343,1,1,1,65
1601,0.3463,1,0,1,66
1601,0.3889,1,0,1,67
1601,0.5185,1,0,1,68
1601,0.3757,1,0,1,69
1601,0.4699,1,0,1,70
1601,0.5111,1,1,1,71
1601,0.3824,1,1,1,73
1601,0.3399,1,1,1,74
1601,0.3342,1,1,1,75
1601,0.424,1,1,1,76
1601,0.4457,1,0,1,78
1601,0.3032,0,1,1,79
1601,0.3961,1,0,1,80
1601,0.4995,1,1,1,81
1601,0.3088,1,0,1,83
1601,0.385,1,0,1,89
1601,0.433,1,0,1,90
1601,0.5863,1,1,1,91
1601,0.53,1,0,1,92
1601,0.4665,1,0,1,94
1601,0.5285,1,0,1,95
1601,0.6463,1,1,1,97
1601,0.4252,1,1,1,98
1601,0.3793,1,1,1,99
1601,0.4399,1,1,1,100
1601,0.4347,1,0,1,101
1601,0.3678,1,0,1,102
1601,0.3435,1,1,1,103
1601,0.4985,1,0,1,104
1601,0.3874,1,0,1,106
1601,0.4718,1,1,1,109
1601,0.477,1,1,1,112
1601,0.5147,1,1,1,113
1601,0.4134,1,1,1,115
1601,0.4361,1,1,1,118
1601,0.3867,1,1,1,119
1601,0.4108,1,0,1,120
1601,0.3963,1,0,1,122
1601,0.4176,1,0,1,123
1601,0.3515,1,1,1,124
1601,0.4756,1,1,1,1
1601,0.3953,1,0,1,2
1601,0.4197,1,1,1,3
1601,0.3125,1,1,1,4
1601,0.306,1,1,1,5
1601,0.3479,1,0,1,7
1601,0.3585,1,0,1,9
1601,0.3465,1,0,1,10
1601,0.3511,1,0,1,12
1601,0.3626,1,0,1,13
1601,0.5012,1,1,1,14
1601,0.433,1,0,1,15
1601,0.3725,1,0,1,16
1601,0.3504,1,1,1,17
1601,0.4683,1,0,1,18
1601,0.3796,1,0,1,19
1601,0.3655,0,1,1,20
1601,0.7335,1,1,1,21
1601,0.4615,1,1,1,22
1601,0.4085,1,1,1,23
1601,0.5094,1,1,1,27
1601,0.4523,1,1,1,28
1601,0.6566,1,0,1,30
1601,0.4683,1,0,1,36
1601,0.4844,1,1,1,37
1601,0.4325,1,0,1,39
1601,0.3315,0,1,1,40
1601,0.3697,1,1,1,41
1601,0.3796,0,1,1,42
1601,0.4333,1,1,1,43
1601,0.525,1,1,1,44
1601,0.4879,1,0,1,45
1601,0.5292,1,1,1,47
1601,0.6243,1,1,1,48
1601,0.6546,1,1,1,50
1601,0.4379,1,0,1,51
1601,0.4168,1,0,1,52
1601,0.4467,1,1,1,54
1601,0.5039,1,1,1,56
1601,0.3928,1,1,1,57
1601,0.3622,1,0,1,58
1601,0.5394,1,1,1,59
1601,0.4414,1,0,1,60
1601,0.3748,1,0,1,61
1601,0.3751,1,0,1,63
1601,0.3933,1,0,1,65
1601,0.5203,1,1,1,66
1601,0.4998,1,1,1,67
1601,0.4444,1,1,1,68
1601,0.4276,1,1,1,70
1601,0.4311,1,1,1,71
1601,0.4792,1,1,1,72
1601,0.4193,1,0,1,73
1601,0.3486,1,1,1,74
1601,0.3372,1,0,1,77
1601,0.4263,1,0,1,78
1601,0.5947,1,1,1,79
1601,0.4168,1,0,1,81
1601,0.4249,1,0,1,85
1601,0.5053,1,1,1,87
1601,0.3834,1,0,1,88
1601,0.5267,1,1,1,90
1601,0.6443,1,1,1,93
1601,0.3712,1,0,1,97
1601,0.4066,1,0,1,98
1601,0.465,1,0,1,99
1601,0.5372,1,0,1,100
1601,0.4567,1,0,1,103
1601,0.4444,1,0,1,105
1601,0.4313,1,0,1,108
1601,0.4015,1,0,1,109
1601,0.3992,1,1,1,112
1601,0.4749,1,0,1,113
1601,0.2997,1,0,1,115
1601,0.4293,1,0,1,116
1601,0.3471,1,0,1,117
1601,0.35,1,0,1,118
1601,0.3446,1,1,1,120
1601,0.4264,1,1,1,122
1601,0.3812,1,1,1,124
1601,0.3314,1,0,1,125
1601,0.3563,1,0,1,126
1601,0.4378,1,1,1,127
1601,0.7406,1,1,1,0
1601,0.3796,1,0,1,1
1601,0.3987,1,0,1,3
1601,0.3159,1,1,1,4
1601,0.3715,1,1,1,5
1601,0.4488,1,0,1,8
1601,0.4145,1,1,1,12
1601,0.4306,1,0,1,13
1601,0.3677,1,0,1,14
1601,0.4385,1,0,1,15
1601,0.5204,1,0,1,17
1601,0.3103,0,1,1,18
1601,0.3538,1,0,1,19
1601,0.3385,1,0,1,20
1601,0.6669,1,1,1,22
1601,0.3226,1,0,1,23
1601,0.3294,1,0,1,24
1601,0.4693,1,0,1,25
1601,0.585,1,1,1,30
1601,0.4329,1,0,1,37
1601,0.3948,1,0,1,38
1601,0.4253,1,0,1,41
1601,0.4534,1,0,1,42
1601,0.3621,1,0,1,43
1601,0.3478,1,1,1,44
1601,0.3822,1,1,1,45
1601,0.4867,1,1,1,48
1601,0.3834,1,1,1,49
1601,0.4944,1,1,1,50
1601,0.3383,1,0,1,51
1601,0.3753,1,0,1,52
1601,0.6354,1,1,1,55
1601,0.4268,1,0,1,56
1601,0.5146,1,1,1,57
1601,0.4547,1,1,1,59
1601,0.3715,1,1,1,62
1601,0.4458,1,1,1,63
1601,0.4731,1,1,1,64
1601,0.3356,1,1,1,66
1601,0.2848,1,1,1,67
1601,0.4152,1,1,1,68
1601,0.4834,1,1,1,69
1601,0.4301,1,1,1,70
1601,0.4749,1,1,1,71
1601,0.3404,1,1,1,72
1601,0.3736,1,0,1,73
1601,0.4387,1,1,1,74
1601,0.2633,0,0,1,75
1601,0.3704,1,0,1,78
1601,0.4501,1,0,1,80
1601,0.6491,1,1,1,81
1601,0.5167,1,1,1,82
1601,0.494,1,1,1,83
1601,0.4411,1,0,1,85
1601,0.5554,1,1,1,86
1601,0.4757,1,1,1,87
1601,0.3929,1,0,1,90
1601,0.4544,1,0,1,91
1601,0.3399,1,0,1,94
1601,0.3535,1,0,1,95
1601,0.4539,1,0,1,97
1601,0.4033,1,1,1,98
1601,0.4421,1,0,1,100
1601,0.3133,1,0,1,102
1601,0.3346,1,1,1,103
1601,0.4195,1,0,1,105
1601,0.4606,1,0,1,108
1601,0.3023,0,1,1,110
1601,0.6089,1,1,1,111
1601,0.3305,0,1,1,112
1601,0.4869,1,0,1,113
1601,0.441,1,0,1,115
1601,0.5062,1,1,1,117
1601,0.4183,1,0,1,118
1601,0.4201,1,0,1,119
1601,0.4356,1,0,1,120
1601,0.4,1,0,1,121
1601,0.5689,1,1,1,123
1601,0.3146,1,1,1,124
1601,0.7202,1,1,1,125
1601,0.458,1,1,1,126
1601,0.3896,1,0,1,127
1601,0.5854,1,1,1,0
1601,0.3911,1,1,1,2
1601,0.3207,1,1,1,4
1601,0.3938,1,1,1,5
1601,0.4455,1,1,1,6
1601,0.3528,1,1,1,7
1601,0.4068,1,1,1,8
1601,0.3701,1,0,1,10
1601,0.4141,1,0,1,12
1601,0.4494,1,0,1,13
1601,0.4049,1,0,1,14
1601,0.4353,1,0,1,17
1601,0.6525,1,1,1,18
1601,0.3701,1,1,1,19
1601,0.4088,1,0,1,20
1601,0.444,1,0,1,21
1601,0.3383,0,1,1,22
1601,0.48,1,1,1,23
1601,0.5603,1,1,1,24
1601,0.5132,1,1,1,28
1601,0.5354,1,0,1,31
1601,0.5361,1,1,1,32
1601,0.4189,1,0,1,33
1601,0.4316,1,0,1,34
1601,0.4136,1,0,1,35
1601,0.4052,1,0,1,38
1601,0.4207,1,1,1,39
1601,0.6139,1,1,1,42
1601,0.4314,1,0,1,44
1601,0.5943,1,1,1,45
1601,0.4451,1,0,1,46
1601,0.4382,1,0,1,48
1601,0.6106,1,1,1,50
1601,0.5117,1,0,1,51
1601,0.6518,1,0,1,52
1601,0.3839,1,0,1,54
1601,0.5778,1,1,1,55
1601,0.3302,1,0,1,58
1601,0.4242,1,0,1,59
1601,0.4361,1,0,1,60
1601,0.4696,0,0,1,61
1601,0.3889,1,1,1,63
1601,0.5003,1,1,1,64
1601,0.4786,1,1,1,65
1601,0.4764,1,1,1,66
1601,0.4658,1,1,1,67
1601,0.4243,1,0,1,68
1601,0.3889,1,0,1,70
1601,0.4555,1,0,1,72
1601,0.4676,1,0,1,77
1601,0.4241,1,1,1,78
1601,0.4211,1,1,1,79
1601,0.6307,1,0,1,80
1601,0.4512,1,1,1,81
1601,0.4168,1,0,1,83
1601,0.491,1,1,1,84
1601,0.5118,1,1,1,85
1601,0.4191,1,1,1,86
1601,0.3562,1,1,1,87
1601,0.3526,1,1,1,88
1601,0.3919,1,0,1,91
1601,0.5569,1,0,1,95
1601,0.4112,1,0,1,96
1601,0.4438,1,0,1,98
1601,0.4143,1,0,1,100
1601,0.4301,1,0,1,101
1601,0.5532,1,1,1,103
1601,0.384,1,1,1,104
1601,0.4454,1,0,1,106
1601,0.4759,1,0,1,108
1601,0.4313,1,1,1,109
1601,0.4058,1,0,1,110
1601,0.3172,0,1,1,111
1601,0.3703,1,0,1,113
1601,0.3915,1,0,1,114
1601,0.4641,1,1,1,115
1601,0.5001,0,1,1,117
1601,0.4347,1,0,1,119
1601,0.4474,1,0,1,120
1601,0.4321,1,1,1,121
1601,0.5835,1,1,1,122
1601,0.4846,1,0,1,124
1601,0.3868,1,1,1,125
1601,0.5303,1,1,1,127
1601,0.4878,1,1,1,0
1601,0.3183,1,0,1,1
1601,0.4831,1,1,1,2
1601,0.3039,1,0,1,3
1601,0.4232,1,0,1,5
1601,0.385,1,1,1,6
1601,0.3388,1,0,1,7
1601,0.6947,1,1,1,8
1601,0.432,1,0,1,11
1601,0.3707,0,0,1,12
1601,0.4045,1,1,1,14
1601,0.5343,1,1,1,17
1601,0.4982,1,1,1,18
1601,0.4831,1,0,1,19
1601,0.3763,1,1,1,20
1601,0.34,1,1,1,22
1601,0.4588,1,1,1,24
1601,0.5186,1,1,1,25
1601,0.441,1,1,1,26
1601,0.4641,1,0,1,28
1601,0.3837,1,1,1,29
1601,0.437,1,0,1,30
1601,0.4693,1,0,1,31
1601,0.6009,1,1,1,32
1601,0.4934,1,1,1,34
1601,0.4574,0,1,1,38
1601,0.4168,1,0,1,39
1601,0.5441,1,0,1,41
1601,0.5609,1,1,1,43
1601,0.398,1,0,1,44
1601,0.5706,1,0,1,45
1601,0.3978,1,0,1,48
1601,0.4596,1,0,1,49
1601,0.3652,1,0,1,51
1601,0.418,1,0,1,52
1601,0.3814,0,1,1,53
1601,0.3348,1,0,1,56
1601,0.3814,1,1,1,57
1601,0.4154,1,0,1,58
1601,0.5191,1,0,1,62
1601,0.677,1,1,1,63
1601,0.5403,1,1,1,64
1601,0.43,1,0,1,65
1601,0.5418,1,0,1,66
1601,0.4926,1,0,1,67
1601,0.4263,1,1,1,74
1601,0.4023,1,0,1,75
1601,0.4599,1,1,1,76
1601,0.3489,0,1,1,77
1601,0.4638,1,1,1,78
1601,0.346,1,0,1,79
1601,0.3447,1,0,1,80
1601,0.5663,1,1,1,81
1601,0.448,1,0,1,82
1601,0.3898,1,1,1,83
1601,0.385,1,1,1,84
1601,0.4999,1,1,1,86
1601,0.4114,1,0,1,89
1601,0.7653,1,1,1,90
1601,0.4463,1,1,1,91
1601,0.4211,1,1,1,92
1601,0.3517,1,0,1,93
1601,0.4986,1,1,1,95
1601,0.4739,1,0,1,96
1601,0.433,1,0,1,98
1601,0.5145,1,1,1,99
1601,0.4805,1,1,1,100
1601,0.3563,1,0,1,102
1601,0.4824,1,0,1,104
1601,0.4381,1,0,1,110
1601,0.3741,1,0,1,111
1601,0.5215,1,1,1,112
1601,0.4137,1,0,1,113
1601,0.425,1,0,1,115
1601,0.3423,1,1,1,117
1601,0.5903,1,1,1,118
1601,0.3448,1,1,1,119
1601,0.5651,1,1,1,120
1601,0.3956,1,0,1,121
1601,0.4287,1,0,1,123
1601,0.4013,1,0,1,125
1601,0.3282,1,0,1,126
1601,0.5027,1,1,1,127
1601,0.4585,1,0,1,0
1601,0.3903,1,0,1,1
1601,0.4961,1,1,1,2
1601,0.5427,1,1,1,3
1601,0.3686,1,1,1,4
1601,0.498,1,1,1,5
1601,0.4997,1,1,1,8
1601,0.5755,1,1,1,9
1601,0.4428,1,1,1,12
1601,0.6051,1,1,1,15
1601,0.3578,1,1,1,16
1601,0.6044,1,1,1,19
1601,0.3207,1,1,1,22
1601,0.3562,1,0,1,23
1601,0.5529,1,1,1,24
1601,0.4407,1,0,1,26
1601,0.6775,1,0,1,29
1601,0.4826,1,1,1,31
1601,0.4184,1,1,1,32
1601,0.2878,1,1,1,35
1601,0.3897,1,1,1,40
1601,0.405,0,1,1,41
1601,0.3811,1,0,1,42
1601,0.3203,1,0,1,44
1601,0.5189,1,1,1,46
1601,0.3291,1,1,1,47
1601,0.3881,0,1,1,48
1601,0.4578,1,1,1,49
1601,0.3574,1,0,1,50
1601,0.3936,1,0,1,51
1601,0.488,1,1,1,53
1601,0.4261,1,0,1,55
1601,0.417,1,0,1,56
1601,0.4635,1,1,1,57
1601,0.3839,1,0,1,58
1601,0.49370000000000003,1,1,1,59
1601,0.4581,1,1,1,61
1601,0.443,1,1,1,64
1601,0.3589,0,1,1,65
1601,0.4488,1,0,1,66
1601,0.4548,1,0,1,67
1601,0.4301,1,0,1,68
1601,0.4013,1,1,1,69
1601,0.4157,1,1,1,71
1601,0.515,1,1,1,72
1601,0.3451,1,0,1,73
1601,0.5352,1,0,1,74
1601,0.3902,1,1,1,76
1601,0.3253,1,1,1,77
1601,0.4739,1,1,1,79
1601,0.4091,1,0,1,81
1601,0.356,1,0,1,82
1601,0.3201,1,0,1,83
1601,0.4198,1,0,1,84
1601,0.3721,1,0,1,85
1601,0.3097,1,0,1,86
1601,0.6603,1,0,1,87
1601,0.4061,1,0,1,89
1601,0.4336,1,0,1,91
1601,0.5295,1,1,1,95
1601,0.3955,1,1,1,96
1601,0.4422,1,1,1,97
1601,0.336,1,0,1,98
1601,0.4427,1,0,1,99
1601,0.4147,1,0,1,100
1601,0.4311,1,0,1,101
1601,0.3735,1,1,1,104
1601,0.356,1,1,1,105
1601,0.3837,1,0,1,106
1601,0.3195,1,0,1,108
1601,0.4247,1,0,1,109
1601,0.4078,1,0,1,112
1601,0.4247,1,0,1,113
1601,0.3841,1,1,1,114
1601,0.5822,1,0,1,116
1601,0.4023,1,0,1,117
1601,0.4042,1,0,1,118
1601,0.3345,1,0,1,120
1601,0.4567,1,1,1,123
1601,0.3798,1,1,1,125
1601,0.3899,1,0,1,126
1601,0.4753,1,1,1,127
1601,0.4728,1,0,1,0
1601,0.5148,1,1,1,3
1601,0.4935,1,1,1,4
1601,0.3575,1,1,1,7
1601,0.3914,1,1,1,8
1601,0.398,1,0,1,10
1601,0.307,0,0,1,12
1601,0.3734,1,0,1,13
1601,0.44,1,0,1,15
1601,0.4675,1,0,1,16
1601,0.4434,1,0,1,18
1601,0.4716,1,0,1,19
1601,0.6066,1,0,1,20
1601,0.4504,1,1,1,21
1601,0.494,1,1,1,22
1601,0.4145,1,1,1,23
1601,0.4666,1,0,1,24
1601,0.627,1,1,1,25
1601,0.4752,1,1,1,26
1601,0.4437,1,1,1,27
1601,0.4237,1,1,1,28
1601,0.3946,1,0,1,30
1601,0.3474,1,0,1,31
1601,0.396,1,0,1,32
1601,0.3897,1,0,1,33
1601,0.3654,1,0,1,34
1601,0.2941,1,0,1,35
1601,0.3339,0,1,1,36
1601,0.4012,1,1,1,37
1601,0.2938,1,1,1,38
1601,0.4043,1,0,1,39
1601,0.536,1,1,1,42
1601,0.5522,1,1,1,45
1601,0.4835,1,1,1,46
1601,0.4037,1,1,1,48
1601,0.4541,1,1,1,49
1601,0.3452,1,0,1,50
1601,0.4393,1,1,1,53
1601,0.4973,1,0,1,55
1601,0.369,1,0,1,56
1601,0.4475,1,0,1,57
1601,0.3824,1,1,1,59
1601,0.4299,1,1,1,61
1601,0.3671,1,0,1,62
1601,0.4108,1,0,1,63
1601,0.4158,1,1,1,64
1601,0.3692,1,0,1,67
1601,0.3465,1,1,1,68
1601,0.3609,1,0,1,70
1601,0.3241,1,1,1,74
1601,0.4233,1,0,1,75
1601,0.3779,0,1,1,76
1601,0.4145,1,1,1,77
1601,0.3463,1,1,1,79
1601,0.5983,1,1,1,81
1601,0.4466,1,0,1,82
1601,0.3196,1,0,1,84
1601,0.3605,1,1,1,86
1601,0.365,1,0,1,87
1601,0.3084,0,0,1,88
1601,0.3528,1,0,1,89
1601,0.4126,1,0,1,90
1601,0.378,1,0,1,91
1601,0.4149,1,1,1,92
1601,0.5832,1,1,1,93
1601,0.4071,1,0,1,94
1601,0.5086,1,0,1,95
1601,0.3419,1,0,1,98
1601,0.4792,1,1,1,100
1601,0.3698,1,1,1,102
1601,0.4133,1,1,1,104
1601,0.6468,1,1,1,105
1601,0.4251,1,1,1,106
1601,0.4081,1,1,1,107
1601,0.5074,1,0,1,108
1601,0.4177,1,0,1,109
1601,0.3926,1,1,1,110
1601,0.5234,1,1,1,112
1601,0.3819,1,0,1,116
1601,0.3764,1,0,1,118
1601,0.4787,1,1,1,121
1601,0.4019,1,0,1,122
1601,0.3554,1,0,1,124
1601,0.4395,1,1,1,125
1601,0.5925,1,1,1,0
1601,0.3738,1,1,1,1
1601,0.3074,1,0,1,2
1601,0.4584,1,0,1,6
1601,0.4427,1,0,1,8
1601,0.5317,1,1,1,9
1601,0.404,1,0,1,10
1601,0.3315,1,0,1,11
1601,0.3312,1,0,1,13
1601,0.5412,1,1,1,16
1601,0.3415,1,1,1,17
1601,0.2824,1,1,1,18
1601,0.2788,1,0,1,19
1601,0.4069,1,0,1,24
1601,0.354,0,0,1,25
1601,0.3779,1,0,1,26
1601,0.3329,1,0,1,27
1601,0.3764,1,0,1,28
1601,0.5177,1,1,1,29
1601,0.4052,1,1,1,30
1601,0.3298,1,1,1,31
1601,0.3584,1,1,1,32
1601,0.4558,1,1,1,33
1601,0.4176,1,0,1,34
1601,0.5402,1,1,1,37
1601,0.4561,1,1,1,38
1601,0.4263,1,1,1,39
1601,0.379,1,1,1,40
1601,0.4285,1,0,1,42
1601,0.6158,1,1,1,43
1601,0.5,1,1,1,44
1601,0.3328,1,0,1,48
1601,0.4512,1,0,1,49
1601,0.3766,1,0,1,51
1601,0.3235,1,0,1,52
1601,0.3123,1,1,1,53
1601,0.5112,1,1,1,54
1601,0.403,1,0,1,56
1601,0.2949,0,1,1,59
1601,0.3984,1,1,1,60
1601,0.5393,1,1,1,61
1601,0.6184,1,1,1,63
1601,0.4102,1,1,1,67
1601,0.323,1,1,1,68
1601,0.3803,1,0,1,70
1601,0.3086,1,0,1,71
1601,0.3153,1,0,1,73
1601,0.2865,1,0,1,74
1601,0.2845,0,1,1,76
1601,0.3241,1,1,1,77
1601,0.5914,1,0,1,78
1601,0.3727,1,0,1,79
1601,0.4051,1,1,1,80
1601,0.3735,1,0,1,81
1601,0.3513,1,0,1,82
1601,0.3824,1,0,1,83
1601,0.3983,0,1,1,87
1601,0.3996,1,0,1,89
1601,0.5028,1,1,1,90
1601,0.5909,1,1,1,91
1601,0.3799,1,0,1,92
1601,0.5209,1,0,1,95
1601,0.5486,1,1,1,96
1601,0.3715,1,1,1,99
1601,0.3669,1,1,1,100
1601,0.3751,1,0,1,101
1601,0.3811,1,1,1,102
1601,0.4018,1,1,1,103
1601,0.514,1,1,1,104
1601,0.3504,1,1,1,105
1601,0.3888,1,0,1,107
1601,0.4192,1,0,1,109
1601,0.5675,1,0,1,110
1601,0.4324,1,0,1,112
1601,0.4572,1,0,1,113
1601,0.4106,1,0,1,115
1601,0.4126,1,0,1,118
1601,0.4394,1,0,1,119
1601,0.431,1,1,1,120
1601,0.4878,1,1,1,122
1601,0.4385,1,0,1,123
1601,0.4366,1,1,1,124
1601,0.5827,1,1,1,125
1614,0.525,0,1,1,3
1614,0.526,0,0,1,5
1614,0.393,0,1,1,6
1614,0.357,0,1,1,7
1614,0.678,1,1,1,9
1614,0.916,1,0,1,10
1614,0.786,1,1,1,11
1614,0.674,1,1,1,12
1614,0.473,1,0,1,19
1614,0.507,0,0,1,20
1614,0.376,0,1,1,22
1614,0.717,1,0,1,23
1614,0.692,1,1,1,24
1614,0.548,1,0,1,25
1614,0.449,1,1,1,27
1614,0.66,1,1,1,30
1614,0.502,1,0,1,31
1614,0.692,1,1,1,37
1614,0.454,1,0,1,38
1614,0.593,1,1,1,39
1614,0.461,1,1,1,40
1614,0.616,1,0,1,41
1614,0.527,1,1,1,44
1614,0.419,0,1,1,45
1614,0.516,1,1,1,48
1614,0.402,1,0,1,49
1614,0.572,1,1,1,50
1614,0.529,1,1,1,51
1614,0.444,1,0,1,52
1614,0.575,1,1,1,53
1614,0.433,1,0,1,55
1614,0.358,1,1,1,56
1614,0.626,1,1,1,57
1614,0.542,1,1,1,59
1614,0.592,1,1,1,60
1614,0.517,1,1,1,62
1614,0.626,1,0,1,63
1614,0.639,1,1,1,65
1614,0.497,1,0,1,67
1614,0.543,1,1,1,68
1614,0.364,1,0,1,69
1614,0.417,1,1,1,71
1614,0.376,1,0,1,72
1614,0.423,1,1,1,73
1614,0.377,1,0,1,75
1614,0.482,1,1,1,76
1614,0.451,1,0,1,77
1614,0.361,1,1,1,78
1614,0.531,1,1,1,80
1614,0.545,1,0,1,81
1614,0.837,1,0,1,82
1614,0.712,1,0,1,83
1614,0.387,1,0,1,84
1614,0.37,1,0,1,85
1614,0.612,1,1,1,86
1614,0.442,1,0,1,89
1614,0.583,1,1,1,90
1614,0.457,0,1,1,91
1614,0.554,1,1,1,92
1614,0.942,1,0,1,93
1614,0.59,1,1,1,96
1614,0.515,0,0,1,97
1614,0.56,1,0,1,98
1614,0.936,1,0,1,99
1614,0.54,1,0,1,100
1614,0.387,1,0,1,101
1614,0.522,1,1,1,102
1614,0.411,1,1,1,105
1614,0.639,1,1,1,109
1614,0.924,1,0,1,110
1614,0.604,1,1,1,111
1614,0.785,1,0,1,112
1614,0.36,1,0,1,113
1614,0.482,1,1,1,118
1614,0.546,1,0,1,119
1614,0.725,1,0,1,120
1614,0.383,1,0,1,122
1614,0.82,1,1,1,124
1614,0.641,1,0,1,126
1614,0.627,1,0,1,127
1614,0.543,1,1,1,0
1614,0.375,0,1,1,1
1614,0.373,1,1,1,2
1614,0.424,1,1,1,3
1614,0.561,1,1,1,4
1614,0.554,1,0,1,5
1614,0.648,1,1,1,6
1614,0.55,1,1,1,7
1614,0.525,1,0,1,8
1614,0.727,1,1,1,11
1614,0.423,1,0,1,14
1614,0.788,1,1,1,15
1614,0.809,1,1,1,17
1614,0.791,1,0,1,18
1614,0.737,1,0,1,22
1614,0.74,1,1,1,23
1614,0.502,1,1,1,24
1614,0.577,1,0,1,26
1614,0.457,1,0,1,27
1614,0.471,1,0,1,28
1614,0.459,1,0,1,29
1614,0.584,1,1,1,31
1614,0.557,1,1,1,32
1614,0.46,1,0,1,34
1614,0.714,1,1,1,35
1614,0.583,1,1,1,36
1614,0.595,1,0,1,37
1614,0.54,1,1,1,39
1614,0.65,1,0,1,41
1614,0.702,1,0,1,42
1614,0.427,1,0,1,43
1614,0.419,1,0,1,44
1614,0.525,0,1,1,45
1614,0.512,1,0,1,46
1614,0.463,1,1,1,47
1614,0.336,1,0,1,49
1614,0.403,1,0,1,50
1614,0.499,1,1,1,51
1614,0.814,1,0,1,53
1614,0.494,1,1,1,54
1614,0.397,1,0,1,56
1614,0.547,1,1,1,57
1614,0.595,1,1,1,58
1614,0.533,0,1,1,60
1614,0.541,1,1,1,62
1614,0.658,1,1,1,63
1614,0.525,1,1,1,65
1614,0.415,1,0,1,66
1614,0.471,1,1,1,67
1614,0.342,1,1,1,68
1614,0.382,1,0,1,69
1614,0.345,1,0,1,70
1614,0.342,0,1,1,71
1614,0.39,1,0,1,73
1614,0.584,1,1,1,75
1614,0.657,1,1,1,80
1614,0.399,1,0,1,82
1614,0.559,1,1,1,84
1614,0.478,0,0,1,85
1614,0.536,1,0,1,88
1614,0.608,1,0,1,89
1614,0.416,1,0,1,90
1614,0.449,1,0,1,93
1614,0.515,1,1,1,94
1614,0.415,1,0,1,95
1614,0.408,1,0,1,96
1614,0.493,1,0,1,98
1614,0.576,1,0,1,99
1614,0.38,1,0,1,103
1614,0.7,1,0,1,106
1614,0.643,1,1,1,108
1614,0.503,1,1,1,109
1614,0.691,1,1,1,111
1614,0.624,1,0,1,112
1614,0.471,1,0,1,113
1614,0.414,1,0,1,116
1614,0.356,1,0,1,117
1614,0.528,1,0,1,119
1614,0.448,1,1,1,120
1614,0.614,1,0,1,121
1614,0.514,1,1,1,123
1614,0.47,1,1,1,124
1614,0.529,1,1,1,125
1614,0.604,1,1,1,0
1614,0.486,1,0,1,2
1614,0.614,1,1,1,4
1614,0.51,1,1,1,5
1614,0.38,1,1,1,7
1614,0.371,1,0,1,8
1614,0.557,1,0,1,11
1614,0.409,0,1,1,12
1614,0.543,1,0,1,14
1614,0.429,1,1,1,15
1614,0.516,1,1,1,16
1614,0.458,1,0,1,17
1614,0.467,1,0,1,19
1614,0.476,1,1,1,20
1614,0.424,1,1,1,21
1614,0.679,1,1,1,22
1614,0.553,1,1,1,24
1614,0.592,1,1,1,25
1614,0.473,1,0,1,28
1614,0.47,1,0,1,29
1614,0.628,1,1,1,31
1614,0.527,1,0,1,32
1614,0.405,1,0,1,33
1614,0.487,1,0,1,37
1614,0.603,1,0,1,38
1614,0.396,1,0,1,39
1614,0.454,1,0,1,40
1614,0.625,1,0,1,41
1614,0.358,1,1,1,43
1614,0.476,1,1,1,44
1614,0.643,1,0,1,45
1614,0.498,1,1,1,46
1614,0.484,1,0,1,47
1614,0.412,1,1,1,48
1614,0.558,1,1,1,50
1614,0.582,1,0,1,51
1614,0.647,1,1,1,54
1614,0.422,1,0,1,56
1614,0.561,1,0,1,57
1614,0.479,1,1,1,58
1614,0.625,1,0,1,59
1614,0.57,1,1,1,63
1614,0.546,1,0,1,64
1614,0.536,1,1,1,66
1614,0.584,1,1,1,67
1614,0.449,1,0,1,69
1614,0.501,1,1,1,70
1614,0.649,1,1,1,71
1614,0.541,1,0,1,72
1614,0.552,1,0,1,73
1614,0.486,1,0,1,74
1614,0.755,1,1,1,76
1614,0.53,1,1,1,77
1614,0.542,1,1,1,78
1614,0.492,1,0,1,80
1614,0.519,1,0,1,81
1614,0.56,1,0,1,86
1614,0.403,1,0,1,87
1614,0.411,1,1,1,88
1614,0.448,1,0,1,89
1614,0.503,1,1,1,92
1614,0.417,1,0,1,94
1614,0.487,1,1,1,96
1614,0.594,1,0,1,98
1614,0.47,1,0,1,100
1614,0.489,1,1,1,101
1614,0.438,1,1,1,103
1614,0.703,1,1,1,107
1614,0.442,1,0,1,108
1614,0.382,1,1,1,109
1614,0.643,1,1,1,111
1614,0.509,0,1,1,113
1614,0.564,1,0,1,117
1614,0.684,1,1,1,118
1614,0.57,1,1,1,119
1614,0.474,1,0,1,120
1614,0.604,1,0,1,121
1614,0.501,1,1,1,122
1614,0.606,1,1,1,123
1614,0.816,1,0,1,124
1614,0.363,1,0,1,125
1614,0.391,1,0,1,126
1614,0.358,1,0,1,127
1614,0.476,1,1,1,0
1614,0.447,1,1,1,1
1614,0.399,1,0,1,2
1614,0.337,1,0,1,3
1614,0.474,1,0,1,5
1614,0.55,1,1,1,7
1614,0.517,1,1,1,8
1614,0.378,1,1,1,9
1614,0.319,1,1,1,11
1614,0.387,1,0,1,15
1614,0.442,1,0,1,17
1614,0.432,0,0,1,19
1614,0.652,1,1,1,20
1614,0.532,1,1,1,22
1614,0.503,1,1,1,23
1614,0.544,1,0,1,24
1614,0.466,1,0,1,26
1614,0.384,1,0,1,27
1614,0.459,1,1,1,28
1614,0.537,1,1,1,31
1614,0.35,1,0,1,32
1614,0.404,1,1,1,36
1614,0.424,1,0,1,37
1614,0.404,1,1,1,41
1614,0.471,1,1,1,43
1614,0.35,0,1,1,45
1614,0.389,1,0,1,47
1614,0.472,1,1,1,48
1614,0.505,1,0,1,49
1614,0.607,1,1,1,50
1614,0.43,1,1,1,51
1614,0.49,1,1,1,53
1614,0.628,1,1,1,55
1614,0.52,1,0,1,57
1614,0.51,1,0,1,58
1614,0.549,1,1,1,60
1614,0.493,1,0,1,61
1614,0.408,1,0,1,64
1614,0.446,1,0,1,65
1614,0.559,1,1,1,66
1614,0.741,1,1,1,67
1614,0.583,1,0,1,68
1614,0.487,1,0,1,70
1614,0.597,1,1,1,71
1614,0.673,1,1,1,73
1614,0.565,1,0,1,74
1614,0.517,1,1,1,75
1614,0.403,1,1,1,77
1614,0.43,0,0,1,81
1614,0.493,1,0,1,82
1614,0.411,1,1,1,84
1614,0.76,1,1,1,86
1614,0.456,1,0,1,87
1614,0.442,1,0,1,88
1614,0.47,1,0,1,90
1614,0.511,1,1,1,91
1614,0.425,1,0,1,92
1614,0.388,1,0,1,93
1614,0.881,1,1,1,94
1614,0.491,1,1,1,95
1614,0.517,1,0,1,96
1614,0.485,1,1,1,97
1614,0.426,1,0,1,99
1614,0.41,1,1,1,100
1614,0.443,1,1,1,101
1614,0.425,1,0,1,102
1614,0.36,1,1,1,103
1614,0.422,1,1,1,105
1614,0.374,1,0,1,106
1614,0.306,1,0,1,107
1614,0.407,1,0,1,108
1614,0.62,1,0,1,109
1614,0.458,1,1,1,110
1614,0.484,1,0,1,112
1614,0.36,1,0,1,113
1614,0.442,1,0,1,114
1614,0.625,1,0,1,115
1614,0.529,1,1,1,117
1614,0.935,1,1,1,118
1614,0.412,1,0,1,121
1614,0.533,1,1,1,123
1614,0.47,1,1,1,124
1614,0.432,1,0,1,125
1614,0.49,1,0,1,127
1614,0.403,1,0,1,0
1614,0.476,1,0,1,2
1614,0.624,1,1,1,4
1614,0.403,1,0,1,5
1614,0.526,1,1,1,6
1614,0.526,1,1,1,7
1614,0.508,1,0,1,8
1614,0.584,1,1,1,10
1614,0.376,1,0,1,11
1614,0.46,1,1,1,12
1614,0.744,1,1,1,14
1614,0.515,1,1,1,15
1614,0.535,1,1,1,16
1614,0.552,1,1,1,17
1614,0.398,1,0,1,18
1614,0.771,1,0,1,19
1614,0.614,1,1,1,20
1614,0.67,1,1,1,22
1614,0.472,1,0,1,23
1614,0.392,1,1,1,25
1614,0.692,1,1,1,29
1614,0.51,1,1,1,32
1614,0.57,1,1,1,33
1614,0.454,1,0,1,35
1614,0.518,1,1,1,36
1614,0.476,1,1,1,38
1614,0.52,1,0,1,40
1614,0.575,1,0,1,41
1614,0.499,1,1,1,46
1614,0.571,1,0,1,48
1614,0.405,1,0,1,49
1614,0.363,1,0,1,50
1614,0.69,1,1,1,53
1614,0.593,1,0,1,54
1614,0.358,1,0,1,56
1614,0.474,1,0,1,58
1614,0.307,1,0,1,61
1614,0.309,1,0,1,62
1614,0.347,1,1,1,63
1614,0.359,1,1,1,64
1614,0.511,1,0,1,66
1614,0.465,1,1,1,67
1614,0.324,1,1,1,69
1614,0.49,1,0,1,70
1614,0.493,1,1,1,72
1614,0.42,1,1,1,73
1614,0.388,1,0,1,74
1614,0.49,1,0,1,75
1614,0.383,1,1,1,77
1614,0.419,1,0,1,78
1614,0.644,1,1,1,79
1614,0.564,1,0,1,80
1614,0.641,0,0,1,81
1614,0.453,1,0,1,82
1614,0.548,1,1,1,85
1614,0.505,1,0,1,87
1614,0.432,1,1,1,88
1614,0.466,1,0,1,89
1614,0.475,1,0,1,90
1614,0.501,1,0,1,92
1614,0.493,1,1,1,94
1614,0.487,1,1,1,95
1614,0.516,1,0,1,96
1614,0.409,1,0,1,97
1614,0.432,1,1,1,98
1614,0.436,1,1,1,99
1614,0.426,1,0,1,102
1614,0.408,1,0,1,104
1614,0.416,1,0,1,106
1614,0.467,1,1,1,107
1614,0.396,0,1,1,110
1614,0.299,1,0,1,112
1614,0.518,1,1,1,113
1614,0.547,1,1,1,117
1614,0.508,1,0,1,118
1614,0.423,1,1,1,120
1614,0.491,1,1,1,123
1614,0.458,1,0,1,124
1614,0.482,1,0,1,125
1614,0.422,1,1,1,127
1614,0.43,1,0,1,0
1614,0.352,1,0,1,1
1614,0.505,1,1,1,2
1614,0.433,1,0,1,5
1614,0.474,1,0,1,6
1614,0.337,1,1,1,7
1614,0.382,1,1,1,9
1614,0.389,1,1,1,10
1614,0.498,1,0,1,11
1614,0.392,1,0,1,13
1614,0.951,1,1,1,14
1614,0.28,0,0,1,15
1614,0.409,0,1,1,18
1614,0.524,1,1,1,19
1614,0.412,1,1,1,23
1614,0.518,1,1,1,24
1614,0.515,1,1,1,25
1614,0.393,1,0,1,27
1614,0.409,0,0,1,28
1614,0.423,1,0,1,30
1614,0.537,1,0,1,31
1614,0.453,1,1,1,32
1614,0.513,1,0,1,33
1614,0.36,1,0,1,34
1614,0.546,1,1,1,35
1614,0.465,1,0,1,37
1614,0.537,1,0,1,38
1614,0.458,1,0,1,39
1614,0.499,1,1,1,40
1614,0.41,1,0,1,41
1614,0.562,1,0,1,42
1614,0.353,1,0,1,44
1614,0.432,1,1,1,46
1614,0.436,1,0,1,48
1614,0.509,1,0,1,50
1614,0.451,1,0,1,52
1614,0.555,1,0,1,53
1614,0.457,1,1,1,54
1614,0.437,1,0,1,59
1614,0.672,1,0,1,60
1614,0.376,1,0,1,64
1614,0.326,1,0,1,65
1614,0.45,1,1,1,66
1614,0.413,1,0,1,68
1614,0.365,1,0,1,72
1614,0.365,1,1,1,73
1614,0.59,1,1,1,74
1614,0.495,1,1,1,75
1614,0.43,1,1,1,76
1614,0.435,1,0,1,78
1614,0.331,1,1,1,79
1614,0.439,1,1,1,80
1614,0.86,1,0,1,82
1614,0.441,1,1,1,83
1614,0.392,1,0,1,84
1614,0.542,1,1,1,87
1614,0.534,1,1,1,89
1614,0.394,1,1,1,90
1614,0.37,1,1,1,91
1614,0.342,1,0,1,92
1614,0.496,1,1,1,95
1614,0.437,0,1,1,96
1614,0.655,1,1,1,98
1614,0.503,1,1,1,99
1614,0.523,1,1,1,100
1614,0.396,1,1,1,101
1614,0.546,1,0,1,102
1614,0.455,1,0,1,103
1614,0.306,1,0,1,104
1614,0.58,1,0,1,105
1614,0.564,0,1,1,106
1614,0.323,1,1,1,107
1614,0.526,1,1,1,109
1614,0.463,1,1,1,111
1614,0.408,1,1,1,114
1614,0.524,1,0,1,116
1614,0.417,1,0,1,117
1614,0.42,1,0,1,118
1614,0.353,1,1,1,120
1614,0.488,1,1,1,122
1614,0.441,1,1,1,124
1614,0.458,1,1,1,125
1614,0.391,1,0,1,127
1614,0.527,1,0,1,0
1614,0.477,1,1,1,1
1614,0.392,1,0,1,3
1614,0.345,1,0,1,4
1614,0.469,1,1,1,6
1614,0.532,1,1,1,8
1614,0.403,1,1,1,9
1614,0.458,1,0,1,12
1614,0.439,1,0,1,13
1614,0.354,0,1,1,15
1614,0.558,1,1,1,16
1614,0.396,1,1,1,17
1614,0.525,1,0,1,19
1614,0.51,1,1,1,20
1614,0.431,1,0,1,21
1614,0.38,1,0,1,22
1614,0.601,1,1,1,23
1614,0.511,1,0,1,24
1614,0.47,1,0,1,25
1614,0.501,1,1,1,26
1614,0.475,1,1,1,29
1614,0.71,1,1,1,31
1614,0.505,1,0,1,32
1614,0.661,1,0,1,33
1614,0.537,1,1,1,36
1614,0.912,1,1,1,37
1614,0.756,1,1,1,42
1614,0.519,1,1,1,46
1614,0.53,1,1,1,47
1614,0.481,1,0,1,48
1614,0.656,1,1,1,49
1614,0.517,1,1,1,50
1614,0.573,1,0,1,51
1614,0.361,1,0,1,52
1614,0.447,1,0,1,53
1614,0.402,1,1,1,55
1614,0.348,1,0,1,56
1614,0.565,1,1,1,57
1614,0.457,1,0,1,59
1614,0.493,1,0,1,60
1614,0.491,0,1,1,61
1614,0.461,1,1,1,62
1614,0.391,1,0,1,63
1614,0.647,1,1,1,64
1614,0.537,1,1,1,65
1614,0.374,1,0,1,67
1614,0.582,1,0,1,68
1614,0.52,1,1,1,69
1614,0.424,1,0,1,70
1614,0.51,1,0,1,71
1614,0.484,1,1,1,72
1614,0.35,1,0,1,74
1614,0.461,0,1,1,76
1614,0.37,1,0,1,78
1614,0.37,1,0,1,79
1614,0.317,1,0,1,80
1614,0.336,1,0,1,81
1614,0.547,1,1,1,83
1614,0.483,1,1,1,84
1614,0.461,1,1,1,85
1614,0.524,1,1,1,86
1614,0.407,1,0,1,90
1614,0.352,1,0,1,91
1614,0.355,1,0,1,92
1614,0.442,1,1,1,93
1614,0.642,0,1,1,95
1614,0.37,0,1,1,98
1614,0.458,1,0,1,101
1614,0.397,1,0,1,102
1614,0.414,1,1,1,103
1614,0.441,1,0,1,106
1614,0.53,1,1,1,110
1614,0.457,1,1,1,111
1614,0.517,1,0,1,114
1614,0.372,1,0,1,115
1614,0.469,1,0,1,116
1614,0.356,1,0,1,117
1614,0.361,1,1,1,118
1614,0.514,1,1,1,119
1614,0.658,1,1,1,121
1614,0.493,1,0,1,125
1614,0.512,1,1,1,126
1614,0.445,1,0,1,127
1614,0.616,1,1,1,0
1614,0.418,1,0,1,1
1614,0.404,1,0,1,3
1614,0.399,1,1,1,4
1614,0.493,1,0,1,13
1614,0.604,1,1,1,14
1614,0.682,1,0,1,15
1614,0.373,1,0,1,16
1614,0.557,1,1,1,17
1614,0.451,1,1,1,18
1614,0.443,1,1,1,19
1614,0.471,1,1,1,20
1614,0.651,1,1,1,21
1614,0.45,1,1,1,22
1614,0.387,1,1,1,23
1614,0.494,1,1,1,26
1614,0.399,1,0,1,27
1614,0.378,1,1,1,28
1614,0.551,1,1,1,30
1614,0.382,1,0,1,31
1614,0.352,1,0,1,32
1614,0.353,1,0,1,33
1614,0.361,1,0,1,34
1614,0.403,1,0,1,36
1614,0.47,1,0,1,37
1614,0.615,1,1,1,38
1614,0.492,1,1,1,41
1614,0.52,1,1,1,42
1614,0.392,1,0,1,43
1614,0.561,1,0,1,45
1614,0.608,1,1,1,47
1614,0.798,1,0,1,48
1614,0.45,1,1,1,51
1614,0.451,1,1,1,52
1614,0.378,1,0,1,53
1614,0.459,1,1,1,54
1614,0.504,1,1,1,55
1614,0.42,1,1,1,56
1614,0.637,1,1,1,57
1614,0.465,1,0,1,58
1614,0.456,1,0,1,59
1614,0.486,1,0,1,64
1614,0.427,1,0,1,66
1614,0.338,1,0,1,68
1614,0.624,1,1,1,70
1614,0.443,1,0,1,71
1614,0.482,1,1,1,72
1614,0.76,1,1,1,75
1614,0.465,1,0,1,77
1614,0.423,1,0,1,78
1614,0.374,1,0,1,79
1614,0.471,1,0,1,82
1614,0.507,1,0,1,85
1614,0.537,1,0,1,86
1614,0.562,1,1,1,87
1614,0.429,1,1,1,88
1614,0.302,1,0,1,89
1614,0.391,1,0,1,90
1614,0.425,1,0,1,92
1614,0.473,1,0,1,93
1614,0.474,1,0,1,94
1614,0.713,1,1,1,95
1614,0.494,1,1,1,96
1614,0.444,1,0,1,98
1614,0.505,1,0,1,99
1614,0.425,1,0,1,100
1614,0.485,1,1,1,101
1614,0.385,1,1,1,102
1614,0.342,1,0,1,104
1614,0.472,1,1,1,105
1614,0.47,1,0,1,107
1614,0.374,1,1,1,109
1614,0.403,1,1,1,112
1614,0.404,1,1,1,113
1614,0.338,1,1,1,114
1614,0.459,1,0,1,116
1614,0.409,1,1,1,117
1614,0.436,1,1,1,118
1614,0.448,1,0,1,119
1614,0.426,1,1,1,120
1614,0.325,1,0,1,121
1614,0.518,1,1,1,122
1614,0.609,1,1,1,123
1614,0.536,1,0,1,125
161753,0.48,1,1,1,2
161753,0.434,1,1,1,4
161753,0.502,1,1,1,7
161753,0.38,1,1,1,8
161753,0.503,1,1,1,9
161753,0.4,1,1,1,10
161753,0.453,1,0,1,13
161753,0.462,1,0,1,14
161753,0.476,1,1,1,15
161753,0.481,1,1,1,16
161753,0.465,1,1,1,18
161753,0.508,1,1,1,19
161753,0.501,1,0,1,20
161753,0.389,1,0,1,21
161753,0.489,1,1,1,22
161753,0.375,1,0,1,23
161753,0.489,1,1,1,25
161753,0.426,0,1,1,26
161753,0.427,1,0,1,28
161753,0.406,1,0,1,30
161753,0.453,1,1,1,31
161753,0.48,1,0,1,32
161753,0.508,1,1,1,33
161753,0.486,1,1,1,36
161753,0.474,1,0,1,38
161753,0.502,1,1,1,39
161753,0.451,1,0,1,40
161753,0.387,1,0,1,41
161753,0.503,1,0,1,42
161753,0.506,1,1,1,43
161753,0.424,1,0,1,44
161753,0.541,1,1,1,45
161753,0.446,1,0,1,46
161753,0.497,1,0,1,47
161753,0.414,1,1,1,50
161753,0.42,1,0,1,51
161753,0.403,1,0,1,53
161753,0.501,1,1,1,55
161753,0.374,1,0,1,56
161753,0.447,1,0,1,57
161753,0.379,1,1,1,58
161753,0.448,1,1,1,59
161753,0.46,1,0,1,60
161753,0.407,1,0,1,62
161753,0.479,1,1,1,63
161753,0.465,1,0,1,65
161753,0.551,1,1,1,67
161753,0.447,1,1,1,68
161753,0.408,1,0,1,70
161753,0.456,1,0,1,74
161753,0.553,1,1,1,75
161753,0.588,1,0,1,76
161753,0.484,1,1,1,77
161753,0.491,1,0,1,79
161753,0.388,1,0,1,80
161753,0.47,1,1,1,81
161753,0.489,1,0,1,83
161753,0.403,1,0,1,86
161753,0.477,1,1,1,87
161753,0.381,1,0,1,88
161753,0.446,1,0,1,89
161753,0.484,1,1,1,90
161753,0.615,1,0,1,91
161753,0.421,1,1,1,92
161753,0.501,1,1,1,95
161753,0.439,1,0,1,96
161753,0.388,1,0,1,99
161753,0.505,1,1,1,101
161753,0.395,1,0,1,102
161753,0.415,1,0,1,103
161753,0.4,1,0,1,104
161753,0.406,1,0,1,105
161753,0.408,1,1,1,106
161753,0.47,1,1,1,109
161753,0.542,1,1,1,110
161753,0.428,1,0,1,113
161753,0.502,1,1,1,118
161753,0.49,1,0,1,119
161753,0.462,1,1,1,120
161753,0.488,1,1,1,122
161753,0.457,1,1,1,123
161753,0.431,1,1,1,124
161753,0.428,1,0,1,125
161753,0.391,1,0,1,126
161753,0.628,1,0,1,0
161753,0.452,1,0,1,1
161753,0.442,1,0,1,2
161753,0.386,1,0,1,5
161753,0.536,1,1,1,6
161753,0.428,0,1,1,7
161753,0.443,1,0,1,8
161753,0.486,1,1,1,9
161753,0.504,1,1,1,10
161753,0.458,1,1,1,11
161753,0.475,1,1,1,15
161753,0.424,1,0,1,18
161753,0.428,1,0,1,22
161753,0.488,1,1,1,23
161753,0.428,1,1,1,26
161753,0.499,1,1,1,28
161753,0.469,1,1,1,29
161753,0.435,1,0,1,30
161753,0.456,1,1,1,31
161753,0.428,1,1,1,35
161753,0.408,1,1,1,36
161753,0.448,1,0,1,38
161753,0.497,1,1,1,39
161753,0.424,1,0,1,40
161753,0.381,1,1,1,41
161753,0.523,1,1,1,42
161753,0.396,1,0,1,43
161753,0.444,1,1,1,46
161753,0.404,1,0,1,47
161753,0.41,1,1,1,49
161753,0.407,1,0,1,50
161753,0.43,1,0,1,51
161753,0.533,1,1,1,52
161753,0.431,1,0,1,53
161753,0.451,1,1,1,54
161753,0.454,1,0,1,56
161753,0.472,1,1,1,58
161753,0.458,1,0,1,59
161753,0.415,1,1,1,61
161753,0.441,1,0,1,62
161753,0.435,1,0,1,63
161753,0.404,1,0,1,66
161753,0.469,1,1,1,67
161753,0.39,1,1,1,68
161753,0.443,1,0,1,69
161753,0.476,1,0,1,72
161753,0.375,1,0,1,74
161753,0.458,1,1,1,76
161753,0.418,1,0,1,78
161753,0.409,1,0,1,82
161753,0.441,1,0,1,84
161753,0.535,1,1,1,85
161753,0.435,1,1,1,86
161753,0.451,1,0,1,87
161753,0.459,0,1,1,88
161753,0.453,1,0,1,90
161753,0.445,1,0,1,91
161753,0.448,1,0,1,92
161753,0.417,1,0,1,93
161753,0.497,1,1,1,94
161753,0.389,1,1,1,95
161753,0.482,1,1,1,97
161753,0.468,1,0,1,99
161753,0.459,1,1,1,100
161753,0.425,1,0,1,101
161753,0.473,1,1,1,103
161753,0.489,1,1,1,104
161753,0.399,1,0,1,106
161753,0.376,1,0,1,109
161753,0.414,1,0,1,110
161753,0.434,1,1,1,111
161753,0.381,1,0,1,112
161753,0.36,1,0,1,113
161753,0.469,1,1,1,114
161753,0.459,1,0,1,116
161753,0.451,1,1,1,117
161753,0.467,1,1,1,119
161753,0.445,1,0,1,120
161753,0.367,1,0,1,121
161753,0.422,1,0,1,122
161753,0.397,0,1,1,123
161753,0.44,1,1,1,126
161753,0.514,1,1,1,127
161753,0.656,1,0,1,0
161753,0.399,0,1,1,1
161753,0.469,1,0,1,2
161753,0.541,1,0,1,4
161753,0.378,1,0,1,6
161753,0.554,1,1,1,7
161753,0.55,1,1,1,11
161753,0.469,1,0,1,12
161753,0.423,0,0,1,14
161753,0.493,1,1,1,15
161753,0.56,1,1,1,16
161753,0.54,1,1,1,19
161753,0.492,1,0,1,20
161753,0.465,1,0,1,23
161753,0.455,1,1,1,26
161753,0.401,1,1,1,27
161753,0.473,1,1,1,29
161753,0.53,1,1,1,30
161753,0.433,1,0,1,31
161753,0.384,1,0,1,33
161753,0.41,1,1,1,34
161753,0.406,1,0,1,35
161753,0.457,1,0,1,37
161753,0.524,1,1,1,38
161753,0.359,1,1,1,41
161753,0.423,1,0,1,42
161753,0.476,1,0,1,44
161753,0.441,1,1,1,45
161753,0.492,1,1,1,47
161753,0.418,1,1,1,48
161753,0.534,1,1,1,49
161753,0.508,1,0,1,50
161753,0.473,1,1,1,51
161753,0.543,1,0,1,52
161753,0.541,1,0,1,53
161753,0.45,1,1,1,54
161753,0.441,1,0,1,55
161753,0.587,1,1,1,57
161753,0.42,1,1,1,58
161753,0.461,1,1,1,62
161753,0.528,1,1,1,63
161753,0.483,1,1,1,64
161753,0.407,1,0,1,65
161753,0.418,1,0,1,66
161753,0.469,1,0,1,69
161753,0.378,1,0,1,70
161753,0.446,1,0,1,71
161753,0.424,1,1,1,72
161753,0.492,1,1,1,73
161753,0.384,1,0,1,74
161753,0.39,1,0,1,75
161753,0.357,1,0,1,76
161753,0.534,1,1,1,77
161753,0.402,1,0,1,78
161753,0.357,1,0,1,79
161753,0.404,1,1,1,80
161753,0.403,1,0,1,81
161753,0.493,1,1,1,83
161753,0.563,1,1,1,87
161753,0.542,1,0,1,88
161753,0.414,1,0,1,91
161753,0.479,1,0,1,92
161753,0.526,1,0,1,93
161753,0.465,1,1,1,94
161753,0.566,1,1,1,96
161753,0.441,0,0,1,97
161753,0.517,1,1,1,98
161753,0.512,1,1,1,99
161753,0.549,1,0,1,100
161753,0.426,1,0,1,101
161753,0.578,1,1,1,102
161753,0.586,1,1,1,104
161753,0.504,1,0,1,105
161753,0.423,1,1,1,106
161753,0.504,1,1,1,107
161753,0.465,0,1,1,108
161753,0.525,1,1,1,109
161753,0.491,1,1,1,110
161753,0.457,1,0,1,114
161753,0.511,1,0,1,115
161753,0.582,1,1,1,119
161753,0.45,1,0,1,121
161753,0.391,1,0,1,122
161753,0.368,1,0,1,126
161753,0.473,1,0,1,0
161753,0.499,1,1,1,1
161753,0.46,1,1,1,2
161753,0.509,1,1,1,3
161753,0.475,1,1,1,4
161753,0.474,1,0,1,5
161753,0.467,1,1,1,6
161753,0.44,1,1,1,7
161753,0.393,1,1,1,8
161753,0.482,1,1,1,10
161753,0.391,1,0,1,12
161753,0.59,1,1,1,13
161753,0.357,1,0,1,14
161753,0.441,1,1,1,15
161753,0.435,1,1,1,17
161753,0.453,1,0,1,18
161753,0.444,1,0,1,19
161753,0.419,1,0,1,20
161753,0.375,1,0,1,21
161753,0.406,1,0,1,22
161753,0.493,1,1,1,23
161753,0.463,1,1,1,24
161753,0.408,1,0,1,28
161753,0.401,1,0,1,29
161753,0.439,1,0,1,31
161753,0.408,1,0,1,32
161753,0.38,1,1,1,34
161753,0.424,1,1,1,39
161753,0.47,1,0,1,44
161753,0.425,1,0,1,45
161753,0.408,1,0,1,46
161753,0.44,1,1,1,47
161753,0.46,1,1,1,49
161753,0.449,1,1,1,50
161753,0.399,1,0,1,51
161753,0.389,1,1,1,53
161753,0.49,1,0,1,54
161753,0.424,1,0,1,55
161753,0.464,0,1,1,56
161753,0.443,1,0,1,57
161753,0.457,1,1,1,58
161753,0.375,1,0,1,60
161753,0.484,1,1,1,61
161753,0.386,1,0,1,62
161753,0.374,1,0,1,63
161753,0.427,1,0,1,64
161753,0.442,1,0,1,65
161753,0.465,1,1,1,68
161753,0.423,1,1,1,69
161753,0.406,1,0,1,70
161753,0.358,1,0,1,74
161753,0.403,1,0,1,78
161753,0.407,1,0,1,79
161753,0.467,0,1,1,81
161753,0.658,1,1,1,84
161753,0.5,1,1,1,85
161753,0.474,1,0,1,87
161753,0.44,1,1,1,88
161753,0.451,1,0,1,90
161753,0.392,1,0,1,91
161753,0.453,1,1,1,93
161753,0.381,1,1,1,94
161753,0.413,1,0,1,95
161753,0.362,1,0,1,96
161753,0.465,1,1,1,97
161753,0.452,1,0,1,98
161753,0.391,1,0,1,99
161753,0.536,1,1,1,101
161753,0.441,1,1,1,102
161753,0.408,1,0,1,104
161753,0.475,1,1,1,106
161753,0.502,1,1,1,110
161753,0.505,1,1,1,111
161753,0.592,1,1,1,112
161753,0.43,1,0,1,115
161753,0.435,1,1,1,116
161753,0.534,1,1,1,120
161753,0.409,1,0,1,121
161753,0.374,1,1,1,122
161753,0.463,1,0,1,123
161753,0.31,1,1,1,124
161753,0.344,1,0,1,125
161753,0.399,1,1,1,126
161753,0.401,1,0,1,127
161753,0.44,1,1,1,1
161753,0.426,1,1,1,2
161753,0.361,1,0,1,3
161753,0.544,1,0,1,4
161753,0.483,1,1,1,5
161753,0.457,1,1,1,7
161753,0.463,1,1,1,8
161753,0.412,1,0,1,12
161753,0.49,1,1,1,13
161753,0.441,1,1,1,15
161753,0.44,1,0,1,16
161753,0.375,1,0,1,17
161753,0.408,1,1,1,18
161753,0.39,0,1,1,19
161753,0.529,1,1,1,20
161753,0.461,1,0,1,21
161753,0.512,1,1,1,22
161753,0.441,0,1,1,23
161753,0.444,1,0,1,25
161753,0.398,1,1,1,26
161753,0.424,1,1,1,27
161753,0.382,1,0,1,28
161753,0.541,1,1,1,29
161753,0.528,1,1,1,32
161753,0.473,1,0,1,33
161753,0.445,1,0,1,34
161753,0.41,1,1,1,36
161753,0.391,1,1,1,40
161753,0.389,1,1,1,42
161753,0.596,1,1,1,43
161753,0.431,1,0,1,44
161753,0.487,1,0,1,46
161753,0.418,1,0,1,48
161753,0.424,1,0,1,51
161753,0.47,1,1,1,54
161753,0.457,1,0,1,56
161753,0.417,1,1,1,58
161753,0.431,1,0,1,60
161753,0.469,1,0,1,61
161753,0.507,1,1,1,62
161753,0.436,1,0,1,63
161753,0.401,1,1,1,64
161753,0.416,0,1,1,65
161753,0.398,1,0,1,68
161753,0.416,1,1,1,69
161753,0.392,1,0,1,71
161753,0.485,1,1,1,73
161753,0.417,1,0,1,74
161753,0.386,1,0,1,77
161753,0.486,0,1,1,78
161753,0.432,1,0,1,79
161753,0.474,1,1,1,80
161753,0.485,1,1,1,82
161753,0.457,1,0,1,83
161753,0.421,1,0,1,85
161753,0.392,1,1,1,86
161753,0.422,1,0,1,88
161753,0.417,1,1,1,90
161753,0.419,1,0,1,91
161753,0.418,1,0,1,92
161753,0.486,1,0,1,93
161753,0.539,1,1,1,95
161753,0.39,1,1,1,96
161753,0.39,1,1,1,97
161753,0.383,1,0,1,99
161753,0.374,1,0,1,103
161753,0.385,1,1,1,104
161753,0.417,1,0,1,106
161753,0.37,1,1,1,107
161753,0.457,1,0,1,108
161753,0.474,1,1,1,110
161753,0.406,1,0,1,114
161753,0.442,1,0,1,115
161753,0.607,1,1,1,116
161753,0.533,1,1,1,117
161753,0.476,1,0,1,119
161753,0.384,1,0,1,120
161753,0.397,1,0,1,123
161753,0.44,1,0,1,125
161753,0.401,1,0,1,126
161753,0.475,1,0,1,0
161753,0.366,0,1,1,2
161753,0.433,1,0,1,4
161753,0.425,1,0,1,5
161753,0.458,1,0,1,6
161753,0.391,1,0,1,7
161753,0.463,1,0,1,8
161753,0.475,1,0,1,10
161753,0.423,1,1,1,12
161753,0.486,1,1,1,13
161753,0.439,1,0,1,14
161753,0.401,1,0,1,16
161753,0.375,1,1,1,17
161753,0.423,1,0,1,18
161753,0.415,1,0,1,19
161753,0.391,1,0,1,20
161753,0.367,1,1,1,21
161753,0.474,1,1,1,23
161753,0.373,1,1,1,24
161753,0.443,1,0,1,26
161753,0.501,1,1,1,28
161753,0.457,1,1,1,29
161753,0.441,1,1,1,30
161753,0.408,1,0,1,31
161753,0.441,1,1,1,32
161753,0.409,1,1,1,33
161753,0.452,1,1,1,36
161753,0.461,1,0,1,38
161753,0.521,1,1,1,40
161753,0.38,1,0,1,41
161753,0.506,1,1,1,43
161753,0.477,1,1,1,44
161753,0.5,1,1,1,46
161753,0.395,1,1,1,47
161753,0.404,1,0,1,48
161753,0.464,1,1,1,49
161753,0.39,1,1,1,53
161753,0.48,1,1,1,54
161753,0.44,0,1,1,55
161753,0.458,1,1,1,56
161753,0.459,1,1,1,57
161753,0.451,1,1,1,58
161753,0.49,1,1,1,60
161753,0.44,1,0,1,61
161753,0.439,1,1,1,62
161753,0.458,1,1,1,63
161753,0.392,1,0,1,69
161753,0.412,1,0,1,70
161753,0.4,0,1,1,73
161753,0.377,1,0,1,76
161753,0.39,1,1,1,78
161753,0.357,1,1,1,79
161753,0.377,1,1,1,81
161753,0.439,1,0,1,82
161753,0.4,1,0,1,83
161753,0.363,1,1,1,84
161753,0.456,1,0,1,85
161753,0.454,1,0,1,86
161753,0.388,1,1,1,88
161753,0.353,1,0,1,89
161753,0.431,1,0,1,90
161753,0.375,1,0,1,93
161753,0.452,1,1,1,94
161753,0.473,1,0,1,95
161753,0.395,1,0,1,98
161753,0.398,1,1,1,99
161753,0.408,1,0,1,102
161753,0.399,1,1,1,103
161753,0.457,1,1,1,105
161753,0.432,1,0,1,108
161753,0.474,0,1,1,110
161753,0.454,1,0,1,112
161753,0.598,1,0,1,113
161753,0.456,1,0,1,114
161753,0.544,1,1,1,115
161753,0.452,1,0,1,116
161753,0.408,1,0,1,118
161753,0.357,1,0,1,119
161753,0.496,1,0,1,120
161753,0.384,1,0,1,121
161753,0.475,1,1,1,124
161753,0.469,1,1,1,125
161753,0.376,1,0,1,127
161753,0.451,1,0,1,2
161753,0.42,1,0,1,4
161753,0.454,1,0,1,5
161753,0.412,1,0,1,7
161753,0.488,1,1,1,8
161753,0.408,1,0,1,9
161753,0.405,1,0,1,10
161753,0.46,1,1,1,12
161753,0.58,1,1,1,13
161753,0.393,1,1,1,15
161753,0.375,1,1,1,17
161753,0.421,1,0,1,19
161753,0.414,1,1,1,20
161753,0.474,1,1,1,21
161753,0.457,1,1,1,22
161753,0.458,1,1,1,23
161753,0.457,1,0,1,24
161753,0.375,1,1,1,26
161753,0.362,1,0,1,27
161753,0.401,1,1,1,29
161753,0.434,1,0,1,31
161753,0.478,1,0,1,33
161753,0.373,1,0,1,34
161753,0.475,1,0,1,35
161753,0.417,0,1,1,36
161753,0.434,1,0,1,37
161753,0.466,1,0,1,38
161753,0.417,1,0,1,39
161753,0.417,1,1,1,41
161753,0.536,1,1,1,43
161753,0.485,1,1,1,44
161753,0.39,1,1,1,45
161753,0.5,1,1,1,47
161753,0.485,1,1,1,50
161753,0.445,1,0,1,52
161753,0.441,1,1,1,53
161753,0.374,1,1,1,55
161753,0.409,1,1,1,57
161753,0.34,0,1,1,59
161753,0.478,1,0,1,61
161753,0.49,1,1,1,62
161753,0.373,1,0,1,63
161753,0.407,1,1,1,65
161753,0.391,1,0,1,66
161753,0.373,1,0,1,67
161753,0.402,0,1,1,68
161753,0.437,1,0,1,69
161753,0.45,1,1,1,70
161753,0.505,1,1,1,71
161753,0.447,1,0,1,72
161753,0.511,1,1,1,74
161753,0.419,1,0,1,75
161753,0.396,1,0,1,76
161753,0.393,1,0,1,82
161753,0.393,1,0,1,83
161753,0.378,1,0,1,85
161753,0.521,1,1,1,87
161753,0.391,1,0,1,88
161753,0.498,1,1,1,91
161753,0.435,1,1,1,93
161753,0.368,1,0,1,94
161753,0.541,1,1,1,97
161753,0.424,1,1,1,99
161753,0.424,1,1,1,100
161753,0.503,1,1,1,102
161753,0.468,1,1,1,103
161753,0.374,1,1,1,104
161753,0.391,1,1,1,105
161753,0.386,1,0,1,106
161753,0.405,1,1,1,109
161753,0.42,1,0,1,110
161753,0.42,1,0,1,111
161753,0.386,1,1,1,112
161753,0.44,1,0,1,113
161753,0.447,1,0,1,114
161753,0.404,1,0,1,115
161753,0.447,1,0,1,116
161753,0.394,1,0,1,117
161753,0.369,0,1,1,123
161753,0.424,1,0,1,125
161753,0.375,1,0,1,126
161753,0.44,1,0,1,127
161753,0.544,1,1,1,0
161753,0.358,1,0,1,2
161753,0.452,1,0,1,3
161753,0.636,1,1,1,4
161753,0.424,1,1,1,5
161753,0.476,1,1,1,6
161753,0.41,1,0,1,9
161753,0.439,1,0,1,10
161753,0.399,1,1,1,11
161753,0.471,1,0,1,12
161753,0.41,0,0,1,13
161753,0.476,1,0,1,15
161753,0.663,1,1,1,16
161753,0.441,1,1,1,20
161753,0.454,1,0,1,21
161753,0.437,1,0,1,24
161753,0.467,1,0,1,25
161753,0.444,1,0,1,26
161753,0.425,1,0,1,27
161753,0.667,1,1,1,28
161753,0.44,1,0,1,29
161753,0.434,1,0,1,30
161753,0.368,1,0,1,32
161753,0.388,1,1,1,33
161753,0.484,1,1,1,34
161753,0.637,1,0,1,35
161753,0.474,1,0,1,36
161753,0.467,1,0,1,38
161753,0.507,1,1,1,39
161753,0.458,1,1,1,42
161753,0.373,1,0,1,43
161753,0.39,1,0,1,44
161753,0.516,1,1,1,45
161753,0.473,1,1,1,47
161753,0.382,1,0,1,48
161753,0.476,1,1,1,49
161753,0.381,1,1,1,50
161753,0.386,1,0,1,52
161753,0.373,1,0,1,53
161753,0.39,1,1,1,55
161753,0.355,1,0,1,56
161753,0.357,1,1,1,57
161753,0.458,1,0,1,58
161753,0.372,0,1,1,60
161753,0.507,1,1,1,64
161753,0.411,1,1,1,69
161753,0.444,1,1,1,71
161753,0.428,1,0,1,72
161753,0.468,1,1,1,75
161753,0.51,1,1,1,76
161753,0.444,1,1,1,77
161753,0.426,1,1,1,78
161753,0.43,1,0,1,79
161753,0.458,1,1,1,80
161753,0.403,1,0,1,81
161753,0.389,1,0,1,82
161753,0.386,1,0,1,83
161753,0.426,1,0,1,84
161753,0.402,1,0,1,86
161753,0.449,1,0,1,92
161753,0.424,1,0,1,93
161753,0.395,1,0,1,95
161753,0.345,1,0,1,96
161753,0.522,1,1,1,97
161753,0.343,0,1,1,98
161753,0.418,1,0,1,100
161753,0.417,1,1,1,101
161753,0.568,1,1,1,102
161753,0.373,1,0,1,103
161753,0.502,1,1,1,104
161753,0.473,1,1,1,106
161753,0.502,1,1,1,107
161753,0.372,0,1,1,109
161753,0.436,1,0,1,110
161753,0.485,1,1,1,111
161753,0.456,1,0,1,112
161753,0.425,1,1,1,117
161753,0.494,1,1,1,119
161753,0.591,1,1,1,120
161753,0.424,1,1,1,123
161753,0.473,1,0,1,124
161753,0.406,1,0,1,125
161753,0.485,1,1,1,126
1638,0.7181,1,0,1,0
1638,0.652,1,1,1,4
1638,0.7241,1,1,1,5
1638,0.7192,1,1,1,7
1638,0.5519,1,1,1,8
1638,0.5178,1,0,1,9
1638,0.5182,1,0,1,10
1638,0.5012,1,1,1,11
1638,0.5017,1,1,1,12
1638,0.5559,1,1,1,13
1638,0.6043,1,0,1,14
1638,0.6974,1,0,1,16
1638,0.7192,1,1,1,18
1638,0.4913,1,1,1,19
1638,0.6516,1,1,1,20
1638,0.4531,1,1,1,21
1638,0.6413,1,1,1,22
1638,0.6858,1,1,1,23
1638,0.5014,1,0,1,24
1638,0.485,1,0,1,25
1638,0.5351,1,1,1,26
1638,0.4357,1,1,1,27
1638,0.5675,1,0,1,28
1638,0.4364,1,0,1,30
1638,0.4772,1,1,1,31
1638,0.5524,1,0,1,32
1638,0.469,1,1,1,33
1638,0.4191,1,0,1,34
1638,0.3705,1,0,1,35
1638,0.3862,1,0,1,36
1638,0.4772,1,0,1,37
1638,0.4394,1,0,1,39
1638,0.4188,1,0,1,40
1638,0.3561,1,0,1,41
1638,0.6525,1,1,1,42
1638,0.5845,1,1,1,43
1638,0.6761,1,0,1,44
1638,0.6024,1,1,1,45
1638,0.6017,1,1,1,46
1638,0.5238,1,0,1,47
1638,0.4858,1,0,1,49
1638,0.4371,1,0,1,50
1638,0.506,1,0,1,52
1638,0.5354,1,1,1,53
1638,0.5933,1,1,1,54
1638,0.4526,1,1,1,55
1638,0.3817,1,0,1,56
1638,0.5088,1,0,1,59
1638,0.6678,1,1,1,60
1638,0.5227,1,1,1,62
1638,0.59,1,0,1,65
1638,0.4835,1,0,1,67
1638,0.5425,1,1,1,70
1638,0.5046,1,0,1,73
1638,0.4359,1,0,1,74
1638,0.5711,1,1,1,76
1638,0.587,1,1,1,78
1638,0.4388,1,0,1,79
1638,0.4272,1,0,1,80
1638,0.4676,1,1,1,81
1638,0.4515,1,1,1,83
1638,0.4036,1,1,1,84
1638,0.4058,1,0,1,85
1638,0.3842,1,0,1,87
1638,0.526,1,1,1,89
1638,0.5337,1,1,1,91
1638,0.5221,1,1,1,94
1638,0.5681,1,1,1,96
1638,0.3864,1,0,1,97
1638,0.3607,1,0,1,98
1638,0.8035,1,1,1,104
1638,0.5006,1,0,1,107
1638,0.5731,1,0,1,108
1638,0.5067,1,0,1,109
1638,0.4835,1,0,1,110
1638,0.5347,1,0,1,111
1638,0.4885,1,0,1,114
1638,0.5053,1,0,1,115
1638,0.617,1,1,1,119
1638,0.6151,1,1,1,121
1638,0.6352,1,1,1,122
1638,0.4899,1,1,1,125
1638,0.5403,1,1,1,126
1638,0.6024,1,1,1,0
1638,0.4503,1,0,1,1
1638,0.4939,1,1,1,2
1638,0.4681,1,0,1,4
1638,0.7256,1,0,1,5
1638,0.4163,1,0,1,6
1638,0.5542,1,1,1,7
1638,0.4687,1,0,1,8
1638,0.5491,1,1,1,9
1638,0.5347,1,1,1,12
1638,0.6704,1,1,1,13
1638,0.4347,1,0,1,14
1638,0.4498,1,0,1,16
1638,0.6036,1,1,1,17
1638,0.4523,1,0,1,18
1638,0.5703,1,0,1,19
1638,0.4357,1,0,1,20
1638,0.4662,1,1,1,23
1638,0.4699,1,1,1,24
1638,0.4515,1,0,1,26
1638,0.5141,1,0,1,29
1638,0.5572,1,1,1,32
1638,0.4901,1,1,1,34
1638,0.4892,1,1,1,35
1638,0.4673,1,0,1,37
1638,0.5722,1,1,1,38
1638,0.4625,1,1,1,39
1638,0.4789,1,0,1,41
1638,0.5093,1,1,1,42
1638,0.4759,1,0,1,45
1638,0.453,1,1,1,46
1638,0.4878,1,0,1,47
1638,0.3858,1,0,1,48
1638,0.5483,1,0,1,51
1638,0.5001,1,0,1,53
1638,0.4658,1,1,1,54
1638,0.5392,1,0,1,55
1638,0.4034,1,0,1,56
1638,0.5688,1,1,1,57
1638,0.6374,1,1,1,58
1638,0.5275,1,0,1,59
1638,0.4712,1,0,1,60
1638,0.4741,1,1,1,63
1638,0.4346,1,0,1,66
1638,0.6357,1,1,1,67
1638,0.4899,0,1,1,68
1638,0.6403,1,1,1,70
1638,0.5645,1,0,1,72
1638,0.4934,1,1,1,73
1638,0.6049,1,1,1,74
1638,0.5584,1,1,1,76
1638,0.6062,1,0,1,77
1638,0.5011,1,0,1,78
1638,0.5351,1,1,1,82
1638,0.4995,0,1,1,83
1638,0.4517,1,1,1,86
1638,0.3662,1,1,1,87
1638,0.4497,1,0,1,88
1638,0.4662,1,1,1,91
1638,0.5175,1,1,1,92
1638,0.6349,1,0,1,93
1638,0.3826,0,1,1,94
1638,0.5357,1,1,1,95
1638,0.4495,1,0,1,96
1638,0.6161,1,0,1,97
1638,0.5996,1,0,1,98
1638,0.3995,1,0,1,99
1638,0.4685,1,0,1,100
1638,0.561,1,1,1,101
1638,0.5831,1,1,1,102
1638,0.4274,1,0,1,103
1638,0.6162,1,1,1,107
1638,0.4996,1,0,1,108
1638,0.4661,1,0,1,110
1638,0.6663,1,1,1,111
1638,0.4173,1,0,1,112
1638,0.5327,1,1,1,113
1638,0.5662,1,1,1,116
1638,0.4853,1,0,1,117
1638,0.6161,1,1,1,118
1638,0.4777,1,0,1,123
1638,0.5189,1,0,1,124
1638,0.434,1,1,1,125
1638,0.5496,1,0,1,0
1638,0.6329,1,1,1,1
1638,0.6162,1,1,1,2
1638,0.5994,1,0,1,4
1638,0.583,1,1,1,7
1638,0.4162,1,0,1,9
1638,0.4162,1,1,1,10
1638,0.433,1,0,1,11
1638,0.3992,1,0,1,12
1638,0.5663,1,0,1,15
1638,0.5163,1,1,1,16
1638,0.4663,1,0,1,17
1638,0.5164,1,0,1,18
1638,0.5328,1,0,1,19
1638,0.5262,1,1,1,24
1638,0.4829,1,0,1,25
1638,0.5021,1,1,1,26
1638,0.4185,1,1,1,27
1638,0.4497,1,0,1,29
1638,0.476,1,0,1,30
1638,0.3494,1,0,1,31
1638,0.6339,1,1,1,32
1638,0.566,1,0,1,33
1638,0.5664,1,1,1,34
1638,0.5161,0,0,1,35
1638,0.683,1,1,1,36
1638,0.383,1,0,1,37
1638,0.7829,1,1,1,39
1638,0.4498,1,1,1,40
1638,0.5492,1,1,1,41
1638,0.6353,1,1,1,42
1638,0.4995,1,1,1,43
1638,0.733,1,0,1,44
1638,0.5663,1,1,1,45
1638,0.535,1,0,1,46
1638,0.6856,1,1,1,47
1638,0.4506,1,0,1,48
1638,0.5189,1,1,1,50
1638,0.4854,1,1,1,51
1638,0.3685,1,0,1,53
1638,0.4828,1,0,1,54
1638,0.5663,1,1,1,55
1638,0.4851,1,1,1,56
1638,0.5188,1,1,1,57
1638,0.4995,1,1,1,58
1638,0.5018,1,0,1,60
1638,0.3664,0,0,1,61
1638,0.3831,1,1,1,62
1638,0.3663,0,1,1,63
1638,0.5998,1,0,1,64
1638,0.4163,1,0,1,66
1638,0.5276,1,1,1,67
1638,0.4996,1,0,1,70
1638,0.4161,1,0,1,73
1638,0.3329,0,0,1,74
1638,0.49370000000000003,1,1,1,76
1638,0.3663,1,0,1,77
1638,0.4278,0,0,1,79
1638,0.5023,1,0,1,80
1638,0.4664,1,0,1,83
1638,0.4519,1,1,1,84
1638,0.4174,1,0,1,86
1638,0.3933,1,0,1,87
1638,0.4995,0,1,1,88
1638,0.6161,1,1,1,90
1638,0.5791,1,0,1,91
1638,0.5163,1,1,1,93
1638,0.4163,1,0,1,95
1638,0.4184,1,0,1,96
1638,0.7326,1,0,1,97
1638,0.5163,1,1,1,98
1638,0.6769,1,1,1,99
1638,0.6689,1,1,1,101
1638,0.5661,1,1,1,102
1638,0.5328,1,1,1,104
1638,0.4852,1,0,1,105
1638,0.4995,1,1,1,106
1638,0.483,1,0,1,107
1638,0.4356,1,1,1,110
1638,0.5515,1,0,1,113
1638,0.6833,1,1,1,115
1638,0.5023,1,1,1,121
1638,0.5605,1,1,1,122
1638,0.5018,1,0,1,123
1638,0.6859,1,0,1,0
1638,0.5225,1,1,1,1
1638,0.4179,1,0,1,2
1638,0.5664,1,0,1,3
1638,0.4726,0,1,1,4
1638,0.37,1,1,1,5
1638,0.6014,1,1,1,7
1638,0.5237,1,0,1,8
1638,0.4021,1,0,1,10
1638,0.6181,1,1,1,11
1638,0.4156,1,0,1,12
1638,0.3854,1,0,1,13
1638,0.3787,1,0,1,14
1638,0.4559,1,0,1,16
1638,0.3698,1,0,1,17
1638,0.4782,1,1,1,18
1638,0.5756,1,0,1,19
1638,0.5052,1,1,1,22
1638,0.5007,1,1,1,23
1638,0.4727,1,0,1,27
1638,0.385,1,0,1,28
1638,0.3683,1,0,1,30
1638,0.4892,1,1,1,32
1638,0.369,1,0,1,33
1638,0.516,0,1,1,34
1638,0.4013,1,1,1,36
1638,0.3657,1,0,1,37
1638,0.5338,1,1,1,39
1638,0.536,1,1,1,40
1638,0.6535,1,1,1,41
1638,0.8186,1,0,1,43
1638,0.5414,1,1,1,44
1638,0.602,1,1,1,45
1638,0.5402,1,1,1,46
1638,0.5741,1,1,1,47
1638,0.7553,1,1,1,49
1638,0.3049,1,1,1,53
1638,0.2719,1,0,1,54
1638,0.4185,1,0,1,55
1638,0.3368,1,0,1,56
1638,0.3547,1,0,1,57
1638,0.5732,1,1,1,60
1638,0.4664,1,0,1,63
1638,0.4385,1,0,1,65
1638,0.5064,1,1,1,66
1638,0.4349,1,0,1,67
1638,0.3982,1,1,1,68
1638,0.4221,1,0,1,69
1638,0.4647,1,1,1,70
1638,0.4216,1,1,1,72
1638,0.3919,1,0,1,74
1638,0.5461,1,1,1,75
1638,0.4479,0,1,1,77
1638,0.505,1,0,1,78
1638,0.3995,1,0,1,79
1638,0.4181,1,0,1,80
1638,0.483,1,0,1,82
1638,0.4998,1,1,1,84
1638,0.4011,1,0,1,85
1638,0.4819,1,0,1,86
1638,0.4577,1,1,1,87
1638,0.3689,1,1,1,88
1638,0.5014,1,0,1,90
1638,0.4282,1,1,1,91
1638,0.573,1,1,1,93
1638,0.4354,1,1,1,94
1638,0.4556,1,0,1,95
1638,0.3775,1,1,1,96
1638,0.3511,1,0,1,97
1638,0.4596,1,1,1,102
1638,0.4424,1,0,1,106
1638,0.6106,1,0,1,108
1638,0.5269,1,0,1,110
1638,0.4877,1,0,1,111
1638,0.4851,1,1,1,112
1638,0.426,1,0,1,114
1638,0.4039,1,1,1,115
1638,0.4297,1,1,1,116
1638,0.3513,1,1,1,117
1638,0.3931,1,1,1,121
1638,0.3736,1,0,1,122
1638,0.4411,1,1,1,123
1638,0.4511,1,1,1,125
1638,0.3788,0,0,1,127
1638,0.3475,1,0,1,1
1638,0.4727,1,0,1,2
1638,0.5495,1,1,1,4
1638,0.4751,1,1,1,5
1638,0.5048,1,1,1,9
1638,0.3574,1,1,1,10
1638,0.4013,1,1,1,13
1638,0.3535,1,0,1,14
1638,0.4314,1,0,1,18
1638,0.3545,1,0,1,20
1638,0.5377,1,0,1,21
1638,0.4843,1,1,1,22
1638,0.6512,1,0,1,23
1638,0.5552,1,0,1,26
1638,0.4681,1,1,1,29
1638,0.3659,1,0,1,30
1638,0.4022,1,0,1,31
1638,0.2732,1,1,1,32
1638,0.4645,1,1,1,33
1638,0.4932,1,1,1,35
1638,0.419,1,1,1,36
1638,0.7164,1,1,1,37
1638,0.3667,1,0,1,38
1638,0.5384,1,0,1,39
1638,0.5687,1,1,1,41
1638,0.465,1,1,1,42
1638,0.54990000000000006,1,0,1,44
1638,0.4946,1,0,1,45
1638,0.5883,1,1,1,47
1638,0.4555,1,0,1,48
1638,0.5361,1,0,1,50
1638,0.542,1,1,1,51
1638,0.4349,1,0,1,53
1638,0.7682,1,1,1,57
1638,0.4893,1,1,1,58
1638,0.4348,1,0,1,61
1638,0.4922,1,1,1,63
1638,0.4467,1,1,1,64
1638,0.6144,1,1,1,65
1638,0.5167,1,0,1,66
1638,0.4499,1,0,1,70
1638,0.3905,1,1,1,72
1638,0.3708,1,1,1,73
1638,0.385,1,1,1,74
1638,0.4276,0,0,1,75
1638,0.4041,1,0,1,76
1638,0.3853,1,0,1,79
1638,0.4002,1,1,1,80
1638,0.3847,1,0,1,81
1638,0.4146,1,1,1,82
1638,0.355,1,0,1,86
1638,0.345,1,0,1,87
1638,0.3681,1,0,1,88
1638,0.5395,1,1,1,89
1638,0.455,1,1,1,91
1638,0.3513,1,0,1,93
1638,0.3927,1,1,1,94
1638,0.4534,1,1,1,95
1638,0.4714,1,1,1,97
1638,0.4154,1,0,1,98
1638,0.4001,1,0,1,99
1638,0.4247,1,0,1,101
1638,0.3513,1,0,1,102
1638,0.4702,1,1,1,103
1638,0.4699,1,1,1,105
1638,0.3098,1,0,1,106
1638,0.349,1,0,1,107
1638,0.3762,1,0,1,110
1638,0.7267,1,1,1,111
1638,0.4222,1,1,1,112
1638,0.5686,1,0,1,113
1638,0.4866,1,1,1,115
1638,0.485,1,1,1,116
1638,0.5114,1,0,1,117
1638,0.4953,1,1,1,118
1638,0.4999,1,1,1,119
1638,0.6159,1,1,1,120
1638,0.4847,1,0,1,121
1638,0.4589,1,0,1,122
1638,0.5198,1,0,1,123
1638,0.4753,1,1,1,124
1638,0.5011,1,1,1,125
1638,0.6497,1,0,1,126
1638,0.4696,1,0,1,127
1638,0.3912,1,0,1,1
1638,0.3851,0,1,1,2
1638,0.4841,1,1,1,4
1638,0.4552,1,1,1,5
1638,0.6045,1,0,1,7
1638,0.4604,1,1,1,13
1638,0.4029,1,1,1,14
1638,0.4661,1,1,1,15
1638,0.519,1,0,1,16
1638,0.433,1,0,1,17
1638,0.4551,1,1,1,20
1638,0.4735,1,1,1,21
1638,0.4518,1,0,1,24
1638,0.5357,1,1,1,25
1638,0.5021,1,1,1,26
1638,0.4549,1,1,1,28
1638,0.602,1,1,1,29
1638,0.4844,1,1,1,31
1638,0.4875,1,1,1,32
1638,0.6908,1,1,1,33
1638,0.6827,1,1,1,36
1638,0.5513,1,0,1,37
1638,0.3588,1,0,1,39
1638,0.4854,1,0,1,40
1638,0.3672,1,0,1,41
1638,0.5079,1,1,1,42
1638,0.3886,1,0,1,43
1638,0.4686,1,1,1,45
1638,0.4349,1,0,1,46
1638,0.3985,1,0,1,47
1638,0.5723,0,0,1,48
1638,0.625,1,0,1,50
1638,0.6065,1,1,1,51
1638,0.4429,1,0,1,53
1638,0.6678,1,0,1,54
1638,0.4397,1,0,1,55
1638,0.495,1,1,1,56
1638,0.5011,1,0,1,59
1638,0.4857,1,0,1,60
1638,0.4352,1,0,1,63
1638,0.4524,1,0,1,64
1638,0.469,1,1,1,65
1638,0.436,1,0,1,68
1638,0.4227,1,0,1,70
1638,0.5702,1,1,1,71
1638,0.5601,1,1,1,72
1638,0.6682,1,1,1,73
1638,0.523,1,0,1,75
1638,0.485,1,1,1,76
1638,0.4358,1,0,1,77
1638,0.505,1,1,1,79
1638,0.4329,1,1,1,80
1638,0.339,1,0,1,81
1638,0.5851,1,1,1,82
1638,0.438,1,0,1,83
1638,0.4443,1,1,1,84
1638,0.4941,1,0,1,87
1638,0.4711,1,0,1,88
1638,0.4654,1,0,1,90
1638,0.4025,1,1,1,91
1638,0.4079,1,0,1,92
1638,0.3836,1,0,1,94
1638,0.4011,1,0,1,97
1638,0.6062,1,1,1,100
1638,0.4598,1,0,1,102
1638,0.4342,1,1,1,104
1638,0.3869,1,1,1,105
1638,0.602,1,1,1,107
1638,0.4209,1,1,1,108
1638,0.6245,1,0,1,109
1638,0.4855,1,1,1,110
1638,0.485,1,1,1,111
1638,0.4874,1,1,1,112
1638,0.4506,1,0,1,113
1638,0.4026,1,0,1,114
1638,0.4683,1,0,1,115
1638,0.5205,1,1,1,116
1638,0.4525,1,0,1,119
1638,0.4721,1,0,1,120
1638,0.3859,1,1,1,121
1638,0.3852,1,0,1,122
1638,0.4842,1,0,1,125
1638,0.4207,1,1,1,126
1638,0.4754,1,1,1,127
1638,0.6685,1,1,1,0
1638,0.4756,1,0,1,5
1638,0.461,1,0,1,6
1638,0.4698,1,0,1,7
1638,0.5647,1,1,1,8
1638,0.3908,1,0,1,10
1638,0.485,1,1,1,16
1638,0.4558,1,0,1,18
1638,0.4852,1,0,1,19
1638,0.721,1,1,1,21
1638,0.5351,1,1,1,22
1638,0.5599,1,0,1,23
1638,0.5849,1,1,1,24
1638,0.4186,1,1,1,25
1638,0.5274,1,0,1,26
1638,0.7908,1,1,1,27
1638,0.5775,1,1,1,29
1638,0.6833,1,0,1,31
1638,0.4725,1,0,1,32
1638,0.4092,1,0,1,33
1638,0.385,1,1,1,34
1638,0.4031,1,0,1,35
1638,0.4208,1,1,1,36
1638,0.356,1,0,1,39
1638,0.4663,1,0,1,40
1638,0.524,1,0,1,41
1638,0.5674,1,1,1,42
1638,0.457,1,0,1,43
1638,0.4841,1,1,1,44
1638,0.4204,1,0,1,45
1638,0.407,1,1,1,46
1638,0.4519,1,0,1,47
1638,0.3693,1,0,1,48
1638,0.4816,1,0,1,49
1638,0.4902,1,1,1,52
1638,0.5074,1,1,1,53
1638,0.4028,1,1,1,54
1638,0.4704,1,0,1,57
1638,0.3901,1,0,1,58
1638,0.4939,1,0,1,60
1638,0.4849,1,1,1,61
1638,0.452,1,1,1,63
1638,0.6181,1,1,1,64
1638,0.5362,1,0,1,65
1638,0.5045,1,0,1,68
1638,0.5029,1,0,1,69
1638,0.5611,1,0,1,70
1638,0.4025,1,0,1,71
1638,0.538,1,1,1,72
1638,0.5007,1,1,1,73
1638,0.4668,1,1,1,74
1638,0.4697,1,1,1,76
1638,0.467,1,1,1,77
1638,0.4732,1,0,1,78
1638,0.5363,1,1,1,79
1638,0.3683,1,1,1,80
1638,0.3774,1,0,1,82
1638,0.4389,1,0,1,83
1638,0.4847,1,1,1,84
1638,0.5018,1,0,1,86
1638,0.3256,0,0,1,87
1638,0.4935,1,0,1,88
1638,0.4513,1,1,1,92
1638,0.5752,1,1,1,93
1638,0.5107,1,1,1,94
1638,0.6072,1,1,1,95
1638,0.3902,1,1,1,97
1638,0.3694,1,1,1,98
1638,0.4517,1,1,1,100
1638,0.6234,1,1,1,101
1638,0.5021,1,0,1,103
1638,0.3919,1,0,1,104
1638,0.5867,1,1,1,107
1638,0.5738,1,0,1,108
1638,0.4913,1,1,1,111
1638,0.4512,1,0,1,112
1638,0.4545,1,1,1,113
1638,0.369,1,1,1,114
1638,0.4512,1,0,1,116
1638,0.5519,1,1,1,117
1638,0.4661,1,0,1,119
1638,0.3688,1,0,1,121
1638,0.4514,1,0,1,123
1638,0.4187,1,1,1,125
1638,0.6526,1,1,1,0
1638,0.3898,1,0,1,2
1638,0.3737,1,0,1,3
1638,0.4619,1,1,1,5
1638,0.4409,1,1,1,6
1638,0.7209,1,1,1,8
1638,0.5082,1,1,1,10
1638,0.3856,1,0,1,12
1638,0.4233,1,0,1,15
1638,0.4335,1,0,1,16
1638,0.3853,1,1,1,17
1638,0.6031,1,0,1,18
1638,0.4897,1,0,1,20
1638,0.5755,1,1,1,23
1638,0.5072,1,1,1,24
1638,0.4169,1,0,1,26
1638,0.6214,1,1,1,27
1638,0.3853,1,0,1,28
1638,0.4059,1,1,1,29
1638,0.6015,1,1,1,32
1638,0.4289,1,0,1,33
1638,0.4181,1,0,1,34
1638,0.4508,1,1,1,36
1638,0.5673,1,0,1,37
1638,0.4013,1,1,1,38
1638,0.4188,1,0,1,42
1638,0.5021,1,1,1,43
1638,0.4235,1,1,1,46
1638,0.4459,1,1,1,47
1638,0.4847,1,0,1,48
1638,0.4182,1,1,1,49
1638,0.4181,1,0,1,51
1638,0.368,1,0,1,52
1638,0.3795,1,0,1,53
1638,0.3684,1,0,1,54
1638,0.4524,1,1,1,55
1638,0.4644,1,1,1,56
1638,0.4162,0,1,1,57
1638,0.3663,1,0,1,59
1638,0.4693,1,1,1,62
1638,0.433,1,1,1,63
1638,0.4495,1,1,1,67
1638,0.5687,1,1,1,68
1638,0.5621,1,1,1,69
1638,0.5661,1,0,1,70
1638,0.4835,0,1,1,72
1638,0.6337,1,0,1,73
1638,0.5161,1,0,1,74
1638,0.3856,1,0,1,75
1638,0.4688,1,1,1,77
1638,0.596,1,0,1,78
1638,0.6498,1,0,1,79
1638,0.4591,1,0,1,80
1638,0.443,1,1,1,84
1638,0.4021,1,0,1,85
1638,0.3855,1,1,1,86
1638,0.4494,1,0,1,87
1638,0.4664,1,0,1,89
1638,0.3568,1,0,1,90
1638,0.546,1,1,1,92
1638,0.452,1,1,1,93
1638,0.4663,1,0,1,94
1638,0.4646,1,0,1,95
1638,0.4026,1,0,1,98
1638,0.3852,1,0,1,99
1638,0.6354,1,1,1,101
1638,0.5269,1,0,1,103
1638,0.6455,1,1,1,104
1638,0.3433,0,0,1,105
1638,0.4777,1,1,1,106
1638,0.433,1,1,1,109
1638,0.381,1,1,1,110
1638,0.5466,1,1,1,112
1638,0.4995,1,1,1,113
1638,0.4448,1,0,1,114
1638,0.4519,1,0,1,116
1638,0.5093,1,0,1,117
1638,0.5186,1,1,1,118
1638,0.548,1,0,1,119
1638,0.4854,1,0,1,120
1638,0.5163,1,0,1,123
1638,0.6802,1,1,1,124
1638,0.5686,1,1,1,125
1638,0.3451,1,1,1,126
1657,0.6858,1,1,1,0
1657,0.4227,1,1,1,2
1657,0.4649,1,1,1,3
1657,0.4008,1,0,1,4
1657,0.356,1,1,1,5
1657,0.3508,1,0,1,6
1657,0.3286,1,0,1,7
1657,0.4059,1,0,1,8
1657,0.337,1,1,1,9
1657,0.3656,1,1,1,11
1657,0.3487,1,0,1,12
1657,0.4178,1,1,1,14
1657,0.3176,1,0,1,17
1657,0.3367,1,1,1,18
1657,0.4689,1,1,1,19
1657,0.3336,1,0,1,20
1657,0.3851,1,1,1,21
1657,0.3986,1,0,1,22
1657,0.5219,1,0,1,23
1657,0.489,1,1,1,24
1657,0.4341,1,0,1,25
1657,0.4859,1,1,1,27
1657,0.3649,1,0,1,31
1657,0.5544,1,0,1,34
1657,0.4688,1,1,1,37
1657,0.4662,1,1,1,39
1657,0.3159,1,1,1,41
1657,0.2672,1,1,1,43
1657,0.3549,1,0,1,44
1657,0.31720000000000004,1,0,1,45
1657,0.337,1,0,1,46
1657,0.35030000000000006,1,1,1,47
1657,0.2998,0,1,1,48
1657,0.5107,1,0,1,49
1657,0.5537,1,0,1,50
1657,0.3833,1,0,1,51
1657,0.3381,1,1,1,52
1657,0.39970000000000006,1,0,1,53
1657,0.30910000000000004,1,1,1,55
1657,0.3722,1,1,1,56
1657,0.606,1,0,1,57
1657,0.4146,1,0,1,59
1657,0.3834999999999999,0,1,1,63
1657,0.5376,1,0,1,65
1657,0.3065,1,0,1,66
1657,0.35050000000000003,1,0,1,67
1657,0.3837,1,0,1,68
1657,0.389,1,0,1,69
1657,0.47330000000000005,1,1,1,70
1657,0.4825,1,1,1,73
1657,0.4704,1,1,1,74
1657,0.4716,1,1,1,75
1657,0.3863,1,1,1,79
1657,0.3824,1,1,1,81
1657,0.3813,1,0,1,82
1657,0.3515,1,0,1,84
1657,0.5042,1,1,1,85
1657,0.35330000000000006,1,1,1,87
1657,0.3683,1,0,1,90
1657,0.3809,1,0,1,91
1657,0.4831,1,1,1,92
1657,0.35319999999999996,1,1,1,93
1657,0.334,1,0,1,94
1657,0.2571,1,1,1,96
1657,0.25470000000000004,1,0,1,97
1657,0.3014,0,1,1,98
1657,0.4078000000000001,1,0,1,99
1657,0.4177,1,0,1,101
1657,0.4512,1,1,1,105
1657,0.4037,1,0,1,106
1657,0.3578,1,0,1,107
1657,0.4676,1,1,1,108
1657,0.3179,0,0,1,109
1657,0.40070000000000006,1,0,1,111
1657,0.4179000000000001,1,1,1,112
1657,0.3708,1,0,1,113
1657,0.3664,1,1,1,116
1657,0.5172,1,1,1,119
1657,0.4758,1,1,1,120
1657,0.5377,1,1,1,121
1657,0.4034,1,0,1,122
1657,0.5022,1,1,1,124
1657,0.3656,1,0,1,125
1657,0.4285,1,0,1,126
1657,0.5368,1,1,1,0
1657,0.5189,1,0,1,1
1657,0.4118,1,0,1,2
1657,0.4717,1,1,1,3
1657,0.2839,0,1,1,4
1657,0.4851,1,1,1,6
1657,0.3903,1,0,1,8
1657,0.4702,1,1,1,10
1657,0.4383,1,0,1,11
1657,0.4453,1,0,1,12
1657,0.5835,1,1,1,13
1657,0.4779,1,1,1,15
1657,0.3863,1,0,1,16
1657,0.5503,1,1,1,17
1657,0.4224,1,0,1,18
1657,0.5224,1,0,1,19
1657,0.417,1,0,1,20
1657,0.4223,1,0,1,22
1657,0.6897,1,0,1,23
1657,0.4005,1,1,1,24
1657,0.3702,1,1,1,25
1657,0.3419,0,1,1,27
1657,0.3893,1,1,1,29
1657,0.3538,1,0,1,30
1657,0.4169,1,0,1,33
1657,0.3857,1,1,1,34
1657,0.372,0,1,1,37
1657,0.4336,1,1,1,39
1657,0.4586,1,0,1,40
1657,0.3371,1,1,1,42
1657,0.404,1,0,1,45
1657,0.3712,1,0,1,46
1657,0.3509,1,0,1,47
1657,0.3246,1,0,1,48
1657,0.3503,1,0,1,50
1657,0.4866,1,1,1,51
1657,0.2998,0,1,1,53
1657,0.4388,1,1,1,54
1657,0.5338,1,1,1,55
1657,0.4063,1,0,1,56
1657,0.3673,1,0,1,57
1657,0.4065,1,1,1,58
1657,0.4556,1,1,1,59
1657,0.4534,1,0,1,61
1657,0.4344,1,0,1,62
1657,0.4552000000000001,1,1,1,67
1657,0.3551,1,0,1,69
1657,0.3713999999999999,1,0,1,71
1657,0.3678,1,1,1,72
1657,0.4863,1,1,1,75
1657,0.3982,0,1,1,77
1657,0.4171,1,1,1,78
1657,0.4181,1,1,1,80
1657,0.5233,1,0,1,81
1657,0.4328999999999999,1,1,1,82
1657,0.43400000000000005,1,0,1,84
1657,0.43400000000000005,1,0,1,86
1657,0.41680000000000006,1,0,1,89
1657,0.4217999999999999,1,0,1,91
1657,0.351,1,0,1,92
1657,0.3817,1,0,1,93
1657,0.4356,1,0,1,94
1657,0.4071,1,1,1,95
1657,0.3548,0,1,1,96
1657,0.3977,1,0,1,97
1657,0.4191,1,1,1,98
1657,0.544,1,1,1,100
1657,0.4186,1,0,1,101
1657,0.4364,1,0,1,103
1657,0.3857,1,1,1,105
1657,0.3836000000000001,1,0,1,106
1657,0.3494,0,1,1,108
1657,0.3882,1,1,1,111
1657,0.4142,0,1,1,112
1657,0.4553,1,1,1,115
1657,0.3666,1,0,1,116
1657,0.3937,1,0,1,117
1657,0.3867,1,0,1,118
1657,0.3871,1,1,1,119
1657,0.404,1,0,1,120
1657,0.4103,1,1,1,122
1657,0.402,1,1,1,123
1657,0.7013,1,0,1,124
1657,0.35430000000000006,1,1,1,127
1657,0.4171,1,0,1,2
1657,0.4342,1,0,1,3
1657,0.3093,1,0,1,4
1657,0.4348,1,0,1,6
1657,0.5672,1,0,1,8
1657,0.3545,1,0,1,9
1657,0.4461,1,1,1,11
1657,0.4211,1,0,1,12
1657,0.3715,1,0,1,13
1657,0.37350000000000005,1,0,1,14
1657,0.35629999999999995,1,1,1,15
1657,0.3541,1,1,1,16
1657,0.652,1,1,1,17
1657,0.3876,1,0,1,18
1657,0.4719,1,1,1,20
1657,0.3526,1,0,1,21
1657,0.4431,1,0,1,23
1657,0.3875,0,0,1,24
1657,0.4956,1,1,1,25
1657,0.3705000000000001,1,0,1,26
1657,0.3943,1,0,1,29
1657,0.421,1,0,1,31
1657,0.4513,1,1,1,33
1657,0.4836,1,1,1,35
1657,0.425,1,1,1,36
1657,0.4731,1,1,1,39
1657,0.3341,1,1,1,41
1657,0.3844999999999999,1,1,1,42
1657,0.4262,1,1,1,44
1657,0.5192,1,1,1,47
1657,0.4039,0,1,1,49
1657,0.4906,1,1,1,50
1657,0.3577,1,1,1,52
1657,0.4174,1,1,1,55
1657,0.5245,1,1,1,56
1657,0.3521,1,0,1,57
1657,0.4707,1,0,1,58
1657,0.389,1,1,1,59
1657,0.3322,1,0,1,60
1657,0.3577,1,0,1,61
1657,0.3672,1,1,1,62
1657,0.311,1,1,1,64
1657,0.2892,1,0,1,65
1657,0.4716,1,0,1,66
1657,0.5392,1,0,1,68
1657,0.5021,1,1,1,71
1657,0.4888,1,1,1,72
1657,0.4339,1,0,1,75
1657,0.4135,1,0,1,76
1657,0.3873,1,0,1,78
1657,0.35650000000000004,1,1,1,79
1657,0.338,1,1,1,80
1657,0.3055,0,0,1,81
1657,0.3338,1,0,1,82
1657,0.3907000000000001,1,0,1,83
1657,0.3848,1,0,1,84
1657,0.5867,1,1,1,85
1657,0.585,1,1,1,87
1657,0.468,1,0,1,90
1657,0.3391,1,1,1,91
1657,0.4553,1,0,1,92
1657,0.3726,1,0,1,94
1657,0.4332,1,1,1,97
1657,0.3824999999999999,1,0,1,99
1657,0.6196,1,1,1,100
1657,0.3859,1,0,1,101
1657,0.3517,1,0,1,102
1657,0.4848,1,1,1,103
1657,0.3375,1,1,1,105
1657,0.2999,1,1,1,106
1657,0.3541,1,0,1,108
1657,0.3791,1,0,1,110
1657,0.4335,1,0,1,113
1657,0.634,1,0,1,114
1657,0.3386,0,1,1,115
1657,0.4568,1,1,1,116
1657,0.3722,1,0,1,118
1657,0.3883,0,1,1,119
1657,0.4061,1,1,1,120
1657,0.4998,1,1,1,122
1657,0.4708,1,1,1,123
1657,0.4148,1,0,1,124
1657,0.3862,1,1,1,125
1657,0.4546,1,1,1,127
1657,0.4348999999999999,1,1,1,2
1657,0.3666,1,0,1,3
1657,0.3472,1,0,1,5
1657,0.4673000000000001,1,1,1,6
1657,0.3893,1,1,1,7
1657,0.3557,1,1,1,8
1657,0.3673,0,1,1,9
1657,0.3854,1,0,1,10
1657,0.4503,1,1,1,12
1657,0.3871,1,0,1,13
1657,0.4032,1,1,1,15
1657,0.4854,1,1,1,17
1657,0.3842,1,1,1,18
1657,0.3537,1,0,1,19
1657,0.3827,1,0,1,20
1657,0.35030000000000006,1,0,1,22
1657,0.3836000000000001,1,0,1,23
1657,0.4376,1,1,1,24
1657,0.3846,1,0,1,25
1657,0.3507,1,1,1,27
1657,0.372,1,0,1,28
1657,0.3986,1,1,1,30
1657,0.4013,1,0,1,31
1657,0.4356,1,1,1,32
1657,0.3167,1,0,1,33
1657,0.4871,1,1,1,35
1657,0.3495,1,0,1,36
1657,0.3035,1,1,1,37
1657,0.6159,1,0,1,38
1657,0.3014,0,1,1,39
1657,0.4177,1,0,1,40
1657,0.3036,1,0,1,41
1657,0.31720000000000004,1,1,1,42
1657,0.4644,1,1,1,43
1657,0.3173,0,0,1,44
1657,0.2785,0,1,1,46
1657,0.4258,1,0,1,47
1657,0.368,1,1,1,48
1657,0.3683,1,0,1,50
1657,0.3884,1,0,1,52
1657,0.4731,1,1,1,54
1657,0.425,1,0,1,57
1657,0.3888,1,0,1,63
1657,0.5222,1,0,1,67
1657,0.4078000000000001,1,0,1,68
1657,0.485,1,1,1,72
1657,0.334,1,0,1,74
1657,0.5984,1,0,1,75
1657,0.4336,1,0,1,77
1657,0.4367,1,1,1,78
1657,0.40270000000000006,1,1,1,80
1657,0.5934,1,1,1,81
1657,0.4843,1,1,1,84
1657,0.4645,1,0,1,85
1657,0.3894,1,0,1,87
1657,0.4383,1,0,1,89
1657,0.3531,1,0,1,90
1657,0.3337,1,1,1,91
1657,0.5016,1,1,1,92
1657,0.4328,1,0,1,94
1657,0.5368,1,0,1,95
1657,0.3612,1,1,1,97
1657,0.375,0,1,1,98
1657,0.4486,1,1,1,99
1657,0.5324,1,0,1,100
1657,0.3671,1,1,1,103
1657,0.4376,1,1,1,105
1657,0.3159,1,0,1,106
1657,0.3739,1,1,1,107
1657,0.4693000000000001,1,1,1,109
1657,0.3957,1,0,1,110
1657,0.3813,0,1,1,111
1657,0.4689,1,1,1,112
1657,0.4342,1,1,1,114
1657,0.4239,1,0,1,115
1657,0.5502,1,1,1,117
1657,0.4695,1,1,1,120
1657,0.3921,1,0,1,121
1657,0.4845,1,0,1,122
1657,0.38860000000000006,1,1,1,123
1657,0.4541,1,0,1,124
1657,0.4055,1,1,1,125
1657,0.38460000000000005,1,0,1,127
1657,0.4504,1,0,1,0
1657,0.6738999999999999,1,1,1,1
1657,0.4845,1,1,1,2
1657,0.3969,1,0,1,3
1657,0.3513,1,1,1,5
1657,0.351,0,1,1,6
1657,0.4570999999999999,1,0,1,9
1657,0.3537,1,0,1,10
1657,0.3161,1,0,1,12
1657,0.3676,0,1,1,14
1657,0.5376,1,1,1,15
1657,0.4687,1,1,1,16
1657,0.407,1,0,1,17
1657,0.4573,1,0,1,18
1657,0.4151,1,0,1,19
1657,0.4094,1,1,1,20
1657,0.5841,1,1,1,22
1657,0.4188,1,1,1,24
1657,0.3847,1,0,1,26
1657,0.3064,1,1,1,28
1657,0.35440000000000005,1,0,1,29
1657,0.3545,1,0,1,30
1657,0.3708,1,0,1,31
1657,0.4505,1,1,1,33
1657,0.6545,1,0,1,34
1657,0.6702,1,1,1,35
1657,0.4006,1,1,1,36
1657,0.5507,1,0,1,37
1657,0.35840000000000005,1,0,1,38
1657,0.5169,1,1,1,40
1657,0.2989,1,1,1,41
1657,0.4661,1,0,1,45
1657,0.417,1,0,1,47
1657,0.5332,1,1,1,49
1657,0.28390000000000004,1,0,1,50
1657,0.3327,1,1,1,51
1657,0.5701,1,1,1,54
1657,0.33499999999999996,1,1,1,55
1657,0.3752,1,0,1,56
1657,0.4068000000000001,1,0,1,58
1657,0.4683000000000001,1,1,1,59
1657,0.3996,1,0,1,60
1657,0.6197,1,1,1,62
1657,0.4186,1,0,1,64
1657,0.398,1,0,1,65
1657,0.4026,1,0,1,67
1657,0.4175,1,1,1,68
1657,0.3832,1,1,1,69
1657,0.3332,1,0,1,71
1657,0.4039,1,0,1,74
1657,0.4585,1,1,1,75
1657,0.4041,1,0,1,78
1657,0.33540000000000003,1,1,1,80
1657,0.4136,1,1,1,82
1657,0.4848,1,1,1,83
1657,0.4504,1,1,1,84
1657,0.40170000000000006,1,1,1,86
1657,0.3995,1,1,1,88
1657,0.4191,1,1,1,90
1657,0.5771,0,1,1,91
1657,0.3712,1,1,1,92
1657,0.3547,1,0,1,94
1657,0.4394,0,0,1,95
1657,0.4835,1,1,1,96
1657,0.3954,1,0,1,97
1657,0.4808,1,1,1,98
1657,0.3212,1,1,1,99
1657,0.4492,1,0,1,101
1657,0.3676,0,1,1,102
1657,0.6014999999999999,1,0,1,106
1657,0.4212,1,0,1,108
1657,0.3328,1,1,1,109
1657,0.6685,1,0,1,111
1657,0.3698,1,0,1,112
1657,0.412,1,0,1,113
1657,0.3416,1,0,1,115
1657,0.4073,1,0,1,116
1657,0.401,1,0,1,118
1657,0.3676,1,0,1,120
1657,0.338,0,0,1,121
1657,0.489,1,1,1,122
1657,0.4539,1,1,1,123
1657,0.3509,1,0,1,125
1657,0.4529,1,1,1,1
1657,0.4354,1,0,1,4
1657,0.4512000000000001,1,1,1,5
1657,0.3678,1,0,1,7
1657,0.3342,1,1,1,9
1657,0.4506,1,1,1,10
1657,0.3559,1,1,1,11
1657,0.3676,1,0,1,13
1657,0.3162,1,0,1,14
1657,0.4032,1,0,1,15
1657,0.3014,1,1,1,17
1657,0.3849,1,0,1,19
1657,0.4664,1,1,1,20
1657,0.5019,1,1,1,21
1657,0.3547,1,0,1,22
1657,0.3704,1,1,1,23
1657,0.2848,1,0,1,25
1657,0.4529,1,1,1,26
1657,0.3002,1,1,1,27
1657,0.5676,1,0,1,28
1657,0.41680000000000006,1,0,1,29
1657,0.3893,1,1,1,30
1657,0.3851,1,0,1,34
1657,0.3673,0,0,1,35
1657,0.4036,1,0,1,36
1657,0.465,1,1,1,40
1657,0.634,1,1,1,41
1657,0.43400000000000005,1,1,1,43
1657,0.3843,1,0,1,44
1657,0.35230000000000006,1,0,1,45
1657,0.3989,1,1,1,47
1657,0.3502,1,1,1,48
1657,0.3851,1,1,1,50
1657,0.3673,1,0,1,51
1657,0.4546,1,0,1,52
1657,0.3645,1,0,1,53
1657,0.418,1,1,1,54
1657,0.332,1,0,1,55
1657,0.3249,1,1,1,58
1657,0.351,1,0,1,59
1657,0.3141,0,0,1,60
1657,0.4713,1,1,1,62
1657,0.4192,1,1,1,63
1657,0.3315,1,0,1,64
1657,0.4473,1,0,1,66
1657,0.3829,1,1,1,67
1657,0.5677,1,1,1,69
1657,0.4862999999999999,1,1,1,71
1657,0.5813,1,1,1,72
1657,0.35109999999999997,1,1,1,73
1657,0.35240000000000005,1,1,1,74
1657,0.3871,1,0,1,75
1657,0.4183,1,0,1,79
1657,0.3508,1,0,1,81
1657,0.30620000000000003,0,0,1,82
1657,0.4223,1,0,1,85
1657,0.6252,1,1,1,86
1657,0.3484,1,1,1,88
1657,0.25980000000000003,1,1,1,89
1657,0.3729,1,1,1,90
1657,0.4033,0,0,1,95
1657,0.4232,1,0,1,96
1657,0.3838,1,0,1,97
1657,0.4039,1,0,1,100
1657,0.35,1,0,1,102
1657,0.522,1,0,1,104
1657,0.4043,1,0,1,105
1657,0.4328,1,0,1,106
1657,0.2511,0,1,1,109
1657,0.5362,1,1,1,111
1657,0.3525,1,0,1,112
1657,0.6562,1,1,1,113
1657,0.3381,0,1,1,115
1657,0.4688,1,1,1,118
1657,0.3854999999999999,1,0,1,120
1657,0.5213,1,1,1,121
1657,0.3639,1,1,1,122
1657,0.4708,1,1,1,123
1657,0.3731,0,1,1,124
1657,0.4406,1,0,1,125
1657,0.4369,1,0,1,126
1657,0.3538,1,0,1,127
1657,0.3802,1,0,1,3
1657,0.4341,1,1,1,4
1657,0.3543,1,1,1,6
1657,0.31779999999999997,1,0,1,8
1657,0.3996,1,0,1,9
1657,0.3494,0,1,1,10
1657,0.3342,0,1,1,11
1657,0.4052,1,0,1,13
1657,0.3829,1,1,1,14
1657,0.3884,1,1,1,15
1657,0.4217,1,0,1,16
1657,0.3678,1,0,1,17
1657,0.422,1,0,1,18
1657,0.4006,1,1,1,19
1657,0.4587,1,1,1,22
1657,0.3833,1,1,1,23
1657,0.3169,0,1,1,24
1657,0.4872,1,1,1,25
1657,0.368,1,0,1,26
1657,0.4013,0,0,1,28
1657,0.384,1,0,1,29
1657,0.3851,1,0,1,30
1657,0.385,1,0,1,31
1657,0.3347,1,0,1,32
1657,0.382,1,0,1,33
1657,0.4679,1,1,1,34
1657,0.3854999999999999,1,1,1,35
1657,0.3717,1,1,1,36
1657,0.3836000000000001,1,0,1,37
1657,0.4338999999999999,1,1,1,39
1657,0.3554,1,1,1,40
1657,0.3364,1,0,1,41
1657,0.4561,1,0,1,45
1657,0.3834999999999999,1,1,1,46
1657,0.3666,1,0,1,49
1657,0.3085,1,0,1,50
1657,0.4062,1,0,1,53
1657,0.3844999999999999,1,0,1,55
1657,0.4852,1,1,1,56
1657,0.3709,1,1,1,57
1657,0.4332,1,0,1,58
1657,0.4043,1,0,1,62
1657,0.5046,1,1,1,63
1657,0.3648,1,0,1,65
1657,0.31620000000000004,1,0,1,67
1657,0.3837,1,0,1,73
1657,0.32130000000000003,1,1,1,74
1657,0.3187,1,1,1,75
1657,0.3644,0,1,1,76
1657,0.4343,1,0,1,77
1657,0.3189,1,1,1,78
1657,0.406,1,0,1,79
1657,0.3972,1,0,1,80
1657,0.35230000000000006,1,1,1,84
1657,0.503,1,0,1,87
1657,0.4337,1,0,1,88
1657,0.4199000000000001,1,0,1,89
1657,0.2761,1,1,1,90
1657,0.3722,1,1,1,91
1657,0.501,1,1,1,93
1657,0.3396,0,1,1,95
1657,0.6341,1,1,1,96
1657,0.4181,1,1,1,97
1657,0.4002,1,0,1,99
1657,0.4176,1,1,1,104
1657,0.5188,1,0,1,106
1657,0.3999,1,0,1,108
1657,0.3995,1,1,1,109
1657,0.486,1,0,1,110
1657,0.3022,1,1,1,111
1657,0.38460000000000005,1,1,1,112
1657,0.3319,1,1,1,115
1657,0.3339,1,0,1,116
1657,0.3986,0,1,1,118
1657,0.35619999999999996,1,1,1,120
1657,0.6343,1,1,1,121
1657,0.5255,1,0,1,122
1657,0.4216,1,0,1,123
1657,0.3683,1,1,1,124
1657,0.4174,1,0,1,125
1657,0.40070000000000006,1,0,1,126
1657,0.3519,1,1,1,127
1657,0.5172,1,0,1,0
1657,0.5001,1,1,1,1
1657,0.4011,1,0,1,3
1657,0.3151,1,0,1,4
1657,0.3483,1,0,1,5
1657,0.4398,0,1,1,6
1657,0.4485,1,1,1,9
1657,0.447,1,1,1,11
1657,0.5023,1,1,1,12
1657,0.3536,1,0,1,13
1657,0.4026,1,1,1,16
1657,0.3705,1,0,1,17
1657,0.4185,1,0,1,18
1657,0.4716,1,1,1,20
1657,0.4676,1,1,1,21
1657,0.4303,1,1,1,22
1657,0.5173,1,0,1,23
1657,0.4162,1,0,1,24
1657,0.4047,1,1,1,25
1657,0.3558,1,0,1,26
1657,0.399,1,1,1,27
1657,0.401,1,0,1,28
1657,0.3719,1,1,1,32
1657,0.387,1,1,1,34
1657,0.3675000000000001,0,1,1,35
1657,0.3669,0,1,1,36
1657,0.438,1,1,1,37
1657,0.4491,1,0,1,38
1657,0.4554,1,1,1,39
1657,0.3839,1,0,1,40
1657,0.3334,1,1,1,41
1657,0.36870000000000003,1,0,1,42
1657,0.3713999999999999,1,0,1,44
1657,0.368,0,1,1,45
1657,0.4504,1,0,1,46
1657,0.4237,1,1,1,47
1657,0.4032,1,0,1,48
1657,0.3197,1,0,1,52
1657,0.4188,1,1,1,53
1657,0.3688,1,1,1,54
1657,0.6355,1,0,1,57
1657,0.3374,1,0,1,59
1657,0.3368,1,1,1,60
1657,0.3009,0,1,1,61
1657,0.4021,1,0,1,62
1657,0.5798,1,0,1,64
1657,0.4823,1,0,1,65
1657,0.3378,1,1,1,67
1657,0.4013,1,0,1,72
1657,0.3992,1,0,1,73
1657,0.3996,0,1,1,76
1657,0.4385,1,1,1,77
1657,0.451,1,0,1,81
1657,0.484,1,1,1,82
1657,0.3664,0,1,1,83
1657,0.5046,1,0,1,86
1657,0.5167,1,0,1,92
1657,0.3371,1,0,1,93
1657,0.3433,0,0,1,94
1657,0.3658,1,0,1,95
1657,0.5375,1,1,1,96
1657,0.4554,1,1,1,98
1657,0.4497,1,1,1,100
1657,0.4335,1,0,1,101
1657,0.5032,1,1,1,102
1657,0.4369,1,0,1,104
1657,0.4223,1,0,1,105
1657,0.3993,1,0,1,106
1657,0.454,1,1,1,108
1657,0.3691,0,1,1,109
1657,0.4302,0,1,1,110
1657,0.3815,1,1,1,111
1657,0.3638,0,0,1,112
1657,0.4496,1,1,1,113
1657,0.4167,1,0,1,114
1657,0.3713,1,0,1,115
1657,0.3836000000000001,1,0,1,116
1657,0.4169000000000001,1,1,1,118
1657,0.4848,1,0,1,121
1657,0.4024,1,1,1,122
1657,0.5841,1,1,1,123
1657,0.45410000000000006,1,1,1,124
1657,0.4334,1,0,1,126
1663,0.641,1,1,1,0
1663,0.545,1,0,1,1
1663,0.544,1,1,1,4
1663,0.457,1,0,1,6
1663,0.442,1,1,1,8
1663,0.527,1,1,1,9
1663,0.477,1,1,1,10
1663,0.372,1,1,1,13
1663,0.443,1,0,1,14
1663,0.41,1,1,1,15
1663,0.441,1,0,1,16
1663,0.632,1,1,1,17
1663,0.457,1,0,1,18
1663,0.51,1,1,1,21
1663,0.496,1,0,1,23
1663,0.463,1,0,1,24
1663,0.416,1,1,1,25
1663,0.43,1,0,1,27
1663,0.513,1,1,1,28
1663,0.429,1,0,1,29
1663,0.449,1,0,1,30
1663,0.481,1,1,1,32
1663,0.41,1,1,1,33
1663,0.401,1,0,1,35
1663,0.419,1,0,1,37
1663,0.489,1,1,1,38
1663,0.383,1,1,1,41
1663,0.411,1,0,1,44
1663,0.436,1,0,1,45
1663,0.394,1,0,1,46
1663,0.495,1,0,1,47
1663,0.42,1,0,1,48
1663,0.589,1,1,1,49
1663,0.513,1,1,1,52
1663,0.421,1,1,1,53
1663,0.4,0,0,1,54
1663,0.632,1,1,1,56
1663,0.482,1,0,1,58
1663,0.655,1,1,1,59
1663,0.506,1,0,1,60
1663,0.542,1,0,1,63
1663,0.519,1,0,1,68
1663,0.531,1,1,1,69
1663,0.53,1,1,1,70
1663,0.531,1,0,1,72
1663,0.576,1,1,1,74
1663,0.507,1,0,1,75
1663,0.563,1,1,1,77
1663,0.573,1,1,1,78
1663,0.512,1,1,1,79
1663,0.578,1,1,1,80
1663,0.504,1,0,1,81
1663,0.43,1,0,1,83
1663,0.449,1,0,1,84
1663,0.51,1,0,1,85
1663,0.492,1,0,1,87
1663,0.448,1,0,1,88
1663,0.492,1,0,1,89
1663,0.583,1,0,1,90
1663,0.554,1,0,1,94
1663,0.553,1,1,1,95
1663,0.458,1,1,1,96
1663,0.546,1,1,1,98
1663,0.452,1,0,1,100
1663,0.495,1,1,1,101
1663,0.506,1,0,1,103
1663,0.445,1,0,1,104
1663,0.518,1,1,1,105
1663,0.507,1,0,1,106
1663,0.398,1,0,1,107
1663,0.593,0,1,1,109
1663,0.562,1,0,1,110
1663,0.683,1,1,1,113
1663,0.379,1,1,1,116
1663,0.422,1,1,1,117
1663,0.439,1,1,1,118
1663,0.478,1,1,1,120
1663,0.569,1,1,1,121
1663,0.577,1,1,1,122
1663,0.432,1,1,1,123
1663,0.517,1,1,1,124
1663,0.538,1,0,1,125
1663,0.549,1,0,1,126
1663,0.417,1,0,1,127
1663,0.75,1,0,1,0
1663,0.385,1,0,1,1
1663,0.43,1,1,1,2
1663,0.546,1,0,1,3
1663,0.428,1,0,1,4
1663,0.434,1,1,1,6
1663,0.454,1,0,1,8
1663,0.757,1,0,1,11
1663,0.398,1,1,1,12
1663,0.392,1,1,1,13
1663,0.404,1,0,1,14
1663,0.453,1,0,1,15
1663,0.36,1,0,1,18
1663,0.51,1,0,1,20
1663,0.424,1,1,1,21
1663,0.514,1,0,1,23
1663,0.468,1,0,1,24
1663,0.557,1,1,1,26
1663,0.563,1,1,1,30
1663,0.634,1,1,1,31
1663,0.548,1,1,1,33
1663,0.557,1,0,1,34
1663,0.419,1,0,1,35
1663,0.514,1,0,1,38
1663,0.531,1,1,1,39
1663,0.66,1,1,1,42
1663,0.648,1,1,1,43
1663,0.527,1,1,1,44
1663,0.449,1,0,1,46
1663,0.536,1,1,1,50
1663,0.479,1,0,1,52
1663,0.447,0,1,1,54
1663,0.455,1,0,1,55
1663,0.561,1,1,1,57
1663,0.467,1,1,1,59
1663,0.535,1,1,1,60
1663,0.464,1,0,1,62
1663,0.433,1,1,1,63
1663,0.449,1,0,1,64
1663,0.575,1,1,1,66
1663,0.358,1,0,1,67
1663,0.424,1,1,1,68
1663,0.404,1,1,1,70
1663,0.436,1,1,1,72
1663,0.603,1,0,1,73
1663,0.556,1,1,1,74
1663,0.539,1,0,1,75
1663,0.377,1,0,1,76
1663,0.656,1,1,1,77
1663,0.508,1,1,1,78
1663,0.444,1,0,1,79
1663,0.433,1,0,1,82
1663,0.495,1,1,1,83
1663,0.551,1,0,1,84
1663,0.36,0,1,1,86
1663,0.714,1,1,1,88
1663,0.501,1,1,1,89
1663,0.429,1,1,1,93
1663,0.542,1,1,1,94
1663,0.457,1,0,1,95
1663,0.42,1,0,1,96
1663,0.363,1,0,1,98
1663,0.446,1,1,1,99
1663,0.435,1,0,1,100
1663,0.504,1,0,1,102
1663,0.443,1,0,1,104
1663,0.467,1,1,1,105
1663,0.449,1,1,1,107
1663,0.412,1,0,1,108
1663,0.327,1,0,1,109
1663,0.421,1,1,1,110
1663,0.446,1,0,1,111
1663,0.361,1,0,1,113
1663,0.431,1,1,1,115
1663,0.427,1,0,1,116
1663,0.441,1,1,1,118
1663,0.383,1,0,1,120
1663,0.435,1,1,1,121
1663,0.41,1,1,1,123
1663,0.413,1,1,1,124
1663,0.371,1,0,1,125
1663,0.454,1,1,1,126
1663,0.544,1,0,1,127
1663,0.534,1,1,1,2
1663,0.394,1,1,1,3
1663,0.355,1,0,1,4
1663,0.396,1,1,1,5
1663,0.431,1,0,1,6
1663,0.394,1,1,1,7
1663,0.368,1,0,1,8
1663,0.443,1,1,1,9
1663,0.358,1,0,1,11
1663,0.625,1,0,1,12
1663,0.364,1,0,1,13
1663,0.518,1,0,1,14
1663,0.478,1,0,1,17
1663,0.714,1,1,1,18
1663,0.606,1,0,1,19
1663,0.455,1,1,1,21
1663,0.349,1,0,1,23
1663,0.331,0,1,1,25
1663,0.471,1,0,1,26
1663,0.63,1,1,1,27
1663,0.465,1,0,1,30
1663,0.413,1,0,1,33
1663,0.639,1,1,1,34
1663,0.558,1,1,1,35
1663,0.479,1,0,1,36
1663,0.428,1,0,1,37
1663,0.477,1,0,1,39
1663,0.415,1,0,1,43
1663,0.469,1,0,1,45
1663,0.49,1,0,1,50
1663,0.454,1,0,1,51
1663,0.428,1,0,1,52
1663,0.352,0,1,1,53
1663,0.491,1,1,1,54
1663,0.486,1,1,1,55
1663,0.515,1,1,1,58
1663,0.544,1,0,1,59
1663,0.474,1,1,1,62
1663,0.492,1,0,1,63
1663,0.378,1,1,1,64
1663,0.558,1,1,1,67
1663,0.528,1,0,1,68
1663,0.395,1,0,1,69
1663,0.346,1,1,1,75
1663,0.468,1,0,1,76
1663,0.453,1,0,1,77
1663,0.532,1,1,1,79
1663,0.46,1,1,1,80
1663,0.424,1,0,1,81
1663,0.562,1,1,1,83
1663,0.446,1,0,1,84
1663,0.442,1,0,1,85
1663,0.394,1,1,1,86
1663,0.511,1,1,1,87
1663,0.476,1,1,1,88
1663,0.454,1,0,1,91
1663,0.398,1,1,1,93
1663,0.459,1,1,1,94
1663,0.45,1,1,1,95
1663,0.471,1,1,1,97
1663,0.473,1,1,1,98
1663,0.392,1,1,1,99
1663,0.519,1,1,1,100
1663,0.598,1,1,1,101
1663,0.447,1,0,1,102
1663,0.571,1,1,1,103
1663,0.437,1,0,1,104
1663,0.457,1,1,1,108
1663,0.378,1,1,1,109
1663,0.486,1,0,1,110
1663,0.478,1,1,1,111
1663,0.334,0,1,1,112
1663,0.503,1,0,1,113
1663,0.492,1,0,1,114
1663,0.557,1,1,1,115
1663,0.566,1,1,1,116
1663,0.399,1,0,1,119
1663,0.503,1,0,1,120
1663,0.575,1,1,1,121
1663,0.455,1,1,1,123
1663,0.486,1,0,1,124
1663,0.498,1,0,1,126
1663,0.419,1,0,1,127
1663,0.478,1,0,1,0
1663,0.335,0,1,1,2
1663,0.423,1,1,1,3
1663,0.439,1,0,1,4
1663,0.452,1,1,1,6
1663,0.436,1,0,1,7
1663,0.454,1,0,1,9
1663,0.411,1,0,1,10
1663,0.428,1,1,1,11
1663,0.447,1,1,1,14
1663,0.465,1,0,1,15
1663,0.404,1,1,1,17
1663,0.509,1,1,1,18
1663,0.484,1,0,1,19
1663,0.515,1,1,1,20
1663,0.43,1,0,1,22
1663,0.406,1,1,1,23
1663,0.462,1,0,1,24
1663,0.392,1,0,1,26
1663,0.51,1,1,1,27
1663,0.418,1,0,1,28
1663,0.373,1,1,1,30
1663,0.463,1,0,1,31
1663,0.38,1,1,1,33
1663,0.421,1,0,1,34
1663,0.444,1,1,1,37
1663,0.513,1,1,1,38
1663,0.661,1,0,1,40
1663,0.419,1,0,1,41
1663,0.378,1,0,1,43
1663,0.43,1,0,1,44
1663,0.439,1,1,1,45
1663,0.485,1,1,1,47
1663,0.471,1,0,1,48
1663,0.43,1,0,1,50
1663,0.385,1,0,1,52
1663,0.462,1,1,1,54
1663,0.439,1,0,1,55
1663,0.396,0,1,1,59
1663,0.494,1,0,1,60
1663,0.398,0,1,1,61
1663,0.771,1,0,1,62
1663,0.496,1,0,1,63
1663,0.532,1,0,1,65
1663,0.373,1,1,1,66
1663,0.518,1,1,1,67
1663,0.415,1,1,1,68
1663,0.471,1,0,1,69
1663,0.583,1,1,1,74
1663,0.45,1,1,1,76
1663,0.37,1,1,1,79
1663,0.46,1,1,1,80
1663,0.576,1,0,1,81
1663,0.494,1,0,1,82
1663,0.651,1,1,1,84
1663,0.411,1,0,1,85
1663,0.469,1,1,1,86
1663,0.373,1,0,1,87
1663,0.394,1,1,1,88
1663,0.381,1,1,1,89
1663,0.481,1,1,1,90
1663,0.445,1,1,1,93
1663,0.743,1,1,1,95
1663,0.422,1,0,1,97
1663,0.429,1,0,1,98
1663,0.48,1,1,1,99
1663,0.551,1,1,1,100
1663,0.462,1,1,1,102
1663,0.505,1,0,1,103
1663,0.502,1,1,1,105
1663,0.378,1,1,1,106
1663,0.512,1,1,1,108
1663,0.436,1,1,1,109
1663,0.392,1,0,1,112
1663,0.378,1,0,1,113
1663,0.393,1,0,1,114
1663,0.361,1,0,1,118
1663,0.479,1,0,1,119
1663,0.419,1,0,1,120
1663,0.458,1,1,1,121
1663,0.371,1,0,1,123
1663,0.599,1,0,1,124
1663,0.433,1,0,1,125
1663,0.415,1,1,1,127
1663,0.714,1,1,1,0
1663,0.388,1,0,1,1
1663,0.44,1,0,1,3
1663,0.403,1,0,1,4
1663,0.498,1,1,1,5
1663,0.413,1,1,1,6
1663,0.464,1,1,1,7
1663,0.483,1,1,1,8
1663,0.504,1,0,1,9
1663,0.423,1,1,1,10
1663,0.391,1,1,1,11
1663,0.419,0,1,1,13
1663,0.447,1,1,1,14
1663,0.613,1,0,1,17
1663,0.492,1,1,1,19
1663,0.449,1,1,1,20
1663,0.458,1,0,1,24
1663,0.488,1,1,1,25
1663,0.405,1,1,1,26
1663,0.571,1,0,1,27
1663,0.533,1,1,1,28
1663,0.448,1,1,1,29
1663,0.436,1,0,1,31
1663,0.381,1,1,1,32
1663,0.429,1,1,1,33
1663,0.355,1,0,1,38
1663,0.367,0,1,1,39
1663,0.552,1,0,1,42
1663,0.431,1,0,1,44
1663,0.535,1,1,1,45
1663,0.478,1,0,1,46
1663,0.539,1,1,1,47
1663,0.45,1,1,1,50
1663,0.39,1,0,1,52
1663,0.429,1,1,1,53
1663,0.448,1,0,1,54
1663,0.377,1,1,1,55
1663,0.386,1,0,1,57
1663,0.401,1,0,1,58
1663,0.441,1,0,1,60
1663,0.433,1,0,1,63
1663,0.371,1,0,1,65
1663,0.376,1,1,1,66
1663,0.395,1,0,1,69
1663,0.406,1,0,1,71
1663,0.426,1,0,1,72
1663,0.429,1,1,1,74
1663,0.63,1,0,1,77
1663,0.547,1,0,1,78
1663,0.437,1,1,1,79
1663,0.344,1,0,1,80
1663,0.414,1,0,1,84
1663,0.397,1,0,1,85
1663,0.397,1,1,1,86
1663,0.351,1,0,1,89
1663,0.371,1,1,1,90
1663,0.33,1,0,1,91
1663,0.369,1,0,1,92
1663,0.47,1,1,1,93
1663,0.486,1,0,1,94
1663,0.515,1,0,1,96
1663,0.73,1,1,1,97
1663,0.597,1,1,1,98
1663,0.391,1,0,1,99
1663,0.41,1,1,1,101
1663,0.397,1,1,1,103
1663,0.41,1,0,1,104
1663,0.458,1,0,1,105
1663,0.353,1,0,1,106
1663,0.323,0,1,1,107
1663,0.42,1,1,1,109
1663,0.387,1,0,1,110
1663,0.448,1,1,1,111
1663,0.434,1,0,1,113
1663,0.464,1,1,1,115
1663,0.613,1,1,1,116
1663,0.514,1,1,1,119
1663,0.487,1,0,1,120
1663,0.436,1,0,1,122
1663,0.463,1,0,1,123
1663,0.484,1,1,1,124
1663,0.545,1,1,1,125
1663,0.393,1,0,1,126
1663,0.405,0,1,1,127
1663,0.509,1,0,1,0
1663,0.353,1,1,1,3
1663,0.362,1,0,1,4
1663,0.42,1,0,1,9
1663,0.394,1,0,1,10
1663,0.379,1,1,1,11
1663,0.343,1,0,1,13
1663,0.72,1,1,1,14
1663,0.371,1,0,1,16
1663,0.386,1,0,1,19
1663,0.362,1,1,1,21
1663,0.463,1,1,1,22
1663,0.347,1,0,1,23
1663,0.394,1,0,1,24
1663,0.462,1,1,1,25
1663,0.376,1,0,1,27
1663,0.484,1,1,1,30
1663,0.415,1,1,1,32
1663,0.395,1,0,1,34
1663,0.346,1,1,1,35
1663,0.354,0,0,1,36
1663,0.469,1,1,1,37
1663,0.506,1,1,1,39
1663,0.397,1,0,1,40
1663,0.357,1,1,1,42
1663,0.33,1,0,1,43
1663,0.342,1,0,1,44
1663,0.373,1,1,1,45
1663,0.451,1,1,1,46
1663,0.353,1,0,1,47
1663,0.352,1,1,1,49
1663,0.417,1,0,1,51
1663,0.518,1,1,1,52
1663,0.535,1,1,1,54
1663,0.371,1,0,1,56
1663,0.404,0,1,1,58
1663,0.424,1,0,1,59
1663,0.635,1,1,1,60
1663,0.515,1,1,1,61
1663,0.335,1,0,1,63
1663,0.641,1,1,1,64
1663,0.421,1,0,1,66
1663,0.435,1,0,1,67
1663,0.448,1,1,1,68
1663,0.461,1,0,1,69
1663,0.448,1,0,1,71
1663,0.421,1,0,1,73
1663,0.427,1,0,1,74
1663,0.434,1,0,1,75
1663,0.414,1,0,1,76
1663,0.411,1,0,1,77
1663,0.653,1,1,1,79
1663,0.466,1,1,1,80
1663,0.453,1,1,1,81
1663,0.615,1,1,1,82
1663,0.475,1,1,1,83
1663,0.456,1,0,1,85
1663,0.502,1,0,1,87
1663,0.584,1,1,1,88
1663,0.468,1,0,1,91
1663,0.361,1,0,1,93
1663,0.49,1,1,1,94
1663,0.459,1,1,1,95
1663,0.412,1,0,1,97
1663,0.487,1,1,1,98
1663,0.462,1,1,1,99
1663,0.699,1,1,1,100
1663,0.431,1,0,1,101
1663,0.644,1,1,1,102
1663,0.519,1,1,1,103
1663,0.413,1,1,1,105
1663,0.4,1,0,1,106
1663,0.435,1,0,1,107
1663,0.369,1,1,1,112
1663,0.418,0,0,1,114
1663,0.383,1,0,1,115
1663,0.589,1,1,1,116
1663,0.415,1,1,1,117
1663,0.478,1,1,1,118
1663,0.447,1,0,1,121
1663,0.638,1,1,1,125
1663,0.431,1,0,1,126
1663,0.446,1,0,1,127
1663,0.337,1,1,1,5
1663,0.455,1,0,1,8
1663,0.684,1,1,1,10
1663,0.367,1,1,1,11
1663,0.519,1,1,1,12
1663,0.371,1,0,1,13
1663,0.364,1,0,1,15
1663,0.368,1,0,1,17
1663,0.404,0,1,1,18
1663,0.67,1,1,1,21
1663,0.413,1,0,1,22
1663,0.532,1,1,1,23
1663,0.562,1,1,1,24
1663,0.548,1,1,1,27
1663,0.566,1,1,1,28
1663,0.461,1,1,1,29
1663,0.399,0,1,1,30
1663,0.422,1,0,1,31
1663,0.427,1,1,1,32
1663,0.548,1,1,1,34
1663,0.464,1,1,1,35
1663,0.451,1,1,1,37
1663,0.461,1,0,1,38
1663,0.494,1,1,1,39
1663,0.533,1,1,1,40
1663,0.573,1,1,1,42
1663,0.68,1,1,1,44
1663,0.671,1,0,1,45
1663,0.498,1,0,1,47
1663,0.445,1,0,1,50
1663,0.433,1,0,1,51
1663,0.414,1,0,1,53
1663,0.445,1,0,1,54
1663,0.413,1,0,1,55
1663,0.428,1,0,1,56
1663,0.361,1,1,1,57
1663,0.42,1,0,1,58
1663,0.46,1,0,1,62
1663,0.419,1,0,1,65
1663,0.429,1,0,1,66
1663,0.43,1,0,1,67
1663,0.391,1,1,1,68
1663,0.413,1,0,1,69
1663,0.57,1,1,1,70
1663,0.665,1,1,1,71
1663,0.444,1,1,1,72
1663,0.623,1,1,1,74
1663,0.419,1,1,1,75
1663,0.477,1,1,1,76
1663,0.496,1,0,1,78
1663,0.436,1,0,1,79
1663,0.499,1,0,1,80
1663,0.468,1,1,1,82
1663,0.491,1,1,1,83
1663,0.427,1,0,1,84
1663,0.453,1,1,1,85
1663,0.6,1,1,1,86
1663,0.44,1,0,1,87
1663,0.637,1,0,1,90
1663,0.496,1,1,1,91
1663,0.443,1,0,1,92
1663,0.473,1,0,1,94
1663,0.429,1,0,1,95
1663,0.442,1,1,1,97
1663,0.481,1,1,1,98
1663,0.556,1,1,1,100
1663,0.437,1,0,1,101
1663,0.407,0,0,1,103
1663,0.451,1,0,1,104
1663,0.44,1,0,1,105
1663,0.479,1,0,1,106
1663,0.513,1,1,1,112
1663,0.374,1,0,1,114
1663,0.565,1,1,1,115
1663,0.487,0,1,1,116
1663,0.496,1,1,1,117
1663,0.448,1,1,1,118
1663,0.447,1,0,1,119
1663,0.403,1,0,1,120
1663,0.482,1,1,1,122
1663,0.488,1,0,1,124
1663,0.431,1,0,1,125
1663,0.479,1,0,1,126
1663,0.472,1,0,1,127
1663,0.379,1,0,1,3
1663,0.387,1,1,1,5
1663,0.473,1,1,1,6
1663,0.637,1,1,1,7
1663,0.471,1,1,1,11
1663,0.609,1,0,1,12
1663,0.507,1,1,1,14
1663,0.517,1,1,1,15
1663,0.419,1,1,1,16
1663,0.496,1,0,1,17
1663,0.366,1,0,1,18
1663,0.598,1,1,1,21
1663,0.535,1,1,1,22
1663,0.669,1,1,1,24
1663,0.582,1,1,1,25
1663,0.422,1,0,1,26
1663,0.506,1,1,1,28
1663,0.503,1,1,1,29
1663,0.523,0,0,1,30
1663,0.551,0,1,1,31
1663,0.755,1,0,1,32
1663,0.496,1,0,1,34
1663,0.474,1,0,1,37
1663,0.423,1,0,1,38
1663,0.447,1,0,1,39
1663,0.535,1,0,1,42
1663,0.407,1,1,1,45
1663,0.637,1,1,1,47
1663,0.48,1,0,1,48
1663,0.586,1,0,1,50
1663,0.446,1,1,1,51
1663,0.361,1,0,1,52
1663,0.492,1,1,1,55
1663,0.478,1,1,1,56
1663,0.432,1,1,1,57
1663,0.512,0,0,1,58
1663,0.589,1,0,1,59
1663,0.696,1,1,1,60
1663,0.562,1,1,1,61
1663,0.67,1,1,1,62
1663,0.458,1,0,1,63
1663,0.512,1,0,1,64
1663,0.54,1,0,1,65
1663,0.497,1,0,1,68
1663,0.561,1,0,1,69
1663,0.582,1,0,1,70
1663,0.73,1,0,1,73
1663,0.563,1,0,1,74
1663,0.462,1,0,1,75
1663,0.6,1,0,1,76
1663,0.686,1,1,1,77
1663,0.529,1,0,1,80
1663,0.521,1,0,1,83
1663,0.621,1,1,1,85
1663,0.689,1,1,1,87
1663,0.495,1,0,1,88
1663,0.459,1,0,1,89
1663,0.704,1,1,1,90
1663,0.41,1,1,1,91
1663,0.415,1,0,1,92
1663,0.503,1,1,1,94
1663,0.499,1,0,1,96
1663,0.57,0,1,1,98
1663,0.529,1,1,1,99
1663,0.505,1,0,1,100
1663,0.575,1,1,1,103
1663,0.498,1,0,1,104
1663,0.697,1,1,1,106
1663,0.621,1,1,1,108
1663,0.508,1,0,1,111
1663,0.459,1,0,1,112
1663,0.529,1,1,1,113
1663,0.5,1,0,1,115
1663,0.631,1,1,1,118
1663,0.442,1,0,1,120
1663,0.513,1,1,1,121
1663,0.513,1,1,1,122
1663,0.555,1,1,1,124
1663,0.467,1,1,1,125
1761,0.6136,1,0,1,3
1761,0.5548,1,0,1,4
1761,0.451,1,0,1,7
1761,0.4908,1,0,1,8
1761,0.7171,1,1,1,9
1761,0.6004999999999999,1,0,1,11
1761,0.6001,1,0,1,12
1761,0.5339,1,0,1,14
1761,0.417,1,0,1,16
1761,0.7002999999999999,1,1,1,19
1761,0.54990000000000006,1,0,1,22
1761,0.5339,1,1,1,23
1761,0.621,1,1,1,26
1761,0.5502,1,1,1,28
1761,0.4669,1,0,1,29
1761,0.4005,1,1,1,31
1761,0.4679,0,0,1,32
1761,0.5333,1,1,1,33
1761,0.5211,1,0,1,35
1761,0.5066,1,0,1,37
1761,0.5377,1,1,1,40
1761,0.5875,1,1,1,42
1761,0.4882,1,1,1,43
1761,0.5209,1,0,1,44
1761,0.5151,1,1,1,47
1761,0.5829,1,1,1,48
1761,0.6672,1,1,1,50
1761,0.5834,1,1,1,52
1761,0.5506,1,1,1,53
1761,0.5008,1,1,1,54
1761,0.6046,1,1,1,55
1761,0.4206,1,0,1,57
1761,0.4838,1,1,1,59
1761,0.4421000000000001,1,0,1,60
1761,0.5086,1,0,1,61
1761,0.5504,1,0,1,62
1761,0.5711,1,0,1,63
1761,0.5671,1,1,1,64
1761,0.6331,1,0,1,67
1761,0.5543,1,0,1,69
1761,0.5378,1,0,1,70
1761,0.6493,1,1,1,71
1761,0.4883,1,1,1,73
1761,0.4875,1,0,1,74
1761,0.6417999999999999,1,1,1,75
1761,0.4582000000000001,1,0,1,76
1761,0.5377,1,1,1,78
1761,0.6505,1,1,1,79
1761,0.7175,1,1,1,80
1761,0.6072,1,1,1,81
1761,0.634,1,1,1,83
1761,0.568,1,0,1,86
1761,0.4237,1,0,1,88
1761,0.5006,1,1,1,89
1761,0.4042,1,0,1,90
1761,0.4506,1,0,1,91
1761,0.5846,1,1,1,92
1761,0.5404,1,1,1,94
1761,0.538,1,1,1,96
1761,0.5044,1,0,1,98
1761,0.5336,1,0,1,99
1761,0.5671,1,0,1,100
1761,0.5581,1,1,1,101
1761,0.4371,1,0,1,102
1761,0.454,1,0,1,103
1761,0.4509,1,1,1,105
1761,0.5047,1,0,1,108
1761,0.4243,1,0,1,109
1761,0.4375,1,0,1,110
1761,0.4207999999999999,0,0,1,111
1761,0.7236,1,1,1,115
1761,0.5335,1,0,1,117
1761,0.7333,1,1,1,120
1761,0.6335,1,1,1,121
1761,0.5839,1,1,1,123
1761,0.5333,1,1,1,124
1761,0.5876,1,0,1,125
1761,0.5044,1,0,1,126
1761,0.5372,1,1,1,127
1761,0.5486,0,1,1,1
1761,0.722,1,1,1,2
1761,0.5642,1,1,1,3
1761,0.6849,1,0,1,4
1761,0.4823,1,0,1,5
1761,0.5676,1,0,1,6
1761,0.5707,1,1,1,7
1761,0.4887,1,1,1,8
1761,0.582,1,1,1,9
1761,0.5973,1,0,1,10
1761,0.5179,0,0,1,13
1761,0.7005,1,0,1,16
1761,0.5684,1,1,1,18
1761,0.5054,1,0,1,19
1761,0.404,1,0,1,20
1761,0.6839999999999999,1,1,1,22
1761,0.54990000000000006,1,1,1,24
1761,0.4684,1,1,1,26
1761,0.5505,1,1,1,27
1761,0.6642,1,0,1,28
1761,0.484,1,1,1,29
1761,0.4807,1,1,1,30
1761,0.4163,1,0,1,33
1761,0.4667,1,0,1,36
1761,0.6345999999999999,1,0,1,38
1761,0.4503,1,0,1,39
1761,0.4678,1,1,1,40
1761,0.5543,1,1,1,42
1761,0.6167,1,1,1,43
1761,0.4689,1,1,1,46
1761,0.4713,1,0,1,48
1761,0.617,1,1,1,49
1761,0.4344,1,1,1,50
1761,0.6048,1,1,1,51
1761,0.5833,1,0,1,52
1761,0.451,1,0,1,53
1761,0.5171,1,0,1,55
1761,0.5669,1,1,1,56
1761,0.6215,1,1,1,58
1761,0.5503,1,1,1,59
1761,0.5044,1,0,1,60
1761,0.5547,1,0,1,61
1761,0.4176,1,0,1,63
1761,0.4544,1,1,1,65
1761,0.4377,1,1,1,66
1761,0.4645,1,0,1,68
1761,0.4706,1,0,1,69
1761,0.5169,1,1,1,70
1761,0.518,1,0,1,71
1761,0.4807,1,0,1,72
1761,0.4509,1,0,1,73
1761,0.5852,1,0,1,80
1761,0.5878,1,1,1,84
1761,0.5234,1,1,1,85
1761,0.3712,1,0,1,88
1761,0.4172,1,0,1,89
1761,0.5046,1,1,1,93
1761,0.4512000000000001,1,0,1,94
1761,0.5011,1,0,1,95
1761,0.5007,1,0,1,97
1761,0.4872,1,0,1,98
1761,0.6211,1,1,1,99
1761,0.538,0,1,1,100
1761,0.2999,1,0,1,101
1761,0.4178,1,0,1,102
1761,0.6334,1,1,1,103
1761,0.5179,1,0,1,105
1761,0.6044,1,0,1,107
1761,0.724,1,1,1,108
1761,0.5503,1,1,1,109
1761,0.501,1,0,1,110
1761,0.617,1,1,1,111
1761,0.4841,1,1,1,112
1761,0.5174,1,0,1,113
1761,0.5342,1,0,1,114
1761,0.699,1,1,1,115
1761,0.5708,1,0,1,116
1761,0.6715,1,0,1,119
1761,0.4885,1,0,1,120
1761,0.5177,1,1,1,122
1761,0.5669,1,1,1,125
1761,0.5488,1,1,1,127
1761,0.4839,1,0,1,1
1761,0.4215,1,0,1,2
1761,0.4527,1,1,1,4
1761,0.4994,1,0,1,6
1761,0.4376,1,0,1,7
1761,0.4675,1,0,1,8
1761,0.4543,1,1,1,9
1761,0.4176,1,0,1,11
1761,0.3385,1,0,1,13
1761,0.4374,1,0,1,14
1761,0.5545,1,1,1,15
1761,0.6663,1,1,1,16
1761,0.4838,1,0,1,17
1761,0.4714,1,0,1,18
1761,0.4484,1,0,1,19
1761,0.5715,1,1,1,20
1761,0.5172,1,1,1,21
1761,0.4341,0,0,1,22
1761,0.6844,1,1,1,23
1761,0.4528,1,0,1,25
1761,0.4675,1,1,1,26
1761,0.4325,1,0,1,29
1761,0.5692,1,1,1,30
1761,0.5041,1,1,1,32
1761,0.6372,1,0,1,33
1761,0.41680000000000006,1,1,1,35
1761,0.4209,1,0,1,36
1761,0.5213,1,1,1,37
1761,0.4575,1,1,1,39
1761,0.36740000000000006,1,0,1,40
1761,0.4032,1,1,1,43
1761,0.4076999999999999,1,0,1,44
1761,0.4147,1,1,1,45
1761,0.4666,1,0,1,47
1761,0.4536,1,0,1,48
1761,0.5001,1,1,1,49
1761,0.46720000000000006,1,1,1,53
1761,0.6348,1,0,1,54
1761,0.40070000000000006,1,1,1,55
1761,0.4045,1,1,1,56
1761,0.4539,1,0,1,58
1761,0.4008,1,0,1,59
1761,0.3669,1,0,1,60
1761,0.4535,1,0,1,62
1761,0.5073,1,0,1,63
1761,0.6537999999999999,1,1,1,65
1761,0.4002,1,1,1,66
1761,0.4338,1,1,1,68
1761,0.5043,1,1,1,70
1761,0.5211,1,0,1,72
1761,0.5206,1,1,1,75
1761,0.4379,0,1,1,79
1761,0.5346,0,1,1,80
1761,0.6172,1,1,1,81
1761,0.7046,1,1,1,83
1761,0.4677,1,1,1,89
1761,0.4049,1,1,1,90
1761,0.4877,1,1,1,91
1761,0.4033,1,0,1,94
1761,0.4505,1,1,1,95
1761,0.4338999999999999,1,0,1,97
1761,0.5838,1,1,1,98
1761,0.5501,1,1,1,99
1761,0.4505,1,0,1,100
1761,0.4877,1,1,1,101
1761,0.5002,1,1,1,102
1761,0.5834,1,0,1,103
1761,0.4241,0,0,1,104
1761,0.4549,1,1,1,105
1761,0.4503,1,0,1,106
1761,0.471,1,1,1,107
1761,0.5045000000000001,1,1,1,108
1761,0.451,1,0,1,111
1761,0.3905,1,0,1,112
1761,0.35019999999999996,1,0,1,113
1761,0.4546,0,0,1,116
1761,0.4501,1,0,1,117
1761,0.5166,1,1,1,118
1761,0.3853,1,0,1,119
1761,0.388,1,0,1,122
1761,0.3837,1,1,1,123
1761,0.388,1,0,1,124
1761,0.3543,1,1,1,125
1761,0.5319,1,0,1,0
1761,0.466,1,1,1,3
1761,0.4676,1,0,1,4
1761,0.4504,1,1,1,5
1761,0.3837,1,0,1,6
1761,0.3187,1,0,1,8
1761,0.367,1,0,1,10
1761,0.3821,1,0,1,11
1761,0.3847,1,0,1,12
1761,0.4509,1,1,1,13
1761,0.3844,1,0,1,14
1761,0.3838,1,0,1,15
1761,0.4005,1,1,1,19
1761,0.4179,1,0,1,20
1761,0.3676,1,1,1,21
1761,0.3885,1,1,1,22
1761,0.417,1,0,1,23
1761,0.35150000000000003,0,0,1,27
1761,0.4009,0,1,1,29
1761,0.4044,1,0,1,31
1761,0.367,1,0,1,33
1761,0.4549,1,0,1,34
1761,0.3837,1,1,1,35
1761,0.6387,1,1,1,37
1761,0.3842,1,0,1,38
1761,0.401,0,0,1,39
1761,0.4693,1,1,1,40
1761,0.6505,1,1,1,42
1761,0.7008,1,1,1,43
1761,0.4015,1,0,1,44
1761,0.4348,1,0,1,45
1761,0.5179,1,1,1,47
1761,0.40070000000000006,1,1,1,48
1761,0.6345999999999999,1,0,1,49
1761,0.5019,1,1,1,50
1761,0.4343,1,0,1,51
1761,0.5502,1,0,1,53
1761,0.40070000000000006,1,0,1,54
1761,0.451,1,1,1,55
1761,0.467,1,1,1,56
1761,0.5177,1,0,1,57
1761,0.671,1,1,1,58
1761,0.5178,1,1,1,59
1761,0.6843,1,0,1,60
1761,0.4506,1,1,1,61
1761,0.5841,1,0,1,65
1761,0.54990000000000006,1,0,1,67
1761,0.5884,1,1,1,68
1761,0.2875,1,0,1,69
1761,0.4842999999999999,1,0,1,70
1761,0.5839,1,1,1,71
1761,0.3657,1,0,1,74
1761,0.4705,1,1,1,75
1761,0.455,0,1,1,77
1761,0.5181,1,1,1,78
1761,0.4051,1,1,1,79
1761,0.4551,1,1,1,82
1761,0.4674,1,0,1,85
1761,0.5024,1,0,1,87
1761,0.4019,1,0,1,91
1761,0.4514,1,0,1,92
1761,0.521,1,1,1,94
1761,0.41780000000000006,1,1,1,95
1761,0.4378,0,0,1,96
1761,0.4337,1,0,1,97
1761,0.6503,1,1,1,99
1761,0.4182,1,0,1,101
1761,0.4352,1,0,1,102
1761,0.5011,1,1,1,105
1761,0.6672,1,1,1,106
1761,0.6007,1,1,1,109
1761,0.4338,1,1,1,110
1761,0.4139,1,1,1,112
1761,0.4677,1,1,1,113
1761,0.5213,1,1,1,114
1761,0.5,1,0,1,115
1761,0.4809,1,1,1,117
1761,0.4513,1,0,1,119
1761,0.4017,1,1,1,120
1761,0.4881,1,1,1,121
1761,0.465,1,1,1,122
1761,0.4175,1,1,1,124
1761,0.5007,1,0,1,125
1761,0.3671,1,0,1,127
1761,0.6844,1,0,1,0
1761,0.5506,1,1,1,2
1761,0.4173,1,0,1,6
1761,0.3991,1,0,1,7
1761,0.4544,1,1,1,8
1761,0.4714,1,1,1,9
1761,0.4383,1,1,1,10
1761,0.401,1,1,1,11
1761,0.5504,1,0,1,15
1761,0.5171,1,1,1,16
1761,0.4519,0,1,1,18
1761,0.6712,1,1,1,19
1761,0.4552,1,1,1,20
1761,0.5154,1,0,1,24
1761,0.4543,1,1,1,29
1761,0.4504,1,0,1,30
1761,0.4839,1,1,1,32
1761,0.46720000000000006,1,0,1,33
1761,0.4338,1,0,1,34
1761,0.4554,1,0,1,35
1761,0.3847,1,1,1,36
1761,0.3839,1,0,1,37
1761,0.4338999999999999,1,0,1,38
1761,0.5011,1,0,1,40
1761,0.4859,1,1,1,41
1761,0.4539,1,1,1,44
1761,0.4184,1,0,1,45
1761,0.4538,1,1,1,48
1761,0.4217,1,0,1,49
1761,0.4676,1,0,1,50
1761,0.5335,1,1,1,51
1761,0.4853,0,0,1,54
1761,0.5682,1,1,1,55
1761,0.7001,1,0,1,57
1761,0.8041,1,1,1,58
1761,0.6331,1,1,1,61
1761,0.4517,1,0,1,62
1761,0.5156,1,0,1,63
1761,0.5176000000000001,1,0,1,65
1761,0.5167,0,1,1,66
1761,0.6385,1,0,1,68
1761,0.6333,1,1,1,69
1761,0.4649,1,1,1,71
1761,0.3709,1,1,1,72
1761,0.4172,1,1,1,73
1761,0.4524,1,0,1,75
1761,0.35040000000000004,1,1,1,76
1761,0.4175,1,1,1,79
1761,0.35030000000000006,1,1,1,80
1761,0.386,1,1,1,82
1761,0.6009,1,0,1,83
1761,0.5511,1,1,1,84
1761,0.6008,1,0,1,85
1761,0.4547,1,0,1,87
1761,0.485,0,1,1,88
1761,0.442,1,0,1,90
1761,0.7503,1,1,1,92
1761,0.4878,1,0,1,94
1761,0.4503,1,0,1,95
1761,0.38760000000000006,1,0,1,96
1761,0.492,1,1,1,98
1761,0.5082,1,0,1,99
1761,0.4172,1,0,1,100
1761,0.4841,1,0,1,101
1761,0.4669,0,1,1,103
1761,0.488,1,0,1,105
1761,0.5004,1,1,1,108
1761,0.5042,1,1,1,109
1761,0.5047,1,1,1,110
1761,0.46720000000000006,1,0,1,111
1761,0.4336,1,1,1,113
1761,0.3887,1,1,1,114
1761,0.4502,1,1,1,115
1761,0.5173,1,0,1,116
1761,0.5173,1,0,1,120
1761,0.4543,1,0,1,122
1761,0.4038,1,0,1,123
1761,0.4175,0,0,1,124
1761,0.4842,1,1,1,126
1761,0.4337,1,1,1,127
1761,0.3666,1,1,1,3
1761,0.4506,1,0,1,5
1761,0.3842,1,0,1,6
1761,0.36740000000000006,1,0,1,7
1761,0.417,1,1,1,8
1761,0.7509,1,1,1,9
1761,0.517,1,1,1,10
1761,0.46720000000000006,1,1,1,12
1761,0.7155,1,1,1,13
1761,0.5507,1,1,1,15
1761,0.4056,1,1,1,16
1761,0.5505,1,0,1,20
1761,0.4004,1,0,1,24
1761,0.4883,1,0,1,25
1761,0.35130000000000006,1,0,1,26
1761,0.5173,1,1,1,27
1761,0.4703,1,0,1,28
1761,0.6712,1,0,1,29
1761,0.5673,1,1,1,31
1761,0.8358,1,1,1,34
1761,0.5336,1,1,1,35
1761,0.4845,1,1,1,36
1761,0.4004,1,1,1,41
1761,0.5008,1,1,1,42
1761,0.4852,1,1,1,44
1761,0.7676,1,1,1,45
1761,0.48440000000000005,1,1,1,46
1761,0.4017,1,0,1,48
1761,0.4338,1,1,1,49
1761,0.4659,1,1,1,50
1761,0.4809,1,0,1,52
1761,0.4341,1,0,1,55
1761,0.5336,1,1,1,56
1761,0.5005000000000001,1,1,1,58
1761,0.4222,1,1,1,59
1761,0.6672,1,0,1,63
1761,0.451,1,0,1,67
1761,0.5682,1,1,1,69
1761,0.651,1,0,1,72
1761,0.6171,1,1,1,74
1761,0.4679,1,0,1,76
1761,0.4014,0,0,1,77
1761,0.5548,1,0,1,78
1761,0.5014,1,0,1,79
1761,0.7045,1,0,1,80
1761,0.4681,1,1,1,82
1761,0.4218,1,0,1,85
1761,0.4505,1,1,1,86
1761,0.5002,1,1,1,88
1761,0.4541,1,0,1,89
1761,0.384,1,0,1,90
1761,0.4507,1,0,1,91
1761,0.4837,1,0,1,92
1761,0.4671,1,0,1,93
1761,0.3847,1,0,1,94
1761,0.5045,1,1,1,95
1761,0.4667,1,0,1,96
1761,0.5179,1,0,1,97
1761,0.4713,1,0,1,98
1761,0.4542,1,1,1,99
1761,0.5335,0,0,1,100
1761,0.5498,1,0,1,101
1761,0.4343,1,0,1,102
1761,0.48440000000000005,0,1,1,103
1761,0.438,1,0,1,107
1761,0.3672,1,0,1,108
1761,0.5504,1,0,1,109
1761,0.4051,1,0,1,110
1761,0.4018,1,0,1,112
1761,0.3839,1,0,1,113
1761,0.4714,1,1,1,114
1761,0.4509,1,0,1,116
1761,0.4151,1,0,1,117
1761,0.4354,0,1,1,118
1761,0.5166000000000001,1,1,1,119
1761,0.4012,1,1,1,121
1761,0.5834,1,1,1,123
1761,0.4874,1,1,1,125
1761,0.4502,1,0,1,126
1761,0.4714,1,1,1,127
1761,0.4173,1,1,1,1
1761,0.4842,1,1,1,2
1761,0.4347,1,1,1,5
1761,0.4676,1,1,1,6
1761,0.4171,1,1,1,7
1761,0.5502,1,1,1,8
1761,0.6682,1,1,1,9
1761,0.621,1,1,1,11
1761,0.486,0,0,1,12
1761,0.6711,1,0,1,13
1761,0.4659,1,0,1,14
1761,0.5171,1,0,1,17
1761,0.4673000000000001,1,1,1,19
1761,0.4172,1,0,1,22
1761,0.4343,1,0,1,23
1761,0.5873,1,1,1,24
1761,0.4568,1,1,1,25
1761,0.4025,1,0,1,26
1761,0.4338999999999999,1,1,1,28
1761,0.4067,1,1,1,30
1761,0.4716,1,0,1,31
1761,0.4862,1,0,1,32
1761,0.4193,0,1,1,34
1761,0.5376,1,0,1,37
1761,0.5332,1,0,1,39
1761,0.5214,1,0,1,40
1761,0.569,1,1,1,41
1761,0.5836,1,1,1,43
1761,0.5671,1,1,1,44
1761,0.5504,1,0,1,45
1761,0.4355,1,1,1,46
1761,0.5016,1,0,1,47
1761,0.5005000000000001,1,1,1,49
1761,0.5358,1,0,1,51
1761,0.6561,1,1,1,52
1761,0.6511,1,0,1,54
1761,0.4337,1,0,1,55
1761,0.5337,1,1,1,57
1761,0.5544,1,0,1,58
1761,0.3838,1,0,1,59
1761,0.4504,1,0,1,61
1761,0.4677,1,0,1,62
1761,0.467,1,0,1,65
1761,0.4004,1,0,1,68
1761,0.3834999999999999,1,0,1,69
1761,0.5191,1,1,1,70
1761,0.4546,1,0,1,71
1761,0.5005000000000001,1,1,1,72
1761,0.471,1,1,1,75
1761,0.4396,1,1,1,76
1761,0.3681,1,1,1,79
1761,0.5046,1,0,1,80
1761,0.4522000000000001,1,0,1,84
1761,0.6168,1,0,1,85
1761,0.6344,1,1,1,87
1761,0.4006,1,0,1,92
1761,0.5502,1,1,1,93
1761,0.3838,1,1,1,94
1761,0.4008,1,0,1,96
1761,0.4543,1,1,1,97
1761,0.3895,0,0,1,98
1761,0.5171,1,0,1,100
1761,0.5004,1,0,1,102
1761,0.5845,1,0,1,103
1761,0.8856,0,1,1,104
1761,0.4563,1,1,1,106
1761,0.5527,1,1,1,107
1761,0.5337,1,0,1,109
1761,0.6018,1,1,1,111
1761,0.6882,1,1,1,113
1761,0.4713,1,0,1,115
1761,0.4878,1,0,1,116
1761,0.5343,1,1,1,117
1761,0.5167,1,0,1,118
1761,0.4844,1,0,1,119
1761,0.5708,1,1,1,120
1761,0.4213,1,1,1,121
1761,0.486,1,1,1,122
1761,0.36740000000000006,1,1,1,123
1761,0.5215,1,0,1,125
1761,0.6325,1,1,1,126
1761,0.5004,0,1,1,2
1761,0.4835,1,0,1,3
1761,0.4838,1,0,1,4
1761,0.6893,1,1,1,5
1761,0.4336,1,0,1,10
1761,0.4022,1,0,1,11
1761,0.4676,1,1,1,12
1761,0.4844,1,0,1,15
1761,0.4358,1,0,1,16
1761,0.6877,1,1,1,17
1761,0.4204,1,0,1,18
1761,0.4063,1,0,1,19
1761,0.4214,1,1,1,20
1761,0.3994,1,0,1,21
1761,0.5314,1,0,1,22
1761,0.8543,1,0,1,24
1761,0.5184,1,1,1,25
1761,0.4172,1,0,1,26
1761,0.5011,1,1,1,27
1761,0.5042,1,0,1,30
1761,0.8009,1,0,1,31
1761,0.5164,1,0,1,33
1761,0.4842,0,0,1,34
1761,0.3877,1,0,1,36
1761,0.4212,1,1,1,38
1761,0.4338999999999999,1,1,1,39
1761,0.7334999999999999,1,0,1,40
1761,0.4378,1,1,1,41
1761,0.5352,1,1,1,42
1761,0.568,1,1,1,43
1761,0.4663000000000001,1,1,1,44
1761,0.45210000000000006,1,0,1,46
1761,0.5042,1,1,1,47
1761,0.4517,1,0,1,48
1761,0.384,1,0,1,49
1761,0.3671,1,0,1,50
1761,0.4674,1,0,1,52
1761,0.4513,1,1,1,53
1761,0.417,1,1,1,55
1761,0.6172,1,1,1,56
1761,0.4377,1,0,1,58
1761,0.4839,1,1,1,59
1761,0.5822,1,0,1,60
1761,0.4687,1,1,1,61
1761,0.4376,1,0,1,62
1761,0.4673000000000001,1,0,1,63
1761,0.5491,1,1,1,64
1761,0.4519,1,0,1,66
1761,0.7028,1,0,1,68
1761,0.7506999999999999,1,1,1,69
1761,0.5337,1,1,1,70
1761,0.5184,1,0,1,71
1761,0.3683,1,0,1,73
1761,0.4839,1,1,1,74
1761,0.5342,1,0,1,80
1761,0.5212,1,1,1,81
1761,0.4714,1,1,1,82
1761,0.4851,1,0,1,83
1761,0.4502,1,1,1,85
1761,0.6352,1,1,1,86
1761,0.4836,1,1,1,87
1761,0.3836000000000001,1,0,1,90
1761,0.456,1,1,1,94
1761,0.4837,1,1,1,95
1761,0.5683,1,1,1,96
1761,0.3519,1,1,1,97
1761,0.3556,1,1,1,98
1761,0.3875,1,1,1,99
1761,0.4514,1,0,1,102
1761,0.8835999999999999,1,1,1,105
1761,0.5188,1,1,1,106
1761,0.467,1,0,1,107
1761,0.5046,0,0,1,109
1761,0.5041,1,1,1,111
1761,0.41680000000000006,1,1,1,112
1761,0.4838,1,0,1,113
1761,0.4661,1,0,1,114
1761,0.7345,1,1,1,118
1761,0.5878,1,0,1,119
1761,0.5539,1,0,1,122
1761,0.6681,1,1,1,124
1761,0.4874,1,0,1,125
1761,0.4174,1,1,1,126
1768,0.567,1,0,1,1
1768,0.436,1,1,1,2
1768,0.474,1,0,1,3
1768,0.412,1,0,1,4
1768,0.41,1,1,1,5
1768,0.382,1,0,1,7
1768,0.464,1,1,1,8
1768,0.471,1,1,1,9
1768,0.553,1,0,1,10
1768,0.494,1,0,1,12
1768,0.531,1,0,1,14
1768,0.459,1,0,1,16
1768,0.544,1,0,1,17
1768,0.417,1,0,1,18
1768,0.555,1,0,1,19
1768,0.438,1,0,1,20
1768,0.493,1,0,1,21
1768,0.433,1,1,1,22
1768,0.437,1,1,1,23
1768,0.61,1,1,1,24
1768,0.349,1,0,1,25
1768,0.609,1,1,1,27
1768,0.521,1,1,1,29
1768,0.444,1,1,1,30
1768,0.41,1,0,1,32
1768,0.464,1,1,1,33
1768,0.368,1,0,1,34
1768,0.424,0,0,1,35
1768,0.704,1,1,1,37
1768,0.547,1,0,1,38
1768,0.437,0,1,1,39
1768,0.67,1,1,1,40
1768,0.57,1,0,1,43
1768,0.598,1,1,1,44
1768,0.507,1,0,1,48
1768,0.409,1,1,1,49
1768,0.388,0,1,1,50
1768,0.48,1,1,1,51
1768,0.538,1,1,1,52
1768,0.557,1,1,1,55
1768,0.395,1,0,1,56
1768,0.449,1,1,1,58
1768,0.764,1,0,1,59
1768,0.407,1,0,1,61
1768,0.399,1,0,1,64
1768,0.612,1,1,1,65
1768,0.476,1,0,1,67
1768,0.467,1,0,1,68
1768,0.503,1,1,1,73
1768,0.499,1,1,1,74
1768,0.501,1,1,1,77
1768,0.383,1,1,1,79
1768,0.329,1,1,1,80
1768,0.355,1,0,1,81
1768,0.406,1,0,1,82
1768,0.407,0,1,1,84
1768,0.439,1,1,1,87
1768,0.723,1,1,1,89
1768,0.53,1,1,1,90
1768,0.615,1,0,1,91
1768,0.677,1,0,1,92
1768,0.507,1,1,1,95
1768,0.476,1,0,1,96
1768,0.539,1,0,1,97
1768,0.538,1,0,1,98
1768,0.474,1,0,1,104
1768,0.434,1,1,1,106
1768,0.345,1,0,1,107
1768,0.465,0,1,1,108
1768,0.546,1,1,1,109
1768,0.609,1,1,1,110
1768,0.494,1,0,1,111
1768,0.402,1,1,1,112
1768,0.345,1,0,1,113
1768,0.466,0,0,1,117
1768,0.673,1,1,1,118
1768,0.586,1,1,1,119
1768,0.532,1,1,1,121
1768,0.415,1,0,1,122
1768,0.539,1,0,1,123
1768,0.493,1,0,1,124
1768,0.672,1,1,1,126
1768,0.499,1,0,1,127
1768,0.496,1,0,1,0
1768,0.408,1,0,1,1
1768,0.475,1,1,1,2
1768,0.384,1,0,1,4
1768,0.465,1,0,1,5
1768,0.32,1,1,1,6
1768,0.396,1,1,1,7
1768,0.439,1,1,1,8
1768,0.527,1,1,1,9
1768,0.47,1,1,1,10
1768,0.409,1,1,1,11
1768,0.385,1,1,1,12
1768,0.416,1,0,1,13
1768,0.456,1,0,1,14
1768,0.406,1,1,1,15
1768,0.39,1,1,1,16
1768,0.359,1,0,1,17
1768,0.559,1,1,1,18
1768,0.468,1,1,1,19
1768,0.44,0,1,1,20
1768,0.584,1,0,1,21
1768,0.472,1,0,1,22
1768,0.353,1,0,1,23
1768,0.487,1,0,1,25
1768,0.65,1,1,1,28
1768,0.437,1,0,1,30
1768,0.482,1,1,1,31
1768,0.689,1,1,1,32
1768,0.434,1,0,1,33
1768,0.497,1,1,1,34
1768,0.413,1,0,1,37
1768,0.473,1,0,1,39
1768,0.788,1,1,1,41
1768,0.593,1,1,1,42
1768,0.444,1,0,1,44
1768,0.505,1,1,1,46
1768,0.398,1,1,1,47
1768,0.545,1,1,1,48
1768,0.495,1,0,1,49
1768,0.501,1,0,1,50
1768,0.428,1,0,1,52
1768,0.641,1,1,1,53
1768,0.695,1,1,1,56
1768,0.39,1,1,1,57
1768,0.443,1,1,1,59
1768,0.671,1,1,1,60
1768,0.355,1,1,1,61
1768,0.444,1,0,1,62
1768,0.515,1,1,1,64
1768,0.513,1,1,1,65
1768,0.566,1,0,1,67
1768,0.469,1,0,1,69
1768,0.516,1,0,1,70
1768,0.58,1,1,1,76
1768,0.6,1,1,1,77
1768,0.46,1,0,1,81
1768,0.355,1,0,1,82
1768,0.289,1,1,1,83
1768,0.407,1,0,1,84
1768,0.442,1,1,1,85
1768,0.502,1,1,1,86
1768,0.576,1,1,1,88
1768,0.464,1,1,1,90
1768,0.67,1,0,1,93
1768,0.411,1,0,1,94
1768,0.384,0,0,1,96
1768,0.353,1,0,1,97
1768,0.505,1,0,1,101
1768,0.5,0,1,1,102
1768,0.399,1,0,1,103
1768,0.408,1,0,1,104
1768,0.407,1,0,1,106
1768,0.494,1,0,1,108
1768,0.484,1,0,1,110
1768,0.321,1,1,1,113
1768,0.471,1,0,1,114
1768,0.432,1,1,1,118
1768,0.486,1,0,1,119
1768,0.389,1,0,1,121
1768,0.48,1,1,1,123
1768,0.703,1,0,1,124
1768,0.579,1,0,1,125
1768,0.41,1,1,1,126
1768,0.442,1,0,1,127
1768,0.538,1,0,1,0
1768,0.433,1,0,1,1
1768,0.617,1,1,1,2
1768,0.495,1,1,1,3
1768,0.417,1,1,1,7
1768,0.415,1,0,1,8
1768,0.446,1,1,1,9
1768,0.397,1,1,1,10
1768,0.351,1,1,1,13
1768,0.389,1,0,1,14
1768,0.349,1,1,1,16
1768,0.472,1,0,1,17
1768,0.587,1,1,1,18
1768,0.462,1,1,1,19
1768,0.431,1,0,1,21
1768,0.536,1,1,1,23
1768,0.328,1,1,1,24
1768,0.421,0,0,1,28
1768,0.337,1,0,1,29
1768,0.355,1,1,1,30
1768,0.39,1,1,1,31
1768,0.614,1,1,1,32
1768,0.71,1,1,1,36
1768,0.563,0,0,1,37
1768,0.527,1,0,1,40
1768,0.531,1,1,1,41
1768,0.477,1,0,1,42
1768,0.595,1,1,1,45
1768,0.514,1,0,1,46
1768,0.501,1,1,1,48
1768,0.543,1,1,1,49
1768,0.413,1,1,1,50
1768,0.499,1,0,1,51
1768,0.418,1,1,1,52
1768,0.616,1,0,1,53
1768,0.408,1,1,1,54
1768,0.394,1,1,1,56
1768,0.46,0,1,1,58
1768,0.646,1,1,1,60
1768,0.414,1,1,1,62
1768,0.5,1,0,1,63
1768,0.382,1,1,1,66
1768,0.381,1,0,1,67
1768,0.448,1,1,1,68
1768,0.439,1,0,1,69
1768,0.441,1,1,1,70
1768,0.364,1,0,1,73
1768,0.477,1,0,1,74
1768,0.381,1,0,1,75
1768,0.469,1,1,1,76
1768,0.397,1,0,1,77
1768,0.604,1,1,1,80
1768,0.416,1,0,1,81
1768,0.563,1,0,1,82
1768,0.475,1,1,1,83
1768,0.427,1,1,1,85
1768,0.386,1,1,1,86
1768,0.295,0,1,1,87
1768,0.383,1,0,1,88
1768,0.407,1,0,1,90
1768,0.418,1,0,1,94
1768,0.381,0,0,1,95
1768,0.703,1,1,1,97
1768,0.462,1,0,1,98
1768,0.513,1,0,1,101
1768,0.417,1,0,1,102
1768,0.353,0,0,1,103
1768,0.339,0,1,1,105
1768,0.453,1,0,1,107
1768,0.404,1,0,1,108
1768,0.443,1,1,1,110
1768,0.59,1,0,1,112
1768,0.432,1,0,1,113
1768,0.604,1,0,1,114
1768,0.388,1,1,1,116
1768,0.633,1,0,1,118
1768,0.46,0,1,1,119
1768,0.451,1,0,1,120
1768,0.349,1,1,1,121
1768,0.477,0,0,1,122
1768,0.58,1,0,1,123
1768,0.474,1,0,1,124
1768,0.443,1,0,1,126
1768,0.307,0,1,1,127
1768,0.858,1,1,1,0
1768,0.467,1,0,1,1
1768,0.468,1,1,1,2
1768,0.35,1,0,1,3
1768,0.361,1,1,1,4
1768,0.375,1,0,1,5
1768,0.413,1,0,1,7
1768,0.522,1,0,1,9
1768,0.6,1,1,1,11
1768,0.565,1,1,1,12
1768,0.59,1,1,1,13
1768,0.442,1,0,1,15
1768,0.417,1,1,1,16
1768,0.425,1,0,1,17
1768,0.385,1,1,1,18
1768,0.399,1,1,1,20
1768,0.436,1,0,1,22
1768,0.587,1,1,1,25
1768,0.417,1,0,1,26
1768,0.538,1,0,1,27
1768,0.486,1,1,1,28
1768,0.339,1,1,1,30
1768,0.441,1,1,1,31
1768,0.44,1,1,1,34
1768,0.403,1,1,1,35
1768,0.464,1,0,1,36
1768,0.394,1,0,1,38
1768,0.414,1,0,1,39
1768,0.39,1,1,1,40
1768,0.522,1,1,1,43
1768,0.557,1,1,1,44
1768,0.384,1,0,1,45
1768,0.416,0,0,1,47
1768,0.399,1,1,1,51
1768,0.594,1,1,1,54
1768,0.769,1,0,1,55
1768,0.569,1,1,1,56
1768,0.481,1,0,1,59
1768,0.43,1,0,1,60
1768,0.37,1,0,1,61
1768,0.501,1,1,1,62
1768,0.46,1,0,1,63
1768,0.384,1,1,1,64
1768,0.591,1,0,1,65
1768,0.503,1,0,1,66
1768,0.623,1,1,1,67
1768,0.521,1,0,1,69
1768,0.485,1,1,1,70
1768,0.35,0,1,1,71
1768,0.53,0,1,1,72
1768,0.494,1,0,1,73
1768,0.498,1,1,1,74
1768,0.436,1,0,1,78
1768,0.41,0,1,1,79
1768,0.359,1,1,1,81
1768,0.467,1,1,1,82
1768,0.455,1,1,1,86
1768,0.361,1,0,1,89
1768,0.294,1,0,1,90
1768,0.324,0,0,1,91
1768,0.496,1,0,1,92
1768,0.436,1,0,1,95
1768,0.426,1,0,1,96
1768,0.414,1,0,1,99
1768,0.499,1,1,1,101
1768,0.56,1,1,1,103
1768,0.401,1,0,1,104
1768,0.66,1,1,1,106
1768,0.383,1,0,1,108
1768,0.266,1,1,1,110
1768,0.474,1,0,1,111
1768,0.474,1,1,1,112
1768,0.353,1,0,1,113
1768,0.528,0,0,1,114
1768,0.524,1,1,1,115
1768,0.576,1,0,1,118
1768,0.414,1,0,1,119
1768,0.35,0,1,1,120
1768,0.561,1,1,1,121
1768,0.567,1,0,1,122
1768,0.519,0,0,1,123
1768,0.536,1,1,1,124
1768,0.426,1,1,1,125
1768,0.411,1,0,1,127
1768,0.369,1,1,1,1
1768,0.454,1,0,1,3
1768,0.327,1,1,1,4
1768,0.384,1,0,1,5
1768,0.387,1,0,1,6
1768,0.437,1,0,1,8
1768,0.387,1,0,1,11
1768,0.381,1,1,1,13
1768,0.34,1,1,1,14
1768,0.472,1,0,1,16
1768,0.721,1,1,1,17
1768,0.439,1,0,1,18
1768,0.575,1,1,1,22
1768,0.537,1,1,1,23
1768,0.525,1,0,1,24
1768,0.529,1,1,1,26
1768,0.376,1,0,1,28
1768,0.356,1,0,1,29
1768,0.428,1,1,1,30
1768,0.38,1,1,1,31
1768,0.441,1,0,1,33
1768,0.318,1,1,1,35
1768,0.298,1,0,1,36
1768,0.415,1,0,1,38
1768,0.457,1,1,1,39
1768,0.557,1,0,1,40
1768,0.506,1,1,1,41
1768,0.419,1,1,1,42
1768,0.411,1,0,1,43
1768,0.354,1,0,1,44
1768,0.356,1,0,1,45
1768,0.362,1,1,1,47
1768,0.325,1,0,1,48
1768,0.341,1,0,1,49
1768,0.517,1,0,1,51
1768,0.412,1,0,1,52
1768,0.53,1,1,1,53
1768,0.426,1,1,1,54
1768,0.357,1,1,1,55
1768,0.667,1,1,1,57
1768,0.452,1,1,1,59
1768,0.412,1,1,1,60
1768,0.417,1,0,1,61
1768,0.369,1,0,1,64
1768,0.56,1,0,1,65
1768,0.412,1,1,1,66
1768,0.442,1,1,1,67
1768,0.382,1,1,1,68
1768,0.455,1,0,1,71
1768,0.364,1,1,1,72
1768,0.365,1,0,1,76
1768,0.499,1,0,1,78
1768,0.496,1,1,1,80
1768,0.459,1,0,1,81
1768,0.439,1,0,1,82
1768,0.363,1,1,1,83
1768,0.441,1,0,1,85
1768,0.342,1,0,1,86
1768,0.282,0,1,1,88
1768,0.477,1,1,1,89
1768,0.328,1,0,1,90
1768,0.364,0,1,1,92
1768,0.422,0,1,1,93
1768,0.446,1,0,1,94
1768,0.468,1,1,1,95
1768,0.333,0,0,1,96
1768,0.593,1,1,1,97
1768,0.56,1,1,1,98
1768,0.532,1,0,1,99
1768,0.385,1,1,1,101
1768,0.441,1,0,1,103
1768,0.442,1,0,1,104
1768,0.36,1,1,1,105
1768,0.354,1,0,1,106
1768,0.587,1,0,1,108
1768,0.388,1,1,1,110
1768,0.391,1,1,1,112
1768,0.329,1,0,1,117
1768,0.408,1,1,1,120
1768,0.532,1,1,1,121
1768,0.655,1,0,1,123
1768,0.451,1,0,1,125
1768,0.537,1,1,1,126
1768,0.378,1,1,1,127
1768,0.525,1,0,1,0
1768,0.404,1,0,1,1
1768,0.377,1,0,1,3
1768,0.37,1,0,1,4
1768,0.421,1,0,1,6
1768,0.383,1,0,1,7
1768,0.337,0,1,1,9
1768,0.354,1,0,1,16
1768,0.328,1,1,1,17
1768,0.37,1,1,1,19
1768,0.502,0,0,1,20
1768,0.402,1,1,1,25
1768,0.497,1,0,1,27
1768,0.382,0,1,1,28
1768,0.407,1,0,1,29
1768,0.297,1,0,1,30
1768,0.436,1,0,1,31
1768,0.472,0,1,1,32
1768,0.384,1,1,1,34
1768,0.427,1,0,1,35
1768,0.657,1,1,1,37
1768,0.514,1,0,1,38
1768,0.479,1,0,1,39
1768,0.371,1,0,1,40
1768,0.47,1,1,1,41
1768,0.407,0,1,1,42
1768,0.401,0,0,1,43
1768,0.504,1,0,1,44
1768,0.487,1,1,1,45
1768,0.577,1,1,1,46
1768,0.352,0,1,1,47
1768,0.558,1,1,1,48
1768,0.462,1,0,1,50
1768,0.409,1,0,1,51
1768,0.646,1,1,1,52
1768,0.517,1,0,1,53
1768,0.63,1,1,1,55
1768,0.47,1,0,1,56
1768,0.375,1,1,1,57
1768,0.337,1,1,1,58
1768,0.46,1,1,1,59
1768,0.411,1,1,1,60
1768,0.481,1,1,1,65
1768,0.398,1,0,1,66
1768,0.451,1,1,1,71
1768,0.319,1,0,1,72
1768,0.537,1,1,1,73
1768,0.422,1,1,1,74
1768,0.361,1,0,1,76
1768,0.488,1,0,1,77
1768,0.413,1,0,1,79
1768,0.364,1,1,1,80
1768,0.442,1,0,1,81
1768,0.511,1,0,1,82
1768,0.365,1,0,1,83
1768,0.466,1,1,1,84
1768,0.411,1,0,1,85
1768,0.489,1,1,1,87
1768,0.365,1,1,1,89
1768,0.497,1,1,1,91
1768,0.495,1,1,1,93
1768,0.403,1,1,1,94
1768,0.403,1,1,1,95
1768,0.531,1,0,1,96
1768,0.401,1,1,1,97
1768,0.369,1,0,1,98
1768,0.328,1,0,1,99
1768,0.659,1,0,1,100
1768,0.543,1,0,1,101
1768,0.332,0,0,1,102
1768,0.429,1,1,1,104
1768,0.347,1,0,1,105
1768,0.416,1,1,1,106
1768,0.453,1,0,1,107
1768,0.442,1,1,1,109
1768,0.516,1,1,1,111
1768,0.367,1,1,1,112
1768,0.422,1,1,1,116
1768,0.383,1,0,1,117
1768,0.51,1,1,1,119
1768,0.65,1,0,1,120
1768,0.295,1,1,1,122
1768,0.399,1,1,1,125
1768,0.382,1,0,1,127
1768,0.384,1,0,1,2
1768,0.45,1,1,1,3
1768,0.377,1,0,1,4
1768,0.443,1,0,1,7
1768,0.412,1,0,1,8
1768,0.503,1,1,1,11
1768,0.427,1,0,1,12
1768,0.439,1,0,1,13
1768,0.4,1,1,1,14
1768,0.311,1,1,1,15
1768,0.4,0,1,1,16
1768,0.567,1,0,1,17
1768,0.384,1,1,1,18
1768,0.416,1,0,1,19
1768,0.762,1,1,1,21
1768,0.337,0,1,1,23
1768,0.567,1,0,1,24
1768,0.327,1,1,1,25
1768,0.509,1,1,1,27
1768,0.606,1,1,1,30
1768,0.442,0,1,1,31
1768,0.5,1,1,1,32
1768,0.469,1,0,1,35
1768,0.445,1,1,1,36
1768,0.404,1,0,1,38
1768,0.481,1,0,1,39
1768,0.534,1,0,1,40
1768,0.591,1,1,1,41
1768,0.599,1,0,1,43
1768,0.395,1,0,1,44
1768,0.625,1,0,1,45
1768,0.53,1,1,1,46
1768,0.384,0,0,1,47
1768,0.395,1,1,1,50
1768,0.418,0,0,1,51
1768,0.454,1,1,1,52
1768,0.538,1,1,1,55
1768,0.395,1,1,1,56
1768,0.399,1,0,1,57
1768,0.533,1,1,1,59
1768,0.734,1,1,1,60
1768,0.393,0,0,1,61
1768,0.402,1,0,1,63
1768,0.434,1,1,1,65
1768,0.585,1,0,1,67
1768,0.366,1,1,1,69
1768,0.499,1,0,1,70
1768,0.328,1,0,1,71
1768,0.394,1,1,1,72
1768,0.355,1,1,1,73
1768,0.459,1,0,1,76
1768,0.338,0,1,1,78
1768,0.385,1,1,1,81
1768,0.604,1,1,1,83
1768,0.488,1,0,1,85
1768,0.417,1,1,1,86
1768,0.383,1,0,1,88
1768,0.603,1,1,1,89
1768,0.365,1,0,1,90
1768,0.339,1,1,1,91
1768,0.416,1,1,1,93
1768,0.355,1,0,1,94
1768,0.367,1,1,1,96
1768,0.424,1,0,1,98
1768,0.645,1,0,1,99
1768,0.555,1,0,1,100
1768,0.531,1,0,1,103
1768,0.47,1,0,1,104
1768,0.614,1,1,1,105
1768,0.389,1,1,1,107
1768,0.564,1,1,1,108
1768,0.552,1,0,1,109
1768,0.462,1,1,1,111
1768,0.6,1,1,1,112
1768,0.391,1,0,1,113
1768,0.377,1,1,1,114
1768,0.563,1,0,1,117
1768,0.601,1,0,1,119
1768,0.66,1,1,1,120
1768,0.429,1,0,1,121
1768,0.361,1,0,1,123
1768,0.401,1,0,1,124
1768,0.36,1,1,1,125
1768,0.336,1,0,1,126
1768,0.356,1,0,1,0
1768,0.319,0,0,1,2
1768,0.366,0,0,1,3
1768,0.473,1,1,1,6
1768,0.387,1,0,1,8
1768,0.414,1,0,1,9
1768,0.632,1,0,1,10
1768,0.403,1,0,1,11
1768,0.417,1,0,1,14
1768,0.408,1,1,1,15
1768,0.334,1,1,1,17
1768,0.411,1,0,1,18
1768,0.328,1,0,1,19
1768,0.42,1,1,1,20
1768,0.404,1,1,1,23
1768,0.428,1,0,1,24
1768,0.502,1,1,1,25
1768,0.413,1,1,1,27
1768,0.385,1,0,1,29
1768,0.425,1,0,1,30
1768,0.395,1,0,1,31
1768,0.625,1,1,1,32
1768,0.351,0,1,1,34
1768,0.319,1,0,1,40
1768,0.689,1,0,1,41
1768,0.378,1,0,1,47
1768,0.426,1,1,1,48
1768,0.392,1,1,1,49
1768,0.464,1,1,1,50
1768,0.464,1,0,1,52
1768,0.383,1,1,1,53
1768,0.316,1,1,1,55
1768,0.329,0,1,1,56
1768,0.422,1,0,1,57
1768,0.432,1,1,1,59
1768,0.412,1,1,1,61
1768,0.58,1,1,1,62
1768,0.338,1,1,1,64
1768,0.452,1,1,1,65
1768,0.417,1,0,1,66
1768,0.439,1,0,1,67
1768,0.353,1,1,1,68
1768,0.5,1,0,1,69
1768,0.466,1,1,1,71
1768,0.318,1,1,1,72
1768,0.364,1,0,1,73
1768,0.389,1,0,1,75
1768,0.387,1,1,1,76
1768,0.324,0,1,1,77
1768,0.486,1,0,1,79
1768,0.353,0,1,1,80
1768,0.352,0,1,1,81
1768,0.341,1,0,1,83
1768,0.431,1,1,1,89
1768,0.377,1,0,1,90
1768,0.409,1,0,1,92
1768,0.505,1,1,1,93
1768,0.512,1,1,1,94
1768,0.537,1,0,1,95
1768,0.562,1,0,1,96
1768,0.564,1,1,1,97
1768,0.47,1,0,1,98
1768,0.508,1,1,1,99
1768,0.471,1,0,1,101
1768,0.423,1,0,1,104
1768,0.699,1,1,1,105
1768,0.423,1,0,1,106
1768,0.395,1,1,1,107
1768,0.352,1,0,1,109
1768,0.638,1,1,1,110
1768,0.499,1,1,1,111
1768,0.33,1,1,1,112
1768,0.388,1,1,1,113
1768,0.436,1,0,1,114
1768,0.363,1,1,1,115
1768,0.433,1,1,1,117
1768,0.683,1,0,1,118
1768,0.411,1,0,1,120
1768,0.375,1,0,1,121
1768,0.412,1,0,1,122
1768,0.308,0,1,1,123
1768,0.382,0,1,1,124
1768,0.443,1,0,1,125
1768,0.453,1,0,1,127
1813,0.3719,0,1,1,3
1813,0.4045,1,0,1,4
1813,0.3544,1,1,1,5
1813,0.4056,1,0,1,7
1813,0.3569,1,0,1,9
1813,0.3879,0,1,1,12
1813,0.4888,1,1,1,14
1813,0.4706,1,1,1,15
1813,0.5387,1,1,1,17
1813,0.3587,1,1,1,18
1813,0.3889,1,1,1,21
1813,0.4877,1,1,1,23
1813,0.4536,1,1,1,24
1813,0.5038,1,1,1,28
1813,0.437,1,0,1,29
1813,0.3705,1,1,1,30
1813,0.2891,0,1,1,31
1813,0.3391,1,0,1,32
1813,0.4386,1,0,1,34
1813,0.4038,1,0,1,35
1813,0.3889,0,1,1,36
1813,0.3709,1,1,1,37
1813,0.3707,1,0,1,38
1813,0.3722,1,0,1,42
1813,0.4058,1,0,1,44
1813,0.3206,1,0,1,45
1813,0.3874,1,0,1,46
1813,0.422,1,1,1,47
1813,0.5399,1,1,1,48
1813,0.3885,1,0,1,49
1813,0.4376,1,0,1,50
1813,0.3371,0,1,1,51
1813,0.4208,0,1,1,52
1813,0.4205,1,1,1,53
1813,0.538,1,0,1,54
1813,0.4394,1,1,1,55
1813,0.5221,1,1,1,57
1813,0.4055,1,1,1,58
1813,0.3396,1,0,1,59
1813,0.3222,1,0,1,60
1813,0.3212,0,1,1,61
1813,0.3869,0,1,1,62
1813,0.4706,1,0,1,63
1813,0.3039,1,0,1,65
1813,0.3056,1,0,1,66
1813,0.456,1,1,1,67
1813,0.4534,1,1,1,71
1813,0.3724,1,0,1,74
1813,0.4375,1,1,1,75
1813,0.3881,1,0,1,76
1813,0.3713,1,0,1,78
1813,0.3054,1,0,1,80
1813,0.3058,1,0,1,81
1813,0.3224,1,0,1,82
1813,0.3057,1,1,1,83
1813,0.4234,1,0,1,88
1813,0.3056,1,0,1,90
1813,0.2886,0,1,1,91
1813,0.4539,1,1,1,92
1813,0.3542,1,0,1,95
1813,0.4886,1,1,1,98
1813,0.4216,1,0,1,99
1813,0.4057,1,0,1,100
1813,0.3371,1,0,1,101
1813,0.3221,1,1,1,102
1813,0.4209,1,0,1,103
1813,0.3205,1,0,1,104
1813,0.3889,1,1,1,106
1813,0.4388,1,0,1,107
1813,0.3731,1,0,1,109
1813,0.3375,1,0,1,110
1813,0.3542,1,0,1,111
1813,0.2562,1,1,1,113
1813,0.3874,1,1,1,114
1813,0.3038,1,1,1,115
1813,0.3044,0,1,1,118
1813,0.3874,1,0,1,119
1813,0.3037,1,1,1,121
1813,0.4375,1,1,1,123
1813,0.5383,1,1,1,124
1813,0.3721,1,0,1,125
1813,0.322,1,0,1,126
1813,0.4892,1,1,1,127
1813,0.3871,1,0,1,1
1813,0.322,1,1,1,2
1813,0.3203,1,0,1,3
1813,0.3538,1,0,1,4
1813,0.4221,1,1,1,6
1813,0.422,1,1,1,8
1813,0.3043,1,0,1,9
1813,0.3575,1,1,1,10
1813,0.3221,1,1,1,11
1813,0.3704,1,1,1,12
1813,0.2556,1,0,1,14
1813,0.3706,1,1,1,15
1813,0.2709,0,1,1,16
1813,0.3561,1,0,1,17
1813,0.4885,1,1,1,18
1813,0.3222,1,1,1,19
1813,0.4728,1,0,1,20
1813,0.3224,1,1,1,22
1813,0.3212,1,0,1,23
1813,0.4222,1,0,1,24
1813,0.3712,1,1,1,25
1813,0.3721,0,0,1,29
1813,0.3556,1,0,1,30
1813,0.3898,1,1,1,31
1813,0.441,1,0,1,34
1813,0.4538,1,1,1,35
1813,0.3882,1,0,1,36
1813,0.3887,1,0,1,37
1813,0.4224,1,0,1,40
1813,0.4228,1,1,1,41
1813,0.389,1,0,1,42
1813,0.339,1,0,1,44
1813,0.3721,1,0,1,45
1813,0.3738,1,1,1,46
1813,0.3391,1,0,1,47
1813,0.354,1,0,1,48
1813,0.3875,1,0,1,50
1813,0.3058,1,1,1,53
1813,0.4874,1,1,1,54
1813,0.3896,1,0,1,56
1813,0.2888,0,1,1,57
1813,0.4891,1,1,1,60
1813,0.4055,1,1,1,62
1813,0.3219,1,0,1,63
1813,0.3547,0,1,1,64
1813,0.5396,1,1,1,66
1813,0.4056,1,0,1,69
1813,0.4236,1,0,1,71
1813,0.5221,1,1,1,72
1813,0.3713,1,0,1,73
1813,0.3546,1,1,1,74
1813,0.4872,1,1,1,75
1813,0.4042,1,0,1,77
1813,0.3722,0,1,1,78
1813,0.374,1,0,1,79
1813,0.5055,1,0,1,82
1813,0.3748,0,1,1,83
1813,0.6376,1,1,1,84
1813,0.3054,1,1,1,87
1813,0.4376,1,1,1,90
1813,0.3554,1,0,1,91
1813,0.4041,1,1,1,93
1813,0.4205,1,0,1,94
1813,0.3554,1,1,1,96
1813,0.3869,1,1,1,98
1813,0.4048,1,0,1,99
1813,0.3218,1,1,1,100
1813,0.3038,1,1,1,102
1813,0.3388,1,1,1,103
1813,0.287,1,0,1,104
1813,0.4534,1,1,1,106
1813,0.3053,1,0,1,107
1813,0.3541,1,0,1,108
1813,0.2884,1,1,1,110
1813,0.4371,1,1,1,111
1813,0.4214,1,0,1,112
1813,0.3231,1,0,1,115
1813,0.3051,0,1,1,116
1813,0.3539,1,0,1,119
1813,0.3041,1,0,1,120
1813,0.3041,1,1,1,123
1813,0.4208,1,0,1,127
1813,0.3546,1,0,1,1
1813,0.3539,1,0,1,2
1813,0.256,1,1,1,3
1813,0.3227,1,1,1,4
1813,0.3207,0,1,1,8
1813,0.4562,1,0,1,9
1813,0.271,0,1,1,10
1813,0.405,1,0,1,13
1813,0.3713,1,1,1,14
1813,0.3216,0,0,1,16
1813,0.4206,0,1,1,18
1813,0.4391,1,1,1,19
1813,0.6388,1,0,1,20
1813,0.6891,1,1,1,22
1813,0.3388,1,0,1,23
1813,0.3726,1,0,1,24
1813,0.3725,0,1,1,25
1813,0.3553,1,0,1,27
1813,0.3886,1,0,1,32
1813,0.3889,1,1,1,33
1813,0.3216,1,0,1,37
1813,0.4704,1,0,1,38
1813,0.339,1,0,1,39
1813,0.3211,1,0,1,41
1813,0.4889,1,1,1,42
1813,0.2887,0,1,1,46
1813,0.5224,1,0,1,49
1813,0.3887,1,0,1,51
1813,0.3059,0,1,1,52
1813,0.4723,1,0,1,53
1813,0.4205,1,0,1,54
1813,0.3386,1,0,1,56
1813,0.4039,1,1,1,58
1813,0.5058,1,1,1,59
1813,0.4214,1,1,1,61
1813,0.4051,1,1,1,63
1813,0.5061,1,1,1,64
1813,0.3887,1,1,1,66
1813,0.3871,1,1,1,67
1813,0.4041,1,1,1,68
1813,0.4535,1,1,1,69
1813,0.4054,1,0,1,70
1813,0.4727,1,0,1,75
1813,0.356,1,0,1,76
1813,0.3714,1,0,1,77
1813,0.4053,0,1,1,78
1813,0.4222,1,1,1,79
1813,0.5701,1,1,1,80
1813,0.2889,1,0,1,81
1813,0.4886,1,1,1,82
1813,0.4407,1,1,1,83
1813,0.3057,1,1,1,85
1813,0.4375,1,1,1,86
1813,0.439,1,1,1,89
1813,0.4218,1,1,1,91
1813,0.3721,1,0,1,92
1813,0.354,1,0,1,93
1813,0.3241,1,1,1,94
1813,0.3546,1,0,1,95
1813,0.4555,1,1,1,96
1813,0.4214,1,0,1,98
1813,0.4717,1,1,1,99
1813,0.4876,1,1,1,102
1813,0.3723,1,0,1,103
1813,0.3721,1,0,1,104
1813,0.3367,1,0,1,105
1813,0.3559,1,0,1,107
1813,0.339,1,0,1,108
1813,0.4057,1,1,1,109
1813,0.4048,1,1,1,110
1813,0.4721,1,0,1,111
1813,0.3546,1,0,1,112
1813,0.4236,1,1,1,113
1813,0.3865,1,0,1,115
1813,0.3721,1,0,1,116
1813,0.356,1,0,1,118
1813,0.3037,1,0,1,119
1813,0.4234,1,0,1,120
1813,0.3204,1,1,1,121
1813,0.3219,1,0,1,122
1813,0.339,1,1,1,123
1813,0.4721,1,1,1,125
1813,0.3045,1,0,1,126
1813,0.4554,1,1,1,127
1813,0.3864,1,1,1,1
1813,0.4875,1,1,1,3
1813,0.3552,1,0,1,4
1813,0.3387,0,1,1,5
1813,0.3546,1,0,1,6
1813,0.3722,1,0,1,7
1813,0.3728,1,0,1,9
1813,0.3221,1,1,1,10
1813,0.4548,1,0,1,11
1813,0.3223,1,0,1,12
1813,0.3708,1,1,1,15
1813,0.2536,0,0,1,17
1813,0.2726,1,1,1,18
1813,0.4221,1,1,1,19
1813,0.4045,1,0,1,20
1813,0.3385,1,0,1,22
1813,0.4542,1,1,1,25
1813,0.3712,1,0,1,26
1813,0.3727,1,0,1,27
1813,0.3709,1,0,1,29
1813,0.3721,1,0,1,30
1813,0.3054,1,0,1,32
1813,0.321,1,1,1,36
1813,0.4724,1,1,1,38
1813,0.5376,1,1,1,39
1813,0.439,1,1,1,40
1813,0.539,1,0,1,41
1813,0.3217,1,0,1,43
1813,0.5889,1,1,1,44
1813,0.422,1,0,1,45
1813,0.4045,1,1,1,46
1813,0.2884,1,0,1,47
1813,0.4556,1,0,1,48
1813,0.3887,0,1,1,49
1813,0.3727,1,1,1,50
1813,0.4039,1,1,1,51
1813,0.3727,1,0,1,52
1813,0.3724,1,0,1,53
1813,0.3373,0,1,1,54
1813,0.4892,1,0,1,55
1813,0.3225,1,0,1,56
1813,0.5044,1,1,1,57
1813,0.4045,1,0,1,58
1813,0.2557,1,1,1,59
1813,0.4385,1,1,1,60
1813,0.4552,1,1,1,61
1813,0.3873,0,1,1,62
1813,0.4389,1,0,1,63
1813,0.5377,1,1,1,64
1813,0.4217,1,0,1,65
1813,0.4057,1,0,1,66
1813,0.4037,1,0,1,68
1813,0.3884,1,1,1,70
1813,0.4381,1,0,1,72
1813,0.3569,1,1,1,73
1813,0.422,1,0,1,74
1813,0.2868,1,0,1,75
1813,0.3539,1,0,1,78
1813,0.2555,1,1,1,80
1813,0.3045,0,1,1,83
1813,0.3707,1,1,1,84
1813,0.3874,1,1,1,87
1813,0.3068,1,1,1,89
1813,0.3707,1,0,1,91
1813,0.3709,1,0,1,92
1813,0.4055,1,0,1,94
1813,0.4059,1,0,1,95
1813,0.2551,0,1,1,100
1813,0.3374,1,1,1,101
1813,0.3703,1,1,1,102
1813,0.3547,1,0,1,103
1813,0.3725,1,0,1,107
1813,0.338,0,1,1,110
1813,0.5892,1,1,1,111
1813,0.4057,1,1,1,113
1813,0.3388,1,1,1,116
1813,0.3076,1,0,1,119
1813,0.3557,1,0,1,121
1813,0.422,1,0,1,122
1813,0.4057,1,0,1,124
1813,0.4723,1,1,1,126
1813,0.3036,1,1,1,127
1813,0.3563,1,1,1,1
1813,0.4202,1,1,1,2
1813,0.5554,1,1,1,4
1813,0.3373,1,0,1,5
1813,0.4394,1,0,1,7
1813,0.3729,1,1,1,8
1813,0.4032,1,0,1,9
1813,0.4057,1,0,1,10
1813,0.3055,1,0,1,12
1813,0.3389,0,1,1,13
1813,0.5055,1,0,1,14
1813,0.4556,1,1,1,16
1813,0.3388,1,1,1,18
1813,0.3206,1,0,1,20
1813,0.5854,1,1,1,22
1813,0.3361,1,1,1,23
1813,0.5536,1,0,1,24
1813,0.4054,1,1,1,25
1813,0.4069,1,0,1,26
1813,0.4234,1,0,1,28
1813,0.4056,1,0,1,31
1813,0.3703,0,1,1,33
1813,0.4199,1,1,1,34
1813,0.4209,1,0,1,35
1813,0.4072,1,0,1,36
1813,0.4365,1,1,1,37
1813,0.5536,1,0,1,38
1813,0.4046,1,0,1,40
1813,0.4699,1,0,1,41
1813,0.4027,1,1,1,43
1813,0.4392,1,0,1,44
1813,0.4058,1,0,1,45
1813,0.4528,1,1,1,47
1813,0.7057,1,1,1,48
1813,0.3359,1,1,1,49
1813,0.422,1,1,1,50
1813,0.4058,1,0,1,52
1813,0.4226,1,0,1,53
1813,0.4886,1,1,1,54
1813,0.3565,1,1,1,55
1813,0.4033,1,0,1,56
1813,0.3389,1,1,1,57
1813,0.4393,1,1,1,58
1813,0.5365,1,1,1,61
1813,0.3731,1,0,1,63
1813,0.4027,1,1,1,65
1813,0.3867,1,0,1,67
1813,0.3752,1,0,1,68
1813,0.6533,1,1,1,69
1813,0.3876,1,0,1,70
1813,0.5195,1,1,1,74
1813,0.3219,1,1,1,75
1813,0.3416,1,1,1,77
1813,0.3537,1,1,1,79
1813,0.3388,1,0,1,81
1813,0.2894,0,1,1,82
1813,0.4566,1,0,1,83
1813,0.4225,1,1,1,85
1813,0.4224,1,0,1,87
1813,0.3368,1,1,1,88
1813,0.2888,1,0,1,90
1813,0.3888,1,1,1,92
1813,0.3559,1,1,1,93
1813,0.4865,1,1,1,94
1813,0.553,1,1,1,95
1813,0.3892,1,0,1,97
1813,0.3023,1,0,1,98
1813,0.4221,1,0,1,99
1813,0.256,0,0,1,100
1813,0.5893,1,1,1,102
1813,0.4871,1,0,1,106
1813,0.354,1,0,1,107
1813,0.3721,1,1,1,108
1813,0.3195,1,1,1,109
1813,0.5365,1,1,1,110
1813,0.3872,1,1,1,111
1813,0.3698,1,0,1,112
1813,0.4374,1,0,1,113
1813,0.4056,1,0,1,116
1813,0.3858,1,0,1,118
1813,0.3697,1,0,1,121
1813,0.4365,1,0,1,123
1813,0.339,1,0,1,124
1813,0.6201,1,1,1,125
1813,0.706,1,1,1,0
1813,0.4246,1,0,1,2
1813,0.2701,0,1,1,5
1813,0.3744,1,0,1,6
1813,0.3562,1,1,1,8
1813,0.4553,1,1,1,9
1813,0.3892,1,1,1,10
1813,0.3693,1,1,1,11
1813,0.4532,1,1,1,14
1813,0.4722,1,0,1,15
1813,0.5057,1,0,1,16
1813,0.6415,1,1,1,17
1813,0.4034,1,0,1,18
1813,0.4233,1,1,1,19
1813,0.4197,1,0,1,20
1813,0.3712,1,0,1,23
1813,0.5057,1,1,1,24
1813,0.3897,1,0,1,25
1813,0.4054,1,0,1,26
1813,0.389,1,0,1,27
1813,0.5533,1,0,1,29
1813,0.4689,1,0,1,30
1813,0.42,0,1,1,31
1813,0.4241,0,1,1,34
1813,0.5897,1,1,1,35
1813,0.4031,1,1,1,37
1813,0.3891,1,1,1,38
1813,0.3369,1,0,1,39
1813,0.3227,1,0,1,40
1813,0.3366,1,1,1,41
1813,0.403,1,0,1,43
1813,0.4388,1,1,1,44
1813,0.4025,1,1,1,45
1813,0.506,1,1,1,46
1813,0.4403,1,1,1,48
1813,0.3724,1,0,1,49
1813,0.4369,1,1,1,50
1813,0.306,1,1,1,51
1813,0.3227,1,1,1,52
1813,0.4404,1,0,1,53
1813,0.3728,1,1,1,54
1813,0.589,1,1,1,56
1813,0.389,1,0,1,57
1813,0.3525,1,1,1,59
1813,0.424,1,0,1,60
1813,0.3722,1,0,1,61
1813,0.3889,1,1,1,64
1813,0.3366,1,1,1,65
1813,0.353,1,1,1,66
1813,0.3058,1,0,1,67
1813,0.4202,1,0,1,69
1813,0.321,1,1,1,71
1813,0.30620000000000003,1,0,1,73
1813,0.2724,1,0,1,74
1813,0.3201,1,1,1,76
1813,0.2891,1,1,1,77
1813,0.3723,1,0,1,80
1813,0.3555,1,1,1,83
1813,0.3023,1,1,1,86
1813,0.3906,1,0,1,87
1813,0.2699,1,0,1,88
1813,0.339,1,1,1,90
1813,0.287,1,0,1,91
1813,0.4057,1,0,1,94
1813,0.4057,1,1,1,95
1813,0.2701,0,0,1,97
1813,0.3726,1,0,1,98
1813,0.389,1,0,1,99
1813,0.4872,1,0,1,100
1813,0.2569,0,1,1,103
1813,0.4034,1,1,1,106
1813,0.4735,1,0,1,107
1813,0.339,1,0,1,109
1813,0.3559,1,0,1,110
1813,0.3057,1,1,1,111
1813,0.3722,1,1,1,112
1813,0.3897,1,0,1,114
1813,0.3719,1,0,1,116
1813,0.4389,1,1,1,117
1813,0.4889,1,1,1,118
1813,0.4898,1,0,1,119
1813,0.3727,1,0,1,121
1813,0.3359,1,0,1,123
1813,0.3225,1,0,1,124
1813,0.336,1,1,1,1
1813,0.4037,1,0,1,3
1813,0.3537,1,0,1,6
1813,0.3027,1,0,1,8
1813,0.3371,0,1,1,9
1813,0.4037,1,0,1,12
1813,0.3537,0,1,1,13
1813,0.2912,1,0,1,15
1813,0.4725,1,1,1,16
1813,0.3203,1,0,1,17
1813,0.386,1,0,1,18
1813,0.3202,1,1,1,19
1813,0.4696,1,1,1,20
1813,0.4555,1,1,1,21
1813,0.3054,1,0,1,22
1813,0.423,1,1,1,23
1813,0.3892,1,1,1,24
1813,0.3232,1,0,1,25
1813,0.2706,1,0,1,26
1813,0.2731,1,0,1,28
1813,0.2857,0,0,1,29
1813,0.3063,1,0,1,30
1813,0.5395,1,0,1,31
1813,0.4227,1,0,1,33
1813,0.389,1,0,1,38
1813,0.4362,1,1,1,39
1813,0.3904,1,1,1,40
1813,0.2864,1,0,1,45
1813,0.3528,1,0,1,46
1813,0.3224,1,1,1,48
1813,0.4711,1,0,1,49
1813,0.4559,1,1,1,51
1813,0.3567,1,1,1,53
1813,0.3716,1,0,1,54
1813,0.3705,1,1,1,55
1813,0.254,1,0,1,56
1813,0.4203,1,0,1,57
1813,0.5229,1,1,1,59
1813,0.3359,0,1,1,60
1813,0.3924,1,0,1,64
1813,0.5016,1,0,1,67
1813,0.2859,1,0,1,68
1813,0.3392,1,0,1,69
1813,0.3695,1,0,1,70
1813,0.438,1,0,1,72
1813,0.252,1,1,1,74
1813,0.3199,1,1,1,76
1813,0.436,1,1,1,78
1813,0.3884,1,0,1,80
1813,0.3392,0,1,1,81
1813,0.3556,1,1,1,83
1813,0.4395,1,1,1,85
1813,0.4038,1,0,1,87
1813,0.372,1,0,1,88
1813,0.3361,0,1,1,89
1813,0.4198,1,0,1,91
1813,0.4199,1,1,1,92
1813,0.3078,1,0,1,93
1813,0.3081,1,0,1,94
1813,0.3086,1,0,1,95
1813,0.3226,1,0,1,96
1813,0.3227,1,1,1,98
1813,0.5219,1,1,1,101
1813,0.4531,1,1,1,102
1813,0.5395,1,0,1,105
1813,0.5576,1,1,1,108
1813,0.4395,1,1,1,109
1813,0.4889,1,0,1,110
1813,0.4701,1,1,1,111
1813,0.4234,1,1,1,112
1813,0.4032,1,1,1,114
1813,0.4884,1,1,1,115
1813,0.4894,1,1,1,116
1813,0.4023,1,0,1,117
1813,0.4228,1,1,1,118
1813,0.3404,1,1,1,119
1813,0.4054,1,0,1,120
1813,0.3393,1,1,1,121
1813,0.4028,1,1,1,122
1813,0.3367,1,1,1,124
1813,0.3699,0,1,1,126
1813,0.4033,1,0,1,127
1813,0.4071,1,1,1,1
1813,0.3531,1,0,1,2
1813,0.3718,1,1,1,3
1813,0.2898,1,0,1,4
1813,0.3053,1,0,1,5
1813,0.439,1,1,1,9
1813,0.3724,1,0,1,11
1813,0.3559,1,1,1,15
1813,0.34,1,0,1,16
1813,0.5032,1,0,1,19
1813,0.3721,1,0,1,21
1813,0.323,1,0,1,22
1813,0.2751,1,1,1,24
1813,0.5067,1,1,1,25
1813,0.3532,1,0,1,26
1813,0.2918,0,1,1,27
1813,0.4225,1,1,1,28
1813,0.4035,1,0,1,29
1813,0.4052,1,1,1,31
1813,0.4394,1,1,1,32
1813,0.2884,0,0,1,33
1813,0.2862,1,0,1,34
1813,0.3723,1,0,1,35
1813,0.4388,0,1,1,36
1813,0.3073,1,0,1,37
1813,0.4891,1,1,1,38
1813,0.3528,1,0,1,41
1813,0.3378,1,1,1,42
1813,0.3868,1,0,1,43
1813,0.2893,1,1,1,46
1813,0.3877,1,0,1,48
1813,0.3878,1,0,1,49
1813,0.3532,1,1,1,50
1813,0.6369,1,1,1,51
1813,0.4532,1,1,1,52
1813,0.4871,1,1,1,53
1813,0.4401,1,1,1,55
1813,0.5387,1,1,1,56
1813,0.4383,1,1,1,59
1813,0.3861,1,1,1,60
1813,0.4373,1,1,1,61
1813,0.4057,1,1,1,66
1813,0.27,0,0,1,67
1813,0.5744,1,0,1,68
1813,0.3703,1,0,1,69
1813,0.6213,1,1,1,70
1813,0.4906,1,1,1,71
1813,0.3389,1,0,1,72
1813,0.3696,1,0,1,74
1813,0.3063,1,0,1,75
1813,0.5032,1,1,1,76
1813,0.5588,1,1,1,77
1813,0.6063,1,0,1,78
1813,0.3724,1,0,1,79
1813,0.4376,1,1,1,80
1813,0.3545,1,0,1,81
1813,0.4202,1,0,1,82
1813,0.3206,1,1,1,83
1813,0.4029,1,0,1,84
1813,0.2885,1,1,1,85
1813,0.3394,1,1,1,86
1813,0.3199,1,0,1,88
1813,0.3364,1,0,1,89
1813,0.423,1,1,1,90
1813,0.3539,1,0,1,91
1813,0.3056,1,1,1,92
1813,0.3557,1,0,1,93
1813,0.3545,1,1,1,94
1813,0.3534,1,0,1,96
1813,0.3232,1,1,1,97
1813,0.4711,1,1,1,98
1813,0.3879,1,0,1,99
1813,0.3699,1,0,1,101
1813,0.3388,1,1,1,102
1813,0.3559,1,0,1,103
1813,0.339,0,1,1,105
1813,0.387,1,0,1,107
1813,0.3371,1,0,1,110
1813,0.3225,0,0,1,115
1813,0.4392,1,0,1,121
1813,0.3392,1,0,1,122
1813,0.3246,0,1,1,123
1813,0.426,1,1,1,127
1821,0.499,1,1,1,1
1821,0.3244,1,1,1,8
1821,0.4895,1,1,1,10
1821,0.3461,1,0,1,11
1821,0.3144,1,0,1,12
1821,0.393900001,1,1,1,13
1821,0.3941,1,0,1,14
1821,0.3233,1,1,1,15
1821,0.367400001,1,0,1,17
1821,0.354400001,1,0,1,21
1821,0.3887,1,0,1,24
1821,0.521900001,1,0,1,25
1821,0.5307,1,1,1,26
1821,0.3695,1,1,1,27
1821,0.3556,1,0,1,28
1821,0.428599999,1,0,1,29
1821,0.4398,1,0,1,30
1821,0.3765,1,0,1,34
1821,0.5215,1,0,1,35
1821,0.4826,1,1,1,36
1821,0.3689,1,0,1,37
1821,0.3879,1,1,1,39
1821,0.5147,1,1,1,40
1821,0.4406,1,0,1,43
1821,0.488900001,1,0,1,44
1821,0.4008,1,0,1,45
1821,0.3422,1,0,1,46
1821,0.3768,1,0,1,47
1821,0.4624,1,0,1,50
1821,0.4064,1,0,1,51
1821,0.5377,1,1,1,52
1821,0.403299999,1,0,1,53
1821,0.4615,1,1,1,55
1821,0.483,1,1,1,57
1821,0.451299999,1,0,1,58
1821,0.664299999,1,1,1,59
1821,0.4368,1,0,1,64
1821,0.528900001,1,1,1,65
1821,0.5433,1,1,1,66
1821,0.5351,1,1,1,68
1821,0.45,1,1,1,69
1821,0.3859,1,0,1,71
1821,0.315799999,1,0,1,72
1821,0.4088,1,1,1,74
1821,0.406099999,1,0,1,76
1821,0.5257,1,1,1,77
1821,0.6835,1,1,1,78
1821,0.639400001,1,1,1,79
1821,0.4926,1,1,1,80
1821,0.367,1,0,1,81
1821,0.4221,1,0,1,82
1821,0.3542,1,0,1,83
1821,0.412900001,1,1,1,85
1821,0.420099999,1,1,1,86
1821,0.4558,1,1,1,87
1821,0.302900001,1,0,1,88
1821,0.631099999,1,1,1,89
1821,0.3845,1,0,1,90
1821,0.4832,1,1,1,92
1821,0.532,1,0,1,93
1821,0.4363,1,1,1,95
1821,0.4774,1,1,1,96
1821,0.584299999,1,1,1,97
1821,0.4675,1,1,1,98
1821,0.434599999,1,0,1,100
1821,0.441700001,1,1,1,101
1821,0.523799999,1,0,1,102
1821,0.3525,1,0,1,104
1821,0.3675,1,0,1,105
1821,0.3942,1,0,1,106
1821,0.4011,1,1,1,107
1821,0.447700001,1,1,1,110
1821,0.5372,1,0,1,111
1821,0.4131,1,1,1,114
1821,0.3888,1,1,1,116
1821,0.5828,1,1,1,117
1821,0.3783,1,0,1,118
1821,0.4301,1,1,1,120
1821,0.3339,1,0,1,121
1821,0.4875,1,1,1,124
1821,0.4377,1,1,1,125
1821,0.435,1,0,1,126
1821,0.3934,1,1,1,127
1821,0.516,1,1,1,1
1821,0.4935,1,1,1,2
1821,0.403400001,0,1,1,5
1821,0.6668,1,1,1,9
1821,0.5037,1,1,1,10
1821,0.4315,1,0,1,11
1821,0.467,1,0,1,12
1821,0.4823,1,1,1,14
1821,0.491,1,1,1,15
1821,0.4015,1,0,1,17
1821,0.3855,1,0,1,18
1821,0.5763,1,1,1,19
1821,0.3918,1,0,1,22
1821,0.3155,1,1,1,26
1821,0.4145,1,0,1,27
1821,0.3451,1,0,1,28
1821,0.2978,1,1,1,32
1821,0.3707,1,1,1,33
1821,0.4126,1,1,1,34
1821,0.3529,1,0,1,35
1821,0.3699,1,0,1,36
1821,0.3266,1,0,1,37
1821,0.3658,1,1,1,38
1821,0.432,1,0,1,39
1821,0.3227,1,0,1,40
1821,0.5104,1,1,1,42
1821,0.5883,1,1,1,43
1821,0.4337,1,1,1,44
1821,0.4365,1,1,1,45
1821,0.3307,1,0,1,46
1821,0.4655,1,1,1,49
1821,0.5845,1,1,1,51
1821,0.3808,1,0,1,52
1821,0.412599999,1,1,1,53
1821,0.4211,1,1,1,55
1821,0.369,1,0,1,57
1821,0.405599999,1,1,1,58
1821,0.3473,0,1,1,60
1821,0.4098,1,0,1,62
1821,0.4303,1,0,1,63
1821,0.441200001,1,0,1,64
1821,0.4318,1,1,1,65
1821,0.404099999,1,0,1,67
1821,0.586,1,1,1,68
1821,0.3605,1,1,1,69
1821,0.411700001,0,1,1,70
1821,0.3797,1,1,1,72
1821,0.5419,1,0,1,74
1821,0.504400001,1,0,1,75
1821,0.6751,1,0,1,76
1821,0.484700001,1,1,1,78
1821,0.3091,1,0,1,80
1821,0.453400001,1,1,1,81
1821,0.3362,1,0,1,82
1821,0.3179,1,1,1,84
1821,0.3978,1,1,1,85
1821,0.3635,1,0,1,87
1821,0.5723,1,0,1,90
1821,0.597099999,1,1,1,91
1821,0.3473,1,0,1,93
1821,0.5145,1,1,1,95
1821,0.462,1,1,1,96
1821,0.368900001,1,0,1,98
1821,0.6405,1,1,1,99
1821,0.4321,1,1,1,100
1821,0.3852,1,0,1,102
1821,0.3837,1,1,1,103
1821,0.466099999,1,0,1,104
1821,0.3895,1,0,1,106
1821,0.3308,1,0,1,107
1821,0.365700001,0,1,1,108
1821,0.552200001,1,0,1,109
1821,0.6295,1,1,1,110
1821,0.414,1,0,1,111
1821,0.4532,1,0,1,112
1821,0.3921,1,0,1,114
1821,0.3873,1,1,1,116
1821,0.3371,1,1,1,118
1821,0.6356,1,0,1,119
1821,0.362099999,1,0,1,122
1821,0.3707,1,0,1,124
1821,0.381700001,1,0,1,126
1821,0.4341,1,0,1,127
1821,0.5201,1,0,1,1
1821,0.367700001,1,1,1,2
1821,0.5104,1,1,1,3
1821,0.5533,1,1,1,4
1821,0.4184,1,0,1,5
1821,0.377,1,0,1,9
1821,0.4543,1,0,1,13
1821,0.404200001,1,0,1,14
1821,0.347299999,1,0,1,16
1821,0.4881,1,1,1,18
1821,0.4979,1,1,1,20
1821,0.3523,1,0,1,21
1821,0.3573,1,0,1,23
1821,0.400900001,1,0,1,25
1821,0.5473,1,1,1,27
1821,0.418900001,1,0,1,28
1821,0.548,1,1,1,32
1821,0.652700001,1,0,1,33
1821,0.545,1,1,1,34
1821,0.483099999,1,0,1,35
1821,0.345900001,1,0,1,36
1821,0.3146,1,1,1,39
1821,0.4338,1,1,1,40
1821,0.3776,1,1,1,41
1821,0.3295,1,0,1,43
1821,0.5565,1,1,1,46
1821,0.4913,1,1,1,47
1821,0.7106,1,1,1,48
1821,0.3782,1,0,1,49
1821,0.2932,1,1,1,52
1821,0.486900001,1,0,1,55
1821,0.3618,1,1,1,56
1821,0.27,1,0,1,57
1821,0.309,1,0,1,58
1821,0.337400001,1,0,1,60
1821,0.5549,1,1,1,61
1821,0.3624,1,1,1,62
1821,0.3723,0,1,1,63
1821,0.3984,1,0,1,64
1821,0.4459,1,1,1,65
1821,0.3147,1,0,1,66
1821,0.4784,1,1,1,67
1821,0.4865,1,1,1,70
1821,0.3131,1,0,1,72
1821,0.365200001,1,1,1,73
1821,0.3846,1,0,1,76
1821,0.3457,1,0,1,78
1821,0.286,1,1,1,79
1821,0.4203,1,1,1,80
1821,0.3676,1,0,1,81
1821,0.3962,0,1,1,82
1821,0.492200001,1,0,1,83
1821,0.3721,1,0,1,85
1821,0.3544,1,0,1,86
1821,0.3623,1,0,1,87
1821,0.5019,1,1,1,90
1821,0.3674,1,0,1,91
1821,0.3307,0,1,1,92
1821,0.3543,1,1,1,93
1821,0.3792,1,0,1,95
1821,0.5545,1,0,1,96
1821,0.389,1,1,1,97
1821,0.385099999,1,0,1,98
1821,0.495799999,1,1,1,99
1821,0.5027,1,0,1,100
1821,0.4113,1,1,1,101
1821,0.4288,1,1,1,103
1821,0.3193,1,0,1,104
1821,0.4638,1,1,1,106
1821,0.363299999,1,0,1,108
1821,0.343,1,0,1,109
1821,0.523,1,1,1,110
1821,0.468799999,1,1,1,112
1821,0.5557,1,1,1,114
1821,0.3811,0,1,1,117
1821,0.404900001,1,0,1,119
1821,0.3421,1,0,1,120
1821,0.3364,1,1,1,121
1821,0.363900001,1,0,1,122
1821,0.4865,1,1,1,123
1821,0.459400001,1,1,1,124
1821,0.41,1,1,1,125
1821,0.519599999,1,0,1,126
1821,0.3128,1,1,1,4
1821,0.4928,1,1,1,7
1821,0.3573,1,1,1,8
1821,0.3677,1,0,1,10
1821,0.3837,1,0,1,11
1821,0.3213,1,1,1,12
1821,0.362700001,1,0,1,13
1821,0.3785,1,0,1,15
1821,0.341299999,1,0,1,16
1821,0.3398,1,0,1,18
1821,0.3334,1,0,1,19
1821,0.2847,0,1,1,20
1821,0.3852,1,0,1,21
1821,0.4248,1,1,1,22
1821,0.279099999,1,1,1,23
1821,0.337200001,1,1,1,24
1821,0.4119,1,0,1,25
1821,0.3671,1,0,1,26
1821,0.443299999,1,0,1,27
1821,0.4593,1,1,1,29
1821,0.4328,1,0,1,30
1821,0.4354,1,0,1,32
1821,0.6783,1,1,1,35
1821,0.369,1,0,1,36
1821,0.3806,1,1,1,37
1821,0.3374,1,1,1,38
1821,0.343599999,1,0,1,42
1821,0.4537,1,0,1,43
1821,0.524299999,1,0,1,44
1821,0.5095,1,0,1,45
1821,0.3559,1,0,1,46
1821,0.327599999,1,0,1,47
1821,0.339,1,1,1,51
1821,0.6254,1,1,1,52
1821,0.2966,1,0,1,54
1821,0.2916,1,0,1,56
1821,0.3863,1,1,1,57
1821,0.3525,1,0,1,58
1821,0.3793,1,1,1,59
1821,0.301599999,0,1,1,61
1821,0.347099999,1,0,1,64
1821,0.5155,1,0,1,67
1821,0.4685,1,1,1,68
1821,0.3538,1,0,1,69
1821,0.567400001,1,0,1,70
1821,0.4572,1,0,1,72
1821,0.5007,1,1,1,73
1821,0.46,1,1,1,74
1821,0.373099999,1,1,1,75
1821,0.363900001,1,0,1,76
1821,0.5037,1,1,1,77
1821,0.4272,1,1,1,78
1821,0.3676,1,0,1,80
1821,0.3644,1,1,1,83
1821,0.3535,1,1,1,84
1821,0.568200001,1,1,1,85
1821,0.4265,1,0,1,87
1821,0.4131,1,1,1,88
1821,0.5285,1,0,1,89
1821,0.4018,1,1,1,90
1821,0.479,1,1,1,93
1821,0.387,1,1,1,94
1821,0.378,1,0,1,95
1821,0.394900001,1,0,1,96
1821,0.445599999,1,1,1,97
1821,0.4379,1,1,1,98
1821,0.384599999,1,1,1,100
1821,0.4353,1,1,1,101
1821,0.3775,1,0,1,102
1821,0.3567,1,0,1,104
1821,0.294400001,1,0,1,105
1821,0.3518,1,1,1,106
1821,0.3665,1,1,1,108
1821,0.554,1,0,1,109
1821,0.3966,1,0,1,110
1821,0.3694,1,1,1,114
1821,0.549,1,0,1,115
1821,0.3391,1,1,1,117
1821,0.3454,1,0,1,119
1821,0.3905,1,1,1,122
1821,0.4679,1,1,1,124
1821,0.4365,1,1,1,126
1821,0.369900001,1,0,1,127
1821,0.6489,1,1,1,0
1821,0.47,1,1,1,2
1821,0.298400001,1,0,1,4
1821,0.5132,1,1,1,5
1821,0.3302,1,1,1,7
1821,0.4468,1,1,1,8
1821,0.3526,1,0,1,9
1821,0.3969,1,0,1,10
1821,0.3647,1,1,1,11
1821,0.3696,1,0,1,13
1821,0.361599999,1,0,1,15
1821,0.363400001,1,0,1,16
1821,0.3375,1,0,1,17
1821,0.3096,1,0,1,18
1821,0.327099999,1,0,1,19
1821,0.4022,1,1,1,20
1821,0.327099999,1,1,1,21
1821,0.3213,1,0,1,23
1821,0.3774,1,1,1,24
1821,0.3966,1,1,1,28
1821,0.3548,1,1,1,29
1821,0.2865,0,0,1,32
1821,0.326700001,1,0,1,33
1821,0.2984,1,0,1,35
1821,0.3814,1,0,1,37
1821,0.4682,1,1,1,38
1821,0.3974,1,0,1,39
1821,0.3803,1,1,1,40
1821,0.3863,1,0,1,41
1821,0.4877,1,1,1,43
1821,0.358799999,1,0,1,44
1821,0.4329,1,1,1,45
1821,0.4292,1,1,1,46
1821,0.3037,1,0,1,47
1821,0.3639,1,0,1,49
1821,0.4007,1,0,1,52
1821,0.403700001,1,0,1,53
1821,0.3732,1,0,1,54
1821,0.5179,1,1,1,56
1821,0.4713,1,1,1,57
1821,0.3218,1,0,1,58
1821,0.3293,1,0,1,59
1821,0.5186,1,0,1,61
1821,0.485700001,1,1,1,62
1821,0.3993,1,0,1,63
1821,0.382099999,1,1,1,64
1821,0.402,1,0,1,65
1821,0.4845,1,1,1,68
1821,0.382599999,1,1,1,70
1821,0.3367,1,1,1,71
1821,0.352,1,1,1,72
1821,0.537299999,1,1,1,73
1821,0.28,1,0,1,75
1821,0.367200001,1,0,1,76
1821,0.464,1,0,1,77
1821,0.3931,1,0,1,82
1821,0.381,1,0,1,85
1821,0.3573,1,0,1,86
1821,0.3158,1,0,1,87
1821,0.3615,1,0,1,88
1821,0.4472,1,1,1,90
1821,0.3128,1,1,1,92
1821,0.3365,1,0,1,93
1821,0.3702,1,0,1,94
1821,0.302400001,1,1,1,95
1821,0.3644,1,1,1,96
1821,0.4038,1,1,1,97
1821,0.295099999,1,1,1,98
1821,0.4419,1,1,1,101
1821,0.352099999,1,0,1,103
1821,0.3537,1,1,1,104
1821,0.3266,0,0,1,108
1821,0.3523,1,1,1,110
1821,0.5042,1,1,1,111
1821,0.5368,1,1,1,112
1821,0.335599999,1,0,1,115
1821,0.3717,0,1,1,118
1821,0.3532,1,0,1,119
1821,0.4349,1,1,1,120
1821,0.420900001,1,1,1,121
1821,0.4031,1,1,1,123
1821,0.3847,1,0,1,124
1821,0.6363,1,1,1,126
1821,0.5587,1,1,1,1
1821,0.4201,1,1,1,2
1821,0.402200001,1,1,1,3
1821,0.3281,0,1,1,4
1821,0.5825,1,1,1,5
1821,0.6177,1,1,1,7
1821,0.3681,1,0,1,8
1821,0.3482,0,1,1,9
1821,0.3402,1,0,1,12
1821,0.431200001,1,1,1,14
1821,0.3765,1,0,1,15
1821,0.498599999,1,1,1,16
1821,0.3613,1,0,1,17
1821,0.356599999,1,1,1,18
1821,0.2951,1,0,1,22
1821,0.3132,1,1,1,23
1821,0.331299999,1,0,1,24
1821,0.2806,1,0,1,25
1821,0.347099999,1,1,1,26
1821,0.3343,1,0,1,28
1821,0.5974,1,0,1,30
1821,0.524,1,1,1,32
1821,0.3704,0,1,1,36
1821,0.3523,1,0,1,39
1821,0.420200001,1,0,1,42
1821,0.369599999,1,1,1,44
1821,0.365599999,1,0,1,45
1821,0.6297,1,0,1,46
1821,0.571,1,0,1,47
1821,0.6853,1,0,1,49
1821,0.4008,1,0,1,50
1821,0.551900001,1,1,1,53
1821,0.418799999,1,0,1,54
1821,0.48,1,0,1,55
1821,0.3693,1,0,1,57
1821,0.4194,1,0,1,58
1821,0.364599999,1,0,1,59
1821,0.3477,0,1,1,62
1821,0.3642,1,0,1,65
1821,0.385,1,1,1,66
1821,0.2825,1,0,1,67
1821,0.3865,1,1,1,68
1821,0.4002,1,0,1,69
1821,0.385599999,1,1,1,71
1821,0.412299999,1,1,1,72
1821,0.3373,1,1,1,74
1821,0.3201,0,1,1,78
1821,0.431599999,1,0,1,79
1821,0.315599999,0,1,1,81
1821,0.5135,1,1,1,82
1821,0.4385,1,0,1,83
1821,0.352400001,1,0,1,86
1821,0.296400001,1,0,1,87
1821,0.3376,1,1,1,88
1821,0.393700001,1,1,1,89
1821,0.371,1,0,1,90
1821,0.418599999,1,1,1,91
1821,0.4241,1,1,1,92
1821,0.327599999,1,0,1,94
1821,0.3451,1,0,1,96
1821,0.4625,1,1,1,100
1821,0.6033,1,0,1,101
1821,0.345599999,1,0,1,102
1821,0.497700001,1,1,1,105
1821,0.3887,1,1,1,106
1821,0.3375,1,1,1,107
1821,0.3634,1,0,1,108
1821,0.4481,1,1,1,109
1821,0.304900001,1,0,1,110
1821,0.387400001,1,0,1,112
1821,0.4028,1,1,1,113
1821,0.3559,1,1,1,114
1821,0.457099999,1,1,1,115
1821,0.286,1,0,1,116
1821,0.295,1,0,1,117
1821,0.350900001,1,1,1,118
1821,0.446700001,1,1,1,119
1821,0.4142,1,0,1,120
1821,0.275099999,1,0,1,121
1821,0.335400001,0,1,1,122
1821,0.3443,1,0,1,125
1821,0.4862,1,0,1,127
1821,0.3829,1,0,1,1
1821,0.530099999,1,1,1,2
1821,0.2969,1,1,1,3
1821,0.4642,1,1,1,5
1821,0.4184,0,1,1,7
1821,0.4545,1,0,1,8
1821,0.5316,1,1,1,10
1821,0.3795,1,0,1,11
1821,0.4333,1,1,1,12
1821,0.3361,1,0,1,17
1821,0.375599999,1,0,1,18
1821,0.3873,1,1,1,21
1821,0.4433,1,1,1,22
1821,0.5347,1,0,1,23
1821,0.3565,1,1,1,27
1821,0.5682,1,0,1,28
1821,0.3306,1,0,1,29
1821,0.3304,1,0,1,30
1821,0.3695,1,1,1,31
1821,0.387400001,1,1,1,32
1821,0.4178,1,0,1,33
1821,0.385900001,1,1,1,34
1821,0.3155,1,1,1,37
1821,0.3048,1,0,1,40
1821,0.280799999,1,0,1,41
1821,0.3809,1,0,1,42
1821,0.4044,1,0,1,45
1821,0.3465,1,0,1,46
1821,0.4838,1,1,1,47
1821,0.4605,1,1,1,48
1821,0.321099999,1,1,1,49
1821,0.4436,1,0,1,50
1821,0.340599999,0,1,1,52
1821,0.3635,1,0,1,53
1821,0.4023,1,1,1,54
1821,0.4134,1,0,1,55
1821,0.4016,1,1,1,56
1821,0.6375,1,0,1,59
1821,0.358700001,1,0,1,60
1821,0.563900001,1,0,1,61
1821,0.3501,1,0,1,62
1821,0.5811,1,1,1,63
1821,0.485,1,1,1,65
1821,0.318099999,1,1,1,67
1821,0.3653,0,1,1,68
1821,0.3207,1,1,1,69
1821,0.339599999,1,0,1,71
1821,0.3658,1,1,1,72
1821,0.4585,1,1,1,73
1821,0.495,1,1,1,76
1821,0.299,1,0,1,77
1821,0.374200001,1,0,1,78
1821,0.4018,1,0,1,82
1821,0.746400001,1,1,1,83
1821,0.451799999,1,0,1,84
1821,0.3493,0,1,1,86
1821,0.456400001,1,1,1,87
1821,0.3635,1,1,1,88
1821,0.3286,1,1,1,91
1821,0.647,1,1,1,92
1821,0.3371,1,0,1,93
1821,0.419,1,0,1,94
1821,0.415099999,1,1,1,97
1821,0.3796,1,1,1,98
1821,0.3532,1,0,1,99
1821,0.363099999,1,0,1,102
1821,0.3465,1,0,1,103
1821,0.3585,1,1,1,104
1821,0.350700001,0,1,1,105
1821,0.3348,1,0,1,106
1821,0.3709,1,0,1,108
1821,0.2825,1,0,1,109
1821,0.3556,0,1,1,110
1821,0.3377,1,0,1,112
1821,0.3867,1,1,1,114
1821,0.454,1,0,1,115
1821,0.4974,1,0,1,116
1821,0.4529,1,1,1,117
1821,0.447900001,1,1,1,118
1821,0.3855,1,0,1,120
1821,0.4705,1,1,1,123
1821,0.4149,1,0,1,125
1821,0.4219,1,0,1,126
1821,0.4214,1,0,1,127
1821,0.5525,1,1,1,0
1821,0.397,1,1,1,2
1821,0.3083,0,0,1,4
1821,0.3302,1,0,1,6
1821,0.313799999,1,0,1,7
1821,0.3474,1,0,1,8
1821,0.3789,1,0,1,11
1821,0.4716,1,1,1,13
1821,0.336,1,1,1,14
1821,0.3155,1,1,1,16
1821,0.4196,1,0,1,17
1821,0.330700001,0,1,1,18
1821,0.3473,1,1,1,19
1821,0.3339,1,1,1,20
1821,0.332,1,0,1,21
1821,0.3331,1,0,1,22
1821,0.350599999,1,1,1,24
1821,0.4204,1,1,1,25
1821,0.354200001,1,1,1,28
1821,0.318099999,1,1,1,29
1821,0.3551,1,1,1,31
1821,0.3315,1,0,1,32
1821,0.3534,0,1,1,35
1821,0.3185,1,0,1,36
1821,0.355,1,0,1,37
1821,0.297,1,0,1,38
1821,0.485599999,1,1,1,39
1821,0.3651,0,1,1,40
1821,0.394900001,1,0,1,41
1821,0.4317,1,1,1,42
1821,0.2822,1,0,1,43
1821,0.6876,1,0,1,44
1821,0.314599999,1,0,1,45
1821,0.3551,1,0,1,46
1821,0.3525,1,1,1,48
1821,0.462799999,1,1,1,49
1821,0.318299999,1,0,1,50
1821,0.338,1,1,1,51
1821,0.3817,1,1,1,52
1821,0.489700001,1,0,1,56
1821,0.514400001,1,1,1,57
1821,0.304,1,1,1,59
1821,0.3272,1,0,1,61
1821,0.2645,1,0,1,63
1821,0.331400001,1,0,1,64
1821,0.654099999,1,0,1,66
1821,0.5269,1,0,1,67
1821,0.502,1,1,1,68
1821,0.437099999,1,0,1,69
1821,0.6979,1,0,1,70
1821,0.3465,1,1,1,72
1821,0.388700001,1,1,1,73
1821,0.435599999,1,1,1,74
1821,0.284900001,1,1,1,75
1821,0.3536,1,1,1,76
1821,0.313400001,0,1,1,78
1821,0.342900001,1,1,1,79
1821,0.4193,1,0,1,80
1821,0.299599999,1,1,1,81
1821,0.3653,1,0,1,83
1821,0.360400001,1,0,1,85
1821,0.535,0,1,1,87
1821,0.5355,1,0,1,88
1821,0.3664,1,0,1,91
1821,0.389,1,0,1,95
1821,0.4192,1,1,1,96
1821,0.3322,1,0,1,97
1821,0.513400001,1,0,1,98
1821,0.4475,1,0,1,100
1821,0.3638,0,1,1,101
1821,0.3622,1,1,1,102
1821,0.5638,1,1,1,103
1821,0.4052,1,1,1,108
1821,0.3015,1,0,1,114
1821,0.3855,1,1,1,115
1821,0.36870000000000003,1,0,1,116
1821,0.705900001,1,0,1,117
1821,0.3362,1,0,1,119
1821,0.3355,1,0,1,122
1821,0.471,1,0,1,123
1821,0.392400001,1,1,1,124
1821,0.3416,1,0,1,125
1821,0.2987,1,1,1,126
1824,0.6926,1,1,1,0
1824,0.4545,1,1,1,1
1824,0.5172,1,1,1,3
1824,0.3401,1,0,1,4
1824,0.4217,1,1,1,7
1824,0.4377,1,0,1,11
1824,0.3203,1,0,1,12
1824,0.4286,0,1,1,15
1824,0.3473,1,0,1,16
1824,0.5794,1,1,1,17
1824,0.3345,1,0,1,20
1824,0.4458,1,0,1,24
1824,0.4194,1,0,1,25
1824,0.5393,1,1,1,27
1824,0.5121,1,1,1,28
1824,0.3996,1,0,1,29
1824,0.4053,1,1,1,33
1824,0.3496,1,0,1,34
1824,0.4808,0,0,1,35
1824,0.4385,1,1,1,36
1824,0.4907,1,0,1,39
1824,0.6592,1,1,1,40
1824,0.54990000000000006,1,1,1,41
1824,0.4967,1,0,1,42
1824,0.5074,1,1,1,43
1824,0.4479,1,0,1,44
1824,0.5784,1,1,1,49
1824,0.4084,1,1,1,50
1824,0.4669,1,1,1,51
1824,0.4041,1,1,1,52
1824,0.3699,0,1,1,53
1824,0.4763,1,0,1,55
1824,0.432,1,0,1,56
1824,0.4139,1,0,1,57
1824,0.3865,1,1,1,58
1824,0.329,1,0,1,59
1824,0.3917,0,1,1,60
1824,0.5249,1,1,1,61
1824,0.4473,1,0,1,64
1824,0.4563,1,1,1,65
1824,0.5726,1,0,1,67
1824,0.3914,1,0,1,68
1824,0.387,1,0,1,69
1824,0.5772,1,1,1,70
1824,0.4687,1,0,1,71
1824,0.5523,1,1,1,73
1824,0.4663,1,0,1,74
1824,0.3972,1,0,1,75
1824,0.6133,1,1,1,76
1824,0.4418,1,0,1,77
1824,0.4472,1,0,1,81
1824,0.5916,1,1,1,83
1824,0.4731,1,0,1,84
1824,0.5027,1,0,1,88
1824,0.5256,1,0,1,89
1824,0.41,1,0,1,90
1824,0.3966,1,0,1,92
1824,0.3655,1,1,1,93
1824,0.4173,1,1,1,94
1824,0.5732,1,1,1,97
1824,0.4758,1,1,1,99
1824,0.4638,1,0,1,100
1824,0.6127,1,1,1,101
1824,0.5696,1,0,1,102
1824,0.4204,1,1,1,103
1824,0.3781,1,0,1,104
1824,0.4308,1,0,1,105
1824,0.4919,0,1,1,107
1824,0.7043,1,1,1,109
1824,0.4395,1,1,1,110
1824,0.4624,1,1,1,111
1824,0.4986,1,1,1,112
1824,0.4554,0,1,1,113
1824,0.5261,1,0,1,114
1824,0.5588,1,1,1,115
1824,0.4728,1,1,1,116
1824,0.4559,1,0,1,118
1824,0.4551,1,0,1,120
1824,0.5055,1,0,1,121
1824,0.4237,1,0,1,122
1824,0.4126,1,0,1,123
1824,0.4832,1,1,1,125
1824,0.3847,0,0,1,126
1824,0.4625,1,1,1,127
1824,0.5077,1,0,1,0
1824,0.4974,1,1,1,3
1824,0.8585,1,1,1,4
1824,0.7605,1,0,1,5
1824,0.4606,1,0,1,6
1824,0.427,1,1,1,8
1824,0.4302,1,0,1,9
1824,0.3767,1,0,1,10
1824,0.3604,1,1,1,11
1824,0.4094,1,0,1,12
1824,0.5064,1,1,1,13
1824,0.5853,1,1,1,15
1824,0.5212,1,1,1,16
1824,0.5222,1,0,1,20
1824,0.5482,1,1,1,21
1824,0.5163,1,1,1,23
1824,0.5079,1,0,1,24
1824,0.4582,1,0,1,30
1824,0.4061,1,0,1,31
1824,0.561,1,1,1,35
1824,0.4129,1,1,1,36
1824,0.5531,1,0,1,37
1824,0.5296,1,1,1,38
1824,0.4554,1,0,1,40
1824,0.4357,1,1,1,41
1824,0.4977,1,0,1,42
1824,0.3652,1,1,1,43
1824,0.4592,1,1,1,44
1824,0.3793,1,1,1,46
1824,0.5086,0,0,1,48
1824,0.451,1,0,1,49
1824,0.4299,1,0,1,50
1824,0.4159,1,0,1,51
1824,0.433,1,0,1,52
1824,0.4812,1,0,1,56
1824,0.5769,1,1,1,59
1824,0.4119,1,1,1,60
1824,0.5529,1,0,1,61
1824,0.5247,1,1,1,63
1824,0.5609,1,0,1,64
1824,0.6193,1,1,1,65
1824,0.5037,1,0,1,66
1824,0.6128,1,1,1,67
1824,0.4413,1,0,1,68
1824,0.6427,1,1,1,69
1824,0.5878,1,0,1,70
1824,0.7497,1,0,1,72
1824,0.5407,1,0,1,73
1824,0.5935,1,1,1,74
1824,0.4191,1,1,1,75
1824,0.5824,1,0,1,77
1824,0.6257,1,1,1,80
1824,0.4952,1,0,1,81
1824,0.3846,1,1,1,82
1824,0.4772,1,1,1,83
1824,0.4482,0,0,1,84
1824,0.5272,1,0,1,86
1824,0.3525,1,0,1,87
1824,0.3604,1,0,1,89
1824,0.6151,1,1,1,90
1824,0.4566,1,1,1,91
1824,0.6547,1,1,1,92
1824,0.4857,1,1,1,95
1824,0.595,1,0,1,97
1824,0.545,1,1,1,100
1824,0.3986,1,1,1,101
1824,0.4657,1,0,1,103
1824,0.4478,1,1,1,104
1824,0.3798,1,1,1,107
1824,0.5697,1,1,1,110
1824,0.56,1,0,1,111
1824,0.6136,1,0,1,112
1824,0.3966,1,0,1,113
1824,0.4441,1,0,1,114
1824,0.6993,1,1,1,116
1824,0.7962,1,1,1,119
1824,0.4385,1,1,1,120
1824,0.7023,1,1,1,121
1824,0.5527,1,1,1,122
1824,0.5754,1,0,1,124
1824,0.5055,1,0,1,125
1824,0.5221,1,0,1,126
1824,0.8926,1,1,1,0
1824,0.5021,0,1,1,1
1824,0.3441,1,1,1,2
1824,0.445,1,1,1,4
1824,0.4922,1,0,1,6
1824,0.4285,1,1,1,7
1824,0.4457,1,0,1,8
1824,0.3944,1,0,1,9
1824,0.5022,1,0,1,10
1824,0.309,1,0,1,11
1824,0.3973,0,1,1,12
1824,0.3524,0,1,1,15
1824,0.5841,1,1,1,16
1824,0.4902,1,1,1,17
1824,0.3708,1,1,1,18
1824,0.3675,1,0,1,21
1824,0.3589,0,0,1,23
1824,0.4661,1,0,1,25
1824,0.4264,0,1,1,26
1824,0.479,1,0,1,28
1824,0.4903,1,1,1,29
1824,0.4603,1,0,1,30
1824,0.3506,0,1,1,31
1824,0.4163,1,1,1,32
1824,0.5053,1,0,1,33
1824,0.4515,1,1,1,36
1824,0.4571,1,0,1,37
1824,0.4287,0,0,1,38
1824,0.5641,1,0,1,39
1824,0.5887,1,1,1,41
1824,0.5181,1,0,1,42
1824,0.432,1,1,1,44
1824,0.3889,1,1,1,45
1824,0.5136,1,1,1,46
1824,0.4206,1,0,1,47
1824,0.4347,1,0,1,49
1824,0.5463,1,1,1,52
1824,0.3648,1,0,1,55
1824,0.3512,0,1,1,59
1824,0.4078,0,0,1,60
1824,0.3905,1,0,1,64
1824,0.4085,1,0,1,65
1824,0.4425,0,1,1,66
1824,0.4606,1,0,1,67
1824,0.61240000000000006,1,1,1,68
1824,0.4367,1,1,1,69
1824,0.4665,1,0,1,70
1824,0.5034,1,1,1,72
1824,0.3126,1,0,1,73
1824,0.4259,1,1,1,75
1824,0.4194,1,0,1,77
1824,0.3953,1,1,1,80
1824,0.4001,1,1,1,83
1824,0.3971,1,0,1,84
1824,0.5493,1,1,1,85
1824,0.4502,1,1,1,88
1824,0.5003,1,1,1,89
1824,0.3572,1,0,1,90
1824,0.462,1,0,1,91
1824,0.479,1,1,1,92
1824,0.4881,1,1,1,93
1824,0.6418,1,1,1,95
1824,0.4233,1,0,1,96
1824,0.3877,1,0,1,100
1824,0.4051,1,1,1,101
1824,0.4222,1,0,1,102
1824,0.4433,1,0,1,103
1824,0.3053,0,1,1,104
1824,0.4274,1,0,1,107
1824,0.3464,0,1,1,108
1824,0.4218,1,0,1,109
1824,0.3423,1,0,1,110
1824,0.3908,1,0,1,112
1824,0.3801,1,0,1,113
1824,0.545,1,0,1,114
1824,0.4008,1,0,1,115
1824,0.3639,1,0,1,116
1824,0.4879,1,1,1,117
1824,0.4458,1,1,1,118
1824,0.4708,1,0,1,119
1824,0.3728,1,1,1,121
1824,0.5073,1,1,1,125
1824,0.3449,1,0,1,126
1824,0.5528,1,1,1,127
1824,0.7171,1,1,1,0
1824,0.587,1,1,1,2
1824,0.4402,1,0,1,5
1824,0.4285,1,0,1,8
1824,0.3944,1,0,1,9
1824,0.4054,1,0,1,12
1824,0.3165,1,0,1,13
1824,0.3432,1,0,1,14
1824,0.3538,1,0,1,16
1824,0.3286,1,0,1,17
1824,0.4164,1,1,1,18
1824,0.4071,1,0,1,19
1824,0.4273,1,0,1,24
1824,0.3739,0,1,1,25
1824,0.3351,1,0,1,27
1824,0.4678,1,1,1,28
1824,0.4857,1,0,1,29
1824,0.3777,1,0,1,30
1824,0.5261,1,1,1,31
1824,0.3928,1,1,1,32
1824,0.4296,0,1,1,33
1824,0.4933,1,0,1,34
1824,0.3973,1,0,1,37
1824,0.6295,1,1,1,38
1824,0.4449,1,1,1,39
1824,0.3596,1,1,1,40
1824,0.3419,1,0,1,41
1824,0.4349,1,0,1,42
1824,0.5294,1,0,1,44
1824,0.4993,1,1,1,46
1824,0.3785,1,0,1,47
1824,0.4999,1,1,1,49
1824,0.3796,1,0,1,51
1824,0.4404,1,0,1,52
1824,0.3924,0,1,1,55
1824,0.4987,1,0,1,56
1824,0.4637,1,1,1,59
1824,0.3599,1,1,1,60
1824,0.4038,1,0,1,61
1824,0.3638,1,0,1,62
1824,0.3736,1,0,1,63
1824,0.4748,1,1,1,64
1824,0.4986,1,1,1,65
1824,0.442,1,1,1,66
1824,0.3632,1,0,1,67
1824,0.5324,1,1,1,71
1824,0.4791,1,1,1,72
1824,0.4005,1,0,1,73
1824,0.2976,1,0,1,74
1824,0.4723,1,1,1,75
1824,0.3962,1,1,1,78
1824,0.4359,1,1,1,82
1824,0.5603,1,0,1,83
1824,0.3751,0,0,1,84
1824,0.4166,1,1,1,85
1824,0.3863,1,1,1,86
1824,0.4025,1,1,1,87
1824,0.3756,1,0,1,88
1824,0.4342,1,0,1,89
1824,0.6251,1,1,1,90
1824,0.5923,1,1,1,91
1824,0.4503,1,1,1,92
1824,0.4387,1,1,1,93
1824,0.3508,1,1,1,95
1824,0.608,1,1,1,97
1824,0.3691,1,0,1,100
1824,0.3874,1,0,1,102
1824,0.3602,1,0,1,104
1824,0.3622,1,0,1,105
1824,0.4679,1,1,1,106
1824,0.5444,1,1,1,107
1824,0.3805,1,0,1,108
1824,0.4409,1,0,1,110
1824,0.3665,1,0,1,112
1824,0.347,1,1,1,113
1824,0.3285,1,0,1,114
1824,0.498,1,1,1,115
1824,0.3929,0,1,1,116
1824,0.3429,1,1,1,117
1824,0.3992,1,0,1,118
1824,0.4876,1,1,1,119
1824,0.4456,1,1,1,121
1824,0.516,1,1,1,122
1824,0.35,1,0,1,125
1824,0.5569,1,0,1,0
1824,0.3679,0,0,1,2
1824,0.3701,1,0,1,4
1824,0.3589,1,0,1,5
1824,0.441,1,0,1,10
1824,0.3994,1,0,1,11
1824,0.3452,0,1,1,12
1824,0.3567,1,1,1,14
1824,0.4282,1,1,1,15
1824,0.5474,1,1,1,16
1824,0.4156,1,0,1,19
1824,0.3069,1,0,1,23
1824,0.3952,1,1,1,24
1824,0.3353,1,1,1,25
1824,0.4041,1,1,1,27
1824,0.452,0,1,1,29
1824,0.3855,1,1,1,30
1824,0.3804,1,1,1,33
1824,0.4826,1,0,1,34
1824,0.5325,1,1,1,35
1824,0.3785,0,1,1,37
1824,0.4137,1,0,1,39
1824,0.3941,1,0,1,40
1824,0.4169,1,0,1,41
1824,0.3867,1,1,1,42
1824,0.3379,0,0,1,43
1824,0.3782,1,0,1,44
1824,0.2884,1,0,1,46
1824,0.4709,1,0,1,47
1824,0.5436,1,1,1,48
1824,0.4201,1,0,1,49
1824,0.57,1,1,1,50
1824,0.3974,1,1,1,51
1824,0.4391,1,1,1,55
1824,0.3479,1,0,1,56
1824,0.3791,0,1,1,57
1824,0.4844,1,1,1,58
1824,0.41,1,0,1,60
1824,0.4382,0,1,1,61
1824,0.3894,1,0,1,63
1824,0.4612,1,1,1,64
1824,0.5532,1,0,1,65
1824,0.5185,1,1,1,66
1824,0.4092,1,1,1,68
1824,0.45,1,0,1,69
1824,0.4464,1,0,1,70
1824,0.5236,0,1,1,71
1824,0.4278,1,0,1,72
1824,0.3865,1,0,1,73
1824,0.5405,1,1,1,76
1824,0.4146,0,0,1,78
1824,0.5613,1,1,1,79
1824,0.3229,1,0,1,81
1824,0.5779,1,0,1,87
1824,0.4848,1,1,1,88
1824,0.397,1,0,1,89
1824,0.6098,1,0,1,90
1824,0.3676,1,1,1,91
1824,0.4713,0,1,1,92
1824,0.3962,1,1,1,93
1824,0.4435,1,0,1,95
1824,0.5012,1,1,1,96
1824,0.6332,1,1,1,97
1824,0.619,1,1,1,98
1824,0.4085,1,0,1,99
1824,0.6398,1,0,1,101
1824,0.5205,1,1,1,102
1824,0.769,1,0,1,103
1824,0.5592,1,0,1,104
1824,0.8705,1,1,1,105
1824,0.4289,1,0,1,107
1824,0.5297,1,1,1,108
1824,0.6684,1,1,1,110
1824,0.4602,0,0,1,111
1824,0.4318,1,0,1,114
1824,0.5688,1,1,1,116
1824,0.4668,1,0,1,117
1824,0.516,1,1,1,118
1824,0.5133,1,0,1,121
1824,0.3777,1,1,1,122
1824,0.4764,1,1,1,123
1824,0.3609,1,0,1,125
1824,0.4101,0,1,1,126
1824,0.3561,1,0,1,127
1824,0.742,1,1,1,0
1824,0.5211,1,0,1,1
1824,0.7566,1,1,1,2
1824,0.597,1,0,1,3
1824,0.5226,1,1,1,5
1824,0.3313,1,0,1,8
1824,0.4239,1,1,1,9
1824,0.4721,1,1,1,10
1824,0.3712,0,1,1,11
1824,0.3587,1,0,1,14
1824,0.5442,1,1,1,15
1824,0.3338,0,0,1,16
1824,0.5486,1,1,1,17
1824,0.3904,1,0,1,18
1824,0.3562,1,0,1,21
1824,0.5666,1,1,1,22
1824,0.3472,0,0,1,24
1824,0.3915,1,1,1,25
1824,0.3328,0,0,1,26
1824,0.4428,1,0,1,30
1824,0.5082,1,1,1,31
1824,0.4843,1,1,1,33
1824,0.3716,0,1,1,35
1824,0.4635,0,1,1,36
1824,0.3672,1,0,1,38
1824,0.5124,1,1,1,42
1824,0.5767,1,1,1,44
1824,0.5066,1,1,1,48
1824,0.5188,1,0,1,49
1824,0.3704,1,0,1,50
1824,0.3128,1,0,1,51
1824,0.435,1,0,1,52
1824,0.5833,1,1,1,53
1824,0.3679,0,1,1,54
1824,0.4431,1,0,1,55
1824,0.6676,0,1,1,57
1824,0.3465,1,0,1,58
1824,0.4181,1,1,1,59
1824,0.4192,1,1,1,61
1824,0.4737,1,0,1,62
1824,0.446,1,1,1,63
1824,0.5004,1,1,1,64
1824,0.524,1,0,1,65
1824,0.5023,1,0,1,69
1824,0.3729,1,0,1,70
1824,0.4089,1,0,1,73
1824,0.4353,0,1,1,74
1824,0.5062,1,0,1,75
1824,0.4811,1,1,1,76
1824,0.4906,1,0,1,77
1824,0.8112,1,0,1,80
1824,0.6465,1,1,1,81
1824,0.7121,1,1,1,82
1824,0.6503,0,1,1,83
1824,0.4989,1,1,1,85
1824,0.3868,1,0,1,86
1824,0.4481,1,0,1,87
1824,0.4038,1,0,1,88
1824,0.3734,1,0,1,89
1824,0.415,1,0,1,90
1824,0.5658,0,1,1,91
1824,0.3138,0,1,1,92
1824,0.3994,1,1,1,93
1824,0.3573,0,1,1,95
1824,0.4049,1,1,1,96
1824,0.6196,1,1,1,100
1824,0.7525,1,0,1,101
1824,0.4371,1,0,1,103
1824,0.4445,1,0,1,104
1824,0.5117,0,1,1,107
1824,0.5059,1,0,1,111
1824,0.4845,1,0,1,112
1824,0.5233,1,0,1,113
1824,0.4765,1,0,1,114
1824,0.7239,1,1,1,115
1824,0.4205,1,0,1,116
1824,0.3904,0,1,1,117
1824,0.4143,0,1,1,118
1824,0.7158,1,1,1,119
1824,0.5559,1,0,1,120
1824,0.7686,1,0,1,121
1824,0.5122,1,1,1,122
1824,0.4546,1,0,1,127
1824,0.3619,1,1,1,1
1824,0.5394,1,1,1,2
1824,0.3749,0,1,1,3
1824,0.4706,1,1,1,6
1824,0.4184,1,0,1,7
1824,0.4684,1,1,1,8
1824,0.3889,1,0,1,9
1824,0.4246,1,0,1,12
1824,0.4587,1,0,1,13
1824,0.693,1,1,1,16
1824,0.5491,1,0,1,17
1824,0.4452,1,0,1,19
1824,0.3854,1,0,1,20
1824,0.5662,1,1,1,21
1824,0.5474,1,0,1,23
1824,0.4517,0,0,1,24
1824,0.4335,1,1,1,25
1824,0.7543,1,0,1,26
1824,0.5867,0,1,1,28
1824,0.42,1,1,1,29
1824,0.4726,1,1,1,30
1824,0.5031,1,0,1,34
1824,0.3748,0,1,1,35
1824,0.4636,1,0,1,36
1824,0.4572,1,0,1,37
1824,0.8178,1,1,1,38
1824,0.5398,1,1,1,39
1824,0.3632,1,0,1,40
1824,0.5865,1,1,1,46
1824,0.5097,1,0,1,47
1824,0.5068,1,1,1,48
1824,0.5393,1,0,1,49
1824,0.4172,0,1,1,50
1824,0.548,1,1,1,51
1824,0.5793,1,1,1,52
1824,0.4656,0,1,1,53
1824,0.3869,1,0,1,54
1824,0.8644,1,1,1,55
1824,0.4151,0,1,1,56
1824,0.6842,1,1,1,58
1824,0.5246,1,1,1,60
1824,0.5897,1,1,1,61
1824,0.596,1,1,1,62
1824,0.4327,0,0,1,63
1824,0.386,1,0,1,64
1824,0.5635,1,1,1,65
1824,0.4184,1,0,1,68
1824,0.4499,1,1,1,69
1824,0.4822,0,0,1,70
1824,0.2977,0,0,1,75
1824,0.4173,1,0,1,77
1824,0.3777,1,0,1,79
1824,0.4251,1,0,1,80
1824,0.3636,1,0,1,83
1824,0.5063,0,1,1,84
1824,0.7069,1,0,1,85
1824,0.4639,1,0,1,86
1824,0.582,0,1,1,87
1824,0.4154,1,0,1,89
1824,0.82,1,1,1,91
1824,0.3713,1,0,1,94
1824,0.3906,1,0,1,96
1824,0.4458,1,0,1,98
1824,0.4223,1,0,1,100
1824,0.4732,1,1,1,103
1824,0.4079,1,1,1,104
1824,0.4759,1,1,1,105
1824,0.5673,1,1,1,106
1824,0.591,1,0,1,107
1824,0.4647,1,1,1,109
1824,0.4359,1,0,1,110
1824,0.5446,1,0,1,112
1824,0.4643,1,0,1,115
1824,0.4055,1,0,1,118
1824,0.4308,1,0,1,119
1824,0.7054,1,1,1,120
1824,0.7052,1,1,1,123
1824,0.2845,1,0,1,126
1824,0.505,1,0,1,0
1824,0.3679,1,0,1,1
1824,0.4616,1,0,1,3
1824,0.551,1,1,1,4
1824,0.5244,1,1,1,6
1824,0.3906,1,1,1,7
1824,0.4444,1,1,1,8
1824,0.3532,0,1,1,9
1824,0.4097,1,0,1,10
1824,0.4115,1,0,1,11
1824,0.3531,1,0,1,12
1824,0.4855,1,1,1,13
1824,0.4108,1,1,1,16
1824,0.4105,1,0,1,17
1824,0.4,1,1,1,18
1824,0.3776,1,0,1,23
1824,0.3896,1,0,1,24
1824,0.3811,1,1,1,25
1824,0.4102,1,0,1,26
1824,0.396,1,0,1,27
1824,0.3928,0,1,1,29
1824,0.4796,1,0,1,30
1824,0.4031,1,0,1,31
1824,0.3689,1,0,1,32
1824,0.4111,0,1,1,33
1824,0.4852,1,1,1,36
1824,0.4127,1,0,1,44
1824,0.402,1,0,1,45
1824,0.3803,1,1,1,46
1824,0.4308,1,0,1,47
1824,0.5718,1,1,1,51
1824,0.3914,1,0,1,52
1824,0.6242,1,0,1,53
1824,0.3395,1,1,1,54
1824,0.4641,0,1,1,55
1824,0.4636,1,1,1,57
1824,0.3956,1,1,1,58
1824,0.6153,1,1,1,63
1824,0.5405,1,1,1,65
1824,0.5104,1,0,1,66
1824,0.5166,1,1,1,67
1824,0.5083,1,0,1,68
1824,0.6578,0,1,1,70
1824,0.4651,1,0,1,71
1824,0.549,1,0,1,72
1824,0.5172,1,1,1,73
1824,0.4097,1,0,1,75
1824,0.4318,1,0,1,76
1824,0.752,1,0,1,77
1824,0.3209,0,1,1,79
1824,0.6205,1,0,1,81
1824,0.5755,1,1,1,82
1824,0.4271,0,0,1,83
1824,0.5415,1,1,1,84
1824,0.3512,1,0,1,86
1824,0.5413,1,0,1,89
1824,0.3998,1,0,1,90
1824,0.4541,1,0,1,92
1824,0.2647,0,1,1,93
1824,0.4901,0,1,1,94
1824,0.5072,1,0,1,95
1824,0.5542,1,1,1,97
1824,0.5383,0,1,1,99
1824,0.6104,1,1,1,101
1824,0.3962,1,0,1,107
1824,0.4445,1,0,1,108
1824,0.5394,1,1,1,110
1824,0.7784,0,0,1,112
1824,0.5093,1,0,1,113
1824,0.7638,0,1,1,114
1824,0.3864,0,1,1,115
1824,0.5624,1,1,1,116
1824,0.7011,1,0,1,117
1824,0.4699,1,0,1,118
1824,0.5144,1,1,1,121
1824,0.535,1,1,1,124
1824,0.4374,1,0,1,125
1824,0.5446,1,1,1,126
1824,0.8522,0,1,1,127
275,0.652,1,1,1,2
275,0.528,1,0,1,3
275,0.439,1,1,1,4
275,0.497,1,1,1,6
275,0.462,1,1,1,7
275,0.663,1,0,1,9
275,0.379,1,0,1,11
275,0.536,1,0,1,12
275,0.318,1,1,1,13
275,0.398,0,0,1,15
275,0.394,1,0,1,17
275,0.612,1,1,1,18
275,0.63,1,1,1,19
275,0.531,1,0,1,20
275,0.506,1,1,1,23
275,0.468,1,0,1,24
275,0.489,1,1,1,25
275,0.542,1,0,1,26
275,0.485,1,1,1,27
275,0.445,1,1,1,30
275,0.696,1,1,1,31
275,0.419,1,0,1,32
275,0.378,1,0,1,33
275,0.668,1,1,1,34
275,0.405,1,0,1,35
275,0.401,1,0,1,38
275,0.414,1,0,1,40
275,0.396,1,0,1,41
275,0.418,1,1,1,42
275,0.396,1,0,1,44
275,0.415,1,0,1,45
275,0.636,1,0,1,46
275,0.646,1,1,1,48
275,0.384,1,1,1,50
275,0.464,1,0,1,51
275,0.411,0,1,1,55
275,0.767,1,0,1,56
275,0.385,1,1,1,57
275,0.48,1,0,1,59
275,0.575,1,0,1,61
275,0.369,1,1,1,63
275,0.347,1,1,1,64
275,0.424,1,0,1,66
275,0.513,1,0,1,67
275,0.53,1,1,1,68
275,0.604,1,1,1,69
275,0.34,1,0,1,71
275,0.426,1,0,1,72
275,0.466,1,1,1,73
275,0.486,1,1,1,74
275,0.544,1,1,1,76
275,0.586,1,1,1,78
275,0.708,1,1,1,79
275,0.364,1,1,1,80
275,0.511,1,1,1,82
275,0.535,1,0,1,83
275,0.572,1,0,1,84
275,0.646,1,1,1,87
275,0.529,1,0,1,88
275,0.666,1,1,1,89
275,0.55,1,0,1,90
275,0.468,1,0,1,91
275,0.652,1,0,1,93
275,0.377,1,0,1,94
275,0.375,1,0,1,98
275,0.42,1,0,1,99
275,0.417,1,0,1,100
275,0.461,1,1,1,101
275,0.469,1,1,1,102
275,0.486,1,1,1,103
275,0.487,1,1,1,105
275,0.38,1,1,1,107
275,0.762,1,1,1,109
275,0.438,1,1,1,110
275,0.536,1,0,1,115
275,0.535,1,1,1,116
275,0.43,1,0,1,117
275,0.431,1,1,1,119
275,0.514,1,1,1,120
275,0.473,1,0,1,121
275,0.585,1,0,1,125
275,0.404,1,0,1,126
275,0.616,1,1,1,127
275,0.652,1,1,1,2
275,0.463,1,0,1,4
275,0.493,1,0,1,5
275,0.378,1,0,1,6
275,0.537,1,1,1,7
275,0.533,1,1,1,8
275,0.428,1,0,1,9
275,0.4,1,1,1,10
275,0.386,1,1,1,11
275,0.532,1,0,1,13
275,0.354,1,0,1,14
275,0.403,1,0,1,16
275,0.501,1,0,1,19
275,0.381,0,1,1,22
275,0.597,1,0,1,23
275,0.601,1,1,1,24
275,0.516,1,1,1,25
275,0.461,1,1,1,26
275,0.612,1,1,1,27
275,0.519,1,1,1,29
275,0.407,1,0,1,32
275,0.389,1,0,1,34
275,0.442,1,0,1,35
275,0.385,1,1,1,36
275,0.376,1,0,1,38
275,0.481,1,1,1,39
275,0.553,1,1,1,40
275,0.604,1,1,1,42
275,0.649,1,0,1,43
275,0.489,1,1,1,44
275,0.446,1,0,1,45
275,0.48,1,1,1,48
275,0.367,1,0,1,49
275,0.411,1,0,1,51
275,0.586,1,0,1,52
275,0.452,1,0,1,53
275,0.638,1,1,1,54
275,0.768,1,0,1,56
275,0.448,1,1,1,57
275,0.435,1,0,1,58
275,0.568,1,1,1,59
275,0.387,1,1,1,60
275,0.392,1,1,1,62
275,0.396,1,0,1,63
275,0.4,1,1,1,64
275,0.35,1,0,1,67
275,0.392,1,1,1,69
275,0.333,1,0,1,71
275,0.384,1,1,1,72
275,0.348,1,1,1,73
275,0.434,1,0,1,76
275,0.451,1,1,1,77
275,0.713,1,0,1,78
275,0.297,1,0,1,79
275,0.451,1,1,1,81
275,0.366,0,0,1,82
275,0.439,1,0,1,87
275,0.627,1,1,1,88
275,0.394,1,1,1,89
275,0.384,1,1,1,90
275,0.504,1,1,1,93
275,0.513,1,1,1,94
275,0.396,1,1,1,95
275,0.419,0,1,1,96
275,0.567,1,0,1,97
275,0.421,1,0,1,98
275,0.561,1,0,1,99
275,0.384,1,0,1,101
275,0.497,1,0,1,102
275,0.427,1,1,1,104
275,0.612,1,1,1,106
275,0.421,1,0,1,107
275,0.518,1,0,1,109
275,0.482,1,0,1,110
275,0.588,1,1,1,114
275,0.58,1,1,1,115
275,0.363,1,1,1,117
275,0.46,1,0,1,118
275,0.445,1,0,1,119
275,0.48,1,0,1,120
275,0.666,1,1,1,122
275,0.529,1,1,1,123
275,0.363,1,0,1,124
275,0.495,1,0,1,127
275,0.537,1,1,1,1
275,0.608,1,1,1,2
275,0.353,1,1,1,4
275,0.441,1,1,1,5
275,0.362,0,1,1,6
275,0.463,1,0,1,8
275,0.433,1,1,1,9
275,0.48,1,0,1,11
275,0.532,1,1,1,12
275,0.451,1,1,1,14
275,0.562,1,0,1,16
275,0.468,1,1,1,19
275,0.679,1,0,1,20
275,0.366,1,0,1,21
275,0.44,1,0,1,22
275,0.653,1,1,1,24
275,0.554,1,1,1,25
275,0.364,1,0,1,26
275,0.523,1,1,1,27
275,0.429,1,0,1,28
275,0.497,1,1,1,31
275,0.51,1,0,1,32
275,0.444,1,1,1,33
275,0.433,1,1,1,35
275,0.356,1,1,1,36
275,0.483,1,0,1,37
275,0.442,1,0,1,38
275,0.412,1,0,1,39
275,0.682,1,1,1,40
275,0.353,1,0,1,41
275,0.483,1,0,1,44
275,0.453,1,0,1,45
275,0.453,1,1,1,48
275,0.463,1,0,1,49
275,0.397,1,0,1,50
275,0.629,1,0,1,53
275,0.415,1,0,1,54
275,0.368,1,0,1,55
275,0.543,1,1,1,56
275,0.399,1,0,1,58
275,0.666,1,1,1,59
275,0.462,1,0,1,60
275,0.459,1,0,1,65
275,0.471,1,0,1,66
275,0.453,1,0,1,67
275,0.367,1,1,1,68
275,0.402,1,1,1,69
275,0.55,1,1,1,70
275,0.485,1,0,1,71
275,0.451,1,0,1,72
275,0.351,1,1,1,73
275,0.297,1,0,1,74
275,0.402,1,0,1,75
275,0.463,1,1,1,78
275,0.494,1,1,1,79
275,0.436,1,1,1,80
275,0.479,1,0,1,82
275,0.363,0,1,1,84
275,0.494,1,0,1,86
275,0.641,1,0,1,88
275,0.414,1,1,1,90
275,0.417,1,0,1,92
275,0.455,1,1,1,93
275,0.518,1,1,1,94
275,0.428,1,1,1,98
275,0.417,1,1,1,99
275,0.482,1,0,1,102
275,0.484,1,1,1,103
275,0.583,1,1,1,105
275,0.469,1,1,1,107
275,0.328,1,1,1,108
275,0.4,1,0,1,109
275,0.296,1,1,1,112
275,0.452,1,0,1,114
275,0.444,1,1,1,117
275,0.434,1,0,1,118
275,0.431,1,0,1,120
275,0.429,0,1,1,121
275,0.534,1,0,1,122
275,0.469,1,1,1,123
275,0.511,1,0,1,124
275,0.397,1,0,1,125
275,0.446,1,0,1,126
275,0.542,1,1,1,3
275,0.527,1,1,1,5
275,0.784,1,0,1,6
275,0.364,0,1,1,7
275,0.466,1,0,1,8
275,0.378,1,1,1,9
275,0.43,1,1,1,10
275,0.447,1,1,1,11
275,0.537,1,1,1,12
275,0.498,1,1,1,15
275,0.483,1,0,1,18
275,0.492,1,0,1,19
275,0.417,1,1,1,20
275,0.477,1,1,1,21
275,0.547,1,1,1,22
275,0.413,1,0,1,23
275,0.516,1,1,1,25
275,0.441,1,1,1,26
275,0.412,1,1,1,27
275,0.434,1,0,1,28
275,0.471,1,0,1,30
275,0.477,1,0,1,31
275,0.416,1,1,1,32
275,0.452,1,1,1,33
275,0.42,1,1,1,34
275,0.426,1,1,1,36
275,0.406,1,0,1,37
275,0.493,1,1,1,38
275,0.397,1,0,1,39
275,0.37,1,0,1,40
275,0.416,1,1,1,41
275,0.368,1,0,1,42
275,0.433,1,1,1,44
275,0.395,1,0,1,46
275,0.389,1,0,1,47
275,0.363,1,1,1,50
275,0.363,1,1,1,52
275,0.413,1,0,1,53
275,0.441,1,1,1,56
275,0.538,1,1,1,57
275,0.361,1,0,1,58
275,0.451,1,1,1,59
275,0.462,1,1,1,60
275,0.323,1,0,1,61
275,0.394,1,0,1,63
275,0.384,1,0,1,65
275,0.614,1,1,1,66
275,0.347,1,0,1,67
275,0.446,1,0,1,68
275,0.485,1,1,1,69
275,0.404,1,0,1,72
275,0.435,1,0,1,73
275,0.349,1,1,1,74
275,0.488,1,1,1,75
275,0.387,1,1,1,76
275,0.433,1,0,1,77
275,0.401,1,1,1,79
275,0.36,1,1,1,82
275,0.382,1,0,1,83
275,0.446,1,0,1,84
275,0.32,1,0,1,86
275,0.428,1,1,1,87
275,0.399,1,1,1,88
275,0.445,1,0,1,97
275,0.398,1,0,1,98
275,0.379,1,0,1,100
275,0.495,1,1,1,101
275,0.437,1,1,1,102
275,0.464,1,0,1,103
275,0.366,1,0,1,105
275,0.445,1,0,1,106
275,0.405,1,0,1,107
275,0.367,1,1,1,108
275,0.399,1,1,1,110
275,0.452,1,0,1,111
275,0.404,1,0,1,113
275,0.427,0,1,1,114
275,0.392,1,0,1,115
275,0.428,1,0,1,117
275,0.416,1,1,1,118
275,0.354,1,0,1,119
275,0.45,1,0,1,123
275,0.474,1,0,1,124
275,0.487,1,0,1,126
275,0.595,1,0,1,1
275,0.46,1,0,1,3
275,0.346,1,0,1,4
275,0.358,1,0,1,5
275,0.413,1,1,1,6
275,0.376,1,1,1,7
275,0.413,1,0,1,8
275,0.434,1,0,1,10
275,0.381,1,1,1,11
275,0.437,1,0,1,14
275,0.436,1,1,1,15
275,0.389,1,1,1,16
275,0.38,1,1,1,17
275,0.426,1,0,1,18
275,0.392,1,0,1,19
275,0.546,1,1,1,20
275,0.385,1,0,1,21
275,0.433,1,1,1,23
275,0.351,0,1,1,24
275,0.548,1,1,1,25
275,0.415,1,1,1,26
275,0.366,1,0,1,27
275,0.478,1,0,1,30
275,0.534,1,1,1,31
275,0.612,1,1,1,32
275,0.429,1,0,1,34
275,0.337,1,1,1,35
275,0.603,1,0,1,38
275,0.436,1,0,1,39
275,0.395,1,0,1,40
275,0.401,1,1,1,42
275,0.432,1,0,1,44
275,0.414,1,0,1,46
275,0.683,1,1,1,51
275,0.432,1,0,1,55
275,0.488,1,1,1,56
275,0.444,1,1,1,58
275,0.388,1,1,1,59
275,0.48,1,1,1,61
275,0.336,1,1,1,62
275,0.371,1,0,1,64
275,0.379,1,0,1,65
275,0.37,1,1,1,67
275,0.384,1,0,1,68
275,0.303,1,0,1,70
275,0.353,1,1,1,72
275,0.37,1,1,1,73
275,0.431,1,0,1,74
275,0.567,1,1,1,75
275,0.417,1,1,1,76
275,0.385,1,0,1,79
275,0.428,1,0,1,81
275,0.621,1,1,1,83
275,0.403,1,1,1,84
275,0.364,1,1,1,85
275,0.363,1,0,1,86
275,0.596,1,1,1,88
275,0.512,1,0,1,89
275,0.617,1,1,1,90
275,0.38,1,0,1,91
275,0.403,1,0,1,92
275,0.506,1,1,1,93
275,0.401,1,0,1,94
275,0.453,1,1,1,96
275,0.398,1,0,1,97
275,0.427,1,1,1,98
275,0.482,1,0,1,102
275,0.47,1,0,1,107
275,0.43,1,0,1,109
275,0.379,1,0,1,110
275,0.633,1,1,1,111
275,0.388,1,0,1,112
275,0.463,1,1,1,113
275,0.399,1,1,1,114
275,0.428,1,0,1,115
275,0.61,1,1,1,118
275,0.519,1,0,1,119
275,0.363,0,1,1,120
275,0.527,1,0,1,121
275,0.714,1,1,1,122
275,0.468,1,1,1,123
275,0.574,1,1,1,124
275,0.513,1,0,1,125
275,0.453,1,0,1,126
275,0.487,1,0,1,1
275,0.421,1,0,1,2
275,0.386,1,0,1,3
275,0.456,1,1,1,4
275,0.41,1,1,1,5
275,0.545,1,1,1,6
275,0.456,1,1,1,7
275,0.447,1,1,1,9
275,0.42,1,1,1,11
275,0.414,1,0,1,12
275,0.403,1,0,1,13
275,0.365,1,0,1,14
275,0.444,1,1,1,15
275,0.346,1,0,1,16
275,0.38,1,1,1,17
275,0.414,1,1,1,18
275,0.357,0,0,1,19
275,0.481,1,1,1,21
275,0.343,1,1,1,22
275,0.398,1,0,1,23
275,0.4,1,1,1,24
275,0.516,1,0,1,26
275,0.401,1,0,1,27
275,0.404,1,0,1,28
275,0.401,1,0,1,29
275,0.504,1,1,1,32
275,0.399,1,0,1,33
275,0.372,1,0,1,35
275,0.481,1,0,1,38
275,0.419,1,0,1,39
275,0.378,1,1,1,40
275,0.433,1,1,1,41
275,0.346,1,1,1,42
275,0.384,1,0,1,45
275,0.403,1,0,1,46
275,0.464,1,1,1,47
275,0.367,1,1,1,49
275,0.502,1,1,1,50
275,0.413,1,1,1,51
275,0.599,1,1,1,53
275,0.495,1,1,1,55
275,0.48,1,0,1,56
275,0.533,1,1,1,59
275,0.487,1,1,1,60
275,0.387,1,0,1,62
275,0.412,0,1,1,63
275,0.445,1,0,1,64
275,0.446,1,0,1,68
275,0.37,1,0,1,69
275,0.463,1,0,1,70
275,0.438,1,1,1,72
275,0.387,1,0,1,74
275,0.461,1,0,1,75
275,0.413,1,1,1,76
275,0.354,1,1,1,78
275,0.348,1,1,1,80
275,0.511,1,1,1,81
275,0.495,1,1,1,82
275,0.486,1,1,1,83
275,0.372,1,1,1,84
275,0.415,1,0,1,85
275,0.583,1,0,1,87
275,0.396,1,0,1,89
275,0.53,1,1,1,90
275,0.486,1,0,1,93
275,0.396,1,0,1,94
275,0.533,1,1,1,95
275,0.437,1,0,1,96
275,0.444,1,0,1,99
275,0.481,1,1,1,100
275,0.57,1,1,1,101
275,0.486,1,1,1,102
275,0.497,1,1,1,104
275,0.405,1,0,1,106
275,0.412,1,0,1,107
275,0.379,0,1,1,109
275,0.355,1,0,1,112
275,0.366,1,0,1,115
275,0.4,1,0,1,116
275,0.411,1,0,1,117
275,0.451,1,0,1,120
275,0.432,1,0,1,121
275,0.525,1,1,1,123
275,0.43,1,1,1,124
275,0.793,1,1,1,0
275,0.516,1,0,1,2
275,0.413,1,1,1,3
275,0.463,1,1,1,4
275,0.414,1,0,1,5
275,0.316,1,1,1,6
275,0.505,1,1,1,7
275,0.565,1,1,1,8
275,0.532,1,1,1,9
275,0.435,1,0,1,13
275,0.463,1,0,1,14
275,0.455,1,0,1,15
275,0.38,1,0,1,16
275,0.502,1,1,1,18
275,0.448,1,0,1,20
275,0.456,1,0,1,21
275,0.427,1,1,1,23
275,0.702,1,0,1,26
275,0.446,1,0,1,28
275,0.616,1,1,1,29
275,0.46,1,1,1,32
275,0.503,1,0,1,33
275,0.527,1,0,1,41
275,0.4,0,1,1,42
275,0.72,1,1,1,43
275,0.384,1,0,1,44
275,0.521,1,0,1,45
275,0.387,1,0,1,47
275,0.444,1,0,1,48
275,0.344,1,0,1,51
275,0.434,1,1,1,52
275,0.399,1,1,1,53
275,0.383,1,1,1,55
275,0.446,1,1,1,58
275,0.408,1,0,1,60
275,0.498,1,1,1,61
275,0.548,1,1,1,62
275,0.538,1,1,1,64
275,0.441,1,0,1,65
275,0.416,1,1,1,66
275,0.504,1,1,1,68
275,0.318,1,0,1,69
275,0.481,1,1,1,72
275,0.366,1,0,1,73
275,0.366,0,0,1,74
275,0.617,1,1,1,75
275,0.4,1,1,1,77
275,0.427,1,0,1,78
275,0.603,1,0,1,80
275,0.566,1,1,1,81
275,0.496,1,0,1,82
275,0.453,1,0,1,83
275,0.761,1,1,1,84
275,0.431,1,0,1,85
275,0.583,1,0,1,87
275,0.496,1,0,1,88
275,0.533,1,1,1,90
275,0.486,1,1,1,91
275,0.563,1,0,1,93
275,0.565,1,1,1,94
275,0.471,1,0,1,95
275,0.421,1,1,1,97
275,0.61,1,1,1,98
275,0.637,1,1,1,99
275,0.385,1,1,1,100
275,0.378,1,0,1,101
275,0.503,1,0,1,103
275,0.473,1,0,1,106
275,0.403,1,0,1,107
275,0.399,1,0,1,108
275,0.4,1,1,1,110
275,0.619,1,0,1,113
275,0.365,1,0,1,114
275,0.414,1,0,1,115
275,0.479,1,1,1,116
275,0.419,1,0,1,118
275,0.396,1,1,1,119
275,0.37,1,0,1,120
275,0.695,1,0,1,122
275,0.466,1,1,1,123
275,0.486,1,1,1,124
275,0.435,1,1,1,125
275,0.43,1,1,1,126
275,0.378,1,1,1,127
275,0.572,1,1,1,0
275,0.343,1,0,1,1
275,0.326,1,1,1,2
275,0.396,1,1,1,3
275,0.413,0,0,1,4
275,0.721,1,1,1,5
275,0.433,1,0,1,6
275,0.335,1,0,1,8
275,0.618,1,1,1,9
275,0.32,1,0,1,12
275,0.377,1,0,1,13
275,0.53,1,1,1,15
275,0.39,1,0,1,20
275,0.343,1,1,1,21
275,0.505,1,1,1,24
275,0.435,1,0,1,28
275,0.362,1,0,1,29
275,0.529,1,1,1,31
275,0.647,1,0,1,32
275,0.415,1,1,1,33
275,0.443,1,0,1,34
275,0.553,1,1,1,38
275,0.474,1,1,1,39
275,0.427,1,0,1,40
275,0.403,1,0,1,41
275,0.584,1,1,1,42
275,0.579,1,1,1,43
275,0.45,1,0,1,44
275,0.483,1,1,1,46
275,0.369,1,0,1,47
275,0.463,1,0,1,48
275,0.379,1,0,1,50
275,0.511,1,0,1,51
275,0.547,1,1,1,52
275,0.437,1,1,1,53
275,0.42,1,1,1,54
275,0.509,1,1,1,55
275,0.466,1,0,1,57
275,0.421,1,0,1,58
275,0.377,1,0,1,62
275,0.396,1,0,1,65
275,0.428,1,1,1,68
275,0.504,1,1,1,70
275,0.363,1,1,1,71
275,0.345,1,1,1,72
275,0.346,1,0,1,73
275,0.38,1,1,1,74
275,0.326,1,0,1,75
275,0.353,1,0,1,76
275,0.32,1,0,1,77
275,0.357,1,0,1,81
275,0.395,1,0,1,82
275,0.503,1,1,1,84
275,0.381,1,0,1,86
275,0.38,1,1,1,87
275,0.513,1,1,1,88
275,0.495,1,1,1,90
275,0.394,1,0,1,91
275,0.419,1,0,1,92
275,0.369,1,0,1,93
275,0.379,1,1,1,95
275,0.348,1,0,1,96
275,0.328,1,0,1,97
275,0.371,1,1,1,98
275,0.384,1,0,1,99
275,0.303,1,0,1,102
275,0.433,1,1,1,103
275,0.321,1,1,1,104
275,0.395,1,1,1,106
275,0.351,1,0,1,107
275,0.387,1,1,1,108
275,0.32,0,1,1,109
275,0.346,1,1,1,110
275,0.347,1,0,1,111
275,0.42,1,1,1,114
275,0.5,1,0,1,115
275,0.481,1,1,1,116
275,0.47,1,0,1,118
275,0.377,1,0,1,119
275,0.437,1,1,1,121
275,0.351,1,1,1,122
275,0.367,1,0,1,123
275,0.348,0,1,1,125
275,0.346,1,1,1,126
3286,0.707,1,0,1,0
3286,0.407,1,0,1,2
3286,0.411,1,0,1,3
3286,0.392,1,0,1,4
3286,0.499,1,1,1,5
3286,0.349,1,1,1,7
3286,0.395,1,0,1,8
3286,0.538,1,1,1,11
3286,0.575,1,0,1,12
3286,0.319,1,1,1,13
3286,0.303,1,0,1,14
3286,0.376,1,1,1,15
3286,0.455,1,0,1,20
3286,0.287,1,0,1,21
3286,0.466,1,1,1,22
3286,0.42,1,1,1,23
3286,0.448,1,1,1,24
3286,0.436,1,1,1,25
3286,0.414,1,1,1,26
3286,0.313,1,0,1,27
3286,0.34,1,1,1,28
3286,0.559,1,1,1,29
3286,0.353,1,0,1,32
3286,0.341,1,0,1,33
3286,0.353,0,0,1,34
3286,0.72,1,0,1,36
3286,0.442,1,1,1,37
3286,0.33,1,0,1,38
3286,0.404,1,0,1,39
3286,0.539,1,1,1,40
3286,0.372,1,0,1,41
3286,0.345,1,0,1,42
3286,0.516,1,1,1,44
3286,0.442,1,1,1,46
3286,0.416,1,0,1,47
3286,0.354,1,0,1,48
3286,0.605,1,1,1,50
3286,0.351,0,1,1,51
3286,0.655,1,0,1,52
3286,0.327,1,1,1,53
3286,0.359,1,1,1,55
3286,0.407,1,1,1,56
3286,0.327,1,0,1,59
3286,0.284,1,0,1,60
3286,0.302,1,0,1,62
3286,0.307,1,0,1,63
3286,0.296,1,0,1,64
3286,0.362,1,0,1,66
3286,0.44,1,0,1,68
3286,0.327,1,1,1,70
3286,0.366,1,1,1,71
3286,0.377,1,1,1,73
3286,0.366,1,0,1,74
3286,0.589,1,0,1,76
3286,0.44,1,1,1,77
3286,0.484,1,0,1,78
3286,0.383,1,1,1,79
3286,0.36,1,0,1,81
3286,0.481,1,0,1,84
3286,0.392,1,1,1,86
3286,0.385,1,1,1,88
3286,0.328,1,0,1,90
3286,0.373,1,1,1,92
3286,0.427,1,0,1,94
3286,0.526,1,0,1,95
3286,0.443,1,1,1,97
3286,0.516,1,1,1,98
3286,0.401,1,1,1,102
3286,0.411,1,0,1,103
3286,0.372,1,1,1,105
3286,0.392,1,1,1,106
3286,0.364,0,1,1,109
3286,0.354,1,1,1,112
3286,0.664,1,1,1,114
3286,0.444,1,1,1,115
3286,0.389,0,0,1,116
3286,0.57,1,1,1,117
3286,0.527,1,0,1,118
3286,0.38,1,0,1,119
3286,0.607,1,0,1,120
3286,0.425,1,1,1,124
3286,0.534,1,1,1,125
3286,0.425,1,0,1,127
3286,0.326,1,0,1,6
3286,0.297,0,1,1,7
3286,0.302,1,0,1,9
3286,0.449,1,1,1,12
3286,0.341,1,0,1,14
3286,0.406,1,1,1,15
3286,0.404,1,1,1,16
3286,0.399,1,1,1,18
3286,0.329,1,1,1,19
3286,0.302,1,0,1,20
3286,0.304,1,0,1,21
3286,0.299,1,0,1,22
3286,0.348,1,1,1,23
3286,0.32,1,1,1,24
3286,0.33,1,1,1,25
3286,0.426,1,1,1,26
3286,0.365,0,1,1,28
3286,0.293,1,0,1,30
3286,0.351,1,0,1,32
3286,0.56,1,0,1,34
3286,0.373,1,0,1,35
3286,0.394,1,1,1,37
3286,0.469,1,1,1,38
3286,0.427,1,1,1,39
3286,0.311,1,1,1,40
3286,0.32,1,1,1,41
3286,0.386,1,0,1,42
3286,0.438,1,1,1,43
3286,0.342,1,0,1,44
3286,0.305,1,0,1,45
3286,0.369,1,1,1,47
3286,0.46,1,1,1,48
3286,0.323,1,0,1,49
3286,0.468,1,1,1,52
3286,0.351,1,1,1,53
3286,0.41,0,1,1,55
3286,0.334,1,0,1,56
3286,0.378,1,0,1,58
3286,0.351,1,0,1,59
3286,0.311,1,0,1,62
3286,0.352,1,1,1,63
3286,0.34,1,0,1,64
3286,0.466,1,1,1,65
3286,0.517,1,1,1,67
3286,0.457,1,0,1,68
3286,0.474,1,0,1,71
3286,0.375,1,1,1,74
3286,0.328,1,0,1,76
3286,0.332,1,1,1,77
3286,0.408,1,0,1,80
3286,0.399,1,1,1,81
3286,0.4,0,1,1,82
3286,0.403,1,0,1,90
3286,0.655,1,1,1,91
3286,0.521,1,0,1,92
3286,0.447,1,1,1,93
3286,0.356,1,0,1,94
3286,0.368,1,1,1,97
3286,0.34,1,1,1,99
3286,0.364,1,0,1,100
3286,0.413,1,0,1,101
3286,0.457,1,1,1,102
3286,0.402,1,1,1,103
3286,0.341,1,1,1,104
3286,0.356,1,0,1,105
3286,0.349,1,0,1,106
3286,0.353,1,1,1,107
3286,0.29,1,0,1,109
3286,0.308,1,0,1,110
3286,0.366,1,1,1,111
3286,0.465,1,0,1,113
3286,0.478,1,0,1,114
3286,0.345,1,0,1,116
3286,0.281,1,0,1,117
3286,0.327,1,1,1,118
3286,0.338,1,0,1,120
3286,0.385,1,0,1,122
3286,0.313,1,0,1,123
3286,0.301,0,0,1,125
3286,0.34,1,0,1,2
3286,0.339,1,0,1,3
3286,0.329,1,0,1,4
3286,0.321,1,0,1,5
3286,0.496,1,0,1,6
3286,0.459,1,1,1,7
3286,0.418,1,0,1,8
3286,0.497,1,1,1,9
3286,0.331,1,0,1,11
3286,0.382,1,0,1,16
3286,0.302,1,0,1,18
3286,0.318,1,1,1,19
3286,0.509,1,1,1,20
3286,0.365,1,1,1,21
3286,0.421,1,1,1,23
3286,0.329,1,0,1,25
3286,0.364,1,0,1,26
3286,0.348,1,0,1,28
3286,0.465,1,1,1,30
3286,0.342,1,0,1,31
3286,0.406,1,0,1,32
3286,0.414,1,1,1,33
3286,0.314,1,0,1,34
3286,0.362,1,1,1,36
3286,0.313,1,1,1,37
3286,0.356,1,1,1,39
3286,0.405,1,1,1,40
3286,0.317,1,1,1,41
3286,0.446,1,1,1,44
3286,0.42,1,0,1,45
3286,0.369,1,0,1,46
3286,0.529,1,1,1,47
3286,0.398,1,0,1,49
3286,0.35,1,0,1,50
3286,0.397,0,1,1,52
3286,0.456,1,1,1,56
3286,0.353,1,0,1,57
3286,0.332,1,1,1,58
3286,0.409,1,0,1,59
3286,0.472,1,1,1,61
3286,0.302,1,0,1,64
3286,0.397,1,1,1,65
3286,0.402,1,1,1,67
3286,0.444,1,0,1,68
3286,0.316,1,1,1,69
3286,0.298,1,1,1,71
3286,0.37,1,0,1,73
3286,0.359,1,0,1,75
3286,0.358,1,0,1,77
3286,0.441,1,1,1,78
3286,0.369,1,0,1,79
3286,0.335,1,0,1,81
3286,0.353,1,1,1,83
3286,0.43,1,1,1,84
3286,0.303,1,0,1,86
3286,0.531,1,0,1,87
3286,0.461,1,1,1,89
3286,0.391,1,0,1,92
3286,0.363,1,1,1,95
3286,0.313,1,0,1,97
3286,0.462,1,0,1,101
3286,0.371,1,0,1,102
3286,0.52,1,1,1,103
3286,0.499,1,0,1,104
3286,0.413,1,0,1,106
3286,0.457,1,1,1,107
3286,0.534,1,1,1,109
3286,0.316,1,0,1,110
3286,0.333,1,1,1,112
3286,0.357,1,0,1,113
3286,0.397,1,1,1,114
3286,0.513,1,1,1,115
3286,0.367,1,1,1,116
3286,0.375,1,1,1,117
3286,0.372,1,0,1,118
3286,0.571,1,1,1,119
3286,0.365,1,1,1,120
3286,0.484,1,0,1,121
3286,0.395,1,1,1,122
3286,0.459,1,1,1,123
3286,0.516,1,1,1,124
3286,0.437,0,1,1,126
3286,0.432,1,0,1,127
3286,0.726,1,0,1,0
3286,0.41,1,1,1,1
3286,0.323,1,0,1,2
3286,0.337,1,0,1,4
3286,0.383,1,1,1,8
3286,0.31,1,1,1,10
3286,0.368,1,1,1,12
3286,0.453,1,0,1,13
3286,0.371,1,0,1,14
3286,0.411,0,1,1,15
3286,0.359,0,0,1,16
3286,0.412,1,1,1,19
3286,0.361,1,0,1,20
3286,0.328,1,1,1,21
3286,0.335,1,1,1,22
3286,0.315,1,0,1,23
3286,0.311,1,0,1,24
3286,0.357,0,1,1,25
3286,0.411,1,0,1,26
3286,0.378,1,1,1,27
3286,0.498,1,1,1,28
3286,0.412,1,0,1,32
3286,0.341,1,0,1,34
3286,0.386,1,1,1,37
3286,0.394,1,0,1,38
3286,0.364,1,1,1,42
3286,0.51,1,0,1,43
3286,0.433,1,1,1,44
3286,0.368,1,1,1,45
3286,0.51,1,1,1,47
3286,0.385,0,1,1,48
3286,0.346,1,0,1,51
3286,0.395,1,0,1,53
3286,0.36,1,0,1,54
3286,0.313,0,1,1,55
3286,0.572,1,1,1,56
3286,0.353,1,1,1,58
3286,0.507,1,1,1,59
3286,0.742,1,1,1,60
3286,0.359,1,1,1,62
3286,0.424,1,1,1,63
3286,0.635,1,1,1,64
3286,0.552,1,0,1,67
3286,0.447,1,0,1,68
3286,0.353,1,1,1,70
3286,0.491,1,0,1,71
3286,0.411,1,0,1,72
3286,0.394,1,0,1,73
3286,0.395,1,1,1,74
3286,0.424,1,0,1,75
3286,0.46,1,1,1,76
3286,0.425,1,0,1,78
3286,0.648,1,0,1,79
3286,0.432,1,0,1,80
3286,0.362,1,0,1,81
3286,0.522,1,0,1,82
3286,0.466,1,1,1,86
3286,0.359,1,1,1,87
3286,0.404,1,0,1,90
3286,0.341,1,0,1,91
3286,0.51,1,1,1,93
3286,0.557,1,0,1,95
3286,0.465,1,1,1,96
3286,0.477,1,1,1,97
3286,0.292,1,0,1,99
3286,0.389,1,1,1,100
3286,0.346,1,0,1,101
3286,0.399,1,1,1,103
3286,0.347,1,0,1,104
3286,0.353,1,1,1,106
3286,0.484,1,0,1,107
3286,0.335,1,0,1,108
3286,0.4,1,1,1,109
3286,0.348,1,0,1,110
3286,0.398,1,0,1,111
3286,0.575,1,1,1,115
3286,0.517,1,1,1,116
3286,0.455,1,0,1,117
3286,0.429,1,0,1,119
3286,0.432,1,0,1,120
3286,0.432,1,1,1,122
3286,0.448,1,1,1,123
3286,0.4,1,1,1,125
3286,0.64,1,0,1,0
3286,0.454,1,1,1,3
3286,0.37,1,0,1,4
3286,0.362,1,0,1,6
3286,0.315,1,1,1,7
3286,0.402,1,1,1,8
3286,0.346,1,0,1,9
3286,0.334,1,0,1,10
3286,0.373,1,1,1,11
3286,0.422,1,0,1,12
3286,0.367,1,0,1,13
3286,0.334,1,0,1,16
3286,0.329,1,1,1,18
3286,0.313,1,0,1,19
3286,0.441,1,0,1,21
3286,0.407,1,0,1,22
3286,0.565,1,1,1,26
3286,0.479,1,0,1,27
3286,0.392,1,1,1,29
3286,0.457,1,1,1,30
3286,0.639,1,0,1,32
3286,0.467,1,1,1,33
3286,0.462,1,1,1,34
3286,0.335,1,0,1,37
3286,0.419,1,0,1,39
3286,0.394,1,0,1,42
3286,0.411,1,0,1,43
3286,0.393,1,1,1,44
3286,0.361,1,1,1,46
3286,0.332,1,0,1,47
3286,0.351,1,1,1,48
3286,0.467,1,0,1,49
3286,0.421,1,1,1,53
3286,0.428,1,1,1,54
3286,0.53,1,1,1,56
3286,0.346,1,0,1,57
3286,0.322,1,1,1,58
3286,0.39,1,1,1,60
3286,0.502,1,1,1,61
3286,0.383,1,0,1,62
3286,0.39,0,1,1,66
3286,0.499,1,1,1,68
3286,0.432,1,1,1,69
3286,0.382,1,0,1,70
3286,0.304,1,0,1,71
3286,0.341,1,1,1,73
3286,0.378,1,1,1,74
3286,0.423,1,0,1,75
3286,0.313,1,0,1,77
3286,0.295,1,1,1,79
3286,0.327,1,0,1,81
3286,0.309,1,1,1,84
3286,0.426,1,0,1,86
3286,0.316,1,0,1,89
3286,0.308,1,0,1,91
3286,0.546,1,1,1,92
3286,0.436,1,0,1,93
3286,0.466,1,1,1,94
3286,0.424,1,0,1,95
3286,0.397,1,0,1,97
3286,0.383,1,1,1,98
3286,0.434,1,1,1,99
3286,0.409,1,0,1,101
3286,0.35,1,0,1,102
3286,0.455,1,1,1,103
3286,0.441,1,1,1,104
3286,0.341,1,1,1,105
3286,0.34,1,1,1,108
3286,0.338,1,0,1,109
3286,0.305,1,0,1,110
3286,0.287,1,1,1,111
3286,0.303,1,0,1,112
3286,0.376,1,1,1,113
3286,0.416,1,0,1,114
3286,0.407,1,1,1,115
3286,0.419,1,1,1,116
3286,0.423,1,0,1,117
3286,0.374,1,0,1,118
3286,0.421,0,1,1,119
3286,0.291,1,0,1,121
3286,0.315,1,0,1,122
3286,0.375,0,1,1,124
3286,0.46,1,1,1,125
3286,0.498,1,1,1,127
3286,0.376,1,1,1,1
3286,0.315,1,0,1,2
3286,0.512,1,1,1,3
3286,0.319,1,0,1,5
3286,0.37,1,1,1,6
3286,0.375,1,1,1,7
3286,0.379,1,0,1,9
3286,0.39,1,0,1,12
3286,0.367,1,1,1,13
3286,0.393,1,1,1,14
3286,0.362,1,0,1,16
3286,0.332,1,1,1,17
3286,0.338,1,0,1,20
3286,0.356,1,0,1,23
3286,0.35,1,1,1,24
3286,0.55,1,1,1,25
3286,0.49,1,0,1,27
3286,0.434,1,1,1,28
3286,0.477,1,1,1,29
3286,0.35,1,0,1,30
3286,0.389,1,0,1,31
3286,0.377,1,1,1,33
3286,0.477,1,0,1,35
3286,0.352,1,0,1,38
3286,0.485,1,0,1,39
3286,0.434,1,1,1,40
3286,0.42,1,0,1,43
3286,0.699,1,0,1,44
3286,0.466,1,0,1,45
3286,0.335,1,0,1,47
3286,0.372,1,1,1,48
3286,0.505,1,1,1,49
3286,0.394,1,1,1,50
3286,0.502,1,0,1,51
3286,0.402,1,0,1,52
3286,0.341,1,0,1,54
3286,0.313,1,0,1,55
3286,0.431,1,1,1,56
3286,0.365,1,0,1,57
3286,0.369,1,0,1,58
3286,0.34,1,0,1,59
3286,0.575,1,1,1,60
3286,0.383,1,1,1,64
3286,0.321,1,0,1,67
3286,0.34,1,1,1,68
3286,0.395,1,1,1,71
3286,0.335,1,0,1,73
3286,0.299,1,0,1,74
3286,0.343,1,0,1,75
3286,0.337,1,0,1,76
3286,0.43,1,1,1,77
3286,0.36,1,1,1,78
3286,0.331,1,1,1,80
3286,0.308,1,0,1,81
3286,0.411,1,0,1,84
3286,0.319,1,1,1,85
3286,0.351,1,1,1,87
3286,0.297,1,0,1,88
3286,0.32,1,1,1,90
3286,0.426,1,1,1,91
3286,0.514,1,1,1,92
3286,0.429,1,1,1,93
3286,0.373,1,0,1,94
3286,0.399,1,0,1,95
3286,0.341,1,1,1,96
3286,0.441,1,1,1,98
3286,0.392,1,1,1,102
3286,0.35,1,1,1,105
3286,0.415,1,0,1,106
3286,0.417,1,1,1,107
3286,0.38,1,1,1,108
3286,0.388,1,1,1,110
3286,0.317,1,0,1,111
3286,0.35,1,0,1,113
3286,0.445,1,0,1,114
3286,0.364,1,1,1,115
3286,0.536,1,1,1,117
3286,0.376,1,0,1,118
3286,0.427,1,1,1,119
3286,0.409,1,1,1,121
3286,0.406,1,1,1,122
3286,0.338,1,0,1,123
3286,0.387,1,0,1,126
3286,0.315,1,0,1,127
3286,0.5,1,1,1,2
3286,0.457,1,1,1,4
3286,0.402,1,0,1,7
3286,0.381,1,1,1,9
3286,0.311,1,0,1,10
3286,0.349,1,0,1,11
3286,0.299,1,0,1,12
3286,0.332,1,1,1,13
3286,0.342,1,0,1,14
3286,0.479,1,1,1,15
3286,0.457,1,1,1,16
3286,0.412,1,0,1,18
3286,0.405,1,0,1,19
3286,0.368,1,0,1,21
3286,0.371,1,0,1,23
3286,0.364,0,0,1,25
3286,0.65,1,0,1,26
3286,0.473,1,1,1,27
3286,0.377,1,0,1,28
3286,0.343,1,1,1,29
3286,0.482,1,1,1,30
3286,0.42,1,1,1,32
3286,0.345,1,1,1,33
3286,0.412,1,1,1,35
3286,0.357,1,1,1,38
3286,0.515,1,0,1,41
3286,0.509,1,0,1,42
3286,0.536,1,1,1,43
3286,0.485,1,1,1,45
3286,0.481,1,0,1,47
3286,0.404,1,0,1,48
3286,0.475,1,1,1,51
3286,0.343,1,1,1,53
3286,0.447,1,0,1,56
3286,0.398,1,1,1,57
3286,0.614,1,1,1,60
3286,0.486,1,0,1,61
3286,0.426,1,0,1,62
3286,0.585,1,1,1,63
3286,0.496,1,1,1,69
3286,0.459,1,1,1,70
3286,0.411,1,1,1,71
3286,0.412,1,0,1,72
3286,0.414,1,0,1,73
3286,0.425,1,1,1,74
3286,0.381,1,1,1,76
3286,0.325,1,1,1,77
3286,0.309,1,0,1,78
3286,0.409,1,1,1,79
3286,0.289,1,0,1,80
3286,0.356,1,0,1,82
3286,0.403,1,1,1,83
3286,0.406,1,0,1,84
3286,0.448,1,1,1,85
3286,0.439,1,0,1,86
3286,0.373,1,0,1,87
3286,0.325,1,0,1,88
3286,0.43,1,0,1,89
3286,0.403,1,0,1,90
3286,0.371,1,0,1,93
3286,0.334,1,1,1,94
3286,0.383,1,1,1,95
3286,0.351,1,1,1,98
3286,0.335,1,1,1,100
3286,0.584,1,0,1,102
3286,0.338,1,0,1,104
3286,0.394,1,0,1,105
3286,0.396,1,1,1,107
3286,0.366,1,1,1,108
3286,0.419,1,0,1,110
3286,0.426,1,0,1,112
3286,0.321,1,0,1,113
3286,0.399,1,0,1,114
3286,0.386,1,0,1,115
3286,0.447,1,1,1,116
3286,0.311,1,0,1,117
3286,0.465,1,1,1,118
3286,0.532,1,0,1,119
3286,0.407,1,1,1,120
3286,0.368,1,1,1,121
3286,0.336,1,0,1,125
3286,0.39,1,1,1,126
3286,0.414,1,1,1,127
3286,0.429,1,0,1,0
3286,0.346,1,0,1,1
3286,0.317,1,1,1,3
3286,0.376,1,0,1,4
3286,0.33,1,1,1,5
3286,0.491,1,1,1,8
3286,0.378,1,1,1,9
3286,0.303,1,0,1,10
3286,0.34,1,1,1,11
3286,0.389,1,1,1,12
3286,0.456,1,1,1,13
3286,0.308,1,1,1,14
3286,0.361,1,0,1,16
3286,0.387,1,0,1,17
3286,0.435,1,1,1,18
3286,0.457,1,1,1,20
3286,0.36,1,1,1,21
3286,0.395,1,0,1,22
3286,0.419,1,1,1,24
3286,0.335,1,1,1,25
3286,0.329,1,0,1,26
3286,0.528,1,1,1,28
3286,0.346,1,1,1,32
3286,0.293,1,1,1,35
3286,0.401,1,1,1,36
3286,0.363,1,1,1,39
3286,0.323,1,0,1,40
3286,0.381,1,1,1,41
3286,0.424,1,1,1,43
3286,0.346,1,0,1,44
3286,0.623,1,1,1,46
3286,0.344,1,0,1,47
3286,0.332,1,1,1,50
3286,0.332,1,0,1,51
3286,0.361,1,0,1,53
3286,0.303,1,1,1,54
3286,0.332,1,1,1,55
3286,0.478,1,1,1,56
3286,0.421,1,1,1,59
3286,0.391,0,0,1,60
3286,0.465,1,0,1,63
3286,0.352,0,1,1,64
3286,0.376,1,0,1,65
3286,0.498,1,0,1,66
3286,0.378,1,1,1,67
3286,0.363,1,0,1,68
3286,0.381,1,1,1,69
3286,0.65,1,0,1,70
3286,0.598,1,0,1,71
3286,0.594,1,1,1,73
3286,0.457,1,1,1,76
3286,0.5,1,1,1,79
3286,0.456,1,1,1,80
3286,0.379,1,0,1,81
3286,0.389,1,0,1,82
3286,0.367,1,1,1,83
3286,0.343,1,1,1,84
3286,0.402,1,0,1,89
3286,0.362,1,0,1,90
3286,0.393,1,0,1,91
3286,0.493,1,1,1,92
3286,0.395,1,1,1,93
3286,0.417,1,0,1,96
3286,0.517,1,1,1,97
3286,0.365,1,0,1,99
3286,0.42,1,0,1,102
3286,0.462,1,0,1,103
3286,0.515,1,1,1,104
3286,0.411,1,0,1,107
3286,0.402,0,1,1,108
3286,0.356,1,0,1,110
3286,0.443,1,0,1,111
3286,0.427,1,0,1,112
3286,0.538,1,1,1,113
3286,0.412,1,0,1,114
3286,0.581,1,0,1,115
3286,0.397,1,0,1,116
3286,0.7,1,0,1,119
3286,0.445,1,0,1,122
3286,0.532,1,0,1,123
3286,0.372,1,1,1,125
3286,0.499,1,0,1,126
3286,0.383,1,0,1,127
3292,0.7049,1,1,1,0
3292,0.6002,1,1,1,2
3292,0.5882,1,0,1,4
3292,0.6341,1,1,1,6
3292,0.469,1,0,1,9
3292,0.5348,1,1,1,10
3292,0.5556,1,1,1,11
3292,0.571,1,0,1,12
3292,0.5182,1,0,1,14
3292,0.5652,1,0,1,15
3292,0.4801,1,0,1,17
3292,0.4651,1,0,1,18
3292,0.5521,1,1,1,19
3292,0.5697,1,0,1,20
3292,0.501,1,1,1,22
3292,0.4842,0,1,1,24
3292,0.5735,1,1,1,25
3292,0.6808,1,0,1,26
3292,0.5795,1,1,1,27
3292,0.7322,1,1,1,28
3292,0.6061,1,0,1,29
3292,0.5363,1,1,1,30
3292,0.6519,1,1,1,31
3292,0.4686,1,0,1,34
3292,0.572,1,0,1,36
3292,0.4044,1,0,1,38
3292,0.4387,1,0,1,39
3292,0.4551,1,0,1,40
3292,0.4562,1,0,1,41
3292,0.5848,1,1,1,43
3292,0.618,1,1,1,44
3292,0.4305,1,0,1,48
3292,0.5315,1,1,1,49
3292,0.4391,1,0,1,51
3292,0.4234,1,1,1,52
3292,0.4184,1,1,1,53
3292,0.3682,1,0,1,54
3292,0.5045,1,0,1,56
3292,0.6136,1,1,1,57
3292,0.609,1,1,1,58
3292,0.5649,1,1,1,59
3292,0.4484,1,0,1,62
3292,0.577,1,1,1,63
3292,0.4876,1,1,1,64
3292,0.5691,1,1,1,67
3292,0.5028,1,0,1,68
3292,0.6336,1,1,1,69
3292,0.4915,1,0,1,70
3292,0.4469,1,1,1,74
3292,0.5039,1,0,1,75
3292,0.5551,1,0,1,76
3292,0.5328,1,0,1,77
3292,0.5726,1,1,1,78
3292,0.67490000000000006,1,1,1,79
3292,0.6222,1,1,1,81
3292,0.4949,1,0,1,82
3292,0.5378,1,1,1,83
3292,0.5219,1,0,1,86
3292,0.7172,1,1,1,87
3292,0.5198,1,0,1,88
3292,0.4389,1,0,1,89
3292,0.4208,1,1,1,93
3292,0.5862,1,0,1,94
3292,0.4346,1,1,1,95
3292,0.4876,1,0,1,97
3292,0.6177,1,0,1,98
3292,0.5892,1,1,1,100
3292,0.6183,1,1,1,102
3292,0.8353,1,0,1,103
3292,0.6309,1,0,1,104
3292,0.5105,1,0,1,105
3292,0.6228,1,0,1,106
3292,0.5375,1,0,1,107
3292,0.5673,1,1,1,110
3292,0.5561,1,1,1,111
3292,0.5387,1,1,1,112
3292,0.5103,0,1,1,113
3292,0.6017,1,0,1,114
3292,0.6366,1,1,1,117
3292,0.6715,1,0,1,121
3292,0.6556,1,1,1,122
3292,0.8007,1,0,1,125
3292,0.6237,1,1,1,126
3292,0.5358,1,0,1,127
3292,0.597,1,0,1,0
3292,0.505,1,1,1,2
3292,0.4061,1,0,1,8
3292,0.4221,1,0,1,9
3292,0.4353,1,0,1,10
3292,0.6192,1,1,1,11
3292,0.6049,1,1,1,12
3292,0.4849,1,0,1,13
3292,0.4386,1,0,1,14
3292,0.5681,1,1,1,17
3292,0.4552,1,0,1,19
3292,0.4546,1,0,1,20
3292,0.369,1,1,1,23
3292,0.4551,1,0,1,25
3292,0.5216,1,1,1,27
3292,0.5359,1,1,1,29
3292,0.4323,1,0,1,30
3292,0.4643,1,0,1,31
3292,0.606,1,1,1,32
3292,0.5853,1,1,1,34
3292,0.5392,1,1,1,35
3292,0.4864,1,0,1,37
3292,0.4852,1,1,1,38
3292,0.4689,1,0,1,40
3292,0.6188,1,1,1,41
3292,0.5024,1,0,1,42
3292,0.4225,1,0,1,44
3292,0.4338,1,0,1,45
3292,0.4551,1,0,1,46
3292,0.4894,1,0,1,47
3292,0.5017,1,1,1,50
3292,0.4371,1,0,1,51
3292,0.4877,1,1,1,53
3292,0.4192,1,0,1,54
3292,0.5328,1,1,1,57
3292,0.4024,1,0,1,58
3292,0.4353,1,0,1,60
3292,0.4388,1,0,1,61
3292,0.4636,1,0,1,62
3292,0.5033,1,1,1,64
3292,0.4887,1,1,1,65
3292,0.4845,1,0,1,67
3292,0.5018,1,1,1,68
3292,0.5349,1,0,1,69
3292,0.656,1,0,1,70
3292,0.4717,1,0,1,73
3292,0.7383,1,1,1,75
3292,0.619,1,0,1,76
3292,0.5559,1,0,1,77
3292,0.705,1,0,1,78
3292,0.4849,0,1,1,79
3292,0.5095,1,0,1,81
3292,0.6335,1,1,1,86
3292,0.819,1,0,1,88
3292,0.834,1,1,1,89
3292,0.6347,1,1,1,90
3292,0.5519,1,0,1,91
3292,0.789,1,1,1,93
3292,0.7861,1,0,1,94
3292,0.4715,1,0,1,95
3292,0.5713,1,1,1,96
3292,0.6717,1,1,1,97
3292,0.5548,1,0,1,98
3292,0.641,1,1,1,99
3292,0.4045,1,0,1,101
3292,0.4223,1,0,1,104
3292,0.5475,1,1,1,107
3292,0.6113,1,1,1,108
3292,0.6649,1,1,1,110
3292,0.7886,1,1,1,111
3292,0.7165,1,1,1,112
3292,0.7081,1,1,1,113
3292,0.4582,1,1,1,115
3292,0.3874,0,1,1,117
3292,0.5805,1,0,1,118
3292,0.5467,1,1,1,119
3292,0.5868,1,1,1,120
3292,0.654,0,1,1,122
3292,0.4515,1,1,1,124
3292,0.4997,1,1,1,125
3292,0.4536,1,0,1,126
3292,0.4518,1,1,1,127
3292,0.4848,1,0,1,0
3292,0.3985,1,0,1,1
3292,0.4686,1,1,1,2
3292,0.4018,1,0,1,3
3292,0.4652,1,0,1,4
3292,0.4578,1,0,1,5
3292,0.5064,1,1,1,6
3292,0.4035,1,0,1,7
3292,0.4373,1,1,1,8
3292,0.5177,1,1,1,10
3292,0.6062,1,1,1,11
3292,0.5549,1,1,1,12
3292,0.4578,1,0,1,13
3292,0.5378,1,1,1,14
3292,0.5516,1,1,1,15
3292,0.6033,1,1,1,16
3292,0.7702,1,0,1,17
3292,0.4556,1,0,1,18
3292,0.538,1,0,1,19
3292,0.8349,1,1,1,20
3292,0.4726,1,1,1,21
3292,0.4366,1,0,1,22
3292,0.4867,1,0,1,23
3292,0.5148,1,1,1,25
3292,0.596,1,1,1,26
3292,0.4836,1,1,1,28
3292,0.6017,1,1,1,29
3292,0.7885,1,1,1,32
3292,0.5899,1,1,1,36
3292,0.4224,1,0,1,39
3292,0.3891,1,0,1,40
3292,0.3717,1,0,1,41
3292,0.4574,1,0,1,43
3292,0.8203,1,1,1,46
3292,0.5514,1,1,1,48
3292,0.4859,1,0,1,49
3292,0.5221,1,1,1,51
3292,0.4732,1,0,1,53
3292,0.5369,1,0,1,54
3292,0.6246,1,1,1,57
3292,0.4883,1,1,1,59
3292,0.5681,1,0,1,62
3292,0.6546,1,0,1,63
3292,0.558,1,1,1,65
3292,0.6044,1,1,1,67
3292,0.8188,1,0,1,68
3292,0.4704,1,1,1,70
3292,0.5551,1,0,1,71
3292,0.4718,1,0,1,72
3292,0.617,1,0,1,76
3292,0.4524,0,1,1,77
3292,0.5866,1,1,1,81
3292,0.6412,1,1,1,82
3292,0.4698,1,0,1,85
3292,0.5965,1,1,1,90
3292,0.588,1,1,1,91
3292,0.6344,1,1,1,92
3292,0.6365,1,1,1,93
3292,0.7855,1,0,1,94
3292,0.8702,1,1,1,95
3292,0.4184,1,0,1,96
3292,0.4663,1,0,1,99
3292,0.6953,1,0,1,101
3292,0.4216,1,0,1,102
3292,0.6065,1,0,1,103
3292,0.7039,1,0,1,105
3292,0.5362,1,1,1,106
3292,0.5421,1,0,1,112
3292,0.4559,1,0,1,116
3292,0.5393,1,0,1,117
3292,0.5858,1,0,1,119
3292,0.5229,1,1,1,120
3292,0.8728,1,0,1,122
3292,0.6857,1,1,1,124
3292,0.4897,1,1,1,125
3292,0.8576,1,1,1,0
3292,0.4546,1,1,1,1
3292,0.4868,1,1,1,2
3292,0.4126,1,0,1,3
3292,0.4367,1,0,1,5
3292,0.5022,1,1,1,6
3292,0.4486,0,1,1,7
3292,0.4534,1,1,1,9
3292,0.457,1,0,1,10
3292,0.3414,1,0,1,12
3292,0.4731,1,1,1,15
3292,0.3872,1,1,1,16
3292,0.3387,0,1,1,18
3292,0.4549,1,0,1,20
3292,0.6717,1,0,1,21
3292,0.7191,1,1,1,22
3292,0.5683,1,0,1,23
3292,0.4192,1,1,1,24
3292,0.501,1,0,1,27
3292,0.5693,1,1,1,28
3292,0.4211,1,0,1,29
3292,0.3898,1,1,1,30
3292,0.4857,1,0,1,31
3292,0.4667,1,1,1,32
3292,0.5053,1,1,1,33
3292,0.7339,1,1,1,34
3292,0.4469,1,0,1,37
3292,0.4544,1,0,1,38
3292,0.534,1,0,1,40
3292,0.5362,1,1,1,42
3292,0.5483,1,0,1,44
3292,0.4832,1,0,1,45
3292,0.5689,1,1,1,46
3292,0.4181,0,1,1,48
3292,0.4773,1,0,1,50
3292,0.4639,1,0,1,52
3292,0.623,1,0,1,53
3292,0.3926,1,0,1,54
3292,0.3896,1,0,1,55
3292,0.55,1,0,1,56
3292,0.4053,1,1,1,58
3292,0.392,1,0,1,62
3292,0.3994,1,1,1,64
3292,0.4199,1,0,1,65
3292,0.5692,1,1,1,67
3292,0.5025,1,0,1,69
3292,0.3889,1,0,1,72
3292,0.4721,1,0,1,73
3292,0.4359,1,0,1,75
3292,0.4862,1,0,1,76
3292,0.4261,1,0,1,79
3292,0.4053,1,0,1,80
3292,0.653,1,0,1,82
3292,0.4198,1,0,1,85
3292,0.4906,1,1,1,86
3292,0.4376,1,1,1,87
3292,0.5387,1,1,1,88
3292,0.407,1,1,1,90
3292,0.5585,1,1,1,91
3292,0.5034,1,1,1,92
3292,0.4758,1,0,1,93
3292,0.4546,1,0,1,94
3292,0.5029,1,1,1,95
3292,0.6169,1,1,1,97
3292,0.5031,1,0,1,100
3292,0.5359,1,1,1,101
3292,0.4438,1,0,1,102
3292,0.5352,1,1,1,103
3292,0.4208,1,0,1,104
3292,0.5395,1,1,1,105
3292,0.5185,1,1,1,107
3292,0.4527,1,0,1,108
3292,0.5742,1,1,1,109
3292,0.5213,1,1,1,111
3292,0.6206,1,1,1,112
3292,0.4868,1,1,1,114
3292,0.4581,1,1,1,116
3292,0.457,1,0,1,117
3292,0.4244,1,0,1,119
3292,0.3718,1,0,1,122
3292,0.3887,1,0,1,123
3292,0.3686,0,1,1,124
3292,0.3646,0,1,1,126
3292,0.5211,1,1,1,127
3292,0.6638,1,1,1,0
3292,0.4546,1,0,1,2
3292,0.4902,1,1,1,3
3292,0.3857,1,0,1,6
3292,0.3523,1,1,1,7
3292,0.5066,1,1,1,8
3292,0.4866,1,0,1,9
3292,0.4045,1,0,1,12
3292,0.4577,1,0,1,14
3292,0.4856,1,1,1,15
3292,0.3527,1,0,1,16
3292,0.4623,1,1,1,17
3292,0.4228,1,0,1,20
3292,0.4064,1,1,1,21
3292,0.3573,1,1,1,22
3292,0.4092,1,0,1,24
3292,0.4715,1,0,1,25
3292,0.3559,0,1,1,28
3292,0.4586,1,1,1,29
3292,0.385,1,0,1,30
3292,0.4404,1,0,1,31
3292,0.36870000000000003,1,1,1,32
3292,0.4894,1,1,1,33
3292,0.4387,1,0,1,35
3292,0.4045,1,0,1,36
3292,0.5374,1,0,1,37
3292,0.4382,1,0,1,38
3292,0.4082,1,0,1,40
3292,0.5187,1,1,1,41
3292,0.4065,1,0,1,42
3292,0.3887,1,0,1,43
3292,0.4885,1,1,1,45
3292,0.4363,1,0,1,47
3292,0.4379,1,0,1,48
3292,0.4888,1,1,1,49
3292,0.6526,1,0,1,50
3292,0.4532,1,1,1,51
3292,0.4716,1,0,1,54
3292,0.5534,1,1,1,56
3292,0.4218,1,1,1,57
3292,0.548,1,1,1,58
3292,0.5018,1,0,1,59
3292,0.4716,1,1,1,60
3292,0.4219,1,1,1,62
3292,0.5064,1,1,1,64
3292,0.4217,1,1,1,65
3292,0.5691,1,0,1,71
3292,0.4729,0,1,1,73
3292,0.5223,1,1,1,74
3292,0.4368,1,0,1,75
3292,0.652,1,0,1,77
3292,0.5001,1,1,1,79
3292,0.4391,0,1,1,80
3292,0.5613,1,1,1,81
3292,0.5021,1,0,1,83
3292,0.5003,1,1,1,85
3292,0.4817,1,1,1,86
3292,0.3917,1,0,1,88
3292,0.4107,1,0,1,89
3292,0.4871,1,0,1,90
3292,0.5727,1,1,1,93
3292,0.5017,1,1,1,97
3292,0.488,1,1,1,98
3292,0.44,1,0,1,99
3292,0.5515,1,0,1,102
3292,0.4235,1,0,1,103
3292,0.4401,1,1,1,104
3292,0.4862,1,0,1,105
3292,0.4072,1,0,1,107
3292,0.3921,1,0,1,112
3292,0.4879,1,0,1,113
3292,0.3902,1,0,1,114
3292,0.4896,1,0,1,115
3292,0.5349,1,1,1,116
3292,0.4713,1,1,1,117
3292,0.455,1,1,1,118
3292,0.3737,1,0,1,119
3292,0.3904,1,1,1,120
3292,0.3382,1,1,1,121
3292,0.4678,1,0,1,122
3292,0.5696,1,1,1,123
3292,0.4549,1,1,1,125
3292,0.4519,1,0,1,126
3292,0.4572,1,1,1,127
3292,0.4745,1,1,1,1
3292,0.4558,1,1,1,3
3292,0.5708,1,1,1,4
3292,0.3574,1,0,1,7
3292,0.4215,1,0,1,9
3292,0.3872,1,0,1,10
3292,0.4881,1,1,1,12
3292,0.3895,1,0,1,13
3292,0.5078,1,1,1,14
3292,0.3524,1,1,1,16
3292,0.4855,1,0,1,17
3292,0.6197,1,1,1,18
3292,0.4567,1,0,1,19
3292,0.4087,1,1,1,20
3292,0.3585,1,0,1,21
3292,0.555,1,1,1,24
3292,0.3532,1,0,1,25
3292,0.3785,1,0,1,27
3292,0.4092,1,1,1,28
3292,0.4357,1,0,1,31
3292,0.419,1,1,1,32
3292,0.4245,1,0,1,33
3292,0.4422,1,1,1,34
3292,0.4347,1,0,1,37
3292,0.4384,1,0,1,38
3292,0.4516,1,1,1,40
3292,0.4746,1,1,1,41
3292,0.379,1,0,1,42
3292,0.412,1,1,1,43
3292,0.4689,1,0,1,44
3292,0.5016,1,1,1,47
3292,0.372,1,1,1,48
3292,0.3186,0,1,1,50
3292,0.4575,1,0,1,51
3292,0.4377,1,0,1,52
3292,0.3746,1,1,1,54
3292,0.418,1,0,1,56
3292,0.4573,1,0,1,58
3292,0.3864,1,1,1,59
3292,0.5728,1,1,1,60
3292,0.3524,1,0,1,61
3292,0.3184,1,0,1,63
3292,0.4535,1,1,1,64
3292,0.4684,1,0,1,65
3292,0.506,1,0,1,66
3292,0.4146,1,1,1,69
3292,0.4861,1,0,1,70
3292,0.4551,1,1,1,72
3292,0.4231,1,0,1,73
3292,0.4735,1,0,1,75
3292,0.3773,1,0,1,78
3292,0.4041,1,0,1,79
3292,0.4078,1,0,1,80
3292,0.39,1,0,1,81
3292,0.4683,1,1,1,82
3292,0.3912,1,0,1,84
3292,0.3745,1,0,1,85
3292,0.3473,1,1,1,87
3292,0.3718,1,1,1,88
3292,0.3749,1,0,1,89
3292,0.4212,1,0,1,92
3292,0.4017,1,1,1,93
3292,0.4025,1,0,1,94
3292,0.4085,1,1,1,95
3292,0.4248,1,0,1,97
3292,0.5195,1,1,1,98
3292,0.4681,1,0,1,101
3292,0.4912,1,1,1,103
3292,0.3782,1,1,1,104
3292,0.4351,1,0,1,105
3292,0.486,1,1,1,106
3292,0.3511,1,0,1,108
3292,0.4504,1,1,1,109
3292,0.418,1,1,1,111
3292,0.4183,1,0,1,112
3292,0.5,1,1,1,114
3292,0.4723,1,1,1,118
3292,0.4871,1,1,1,121
3292,0.4521,1,1,1,122
3292,0.4927,1,1,1,123
3292,0.4193,1,0,1,124
3292,0.4027,1,0,1,125
3292,0.5523,1,1,1,126
3292,0.2998,1,1,1,127
3292,0.492,1,0,1,0
3292,0.4235,0,1,1,1
3292,0.4718,1,1,1,5
3292,0.3899,1,0,1,6
3292,0.4365,1,0,1,7
3292,0.5696,1,1,1,8
3292,0.4555,1,1,1,9
3292,0.4515,1,0,1,10
3292,0.3905,1,1,1,12
3292,0.5828,1,1,1,13
3292,0.4014,1,1,1,14
3292,0.2973,1,0,1,16
3292,0.3565,0,0,1,19
3292,0.3725,1,0,1,20
3292,0.3552,1,0,1,22
3292,0.4396,1,0,1,23
3292,0.3835,1,1,1,24
3292,0.4241,1,1,1,26
3292,0.5216,1,1,1,28
3292,0.5869,1,1,1,29
3292,0.4555,1,0,1,31
3292,0.5016,1,1,1,32
3292,0.4532,1,0,1,33
3292,0.4035,1,1,1,34
3292,0.5925,1,0,1,35
3292,0.4403,1,0,1,38
3292,0.4586,1,0,1,40
3292,0.4381,1,0,1,41
3292,0.6888,1,0,1,42
3292,0.4704,1,1,1,45
3292,0.4537,1,1,1,47
3292,0.4188,1,0,1,48
3292,0.4581,1,1,1,50
3292,0.4054,1,1,1,51
3292,0.4405,1,0,1,54
3292,0.3902,1,0,1,55
3292,0.4017,1,0,1,56
3292,0.4302,0,1,1,58
3292,0.4693,1,1,1,59
3292,0.4187,1,0,1,60
3292,0.4847,1,0,1,64
3292,0.4594,1,0,1,65
3292,0.4232,1,0,1,67
3292,0.4161,1,0,1,68
3292,0.3864,1,1,1,69
3292,0.4196,1,0,1,70
3292,0.4378,1,1,1,71
3292,0.4355,1,0,1,72
3292,0.4688,1,1,1,75
3292,0.5043,1,0,1,77
3292,0.5346,1,1,1,78
3292,0.4094,1,0,1,79
3292,0.586,1,1,1,81
3292,0.4899,1,0,1,82
3292,0.4567,1,1,1,84
3292,0.4196,1,1,1,86
3292,0.4356,1,0,1,89
3292,0.4551,1,0,1,90
3292,0.4025,1,1,1,91
3292,0.5017,1,1,1,93
3292,0.4729,1,1,1,94
3292,0.3903,1,1,1,95
3292,0.3834,1,0,1,96
3292,0.4394,1,0,1,97
3292,0.4246,1,1,1,98
3292,0.4383,1,1,1,99
3292,0.488,1,1,1,100
3292,0.421,1,1,1,101
3292,0.4386,1,1,1,102
3292,0.407,1,1,1,103
3292,0.4551,1,1,1,104
3292,0.3754,1,0,1,106
3292,0.5343,1,1,1,108
3292,0.4519,1,0,1,110
3292,0.5542,1,0,1,111
3292,0.5186,1,1,1,112
3292,0.5057,1,1,1,114
3292,0.3835,1,0,1,116
3292,0.7383,1,1,1,118
3292,0.3731,1,0,1,123
3292,0.4483,1,0,1,124
3292,0.4734,1,0,1,125
3292,0.4233,1,0,1,126
3292,0.4193,1,1,1,127
3292,0.5068,1,1,1,2
3292,0.4659,1,1,1,3
3292,0.4241,1,1,1,4
3292,0.4719,1,1,1,7
3292,0.4546,1,0,1,8
3292,0.3861,1,1,1,9
3292,0.4027,1,0,1,13
3292,0.4197,1,1,1,15
3292,0.3527,1,0,1,16
3292,0.472,1,0,1,17
3292,0.4222,1,0,1,18
3292,0.4005,1,1,1,19
3292,0.3724,1,0,1,21
3292,0.3234,1,0,1,23
3292,0.3198,0,1,1,24
3292,0.4408,1,1,1,25
3292,0.4416,1,1,1,27
3292,0.4858,1,0,1,28
3292,0.4724,1,0,1,29
3292,0.5074,1,1,1,30
3292,0.4186,1,0,1,31
3292,0.5189,1,1,1,32
3292,0.4719,1,0,1,33
3292,0.5024,1,1,1,34
3292,0.4064,1,0,1,35
3292,0.3532,1,1,1,36
3292,0.4594,1,0,1,37
3292,0.5334,1,1,1,39
3292,0.4065,1,1,1,40
3292,0.4579,1,1,1,41
3292,0.5654,1,0,1,42
3292,0.4168,1,1,1,43
3292,0.4946,1,1,1,44
3292,0.3973,1,1,1,45
3292,0.5004,1,1,1,46
3292,0.504,1,1,1,47
3292,0.3886,1,1,1,48
3292,0.3888,1,1,1,49
3292,0.3894,1,0,1,51
3292,0.4267,1,0,1,53
3292,0.3887,1,0,1,54
3292,0.5023,1,1,1,57
3292,0.3882,1,1,1,61
3292,0.4864,1,0,1,63
3292,0.4375,1,1,1,64
3292,0.4727,1,1,1,67
3292,0.4577,1,1,1,69
3292,0.3877,1,0,1,70
3292,0.3904,1,1,1,72
3292,0.5197,1,0,1,73
3292,0.375,1,0,1,76
3292,0.4414,1,0,1,77
3292,0.3912,1,0,1,78
3292,0.3019,0,1,1,81
3292,0.4943,1,0,1,82
3292,0.4149,1,0,1,83
3292,0.4218,1,0,1,84
3292,0.3887,1,0,1,85
3292,0.3846,1,0,1,86
3292,0.4905,1,1,1,87
3292,0.5919,1,1,1,89
3292,0.4049,1,0,1,92
3292,0.5181,1,1,1,93
3292,0.4238,1,0,1,94
3292,0.445,1,0,1,96
3292,0.4021,0,1,1,97
3292,0.5345,1,0,1,98
3292,0.5162,1,1,1,99
3292,0.4217,1,1,1,102
3292,0.4714,1,1,1,103
3292,0.3712,1,0,1,105
3292,0.357,1,0,1,106
3292,0.3718,1,0,1,107
3292,0.3853,1,1,1,108
3292,0.3529,1,0,1,109
3292,0.273,1,0,1,110
3292,0.3574,1,1,1,111
3292,0.3355,0,0,1,115
3292,0.3872,1,0,1,117
3292,0.3585,0,1,1,118
3292,0.4985,1,1,1,123
3292,0.4376,1,0,1,125
3292,0.3707,1,0,1,126
3292,0.4562,1,0,1,127
337788,0.502,1,1,1,0
337788,0.552,1,0,1,1
337788,0.42,1,1,1,3
337788,0.509,1,0,1,4
337788,0.519,1,0,1,5
337788,0.437,1,0,1,6
337788,0.536,1,1,1,7
337788,0.452,1,0,1,9
337788,0.424,1,0,1,11
337788,0.42,1,1,1,12
337788,0.528,1,1,1,14
337788,0.416,1,1,1,15
337788,0.425,1,0,1,17
337788,0.42,1,1,1,18
337788,0.456,1,1,1,19
337788,0.426,1,0,1,21
337788,0.338,1,0,1,24
337788,0.436,1,0,1,25
337788,0.453,1,0,1,26
337788,0.443,1,1,1,28
337788,0.452,1,1,1,30
337788,0.442,1,0,1,31
337788,0.519,1,1,1,32
337788,0.556,1,1,1,33
337788,0.552,1,1,1,35
337788,0.456,1,1,1,37
337788,0.568,1,1,1,40
337788,0.457,1,0,1,42
337788,0.64,1,0,1,44
337788,0.469,1,0,1,45
337788,0.385,1,0,1,46
337788,0.336,1,1,1,47
337788,0.592,1,1,1,48
337788,0.386,1,0,1,50
337788,0.423,1,0,1,51
337788,0.444,0,1,1,54
337788,0.572,1,1,1,56
337788,0.408,1,1,1,57
337788,0.42,1,1,1,58
337788,0.419,1,0,1,60
337788,0.425,1,1,1,62
337788,0.635,1,1,1,63
337788,0.471,1,0,1,64
337788,0.384,1,0,1,65
337788,0.518,1,1,1,66
337788,0.373,0,1,1,67
337788,0.569,1,0,1,68
337788,0.486,1,0,1,69
337788,0.693,1,1,1,71
337788,0.455,1,0,1,72
337788,0.735,1,1,1,73
337788,0.409,1,0,1,75
337788,0.403,1,0,1,76
337788,0.442,1,0,1,77
337788,0.508,1,0,1,79
337788,0.591,1,1,1,81
337788,0.554,1,1,1,82
337788,0.585,1,1,1,83
337788,0.544,1,0,1,85
337788,0.511,1,0,1,86
337788,0.503,1,0,1,87
337788,0.423,1,0,1,88
337788,0.427,1,1,1,89
337788,0.623,1,1,1,92
337788,0.435,1,1,1,93
337788,0.419,1,1,1,94
337788,0.54,1,1,1,96
337788,0.469,1,0,1,98
337788,0.578,1,1,1,99
337788,0.519,1,1,1,102
337788,0.619,1,0,1,104
337788,0.461,1,0,1,106
337788,0.711,1,1,1,107
337788,0.536,1,1,1,108
337788,0.402,1,1,1,109
337788,0.485,1,0,1,110
337788,0.517,1,0,1,111
337788,0.439,1,0,1,113
337788,0.525,1,0,1,115
337788,0.535,1,0,1,119
337788,0.602,1,1,1,120
337788,0.651,1,1,1,124
337788,0.575,1,0,1,126
337788,0.55,1,0,1,127
337788,0.454,1,0,1,1
337788,0.369,1,0,1,2
337788,0.415,1,0,1,3
337788,0.569,1,1,1,4
337788,0.402,1,0,1,5
337788,0.519,1,1,1,7
337788,0.507,1,1,1,9
337788,0.571,1,1,1,10
337788,0.487,1,0,1,12
337788,0.504,1,0,1,13
337788,0.451,1,1,1,14
337788,0.484,1,0,1,15
337788,0.602,1,0,1,16
337788,0.406,1,0,1,17
337788,0.458,1,1,1,18
337788,0.46,1,0,1,19
337788,0.569,1,1,1,22
337788,0.494,1,0,1,23
337788,0.511,1,1,1,24
337788,0.625,1,1,1,26
337788,0.555,1,1,1,29
337788,0.705,1,1,1,30
337788,0.719,1,1,1,31
337788,0.556,1,1,1,35
337788,0.519,1,0,1,36
337788,0.552,1,1,1,37
337788,0.535,1,0,1,40
337788,0.441,1,0,1,41
337788,0.586,1,1,1,42
337788,0.752,1,1,1,43
337788,0.602,1,1,1,44
337788,0.485,1,0,1,45
337788,0.474,1,0,1,48
337788,0.503,1,0,1,50
337788,0.416,1,1,1,51
337788,0.603,1,0,1,52
337788,0.569,1,1,1,53
337788,0.424,1,0,1,54
337788,0.496,1,0,1,57
337788,0.407,1,1,1,58
337788,0.553,1,1,1,59
337788,0.736,1,1,1,60
337788,0.553,1,1,1,61
337788,0.619,1,0,1,62
337788,0.504,1,0,1,64
337788,0.541,1,1,1,66
337788,0.522,1,1,1,67
337788,0.752,1,0,1,68
337788,0.559,1,1,1,69
337788,0.574,1,1,1,70
337788,0.553,1,1,1,71
337788,0.639,1,0,1,73
337788,0.578,1,1,1,74
337788,0.441,1,1,1,76
337788,0.351,1,1,1,77
337788,0.37,1,1,1,78
337788,0.453,1,0,1,82
337788,0.453,1,0,1,84
337788,0.419,1,0,1,85
337788,0.485,1,1,1,87
337788,0.453,1,1,1,90
337788,0.475,1,0,1,91
337788,0.462,1,1,1,92
337788,0.543,1,1,1,94
337788,0.535,1,1,1,96
337788,0.502,1,0,1,97
337788,0.586,1,0,1,98
337788,0.552,1,0,1,102
337788,0.503,1,0,1,104
337788,0.61,1,1,1,105
337788,0.6,1,1,1,106
337788,0.486,1,0,1,108
337788,0.512,1,0,1,109
337788,0.602,1,0,1,110
337788,0.451,1,0,1,112
337788,0.64,1,1,1,113
337788,0.536,1,1,1,118
337788,0.486,1,0,1,119
337788,0.403,1,0,1,123
337788,0.403,1,0,1,125
337788,0.39,1,0,1,126
337788,0.387,1,0,1,127
337788,0.468,1,0,1,1
337788,0.386,1,0,1,2
337788,0.468,1,1,1,3
337788,0.458,1,1,1,5
337788,0.486,1,0,1,6
337788,0.386,1,0,1,7
337788,0.452,1,0,1,8
337788,0.353,1,0,1,9
337788,0.523,1,1,1,10
337788,0.502,1,1,1,11
337788,0.503,1,0,1,12
337788,0.618,1,1,1,13
337788,0.504,1,1,1,15
337788,0.486,1,0,1,16
337788,0.503,1,0,1,17
337788,0.602,1,1,1,18
337788,0.618,1,0,1,19
337788,0.466,1,0,1,20
337788,0.559,1,0,1,22
337788,0.373,1,0,1,23
337788,0.491,1,1,1,24
337788,0.469,1,1,1,26
337788,0.502,1,1,1,27
337788,0.44,1,1,1,28
337788,0.503,1,0,1,29
337788,0.475,1,0,1,30
337788,0.519,1,1,1,34
337788,0.587,1,1,1,36
337788,0.485,1,0,1,40
337788,0.387,1,1,1,43
337788,0.486,1,1,1,45
337788,0.502,1,1,1,46
337788,0.442,1,0,1,47
337788,0.47,1,0,1,48
337788,0.504,1,1,1,51
337788,0.488,1,0,1,52
337788,0.536,1,1,1,53
337788,0.455,1,0,1,54
337788,0.408,1,0,1,55
337788,0.486,1,0,1,57
337788,0.468,1,1,1,58
337788,0.544,1,0,1,59
337788,0.454,1,1,1,60
337788,0.453,1,0,1,62
337788,0.444,1,0,1,63
337788,0.439,1,1,1,65
337788,0.403,1,0,1,66
337788,0.436,1,0,1,68
337788,0.418,1,0,1,69
337788,0.423,1,0,1,70
337788,0.389,1,1,1,72
337788,0.438,1,0,1,74
337788,0.536,1,0,1,75
337788,0.52,1,1,1,79
337788,0.552,1,1,1,80
337788,0.42,1,1,1,82
337788,0.368,1,0,1,83
337788,0.468,1,1,1,84
337788,0.368,1,1,1,86
337788,0.545,1,1,1,90
337788,0.438,1,0,1,91
337788,0.41,1,0,1,92
337788,0.471,1,0,1,93
337788,0.391,1,1,1,94
337788,0.388,1,1,1,95
337788,0.486,1,1,1,98
337788,0.492,1,1,1,100
337788,0.693,1,1,1,101
337788,0.619,1,0,1,102
337788,0.418,1,0,1,103
337788,0.502,1,1,1,104
337788,0.503,1,1,1,105
337788,0.46,1,1,1,108
337788,0.586,1,1,1,109
337788,0.525,1,0,1,111
337788,0.654,1,1,1,112
337788,0.439,1,0,1,113
337788,0.4,1,0,1,114
337788,0.487,1,1,1,115
337788,0.494,1,0,1,117
337788,0.468,1,1,1,120
337788,0.471,1,1,1,122
337788,0.521,1,1,1,123
337788,0.403,1,0,1,124
337788,0.653,1,1,1,0
337788,0.552,1,1,1,2
337788,0.602,1,1,1,3
337788,0.49,1,0,1,4
337788,0.403,1,1,1,5
337788,0.491,1,0,1,8
337788,0.46,1,1,1,9
337788,0.405,1,0,1,10
337788,0.388,1,1,1,12
337788,0.47,1,1,1,13
337788,0.421,1,1,1,15
337788,0.376,1,1,1,16
337788,0.421,1,0,1,17
337788,0.422,1,0,1,19
337788,0.469,1,1,1,20
337788,0.387,1,0,1,21
337788,0.527,1,1,1,22
337788,0.468,1,0,1,25
337788,0.469,1,0,1,26
337788,0.485,1,1,1,27
337788,0.51,1,1,1,30
337788,0.637,1,0,1,31
337788,0.435,1,0,1,33
337788,0.494,1,1,1,34
337788,0.469,1,0,1,35
337788,0.469,1,0,1,36
337788,0.668,1,0,1,37
337788,0.486,1,1,1,38
337788,0.395,1,0,1,40
337788,0.423,1,0,1,41
337788,0.453,1,1,1,42
337788,0.485,1,0,1,44
337788,0.406,1,1,1,47
337788,0.468,1,0,1,48
337788,0.452,1,1,1,52
337788,0.653,1,0,1,55
337788,0.424,1,0,1,56
337788,0.459,1,1,1,57
337788,0.47,1,1,1,58
337788,0.588,1,1,1,59
337788,0.536,1,1,1,62
337788,0.439,1,1,1,63
337788,0.442,1,0,1,64
337788,0.486,1,1,1,65
337788,0.386,1,0,1,68
337788,0.494,1,0,1,69
337788,0.452,1,0,1,70
337788,0.469,1,1,1,74
337788,0.47,1,1,1,76
337788,0.457,1,1,1,78
337788,0.47,1,0,1,80
337788,0.392,1,0,1,81
337788,0.476,1,1,1,82
337788,0.436,1,0,1,83
337788,0.453,1,0,1,85
337788,0.586,1,0,1,86
337788,0.486,1,0,1,87
337788,0.425,1,0,1,88
337788,0.493,1,0,1,89
337788,0.352,1,1,1,90
337788,0.503,1,1,1,91
337788,0.443,1,1,1,92
337788,0.542,1,0,1,93
337788,0.461,1,1,1,94
337788,0.551,1,1,1,96
337788,0.435,1,0,1,97
337788,0.377,1,0,1,98
337788,0.403,1,1,1,99
337788,0.403,1,0,1,100
337788,0.485,1,1,1,101
337788,0.403,1,1,1,102
337788,0.502,1,1,1,103
337788,0.537,1,1,1,107
337788,0.486,1,0,1,108
337788,0.452,1,1,1,111
337788,0.499,1,0,1,115
337788,0.57,1,0,1,116
337788,0.419,1,0,1,118
337788,0.36,1,0,1,119
337788,0.542,1,1,1,120
337788,0.441,1,1,1,124
337788,0.436,1,0,1,125
337788,0.502,1,1,1,126
337788,0.511,1,0,1,127
337788,0.503,1,1,1,0
337788,0.452,1,1,1,1
337788,0.402,1,0,1,3
337788,0.344,1,0,1,4
337788,0.401,1,1,1,5
337788,0.388,1,0,1,6
337788,0.359,1,1,1,7
337788,0.356,1,1,1,9
337788,0.374,0,1,1,11
337788,0.474,1,0,1,12
337788,0.407,1,0,1,14
337788,0.486,1,0,1,16
337788,0.451,1,0,1,17
337788,0.518,1,0,1,18
337788,0.477,1,1,1,20
337788,0.453,1,0,1,21
337788,0.452,1,1,1,22
337788,0.452,1,0,1,23
337788,0.486,1,0,1,24
337788,0.405,1,1,1,26
337788,0.453,1,0,1,28
337788,0.559,1,1,1,30
337788,0.46,1,0,1,32
337788,0.418,1,0,1,35
337788,0.503,1,1,1,37
337788,0.474,1,0,1,38
337788,0.487,1,0,1,39
337788,0.509,1,1,1,40
337788,0.585,1,0,1,41
337788,0.474,1,0,1,42
337788,0.469,1,1,1,46
337788,0.503,1,1,1,48
337788,0.535,1,1,1,50
337788,0.422,1,1,1,53
337788,0.377,1,1,1,54
337788,0.47,1,1,1,55
337788,0.569,1,0,1,57
337788,0.453,1,1,1,58
337788,0.408,1,0,1,60
337788,0.335,1,0,1,61
337788,0.387,1,0,1,62
337788,0.437,1,1,1,64
337788,0.452,1,0,1,67
337788,0.425,1,0,1,69
337788,0.385,1,1,1,70
337788,0.408,1,0,1,72
337788,0.383,1,1,1,73
337788,0.42,1,0,1,77
337788,0.386,1,1,1,78
337788,0.342,1,0,1,79
337788,0.409,1,0,1,82
337788,0.418,1,1,1,83
337788,0.344,1,1,1,84
337788,0.391,1,0,1,85
337788,0.402,1,1,1,86
337788,0.369,1,0,1,87
337788,0.418,1,1,1,88
337788,0.425,0,1,1,91
337788,0.42,1,1,1,93
337788,0.405,1,0,1,96
337788,0.554,1,0,1,97
337788,0.352,1,0,1,98
337788,0.519,1,0,1,100
337788,0.485,1,1,1,102
337788,0.443,1,1,1,103
337788,0.385,1,0,1,105
337788,0.403,1,1,1,106
337788,0.486,1,0,1,107
337788,0.471,1,1,1,108
337788,0.486,1,1,1,109
337788,0.49,1,1,1,110
337788,0.492,1,0,1,111
337788,0.404,1,0,1,112
337788,0.335,1,0,1,113
337788,0.602,1,1,1,115
337788,0.519,1,0,1,116
337788,0.474,1,1,1,117
337788,0.37,1,1,1,121
337788,0.419,1,1,1,122
337788,0.419,1,1,1,124
337788,0.457,1,1,1,125
337788,0.436,1,1,1,126
337788,0.468,1,0,1,127
337788,0.386,1,0,1,2
337788,0.401,1,0,1,3
337788,0.419,1,1,1,4
337788,0.624,1,0,1,7
337788,0.469,1,1,1,8
337788,0.422,1,0,1,9
337788,0.415,1,1,1,11
337788,0.386,1,1,1,12
337788,0.426,1,1,1,15
337788,0.535,1,1,1,16
337788,0.477,1,1,1,17
337788,0.439,1,1,1,18
337788,0.419,1,1,1,19
337788,0.472,1,1,1,21
337788,0.592,1,1,1,23
337788,0.385,1,0,1,24
337788,0.469,1,1,1,25
337788,0.394,1,1,1,26
337788,0.369,1,0,1,27
337788,0.372,1,1,1,28
337788,0.361,1,1,1,29
337788,0.391,1,0,1,30
337788,0.385,1,0,1,31
337788,0.391,1,0,1,32
337788,0.368,1,0,1,33
337788,0.418,1,1,1,35
337788,0.422,1,0,1,39
337788,0.36,1,1,1,41
337788,0.402,1,0,1,42
337788,0.458,1,1,1,43
337788,0.444,1,1,1,44
337788,0.368,1,0,1,45
337788,0.352,1,0,1,47
337788,0.425,0,1,1,48
337788,0.486,1,1,1,49
337788,0.427,1,1,1,51
337788,0.452,1,0,1,52
337788,0.408,1,0,1,53
337788,0.42,1,0,1,54
337788,0.385,1,0,1,56
337788,0.418,1,0,1,57
337788,0.422,1,0,1,59
337788,0.485,1,0,1,60
337788,0.436,1,0,1,62
337788,0.452,1,1,1,63
337788,0.439,1,1,1,67
337788,0.393,1,1,1,68
337788,0.552,1,0,1,71
337788,0.371,1,0,1,72
337788,0.425,1,0,1,73
337788,0.476,1,1,1,74
337788,0.502,1,1,1,75
337788,0.453,1,0,1,78
337788,0.419,1,0,1,79
337788,0.424,1,1,1,80
337788,0.37,1,0,1,81
337788,0.441,1,0,1,82
337788,0.389,1,0,1,86
337788,0.44,1,0,1,89
337788,0.425,1,0,1,91
337788,0.353,1,0,1,93
337788,0.493,1,1,1,94
337788,0.401,1,1,1,96
337788,0.457,1,0,1,97
337788,0.451,1,0,1,98
337788,0.62,1,1,1,99
337788,0.44,1,0,1,100
337788,0.419,1,0,1,101
337788,0.42,1,0,1,106
337788,0.473,1,1,1,109
337788,0.386,1,1,1,110
337788,0.486,1,1,1,111
337788,0.42,1,0,1,113
337788,0.47,1,1,1,114
337788,0.386,1,1,1,115
337788,0.519,1,1,1,117
337788,0.458,1,1,1,118
337788,0.419,1,0,1,120
337788,0.385,1,0,1,121
337788,0.369,1,0,1,123
337788,0.351,0,1,1,124
337788,0.657,1,1,1,125
337788,0.419,1,1,1,126
337788,0.402,1,1,1,127
337788,0.371,1,0,1,2
337788,0.471,1,1,1,3
337788,0.406,1,1,1,5
337788,0.438,1,1,1,7
337788,0.502,1,0,1,8
337788,0.425,1,1,1,9
337788,0.369,1,1,1,10
337788,0.354,1,1,1,11
337788,0.453,1,0,1,18
337788,0.421,1,0,1,20
337788,0.551,1,1,1,21
337788,0.403,1,0,1,23
337788,0.402,1,1,1,25
337788,0.458,1,1,1,28
337788,0.368,1,0,1,29
337788,0.385,1,1,1,30
337788,0.454,1,1,1,31
337788,0.452,1,0,1,32
337788,0.371,1,0,1,33
337788,0.453,1,1,1,34
337788,0.319,1,1,1,35
337788,0.454,1,1,1,37
337788,0.419,1,0,1,38
337788,0.353,1,0,1,40
337788,0.401,1,0,1,41
337788,0.552,1,1,1,42
337788,0.386,1,0,1,43
337788,0.436,1,0,1,44
337788,0.419,1,1,1,46
337788,0.403,1,0,1,47
337788,0.419,1,1,1,48
337788,0.519,1,1,1,50
337788,0.416,1,0,1,52
337788,0.453,1,0,1,53
337788,0.419,1,1,1,54
337788,0.426,1,0,1,55
337788,0.418,1,1,1,57
337788,0.435,1,0,1,58
337788,0.453,1,0,1,63
337788,0.442,1,1,1,65
337788,0.405,1,1,1,66
337788,0.386,1,1,1,67
337788,0.52,1,1,1,69
337788,0.419,1,0,1,70
337788,0.402,1,0,1,71
337788,0.459,1,1,1,73
337788,0.369,1,1,1,74
337788,0.469,1,0,1,75
337788,0.384,1,0,1,76
337788,0.409,1,0,1,77
337788,0.443,1,0,1,80
337788,0.357,1,0,1,81
337788,0.428,1,0,1,82
337788,0.455,1,0,1,84
337788,0.468,1,1,1,85
337788,0.584,1,1,1,86
337788,0.42,1,0,1,89
337788,0.394,1,0,1,91
337788,0.375,1,0,1,92
337788,0.419,1,1,1,93
337788,0.426,1,0,1,95
337788,0.405,1,0,1,96
337788,0.436,1,0,1,98
337788,0.394,1,0,1,99
337788,0.406,1,0,1,100
337788,0.451,1,1,1,102
337788,0.359,1,1,1,103
337788,0.419,1,1,1,104
337788,0.457,1,0,1,105
337788,0.424,1,0,1,109
337788,0.399,1,1,1,110
337788,0.525,1,1,1,111
337788,0.455,1,0,1,113
337788,0.419,1,0,1,114
337788,0.392,1,0,1,116
337788,0.457,1,1,1,118
337788,0.42,1,1,1,119
337788,0.385,1,0,1,120
337788,0.419,1,1,1,121
337788,0.472,1,1,1,122
337788,0.685,1,1,1,124
337788,0.437,1,1,1,125
337788,0.445,1,1,1,127
337788,0.386,1,0,1,1
337788,0.385,1,1,1,2
337788,0.369,1,0,1,3
337788,0.391,1,0,1,5
337788,0.486,1,1,1,6
337788,0.452,1,0,1,7
337788,0.483,1,1,1,8
337788,0.471,1,1,1,9
337788,0.388,1,0,1,11
337788,0.407,1,0,1,16
337788,0.424,1,0,1,18
337788,0.457,1,1,1,20
337788,0.37,1,0,1,21
337788,0.418,1,0,1,22
337788,0.452,1,0,1,24
337788,0.407,1,1,1,26
337788,0.459,1,1,1,27
337788,0.502,1,1,1,30
337788,0.486,1,1,1,32
337788,0.376,1,0,1,33
337788,0.47,1,1,1,34
337788,0.368,1,1,1,36
337788,0.491,1,1,1,38
337788,0.439,1,0,1,40
337788,0.47,1,0,1,41
337788,0.486,1,0,1,43
337788,0.391,1,0,1,44
337788,0.524,1,1,1,45
337788,0.485,1,1,1,46
337788,0.403,1,0,1,48
337788,0.435,1,0,1,50
337788,0.477,1,1,1,52
337788,0.403,1,0,1,55
337788,0.486,1,1,1,57
337788,0.469,1,1,1,58
337788,0.545,1,1,1,59
337788,0.352,1,0,1,60
337788,0.493,1,1,1,61
337788,0.451,1,1,1,63
337788,0.437,1,0,1,64
337788,0.471,1,1,1,65
337788,0.42,1,1,1,69
337788,0.328,1,1,1,70
337788,0.388,1,1,1,71
337788,0.476,1,1,1,72
337788,0.453,1,1,1,73
337788,0.469,1,1,1,74
337788,0.519,1,1,1,75
337788,0.52,1,0,1,76
337788,0.402,1,0,1,78
337788,0.393,1,1,1,79
337788,0.52,1,1,1,80
337788,0.444,1,1,1,81
337788,0.423,1,0,1,82
337788,0.419,1,0,1,83
337788,0.47,1,1,1,84
337788,0.384,1,0,1,85
337788,0.476,1,1,1,86
337788,0.422,1,1,1,87
337788,0.369,1,0,1,88
337788,0.39,1,0,1,89
337788,0.485,1,1,1,92
337788,0.426,1,0,1,93
337788,0.475,1,1,1,95
337788,0.552,1,1,1,96
337788,0.386,1,1,1,97
337788,0.357,1,0,1,99
337788,0.387,1,0,1,100
337788,0.393,1,0,1,102
337788,0.39,1,0,1,103
337788,0.432,1,0,1,104
337788,0.419,1,0,1,106
337788,0.369,1,1,1,108
337788,0.436,1,0,1,109
337788,0.435,1,1,1,110
337788,0.427,1,0,1,111
337788,0.436,1,0,1,113
337788,0.435,1,0,1,115
337788,0.46,1,1,1,116
337788,0.438,1,0,1,117
337788,0.443,1,0,1,119
337788,0.49,1,1,1,125
337788,0.427,1,0,1,126
337788,0.553,1,0,1,127
3487,0.6362,1,0,1,1
3487,0.434,1,0,1,3
3487,0.4894,1,0,1,4
3487,0.5182,1,1,1,5
3487,0.4522,1,0,1,6
3487,0.5356,1,1,1,7
3487,0.4988,1,0,1,8
3487,0.3441,1,0,1,10
3487,0.4161,1,1,1,14
3487,0.4335,1,1,1,19
3487,0.4461,1,0,1,20
3487,0.6264,1,1,1,22
3487,0.404,1,1,1,26
3487,0.4399,1,1,1,27
3487,0.3526,1,0,1,28
3487,0.4295,1,1,1,31
3487,0.3133,1,0,1,32
3487,0.4864,1,1,1,34
3487,0.5184,1,1,1,35
3487,0.3854,0,1,1,36
3487,0.4412,1,1,1,38
3487,0.374,1,1,1,39
3487,0.3775,1,0,1,40
3487,0.4319,1,0,1,42
3487,0.4872,1,1,1,43
3487,0.4392,1,0,1,46
3487,0.3717,1,0,1,48
3487,0.3676,0,0,1,50
3487,0.5599,1,1,1,52
3487,0.3512,1,0,1,54
3487,0.3765,1,0,1,57
3487,0.4079,1,0,1,58
3487,0.4323,0,1,1,59
3487,0.3754,1,0,1,60
3487,0.4407,1,1,1,62
3487,0.5288,1,1,1,65
3487,0.6912,1,1,1,66
3487,0.4544,1,0,1,68
3487,0.4173,0,1,1,69
3487,0.4008,1,0,1,71
3487,0.3703,1,0,1,72
3487,0.4459,1,0,1,73
3487,0.5047,1,1,1,74
3487,0.5087,1,1,1,75
3487,0.6378,1,1,1,76
3487,0.4428,1,1,1,80
3487,0.3825,0,1,1,81
3487,0.6631,1,1,1,85
3487,0.4741,1,1,1,86
3487,0.4235,1,1,1,87
3487,0.7194,1,1,1,88
3487,0.3832,1,0,1,89
3487,0.3761,1,1,1,90
3487,0.4172,1,0,1,91
3487,0.4006,1,0,1,92
3487,0.3462,1,1,1,93
3487,0.4819,1,0,1,96
3487,0.4758,1,0,1,98
3487,0.363,1,0,1,99
3487,0.413,1,0,1,100
3487,0.3619,1,0,1,101
3487,0.3885,1,0,1,103
3487,0.3465,1,0,1,104
3487,0.4028,1,1,1,105
3487,0.3555,1,0,1,108
3487,0.3736,1,0,1,109
3487,0.3419,1,0,1,110
3487,0.4348,1,0,1,111
3487,0.4372,1,0,1,112
3487,0.4075,1,0,1,113
3487,0.4505,1,1,1,116
3487,0.3293,0,1,1,117
3487,0.3746,1,1,1,118
3487,0.3843,1,0,1,119
3487,0.5839,1,1,1,120
3487,0.613,1,1,1,122
3487,0.3887,1,1,1,123
3487,0.4687,1,0,1,124
3487,0.3734,1,0,1,125
3487,0.4506,1,1,1,127
3487,0.4993,1,0,1,1
3487,0.3847,1,0,1,2
3487,0.6944,1,0,1,4
3487,0.4258,1,0,1,5
3487,0.43,1,0,1,6
3487,0.469,1,0,1,7
3487,0.4337,1,0,1,8
3487,0.3976,1,1,1,9
3487,0.3702,0,1,1,11
3487,0.6226,1,1,1,12
3487,0.5006,1,1,1,14
3487,0.4534,1,0,1,15
3487,0.4409,1,0,1,16
3487,0.4528,1,1,1,18
3487,0.3589,1,1,1,19
3487,0.4359,1,1,1,21
3487,0.5256,1,1,1,22
3487,0.4919,1,1,1,23
3487,0.5058,1,1,1,24
3487,0.4035,1,0,1,25
3487,0.3907,1,0,1,27
3487,0.3217,1,1,1,28
3487,0.3967,0,1,1,29
3487,0.5574,1,1,1,30
3487,0.5127,1,1,1,34
3487,0.5021,1,0,1,35
3487,0.7226,1,1,1,36
3487,0.4534,1,0,1,38
3487,0.5913,1,1,1,41
3487,0.4189,1,0,1,42
3487,0.6046,1,1,1,43
3487,0.5418,1,1,1,44
3487,0.3541,1,0,1,45
3487,0.3903,1,0,1,50
3487,0.3747,1,1,1,51
3487,0.3852,1,0,1,53
3487,0.4523,1,1,1,54
3487,0.456,1,1,1,58
3487,0.5363,1,0,1,60
3487,0.4726,1,0,1,62
3487,0.4441,1,0,1,65
3487,0.3746,1,0,1,66
3487,0.3758,1,1,1,67
3487,0.4113,1,0,1,69
3487,0.3405,1,0,1,71
3487,0.3582,1,1,1,73
3487,0.3602,1,0,1,75
3487,0.6047,1,1,1,78
3487,0.3936,1,0,1,79
3487,0.4543,1,1,1,80
3487,0.3781,1,1,1,83
3487,0.47,1,1,1,85
3487,0.4084,0,1,1,87
3487,0.4566,1,1,1,88
3487,0.3753,1,0,1,89
3487,0.3869,1,1,1,90
3487,0.3914,1,1,1,91
3487,0.4593,1,1,1,93
3487,0.441,1,1,1,94
3487,0.325,1,0,1,95
3487,0.4281,1,1,1,96
3487,0.4748,1,1,1,97
3487,0.3353,1,0,1,102
3487,0.3409,1,0,1,105
3487,0.5113,1,1,1,106
3487,0.451,1,0,1,107
3487,0.4598,1,0,1,108
3487,0.3756,1,1,1,109
3487,0.3535,1,0,1,110
3487,0.3285,1,0,1,112
3487,0.3587,1,0,1,113
3487,0.4739,1,0,1,114
3487,0.4176,1,0,1,116
3487,0.3553,1,0,1,117
3487,0.4519,1,1,1,118
3487,0.4172,1,0,1,119
3487,0.4923,1,0,1,120
3487,0.3922,1,0,1,121
3487,0.3964,1,1,1,122
3487,0.3584,1,0,1,125
3487,0.4195,1,1,1,126
3487,0.4245,1,1,1,127
3487,0.6547,0,1,1,0
3487,0.4181,1,1,1,1
3487,0.4177,1,0,1,2
3487,0.4653,1,1,1,5
3487,0.3347,1,0,1,6
3487,0.4515,1,1,1,8
3487,0.3241,1,0,1,9
3487,0.503,1,1,1,10
3487,0.3833,1,0,1,12
3487,0.3678,1,0,1,13
3487,0.365,1,0,1,14
3487,0.2733,1,0,1,16
3487,0.3563,1,0,1,17
3487,0.34,0,1,1,21
3487,0.3437,1,0,1,23
3487,0.347,1,0,1,25
3487,0.4695,1,1,1,26
3487,0.3915,1,1,1,27
3487,0.4142,1,1,1,32
3487,0.3585,1,1,1,33
3487,0.4039,1,1,1,35
3487,0.356,1,0,1,36
3487,0.382,1,1,1,37
3487,0.3442,1,0,1,38
3487,0.3264,1,0,1,40
3487,0.3919,1,1,1,41
3487,0.4508,1,0,1,42
3487,0.4567,1,1,1,43
3487,0.353,1,0,1,46
3487,0.3375,1,0,1,47
3487,0.471,1,1,1,49
3487,0.3363,1,0,1,50
3487,0.3516,1,0,1,53
3487,0.594,1,0,1,54
3487,0.3245,1,0,1,55
3487,0.3379,1,0,1,56
3487,0.424,1,1,1,58
3487,0.3595,1,0,1,59
3487,0.3508,0,1,1,60
3487,0.3721,1,0,1,62
3487,0.4437,1,1,1,63
3487,0.4424,1,1,1,64
3487,0.3896,1,0,1,66
3487,0.3575,1,0,1,67
3487,0.537,1,1,1,68
3487,0.4431,1,1,1,69
3487,0.3714,1,0,1,71
3487,0.434,1,1,1,72
3487,0.4694,1,1,1,74
3487,0.4408,1,1,1,75
3487,0.3086,0,1,1,76
3487,0.3838,1,0,1,79
3487,0.4871,1,1,1,81
3487,0.4023,1,0,1,83
3487,0.376,1,0,1,86
3487,0.4069,1,0,1,88
3487,0.3899,1,0,1,89
3487,0.4682,1,1,1,92
3487,0.459,1,1,1,94
3487,0.3741,1,0,1,100
3487,0.3884,1,0,1,101
3487,0.3418,1,1,1,102
3487,0.3257,1,0,1,103
3487,0.3271,1,0,1,104
3487,0.3625,0,1,1,105
3487,0.5894,1,1,1,108
3487,0.4366,1,0,1,109
3487,0.4197,1,1,1,110
3487,0.5915,1,1,1,111
3487,0.4085,1,1,1,112
3487,0.3608,1,0,1,113
3487,0.4358,1,1,1,114
3487,0.4694,1,1,1,116
3487,0.4414,1,0,1,118
3487,0.4194,1,1,1,119
3487,0.4864,1,0,1,120
3487,0.3517,1,0,1,122
3487,0.3704,1,1,1,123
3487,0.4569,1,1,1,124
3487,0.4041,0,1,1,125
3487,0.4614,1,0,1,126
3487,0.4277,1,0,1,1
3487,0.3733,1,0,1,2
3487,0.3554,1,1,1,4
3487,0.4923,1,1,1,5
3487,0.3606,1,0,1,6
3487,0.3401,1,1,1,7
3487,0.4355,0,1,1,9
3487,0.4189,1,0,1,10
3487,0.488,1,1,1,11
3487,0.3761,1,0,1,12
3487,0.4247,1,1,1,14
3487,0.4226,1,1,1,15
3487,0.3918,1,1,1,16
3487,0.2753,0,1,1,19
3487,0.3599,1,1,1,20
3487,0.325,1,0,1,21
3487,0.3928,1,1,1,22
3487,0.6027,1,0,1,23
3487,0.406,1,0,1,24
3487,0.4728,1,0,1,25
3487,0.4187,1,1,1,29
3487,0.3302,1,0,1,31
3487,0.3953,1,1,1,32
3487,0.326,1,0,1,34
3487,0.5195,1,1,1,35
3487,0.3773,1,0,1,36
3487,0.4502,1,0,1,38
3487,0.3446,1,1,1,39
3487,0.4759,1,1,1,40
3487,0.4422,1,1,1,41
3487,0.4093,1,1,1,43
3487,0.3603,1,1,1,45
3487,0.3617,1,1,1,47
3487,0.4882,1,0,1,49
3487,0.3544,1,0,1,53
3487,0.4935,1,0,1,55
3487,0.4739,1,0,1,57
3487,0.3408,1,0,1,58
3487,0.3268,1,1,1,60
3487,0.3463,1,0,1,61
3487,0.324,0,1,1,63
3487,0.5046,1,1,1,64
3487,0.4092,1,0,1,65
3487,0.3733,1,0,1,69
3487,0.3819,0,1,1,71
3487,0.5099,1,1,1,72
3487,0.3893,1,1,1,74
3487,0.3593,1,0,1,75
3487,0.3419,1,0,1,77
3487,0.288,1,1,1,79
3487,0.3069,1,0,1,80
3487,0.3701,1,0,1,84
3487,0.4436,1,1,1,86
3487,0.3906,1,0,1,88
3487,0.3565,1,0,1,89
3487,0.4746,1,0,1,90
3487,0.4929,1,1,1,92
3487,0.3412,1,1,1,93
3487,0.3519,0,0,1,94
3487,0.3507,1,0,1,96
3487,0.3748,1,1,1,98
3487,0.3274,0,1,1,99
3487,0.497,1,0,1,100
3487,0.4083,1,0,1,101
3487,0.4316,1,1,1,102
3487,0.4365,1,0,1,103
3487,0.3918,1,1,1,106
3487,0.3984,1,0,1,107
3487,0.4405,1,0,1,108
3487,0.3262,0,0,1,109
3487,0.3717,1,1,1,112
3487,0.4196,1,0,1,113
3487,0.4078,1,0,1,114
3487,0.358,1,0,1,115
3487,0.3739,1,1,1,116
3487,0.368,1,1,1,117
3487,0.3515,0,1,1,118
3487,0.5217,1,0,1,119
3487,0.3746,1,0,1,120
3487,0.4881,1,1,1,121
3487,0.441,1,1,1,122
3487,0.4344,1,0,1,123
3487,0.4376,1,1,1,124
3487,0.4278,1,1,1,126
3487,0.5025,1,0,1,1
3487,0.2578,1,0,1,2
3487,0.4242,1,0,1,6
3487,0.5221,0,1,1,10
3487,0.4927,1,0,1,11
3487,0.4705,1,1,1,13
3487,0.435,1,0,1,14
3487,0.4206,1,1,1,15
3487,0.4736,1,1,1,17
3487,0.4013,1,0,1,18
3487,0.4013,1,0,1,21
3487,0.4227,1,1,1,22
3487,0.39,1,1,1,23
3487,0.4229,1,0,1,25
3487,0.4179,1,0,1,27
3487,0.3574,1,1,1,31
3487,0.5845,1,1,1,34
3487,0.4085,1,1,1,35
3487,0.4265,1,0,1,38
3487,0.5591,1,0,1,39
3487,0.4234,1,0,1,41
3487,0.36,1,0,1,42
3487,0.3268,0,1,1,44
3487,0.5254,1,1,1,45
3487,0.4253,1,1,1,46
3487,0.4043,1,0,1,47
3487,0.4238,1,0,1,48
3487,0.4356,1,1,1,51
3487,0.4452,1,1,1,52
3487,0.5107,1,0,1,54
3487,0.3571,1,0,1,55
3487,0.3949,0,1,1,56
3487,0.4006,1,0,1,57
3487,0.3887,1,1,1,59
3487,0.3303,0,1,1,60
3487,0.4464,1,0,1,62
3487,0.5549,1,1,1,63
3487,0.4073,1,0,1,65
3487,0.4236,1,1,1,67
3487,0.5405,1,1,1,68
3487,0.4256,1,1,1,69
3487,0.3347,1,0,1,70
3487,0.3522,1,1,1,71
3487,0.4343,1,0,1,72
3487,0.3876,1,1,1,76
3487,0.3097,1,0,1,78
3487,0.3921,1,1,1,79
3487,0.3587,1,1,1,80
3487,0.3555,0,1,1,81
3487,0.3897,1,0,1,82
3487,0.4709,1,1,1,83
3487,0.375,1,0,1,85
3487,0.4222,1,0,1,86
3487,0.4712,1,1,1,87
3487,0.3505,1,0,1,89
3487,0.4364,1,1,1,90
3487,0.4842,1,0,1,91
3487,0.4062,1,0,1,92
3487,0.3749,1,1,1,93
3487,0.3757,0,1,1,94
3487,0.3428,1,0,1,96
3487,0.3604,1,1,1,97
3487,0.4073,1,1,1,100
3487,0.3612,1,0,1,101
3487,0.3746,1,0,1,102
3487,0.4202,1,1,1,103
3487,0.3915,1,0,1,106
3487,0.3418,1,0,1,107
3487,0.4722,1,1,1,109
3487,0.4574,1,1,1,111
3487,0.307,0,1,1,112
3487,0.6271,1,1,1,113
3487,0.4583,1,1,1,114
3487,0.3591,1,0,1,115
3487,0.4932,1,1,1,117
3487,0.7382,1,0,1,118
3487,0.422,1,1,1,119
3487,0.3602,0,1,1,121
3487,0.4606,1,0,1,123
3487,0.3862,1,0,1,124
3487,0.3397,1,0,1,125
3487,0.3719,1,0,1,126
3487,0.6745,1,0,1,127
3487,0.5774,1,1,1,0
3487,0.3579,1,1,1,1
3487,0.2745,1,0,1,2
3487,0.36,1,0,1,4
3487,0.3928,1,0,1,5
3487,0.4054,0,0,1,6
3487,0.4866,1,1,1,7
3487,0.393,1,1,1,11
3487,0.4088,1,1,1,12
3487,0.4012,1,0,1,13
3487,0.3391,1,0,1,14
3487,0.3398,1,0,1,15
3487,0.4698,1,1,1,16
3487,0.3232,1,0,1,18
3487,0.396,0,1,1,19
3487,0.3235,1,0,1,22
3487,0.3579,1,0,1,24
3487,0.4669,1,1,1,28
3487,0.3558,1,0,1,29
3487,0.4363,1,1,1,32
3487,0.4332,1,1,1,35
3487,0.31,0,1,1,36
3487,0.6054,1,1,1,38
3487,0.3606,0,1,1,39
3487,0.3697,1,0,1,41
3487,0.3841,1,0,1,42
3487,0.5443,1,0,1,44
3487,0.4344,1,1,1,45
3487,0.3732,1,0,1,49
3487,0.5374,1,1,1,50
3487,0.3353,1,1,1,51
3487,0.3132,1,0,1,52
3487,0.3234,1,0,1,53
3487,0.326,0,1,1,54
3487,0.3532,1,0,1,56
3487,0.4024,0,1,1,57
3487,0.4596,1,1,1,58
3487,0.4177,1,0,1,61
3487,0.4639,1,1,1,63
3487,0.4323,0,1,1,65
3487,0.4904,1,1,1,67
3487,0.4136,0,1,1,68
3487,0.4066,1,1,1,70
3487,0.3852,1,0,1,72
3487,0.4476,1,0,1,73
3487,0.5161,1,1,1,74
3487,0.3193,1,1,1,76
3487,0.5007,1,1,1,77
3487,0.2913,1,0,1,79
3487,0.3092,1,0,1,80
3487,0.3739,0,1,1,82
3487,0.663,1,1,1,84
3487,0.4068,1,1,1,85
3487,0.4173,1,1,1,86
3487,0.571,1,1,1,87
3487,0.3859,1,0,1,88
3487,0.3919,0,1,1,90
3487,0.5052,0,1,1,91
3487,0.4494,1,0,1,92
3487,0.4499,1,1,1,93
3487,0.4034,1,0,1,95
3487,0.401,1,0,1,96
3487,0.3928,1,0,1,97
3487,0.5265,1,1,1,98
3487,0.4309,1,0,1,99
3487,0.4088,1,0,1,100
3487,0.4841,1,1,1,101
3487,0.4088,1,0,1,102
3487,0.4671,1,1,1,104
3487,0.5022,0,1,1,105
3487,0.4847,1,0,1,107
3487,0.4181,1,0,1,108
3487,0.3746,1,0,1,109
3487,0.4341,1,1,1,110
3487,0.396,1,0,1,113
3487,0.4015,1,0,1,114
3487,0.391,1,0,1,118
3487,0.4157,1,1,1,119
3487,0.3731,1,0,1,120
3487,0.3912,1,0,1,121
3487,0.3834,1,0,1,122
3487,0.5315,1,1,1,123
3487,0.5479,1,0,1,124
3487,0.5571,1,1,1,0
3487,0.4156,1,0,1,2
3487,0.5918,1,1,1,4
3487,0.4232,1,0,1,5
3487,0.5738,1,1,1,8
3487,0.5374,1,1,1,10
3487,0.5748,1,1,1,13
3487,0.505,1,0,1,14
3487,0.3806,1,0,1,15
3487,0.4323,1,1,1,17
3487,0.4498,1,1,1,21
3487,0.4654,1,1,1,22
3487,0.4078,1,1,1,23
3487,0.3827,0,1,1,24
3487,0.4351,1,0,1,26
3487,0.4062,1,0,1,27
3487,0.3297,1,0,1,29
3487,0.3701,1,0,1,30
3487,0.411,1,1,1,31
3487,0.3614,1,0,1,32
3487,0.5746,1,1,1,36
3487,0.3585,1,1,1,37
3487,0.4504,1,1,1,38
3487,0.3068,1,0,1,39
3487,0.5014,1,1,1,40
3487,0.3038,1,1,1,41
3487,0.4362,1,0,1,42
3487,0.4599,1,0,1,43
3487,0.5666,1,0,1,45
3487,0.471,1,1,1,46
3487,0.3206,1,0,1,48
3487,0.4026,1,0,1,49
3487,0.3032,1,0,1,50
3487,0.4216,0,1,1,51
3487,0.3114,1,0,1,53
3487,0.4833,1,1,1,54
3487,0.7214,1,1,1,55
3487,0.4366,1,0,1,57
3487,0.4192,1,0,1,59
3487,0.3867,1,0,1,61
3487,0.3391,0,1,1,63
3487,0.4151,1,0,1,66
3487,0.3978,1,1,1,67
3487,0.3723,1,1,1,68
3487,0.5349,1,0,1,69
3487,0.4017,1,0,1,71
3487,0.529,1,1,1,72
3487,0.4501,1,1,1,76
3487,0.3454,1,0,1,79
3487,0.4185,1,1,1,80
3487,0.6696,1,1,1,82
3487,0.4505,1,1,1,83
3487,0.347,1,0,1,84
3487,0.3456,1,1,1,87
3487,0.3325,1,0,1,88
3487,0.2942,1,1,1,89
3487,0.3194,1,0,1,90
3487,0.5788,1,0,1,92
3487,0.4697,1,1,1,93
3487,0.3916,1,1,1,94
3487,0.3158,0,1,1,95
3487,0.3653,1,0,1,96
3487,0.429,1,0,1,97
3487,0.3366,1,0,1,98
3487,0.3659,1,0,1,100
3487,0.357,1,0,1,101
3487,0.3232,1,0,1,102
3487,0.3577,1,1,1,103
3487,0.4098,1,0,1,105
3487,0.4038,1,0,1,106
3487,0.4347,1,0,1,108
3487,0.3542,0,1,1,109
3487,0.4636,1,0,1,113
3487,0.3866,1,0,1,115
3487,0.6074,1,1,1,116
3487,0.7028,1,1,1,118
3487,0.4528,1,0,1,119
3487,0.4815,1,1,1,121
3487,0.4497,0,1,1,123
3487,0.4506,1,1,1,125
3487,0.4647,1,0,1,127
3487,0.4533,1,1,1,1
3487,0.4563,1,1,1,2
3487,0.357,1,0,1,4
3487,0.5036,1,0,1,5
3487,0.4981,1,1,1,6
3487,0.3471,0,1,1,10
3487,0.4003,1,0,1,12
3487,0.6948,1,0,1,14
3487,0.4634,1,1,1,16
3487,0.3498,1,0,1,17
3487,0.5378,1,1,1,19
3487,0.4511,1,1,1,20
3487,0.4508,1,0,1,23
3487,0.3714,1,1,1,24
3487,0.5408,1,1,1,26
3487,0.3816,1,1,1,29
3487,0.3811,1,1,1,30
3487,0.4118,1,1,1,32
3487,0.3567,1,1,1,34
3487,0.3864,1,0,1,35
3487,0.4344,1,1,1,36
3487,0.3518,1,0,1,39
3487,0.307,0,0,1,43
3487,0.3847,1,0,1,44
3487,0.6251,1,0,1,45
3487,0.41,1,1,1,47
3487,0.3891,1,1,1,48
3487,0.3572,1,1,1,49
3487,0.5864,1,1,1,51
3487,0.406,1,1,1,52
3487,0.4197,1,1,1,54
3487,0.3559,1,0,1,55
3487,0.4636,1,0,1,56
3487,0.4437,1,0,1,57
3487,0.3591,1,1,1,58
3487,0.6058,1,1,1,59
3487,0.3046,1,0,1,60
3487,0.3526,1,1,1,61
3487,0.3811,1,0,1,62
3487,0.3176,1,0,1,64
3487,0.3879,1,1,1,66
3487,0.2572,0,1,1,67
3487,0.3369,1,0,1,72
3487,0.2729,1,0,1,73
3487,0.3961,1,0,1,74
3487,0.3915,1,1,1,77
3487,0.3742,1,1,1,78
3487,0.4379,1,0,1,79
3487,0.4578,1,0,1,80
3487,0.3398,1,0,1,81
3487,0.404,1,0,1,82
3487,0.4111,1,0,1,84
3487,0.3549,0,1,1,87
3487,0.6586,1,1,1,88
3487,0.4091,1,0,1,89
3487,0.4334,1,1,1,90
3487,0.3792,1,0,1,91
3487,0.4352,1,1,1,92
3487,0.3903,1,1,1,93
3487,0.4578,1,1,1,94
3487,0.5734,1,1,1,95
3487,0.4047,0,1,1,96
3487,0.424,1,1,1,97
3487,0.4232,1,1,1,98
3487,0.5053,1,1,1,100
3487,0.3735,1,1,1,101
3487,0.445,1,0,1,103
3487,0.425,1,0,1,104
3487,0.506,1,0,1,105
3487,0.4776,1,1,1,107
3487,0.4533,1,0,1,108
3487,0.4095,1,0,1,109
3487,0.4861,1,0,1,113
3487,0.4431,1,0,1,114
3487,0.4254,1,0,1,115
3487,0.3907,1,0,1,118
3487,0.3382,1,0,1,119
3487,0.3911,1,0,1,120
3487,0.5691,1,1,1,121
3487,0.5204,1,0,1,122
3487,0.3764,1,0,1,124
3487,0.4337,1,1,1,125
3487,0.387,1,0,1,126
3580,0.41,1,0,1,0
3580,0.485,1,1,1,2
3580,0.498,1,1,1,3
3580,0.4,1,0,1,5
3580,0.452,1,0,1,7
3580,0.39,1,0,1,8
3580,0.443,1,0,1,9
3580,0.467,1,1,1,10
3580,0.383,1,0,1,11
3580,0.42,1,1,1,12
3580,0.593,1,1,1,13
3580,0.428,1,1,1,14
3580,0.38,1,0,1,17
3580,0.395,1,0,1,18
3580,0.402,1,1,1,20
3580,0.47,0,1,1,21
3580,0.536,1,1,1,23
3580,0.572,1,0,1,25
3580,0.406,1,0,1,27
3580,0.49,1,1,1,28
3580,0.438,1,0,1,29
3580,0.525,1,0,1,33
3580,0.433,1,1,1,34
3580,0.592,1,0,1,36
3580,0.408,1,0,1,37
3580,0.459,1,0,1,38
3580,0.465,1,1,1,39
3580,0.482,1,0,1,42
3580,0.431,1,0,1,43
3580,0.418,1,0,1,44
3580,0.425,1,0,1,47
3580,0.471,0,1,1,48
3580,0.391,1,0,1,50
3580,0.453,1,1,1,53
3580,0.508,1,1,1,60
3580,0.442,1,1,1,61
3580,0.441,1,0,1,62
3580,0.365,0,0,1,67
3580,0.4,1,0,1,68
3580,0.444,1,1,1,71
3580,0.459,1,0,1,72
3580,0.461,1,1,1,73
3580,0.428,1,1,1,74
3580,0.388,1,1,1,75
3580,0.359,1,1,1,76
3580,0.399,1,0,1,77
3580,0.365,1,0,1,78
3580,0.481,1,1,1,79
3580,0.471,1,1,1,81
3580,0.458,1,1,1,82
3580,0.432,1,1,1,83
3580,0.483,1,1,1,84
3580,0.423,1,1,1,85
3580,0.437,1,0,1,86
3580,0.381,0,1,1,87
3580,0.468,1,1,1,88
3580,0.437,1,0,1,89
3580,0.41,1,0,1,90
3580,0.379,1,1,1,91
3580,0.361,1,1,1,92
3580,0.422,1,0,1,94
3580,0.41,1,1,1,96
3580,0.406,1,0,1,97
3580,0.41,1,0,1,100
3580,0.443,1,1,1,101
3580,0.367,1,0,1,102
3580,0.3,1,1,1,104
3580,0.466,1,0,1,108
3580,0.545,1,0,1,110
3580,0.419,1,0,1,111
3580,0.385,1,0,1,112
3580,0.457,1,0,1,114
3580,0.365,1,1,1,115
3580,0.545,0,1,1,116
3580,0.512,1,1,1,117
3580,0.433,1,1,1,118
3580,0.349,1,1,1,119
3580,0.381,1,1,1,120
3580,0.319,1,0,1,123
3580,0.376,0,0,1,124
3580,0.372,1,1,1,125
3580,0.45,1,0,1,126
3580,0.42,1,0,1,127
3580,0.425,1,1,1,0
3580,0.396,1,0,1,1
3580,0.413,1,0,1,3
3580,0.468,1,1,1,4
3580,0.421,1,0,1,5
3580,0.457,1,0,1,6
3580,0.517,1,1,1,9
3580,0.428,1,0,1,12
3580,0.403,1,1,1,13
3580,0.426,1,0,1,14
3580,0.478,1,1,1,15
3580,0.442,1,0,1,16
3580,0.404,1,1,1,18
3580,0.417,1,1,1,20
3580,0.409,1,1,1,21
3580,0.475,1,0,1,23
3580,0.462,0,0,1,26
3580,0.436,1,1,1,27
3580,0.398,1,1,1,28
3580,0.415,1,1,1,29
3580,0.523,1,0,1,32
3580,0.581,1,0,1,33
3580,0.489,1,1,1,34
3580,0.438,1,0,1,35
3580,0.401,1,1,1,37
3580,0.42,1,0,1,38
3580,0.342,1,0,1,39
3580,0.444,1,1,1,40
3580,0.423,1,0,1,41
3580,0.444,1,0,1,42
3580,0.405,1,0,1,44
3580,0.409,0,1,1,47
3580,0.383,1,1,1,48
3580,0.394,1,0,1,50
3580,0.543,1,1,1,53
3580,0.416,1,1,1,56
3580,0.449,0,1,1,57
3580,0.518,1,0,1,58
3580,0.438,1,1,1,59
3580,0.475,1,1,1,60
3580,0.415,1,1,1,62
3580,0.412,1,0,1,63
3580,0.393,1,0,1,64
3580,0.423,1,0,1,65
3580,0.395,1,1,1,67
3580,0.317,1,1,1,68
3580,0.273,0,0,1,69
3580,0.403,1,0,1,70
3580,0.43,1,1,1,71
3580,0.482,1,0,1,72
3580,0.389,1,1,1,73
3580,0.37,0,1,1,74
3580,0.412,1,0,1,76
3580,0.457,1,1,1,77
3580,0.388,1,0,1,78
3580,0.423,1,0,1,79
3580,0.327,1,1,1,80
3580,0.422,1,0,1,81
3580,0.418,1,1,1,82
3580,0.408,1,1,1,83
3580,0.426,1,0,1,84
3580,0.433,1,1,1,85
3580,0.489,1,0,1,86
3580,0.4,1,0,1,88
3580,0.429,1,0,1,89
3580,0.422,1,0,1,91
3580,0.487,1,1,1,92
3580,0.474,1,1,1,93
3580,0.403,1,0,1,104
3580,0.456,1,0,1,107
3580,0.461,1,1,1,109
3580,0.498,1,1,1,110
3580,0.443,1,0,1,111
3580,0.365,1,0,1,112
3580,0.424,1,1,1,113
3580,0.405,1,0,1,116
3580,0.404,0,0,1,120
3580,0.464,1,1,1,121
3580,0.451,1,0,1,122
3580,0.479,1,1,1,123
3580,0.396,1,1,1,124
3580,0.454,1,1,1,125
3580,0.458,1,0,1,126
3580,0.541,1,1,1,127
3580,0.422,1,0,1,3
3580,0.271,1,0,1,4
3580,0.362,1,1,1,5
3580,0.307,0,1,1,6
3580,0.348,1,0,1,9
3580,0.384,1,0,1,10
3580,0.444,1,0,1,11
3580,0.393,0,1,1,12
3580,0.459,1,0,1,15
3580,0.459,1,0,1,16
3580,0.503,1,1,1,18
3580,0.442,1,0,1,20
3580,0.378,1,0,1,22
3580,0.335,1,0,1,23
3580,0.435,1,0,1,24
3580,0.337,1,1,1,26
3580,0.364,1,0,1,28
3580,0.39,1,1,1,29
3580,0.455,1,0,1,30
3580,0.421,0,0,1,31
3580,0.358,1,0,1,32
3580,0.451,1,1,1,34
3580,0.385,1,0,1,35
3580,0.411,1,1,1,37
3580,0.41,1,0,1,38
3580,0.451,1,1,1,39
3580,0.549,1,0,1,40
3580,0.562,1,1,1,41
3580,0.336,1,1,1,42
3580,0.434,0,1,1,43
3580,0.457,1,1,1,44
3580,0.418,1,1,1,46
3580,0.446,1,1,1,47
3580,0.314,1,1,1,48
3580,0.383,1,1,1,49
3580,0.4,1,1,1,51
3580,0.506,1,1,1,52
3580,0.346,0,1,1,53
3580,0.375,1,1,1,55
3580,0.451,1,1,1,57
3580,0.464,1,0,1,58
3580,0.461,1,1,1,59
3580,0.434,1,0,1,60
3580,0.49,1,1,1,61
3580,0.433,1,0,1,63
3580,0.478,1,0,1,65
3580,0.415,1,0,1,67
3580,0.429,1,0,1,69
3580,0.392,1,0,1,72
3580,0.412,1,1,1,73
3580,0.418,1,1,1,74
3580,0.474,1,0,1,75
3580,0.491,1,1,1,77
3580,0.475,1,0,1,78
3580,0.474,1,1,1,80
3580,0.487,1,0,1,81
3580,0.406,1,0,1,83
3580,0.397,0,1,1,84
3580,0.34,1,0,1,85
3580,0.395,1,0,1,87
3580,0.331,1,1,1,89
3580,0.377,1,0,1,90
3580,0.405,1,0,1,91
3580,0.35,1,1,1,93
3580,0.431,1,1,1,94
3580,0.4,0,1,1,96
3580,0.447,1,0,1,97
3580,0.438,1,1,1,101
3580,0.401,1,1,1,102
3580,0.354,1,0,1,104
3580,0.491,1,1,1,105
3580,0.526,1,0,1,106
3580,0.508,1,1,1,108
3580,0.395,1,0,1,109
3580,0.449,1,1,1,110
3580,0.453,1,1,1,113
3580,0.406,1,0,1,115
3580,0.426,1,1,1,116
3580,0.422,0,0,1,118
3580,0.459,1,0,1,121
3580,0.433,1,0,1,125
3580,0.436,1,1,1,126
3580,0.494,1,0,1,127
3580,0.511,1,1,1,0
3580,0.383,1,0,1,2
3580,0.385,0,1,1,3
3580,0.336,1,0,1,4
3580,0.457,1,1,1,5
3580,0.419,1,0,1,7
3580,0.354,1,1,1,9
3580,0.336,0,1,1,10
3580,0.343,1,0,1,12
3580,0.623,1,1,1,13
3580,0.433,1,1,1,14
3580,0.394,1,1,1,16
3580,0.471,1,1,1,19
3580,0.399,1,0,1,20
3580,0.37,1,1,1,21
3580,0.362,1,0,1,22
3580,0.348,1,1,1,23
3580,0.418,1,0,1,25
3580,0.439,1,0,1,26
3580,0.442,1,1,1,30
3580,0.611,1,0,1,33
3580,0.423,1,1,1,34
3580,0.427,1,0,1,36
3580,0.397,1,0,1,37
3580,0.438,1,1,1,38
3580,0.411,0,1,1,39
3580,0.416,1,0,1,40
3580,0.406,1,0,1,42
3580,0.356,0,1,1,45
3580,0.343,1,1,1,46
3580,0.343,1,1,1,47
3580,0.39,1,0,1,50
3580,0.351,0,0,1,51
3580,0.263,0,0,1,53
3580,0.394,1,0,1,54
3580,0.359,1,0,1,55
3580,0.306,1,0,1,56
3580,0.404,0,1,1,60
3580,0.319,1,0,1,62
3580,0.518,1,1,1,65
3580,0.421,1,0,1,66
3580,0.408,1,0,1,67
3580,0.438,1,1,1,69
3580,0.431,1,0,1,70
3580,0.371,1,0,1,71
3580,0.457,1,0,1,72
3580,0.388,1,0,1,73
3580,0.407,1,0,1,74
3580,0.392,1,0,1,75
3580,0.346,1,0,1,76
3580,0.374,1,0,1,78
3580,0.347,1,0,1,79
3580,0.445,1,1,1,80
3580,0.341,0,1,1,81
3580,0.343,1,1,1,82
3580,0.435,1,1,1,88
3580,0.342,0,1,1,91
3580,0.348,0,1,1,92
3580,0.465,1,0,1,94
3580,0.365,1,0,1,95
3580,0.328,1,1,1,96
3580,0.274,0,1,1,97
3580,0.404,1,0,1,98
3580,0.329,0,1,1,99
3580,0.461,1,1,1,100
3580,0.375,1,0,1,102
3580,0.362,1,1,1,103
3580,0.369,1,0,1,104
3580,0.443,1,1,1,107
3580,0.413,1,0,1,108
3580,0.367,1,1,1,109
3580,0.422,1,0,1,110
3580,0.347,0,1,1,112
3580,0.379,0,1,1,113
3580,0.364,1,0,1,115
3580,0.478,1,1,1,116
3580,0.448,1,1,1,117
3580,0.387,1,1,1,120
3580,0.339,1,0,1,121
3580,0.406,1,0,1,122
3580,0.408,1,0,1,123
3580,0.419,1,1,1,124
3580,0.333,1,1,1,125
3580,0.347,1,0,1,1
3580,0.388,1,1,1,2
3580,0.428,1,0,1,5
3580,0.48,1,1,1,8
3580,0.392,1,0,1,12
3580,0.476,1,1,1,16
3580,0.379,1,0,1,17
3580,0.426,1,1,1,18
3580,0.415,1,1,1,19
3580,0.379,1,0,1,21
3580,0.416,1,0,1,22
3580,0.411,1,1,1,23
3580,0.369,1,0,1,24
3580,0.44,1,0,1,26
3580,0.343,1,0,1,28
3580,0.506,1,0,1,30
3580,0.44,1,0,1,32
3580,0.336,1,0,1,33
3580,0.484,1,1,1,34
3580,0.446,1,1,1,35
3580,0.521,1,0,1,37
3580,0.445,1,0,1,38
3580,0.443,1,1,1,39
3580,0.408,0,1,1,40
3580,0.462,1,0,1,41
3580,0.434,1,0,1,43
3580,0.383,1,0,1,44
3580,0.431,1,0,1,45
3580,0.479,1,1,1,47
3580,0.43,1,1,1,48
3580,0.432,0,1,1,51
3580,0.373,1,0,1,52
3580,0.358,1,1,1,58
3580,0.507,1,0,1,60
3580,0.403,1,0,1,61
3580,0.403,1,1,1,62
3580,0.411,1,0,1,63
3580,0.447,1,0,1,64
3580,0.413,1,0,1,65
3580,0.441,1,0,1,66
3580,0.375,1,0,1,67
3580,0.441,1,1,1,69
3580,0.44,1,1,1,70
3580,0.454,1,1,1,72
3580,0.398,1,0,1,75
3580,0.346,1,0,1,76
3580,0.45,1,1,1,77
3580,0.37,1,0,1,78
3580,0.519,0,1,1,83
3580,0.379,1,1,1,84
3580,0.511,1,1,1,85
3580,0.459,0,1,1,86
3580,0.411,1,0,1,88
3580,0.319,1,0,1,89
3580,0.369,1,0,1,91
3580,0.374,1,0,1,92
3580,0.371,1,0,1,95
3580,0.401,1,1,1,96
3580,0.338,1,0,1,97
3580,0.351,0,1,1,99
3580,0.486,1,1,1,100
3580,0.347,1,1,1,102
3580,0.382,1,0,1,103
3580,0.337,0,1,1,104
3580,0.376,1,1,1,106
3580,0.405,1,0,1,108
3580,0.448,0,1,1,109
3580,0.466,1,1,1,111
3580,0.541,1,1,1,112
3580,0.366,1,0,1,114
3580,0.408,1,0,1,115
3580,0.451,1,1,1,116
3580,0.5,1,1,1,118
3580,0.371,1,0,1,119
3580,0.386,0,1,1,120
3580,0.433,1,1,1,121
3580,0.449,1,1,1,122
3580,0.409,1,1,1,123
3580,0.431,1,0,1,124
3580,0.418,1,1,1,125
3580,0.431,1,1,1,126
3580,0.419,1,1,1,127
3580,0.506,0,1,1,1
3580,0.419,1,0,1,2
3580,0.444,1,1,1,3
3580,0.425,0,1,1,5
3580,0.413,1,0,1,6
3580,0.318,0,1,1,12
3580,0.419,1,0,1,14
3580,0.432,1,1,1,15
3580,0.609,1,1,1,16
3580,0.411,1,0,1,17
3580,0.45,1,0,1,19
3580,0.41,1,0,1,20
3580,0.464,1,0,1,22
3580,0.603,1,1,1,23
3580,0.516,1,1,1,24
3580,0.435,1,1,1,25
3580,0.43,1,0,1,26
3580,0.451,1,1,1,27
3580,0.408,1,0,1,28
3580,0.442,1,1,1,29
3580,0.414,1,1,1,30
3580,0.381,1,0,1,31
3580,0.468,1,0,1,32
3580,0.419,1,0,1,33
3580,0.541,1,1,1,34
3580,0.427,1,1,1,37
3580,0.407,1,1,1,38
3580,0.412,1,1,1,40
3580,0.352,1,0,1,41
3580,0.363,1,0,1,42
3580,0.452,1,0,1,43
3580,0.41,1,1,1,45
3580,0.411,1,0,1,46
3580,0.459,1,1,1,47
3580,0.429,1,1,1,49
3580,0.537,1,1,1,50
3580,0.561,1,0,1,52
3580,0.381,1,1,1,53
3580,0.401,1,0,1,54
3580,0.39,0,1,1,55
3580,0.396,1,0,1,56
3580,0.4,1,0,1,57
3580,0.392,1,0,1,60
3580,0.445,0,1,1,61
3580,0.44,1,1,1,64
3580,0.445,1,0,1,67
3580,0.454,1,1,1,68
3580,0.409,1,0,1,69
3580,0.411,1,1,1,70
3580,0.373,1,1,1,71
3580,0.381,1,1,1,72
3580,0.441,1,1,1,73
3580,0.441,1,1,1,76
3580,0.404,1,1,1,79
3580,0.364,1,0,1,80
3580,0.377,1,1,1,81
3580,0.434,1,0,1,82
3580,0.426,1,1,1,85
3580,0.379,1,1,1,87
3580,0.409,1,0,1,88
3580,0.406,1,1,1,89
3580,0.4,1,1,1,92
3580,0.412,1,1,1,93
3580,0.417,1,1,1,95
3580,0.389,1,0,1,96
3580,0.403,1,0,1,97
3580,0.435,1,0,1,98
3580,0.479,0,0,1,99
3580,0.371,1,0,1,100
3580,0.468,1,1,1,101
3580,0.407,1,1,1,102
3580,0.411,1,0,1,103
3580,0.372,1,1,1,104
3580,0.419,1,0,1,107
3580,0.39,1,0,1,110
3580,0.425,1,0,1,111
3580,0.399,1,0,1,113
3580,0.499,1,0,1,115
3580,0.389,1,0,1,116
3580,0.342,1,0,1,117
3580,0.427,0,1,1,120
3580,0.435,1,0,1,122
3580,0.393,1,0,1,126
3580,0.386,1,0,1,127
3580,0.386,1,1,1,1
3580,0.377,1,0,1,2
3580,0.414,1,0,1,3
3580,0.363,1,1,1,4
3580,0.384,1,1,1,6
3580,0.34,1,1,1,7
3580,0.404,1,1,1,9
3580,0.392,1,1,1,11
3580,0.396,0,0,1,14
3580,0.428,1,1,1,15
3580,0.351,1,0,1,16
3580,0.349,1,0,1,17
3580,0.39,1,0,1,18
3580,0.388,1,0,1,21
3580,0.41,1,0,1,22
3580,0.396,1,1,1,24
3580,0.419,1,1,1,25
3580,0.448,1,0,1,26
3580,0.39,0,1,1,27
3580,0.512,1,0,1,28
3580,0.372,1,0,1,32
3580,0.402,1,1,1,33
3580,0.459,1,1,1,34
3580,0.364,1,1,1,36
3580,0.402,1,0,1,38
3580,0.408,1,0,1,40
3580,0.379,1,0,1,41
3580,0.37,1,1,1,42
3580,0.447,1,1,1,43
3580,0.407,1,0,1,44
3580,0.387,1,0,1,45
3580,0.367,1,0,1,46
3580,0.376,1,1,1,48
3580,0.582,1,1,1,50
3580,0.441,1,1,1,51
3580,0.433,1,0,1,52
3580,0.437,1,1,1,54
3580,0.344,1,0,1,55
3580,0.397,1,0,1,56
3580,0.4,1,1,1,57
3580,0.414,1,0,1,58
3580,0.422,1,1,1,60
3580,0.461,1,1,1,61
3580,0.399,1,1,1,65
3580,0.438,1,0,1,67
3580,0.472,1,0,1,68
3580,0.404,1,1,1,69
3580,0.394,1,0,1,73
3580,0.349,1,0,1,76
3580,0.341,1,0,1,79
3580,0.4,1,0,1,81
3580,0.373,1,0,1,82
3580,0.362,1,0,1,83
3580,0.427,1,1,1,84
3580,0.354,1,0,1,85
3580,0.353,0,1,1,86
3580,0.309,0,1,1,87
3580,0.377,1,0,1,89
3580,0.436,1,0,1,90
3580,0.377,1,1,1,94
3580,0.335,1,0,1,95
3580,0.395,1,1,1,97
3580,0.468,1,0,1,98
3580,0.495,1,1,1,99
3580,0.411,1,0,1,100
3580,0.486,1,1,1,101
3580,0.408,1,1,1,102
3580,0.389,1,1,1,103
3580,0.405,1,0,1,104
3580,0.37,1,0,1,107
3580,0.412,1,0,1,108
3580,0.493,1,1,1,112
3580,0.419,1,0,1,114
3580,0.438,1,1,1,115
3580,0.416,1,1,1,116
3580,0.431,1,0,1,118
3580,0.407,1,0,1,120
3580,0.459,1,1,1,121
3580,0.379,1,1,1,123
3580,0.469,1,1,1,124
3580,0.469,1,0,1,125
3580,0.438,1,1,1,126
3580,0.424,1,1,1,1
3580,0.511,1,1,1,2
3580,0.407,1,1,1,4
3580,0.532,1,0,1,6
3580,0.355,1,1,1,7
3580,0.403,1,0,1,10
3580,0.462,1,1,1,11
3580,0.349,1,1,1,12
3580,0.44,1,0,1,13
3580,0.385,1,0,1,15
3580,0.355,1,0,1,16
3580,0.423,1,1,1,17
3580,0.422,1,0,1,18
3580,0.379,1,1,1,19
3580,0.363,1,0,1,20
3580,0.437,1,1,1,21
3580,0.394,1,0,1,22
3580,0.352,1,1,1,24
3580,0.414,1,0,1,25
3580,0.392,1,0,1,26
3580,0.418,1,0,1,28
3580,0.419,1,0,1,29
3580,0.505,1,1,1,31
3580,0.389,1,0,1,34
3580,0.376,0,1,1,36
3580,0.361,1,0,1,40
3580,0.401,1,0,1,41
3580,0.421,1,1,1,42
3580,0.43,1,1,1,43
3580,0.401,0,1,1,45
3580,0.362,1,0,1,46
3580,0.564,1,1,1,50
3580,0.425,1,0,1,51
3580,0.609,1,1,1,52
3580,0.433,1,0,1,53
3580,0.418,1,0,1,54
3580,0.496,1,0,1,55
3580,0.414,1,1,1,56
3580,0.429,1,1,1,57
3580,0.42,1,0,1,59
3580,0.386,1,0,1,63
3580,0.406,1,1,1,66
3580,0.466,1,1,1,68
3580,0.386,1,0,1,70
3580,0.393,1,1,1,72
3580,0.44,1,1,1,73
3580,0.331,1,1,1,74
3580,0.357,1,1,1,75
3580,0.39,1,1,1,76
3580,0.491,1,1,1,77
3580,0.383,0,1,1,79
3580,0.469,1,0,1,80
3580,0.439,1,1,1,81
3580,0.405,1,0,1,83
3580,0.39,1,0,1,84
3580,0.494,1,1,1,85
3580,0.481,1,1,1,87
3580,0.448,1,1,1,88
3580,0.396,1,1,1,91
3580,0.422,1,0,1,94
3580,0.421,1,0,1,95
3580,0.342,1,1,1,99
3580,0.362,1,0,1,100
3580,0.608,1,0,1,101
3580,0.376,1,0,1,102
3580,0.458,1,0,1,103
3580,0.367,1,0,1,106
3580,0.504,1,1,1,107
3580,0.393,1,0,1,108
3580,0.388,1,1,1,110
3580,0.383,1,1,1,111
3580,0.444,1,1,1,112
3580,0.423,1,0,1,113
3580,0.473,1,1,1,114
3580,0.379,1,0,1,115
3580,0.334,1,0,1,117
3580,0.319,1,1,1,118
3580,0.347,1,0,1,119
3580,0.35,1,1,1,122
3580,0.356,1,0,1,124
3580,0.313,1,1,1,125
3580,0.402,1,0,1,126
3625,0.389,1,1,1,0
3625,0.4343,0,1,1,1
3625,0.3745,1,0,1,2
3625,0.3678,1,0,1,6
3625,0.3438,1,0,1,7
3625,0.3555,0,0,1,8
3625,0.4623,1,1,1,10
3625,0.3948,1,0,1,11
3625,0.3704,1,0,1,12
3625,0.4013,1,1,1,13
3625,0.4423,1,0,1,14
3625,0.5059,1,0,1,16
3625,0.4061,1,1,1,17
3625,0.416,1,0,1,18
3625,0.4169,1,0,1,20
3625,0.4102,1,1,1,21
3625,0.4118,1,0,1,25
3625,0.3327,1,0,1,29
3625,0.4241,0,1,1,30
3625,0.4581,1,0,1,31
3625,0.3948,1,1,1,32
3625,0.4195,1,1,1,33
3625,0.3583,1,1,1,34
3625,0.5182,1,1,1,35
3625,0.376,1,1,1,37
3625,0.4017,1,1,1,38
3625,0.4087,1,0,1,39
3625,0.4328,1,1,1,42
3625,0.4974,1,1,1,43
3625,0.5184,1,1,1,44
3625,0.547,1,0,1,45
3625,0.4188,1,0,1,46
3625,0.6357,1,0,1,47
3625,0.3743,1,0,1,48
3625,0.9296,1,1,1,51
3625,0.4316,1,0,1,52
3625,0.611,1,1,1,54
3625,0.4225,1,1,1,55
3625,0.4828,1,0,1,56
3625,0.3932,1,1,1,57
3625,0.5166,1,1,1,61
3625,0.5125,1,0,1,62
3625,0.4595,1,1,1,64
3625,0.4299,1,1,1,66
3625,0.4943,1,0,1,67
3625,0.5841,1,1,1,68
3625,0.4781,1,0,1,69
3625,0.6086,1,0,1,71
3625,0.4681,1,1,1,74
3625,0.5591,1,0,1,75
3625,0.4722,1,0,1,78
3625,0.4741,1,1,1,81
3625,0.5311,1,1,1,84
3625,0.5916,1,0,1,85
3625,0.5581,1,0,1,86
3625,0.3558,1,0,1,87
3625,0.5614,1,0,1,88
3625,0.4174,1,0,1,89
3625,0.4699,1,0,1,91
3625,0.4695,1,0,1,92
3625,0.4748,1,0,1,94
3625,0.4681,1,1,1,95
3625,0.4422,1,0,1,96
3625,0.5365,1,1,1,98
3625,0.5863,1,0,1,99
3625,0.6172,1,1,1,101
3625,0.463,1,1,1,104
3625,0.4921,1,1,1,107
3625,0.4269,1,0,1,109
3625,0.3906,1,0,1,110
3625,0.4807,1,1,1,111
3625,0.6914,1,1,1,112
3625,0.5334,1,0,1,113
3625,0.4728,1,1,1,114
3625,0.5135,1,1,1,115
3625,0.4421,0,1,1,117
3625,0.4673,1,1,1,119
3625,0.5195,1,1,1,120
3625,0.4708,1,0,1,121
3625,0.4993,1,1,1,122
3625,0.6234,1,0,1,123
3625,0.4257,1,1,1,124
3625,0.4343,1,0,1,125
3625,0.3478,1,0,1,0
3625,0.396,0,1,1,2
3625,0.3574,1,0,1,3
3625,0.3475,1,1,1,4
3625,0.4259,1,0,1,5
3625,0.3799,0,1,1,6
3625,0.5843,1,1,1,7
3625,0.6634,1,1,1,9
3625,0.4319,1,0,1,13
3625,0.4531,1,0,1,14
3625,0.5141,1,1,1,15
3625,0.5899,1,0,1,16
3625,0.8168,1,1,1,17
3625,0.8733,1,0,1,20
3625,0.5932,1,0,1,22
3625,0.9259,1,1,1,23
3625,0.5734,1,1,1,24
3625,0.5417,1,0,1,28
3625,0.6025,1,1,1,29
3625,0.458,1,0,1,31
3625,0.527,1,0,1,36
3625,0.6006,1,1,1,37
3625,0.6759,1,1,1,38
3625,0.5138,1,0,1,39
3625,0.5271,1,0,1,41
3625,0.7092,0,1,1,45
3625,0.5242,1,0,1,47
3625,0.6183,1,1,1,48
3625,0.5365,1,1,1,49
3625,0.6168,1,0,1,50
3625,0.5661,1,1,1,51
3625,0.7895,1,1,1,53
3625,0.7076,1,1,1,56
3625,0.5213,1,1,1,58
3625,0.7263,1,1,1,59
3625,0.8782,1,0,1,60
3625,0.7334,1,1,1,61
3625,0.5513,1,1,1,63
3625,0.3791,0,1,1,64
3625,0.5752,1,0,1,67
3625,0.5475,1,1,1,69
3625,0.6328,1,0,1,70
3625,0.7081,1,0,1,72
3625,0.774,1,0,1,74
3625,0.5517,1,0,1,75
3625,0.8255,1,0,1,76
3625,0.7498,1,1,1,78
3625,0.8341,1,1,1,81
3625,0.5136,1,0,1,82
3625,0.8312,1,0,1,83
3625,0.7185,1,0,1,84
3625,0.4355,1,1,1,85
3625,0.5475,1,0,1,87
3625,0.6789,0,1,1,89
3625,0.3078,1,0,1,93
3625,0.5641,1,0,1,94
3625,0.6522,0,1,1,97
3625,0.4578,1,0,1,101
3625,0.6319,1,0,1,104
3625,0.6486,1,0,1,105
3625,0.475,1,0,1,108
3625,0.4547,0,1,1,109
3625,0.8394,0,0,1,110
3625,0.4351,1,0,1,113
3625,0.4171,0,1,1,114
3625,0.4963,1,1,1,115
3625,0.6119,1,0,1,116
3625,0.3675,0,0,1,117
3625,0.5411,1,1,1,118
3625,0.4507,0,1,1,120
3625,0.488,1,1,1,123
3625,0.6033,0,1,1,126
3625,0.6003,1,1,1,127
3625,0.8906,1,0,1,1
3625,0.4851,1,0,1,2
3625,0.4198,1,1,1,5
3625,0.4235,1,0,1,6
3625,0.5449,0,1,1,8
3625,0.6826,1,1,1,10
3625,0.3714,0,1,1,14
3625,0.3844,1,1,1,15
3625,0.409,1,0,1,16
3625,0.4576,1,1,1,19
3625,0.464,1,0,1,20
3625,0.3383,0,1,1,21
3625,0.5376,1,1,1,22
3625,0.4509,0,1,1,24
3625,0.4544,1,0,1,26
3625,0.6136,1,0,1,31
3625,0.6138,1,1,1,32
3625,0.4493,1,0,1,34
3625,0.5063,1,0,1,35
3625,0.4344,1,0,1,36
3625,0.358,0,1,1,37
3625,0.4684,1,0,1,39
3625,0.4632,1,1,1,41
3625,0.4397,1,0,1,43
3625,0.348,1,1,1,44
3625,0.3802,1,0,1,45
3625,0.4546,1,0,1,46
3625,0.4197,1,1,1,47
3625,0.3972,1,0,1,48
3625,0.3632,1,0,1,49
3625,0.3711,1,0,1,50
3625,0.3634,1,1,1,51
3625,0.4247,1,0,1,52
3625,0.592,1,0,1,54
3625,0.501,1,0,1,55
3625,0.447,1,0,1,57
3625,0.3625,1,0,1,58
3625,0.3566,1,1,1,60
3625,0.4192,0,1,1,61
3625,0.4302,1,0,1,62
3625,0.7332,1,1,1,63
3625,0.5304,1,0,1,64
3625,0.4552,1,1,1,65
3625,0.4004,1,0,1,66
3625,0.4001,0,1,1,68
3625,0.6283,1,1,1,69
3625,0.5355,1,1,1,70
3625,0.45,1,0,1,71
3625,0.4067,1,0,1,73
3625,0.4372,1,0,1,79
3625,0.5142,1,0,1,84
3625,0.5387,1,1,1,85
3625,0.4677,1,1,1,86
3625,0.5285,1,1,1,88
3625,0.5466,1,0,1,89
3625,0.7499,1,1,1,90
3625,0.4945,1,1,1,91
3625,0.5516,1,1,1,92
3625,0.4963,1,0,1,95
3625,0.6567,1,0,1,96
3625,0.414,1,0,1,97
3625,0.5093,1,1,1,105
3625,0.5365,1,1,1,106
3625,0.5004,1,0,1,107
3625,0.757,1,1,1,108
3625,0.4995,1,1,1,109
3625,0.4021,1,1,1,110
3625,0.5142,1,1,1,111
3625,0.4659,1,0,1,112
3625,0.4134,1,0,1,113
3625,0.4548,0,1,1,116
3625,0.5684,1,1,1,117
3625,0.6497,1,0,1,118
3625,0.9138,1,1,1,119
3625,0.5327,1,1,1,121
3625,0.5352,1,0,1,122
3625,0.6649,1,1,1,123
3625,0.567,1,0,1,124
3625,0.4909,1,1,1,125
3625,0.3382,0,0,1,1
3625,0.3459,1,0,1,2
3625,0.389,1,1,1,3
3625,0.371,1,0,1,4
3625,0.3424,1,0,1,5
3625,0.3671,1,0,1,7
3625,0.3667,1,0,1,9
3625,0.3529,1,0,1,10
3625,0.4759,1,1,1,11
3625,0.4749,1,1,1,12
3625,0.3934,1,1,1,13
3625,0.4726,1,1,1,15
3625,0.4293,1,1,1,16
3625,0.4402,1,0,1,18
3625,0.7879,1,0,1,19
3625,0.4064,1,0,1,20
3625,0.3668,1,1,1,22
3625,0.4127,1,1,1,23
3625,0.3003,0,1,1,24
3625,0.5676,1,0,1,25
3625,0.3866,1,0,1,26
3625,0.5888,1,0,1,28
3625,0.4971,1,1,1,30
3625,0.4203,1,0,1,32
3625,0.4242,1,0,1,33
3625,0.4455,1,0,1,34
3625,0.5417,1,1,1,36
3625,0.4541,1,1,1,38
3625,0.4522,0,0,1,42
3625,0.4294,1,0,1,43
3625,0.4086,1,0,1,44
3625,0.507,1,0,1,45
3625,0.4842,1,1,1,47
3625,0.5152,1,1,1,48
3625,0.5463,1,1,1,49
3625,0.4672,1,1,1,51
3625,0.533,1,1,1,55
3625,0.6146,1,0,1,56
3625,0.4347,1,0,1,57
3625,0.4512,1,0,1,58
3625,0.4429,1,0,1,59
3625,0.563,1,1,1,61
3625,0.3688,1,0,1,62
3625,0.4632,1,0,1,63
3625,0.4012,1,0,1,65
3625,0.6177,1,1,1,67
3625,0.5428,1,1,1,68
3625,0.4972,1,0,1,71
3625,0.6324,1,1,1,72
3625,0.5698,1,1,1,74
3625,0.5206,1,1,1,76
3625,0.6876,1,1,1,77
3625,0.4235,1,0,1,78
3625,0.6056,1,0,1,79
3625,0.4794,1,1,1,81
3625,0.4879,1,1,1,82
3625,0.4013,1,0,1,83
3625,0.3673,1,1,1,84
3625,0.3864,1,0,1,86
3625,0.4177,1,1,1,87
3625,0.3297,1,0,1,90
3625,0.3834,1,1,1,91
3625,0.5088,1,1,1,92
3625,0.3563,1,1,1,94
3625,0.3555,0,0,1,95
3625,0.4809,1,1,1,96
3625,0.4077,0,1,1,97
3625,0.4112,1,1,1,98
3625,0.4513,1,1,1,99
3625,0.4385,1,1,1,101
3625,0.58,1,0,1,102
3625,0.3681,0,0,1,104
3625,0.3458,1,1,1,107
3625,0.3967,0,1,1,109
3625,0.3934,1,0,1,110
3625,0.4425,1,1,1,111
3625,0.4298,1,0,1,112
3625,0.4239,1,0,1,114
3625,0.4064,1,0,1,115
3625,0.4292,1,0,1,120
3625,0.489,1,1,1,121
3625,0.4463,1,0,1,122
3625,0.5415,1,1,1,124
3625,0.435,1,1,1,127
3625,0.4473,0,1,1,1
3625,0.4036,1,1,1,2
3625,0.4415,1,0,1,3
3625,0.5196,1,0,1,4
3625,0.4245,1,0,1,5
3625,0.4734,1,0,1,6
3625,0.4289,1,0,1,12
3625,0.3277,1,0,1,13
3625,0.3441,1,1,1,14
3625,0.324,1,0,1,15
3625,0.6748,1,1,1,16
3625,0.5185,1,1,1,17
3625,0.4213,1,1,1,18
3625,0.4459,0,1,1,19
3625,0.3496,0,1,1,20
3625,0.4245,1,0,1,22
3625,0.4902,1,0,1,23
3625,0.3901,0,1,1,24
3625,0.4774,1,1,1,27
3625,0.4804,1,0,1,28
3625,0.5594,0,0,1,29
3625,0.5331,1,1,1,31
3625,0.4598,1,0,1,32
3625,0.5988,1,1,1,34
3625,0.7117,1,0,1,35
3625,0.5496,1,0,1,38
3625,0.4604,0,1,1,39
3625,0.4691,1,0,1,40
3625,0.537,1,1,1,41
3625,0.3984,1,0,1,48
3625,0.4016,1,0,1,49
3625,0.4613,1,0,1,50
3625,0.5069,1,1,1,51
3625,0.5166,1,0,1,52
3625,0.5541,1,1,1,57
3625,0.4834,1,1,1,58
3625,0.4042,1,0,1,60
3625,0.4198,1,1,1,64
3625,0.345,1,1,1,65
3625,0.5042,1,0,1,66
3625,0.3685,1,0,1,67
3625,0.4112,1,1,1,68
3625,0.4074,1,0,1,69
3625,0.4354,1,0,1,70
3625,0.4213,1,1,1,71
3625,0.4625,1,1,1,72
3625,0.4383,1,0,1,73
3625,0.4119,1,0,1,74
3625,0.4335,1,1,1,75
3625,0.441,1,1,1,76
3625,0.4102,1,0,1,78
3625,0.494,1,1,1,80
3625,0.4381,1,1,1,81
3625,0.5753,1,0,1,82
3625,0.4156,1,1,1,83
3625,0.4804,1,0,1,87
3625,0.4599,1,1,1,88
3625,0.4691,1,0,1,90
3625,0.4935,1,1,1,91
3625,0.5518,1,0,1,92
3625,0.5358,1,1,1,94
3625,0.6216,1,1,1,95
3625,0.4173,1,1,1,96
3625,0.4612,1,1,1,97
3625,0.3766,1,0,1,98
3625,0.5153,1,0,1,101
3625,0.453,1,0,1,102
3625,0.3717,1,1,1,104
3625,0.4592,1,0,1,106
3625,0.3243,0,1,1,109
3625,0.5788,1,0,1,111
3625,0.5446,1,0,1,112
3625,0.3673,1,0,1,113
3625,0.5801,1,1,1,115
3625,0.4159,1,0,1,116
3625,0.3997,1,1,1,119
3625,0.4434,1,1,1,121
3625,0.4488,1,0,1,122
3625,0.3762,0,1,1,123
3625,0.4331,1,0,1,124
3625,0.497,1,1,1,125
3625,0.3637,0,1,1,0
3625,0.4348,1,0,1,2
3625,0.3951,1,1,1,4
3625,0.3958,1,0,1,7
3625,0.6495,1,1,1,8
3625,0.5265,1,0,1,9
3625,0.429,1,0,1,10
3625,0.4143,1,0,1,11
3625,0.4664,1,1,1,12
3625,0.464,1,1,1,13
3625,0.4512,1,1,1,14
3625,0.4034,1,0,1,16
3625,0.5051,1,1,1,17
3625,0.4166,1,0,1,18
3625,0.4329,1,1,1,19
3625,0.4209,1,1,1,21
3625,0.395,1,1,1,24
3625,0.384,1,1,1,25
3625,0.385,1,0,1,26
3625,0.5274,1,1,1,27
3625,0.4078,1,1,1,28
3625,0.3916,1,1,1,31
3625,0.4722,1,1,1,32
3625,0.4858,1,1,1,34
3625,0.4584,1,1,1,37
3625,0.4751,1,0,1,38
3625,0.55,1,1,1,39
3625,0.5674,1,0,1,41
3625,0.4561,1,1,1,43
3625,0.5083,1,0,1,44
3625,0.4419,1,1,1,46
3625,0.4896,1,0,1,47
3625,0.4929,1,1,1,48
3625,0.4951,1,0,1,50
3625,0.5203,1,1,1,52
3625,0.5228,1,1,1,54
3625,0.4092,1,0,1,55
3625,0.4732,1,1,1,56
3625,0.4416,1,0,1,57
3625,0.4422,1,1,1,59
3625,0.5031,1,0,1,60
3625,0.4613,1,1,1,61
3625,0.402,0,0,1,62
3625,0.5462,1,0,1,64
3625,0.3718,1,0,1,65
3625,0.492,1,1,1,67
3625,0.4429,1,0,1,68
3625,0.3913,1,0,1,70
3625,0.5702,1,1,1,75
3625,0.4493,1,0,1,76
3625,0.4191,1,0,1,78
3625,0.5278,1,0,1,79
3625,0.3951,1,0,1,81
3625,0.5837,1,1,1,82
3625,0.6832,1,0,1,87
3625,0.5016,1,1,1,89
3625,0.4164,1,1,1,92
3625,0.5298,1,0,1,94
3625,0.3677,0,1,1,95
3625,0.4943,1,0,1,96
3625,0.376,1,0,1,97
3625,0.5117,1,0,1,98
3625,0.3943,1,1,1,99
3625,0.3969,1,0,1,100
3625,0.3748,1,0,1,101
3625,0.4448,1,0,1,102
3625,0.4489,1,0,1,107
3625,0.5766,1,1,1,108
3625,0.5285,1,1,1,109
3625,0.3946,1,0,1,110
3625,0.3797,1,0,1,111
3625,0.5555,1,0,1,112
3625,0.3642,0,1,1,114
3625,0.3652,1,0,1,115
3625,0.3939,0,0,1,116
3625,0.4354,1,0,1,117
3625,0.3969,1,0,1,119
3625,0.6582,0,1,1,120
3625,0.4529,1,1,1,121
3625,0.8631,1,0,1,127
3625,0.3693,1,1,1,1
3625,0.3648,1,0,1,2
3625,0.4081,1,1,1,3
3625,0.4061,1,0,1,4
3625,0.4762,1,0,1,5
3625,0.4826,1,0,1,6
3625,0.3834,0,1,1,8
3625,0.3934,1,0,1,11
3625,0.6442,1,0,1,12
3625,0.5602,0,1,1,14
3625,0.621,1,1,1,16
3625,0.5102,1,0,1,17
3625,0.6833,1,1,1,20
3625,0.4403,1,0,1,23
3625,0.4399,1,0,1,24
3625,0.4267,1,1,1,25
3625,0.4432,1,0,1,26
3625,0.4839,1,0,1,29
3625,0.4325,1,1,1,30
3625,0.654,1,0,1,31
3625,0.6243,1,1,1,34
3625,0.7872,1,0,1,35
3625,0.5398,1,1,1,36
3625,0.56,1,0,1,38
3625,0.516,1,0,1,39
3625,0.7365,1,0,1,41
3625,0.4711,1,1,1,42
3625,0.5729,0,1,1,44
3625,0.4013,1,0,1,45
3625,0.7227,1,0,1,49
3625,0.7117,1,0,1,50
3625,0.7657,1,0,1,52
3625,0.4104,1,0,1,54
3625,0.5346,1,1,1,55
3625,0.4657,1,0,1,56
3625,0.4666,1,1,1,57
3625,0.461,1,1,1,63
3625,0.4776,1,1,1,64
3625,0.4676,1,1,1,66
3625,0.502,1,1,1,67
3625,0.478,1,1,1,68
3625,0.6431,1,1,1,73
3625,0.4029,1,0,1,74
3625,0.3928,1,1,1,76
3625,0.426,1,0,1,77
3625,0.4513,1,0,1,78
3625,0.3932,1,1,1,79
3625,0.4114,1,1,1,80
3625,0.6599,1,1,1,83
3625,0.4929,1,1,1,88
3625,0.4796,1,1,1,89
3625,0.4424,1,0,1,90
3625,0.4679,1,0,1,91
3625,0.6324,1,1,1,93
3625,0.6298,1,0,1,94
3625,0.702,0,1,1,95
3625,0.4781,1,1,1,96
3625,0.4343,1,0,1,97
3625,0.9431,1,1,1,100
3625,0.7259,1,0,1,101
3625,0.5231,1,0,1,102
3625,0.5323,1,1,1,103
3625,0.4342,1,1,1,106
3625,0.5522,1,0,1,107
3625,0.4861,1,1,1,108
3625,0.5194,1,1,1,111
3625,0.443,1,0,1,112
3625,0.4345,1,0,1,113
3625,0.3742,1,0,1,114
3625,0.4811,1,1,1,115
3625,0.4325,1,0,1,116
3625,0.4771,0,0,1,117
3625,0.4656,1,1,1,118
3625,0.4121,1,0,1,121
3625,0.4932,1,0,1,123
3625,0.5923,1,1,1,124
3625,0.4262,1,0,1,125
3625,0.5099,1,1,1,126
3625,0.8437,1,1,1,0
3625,0.3698,1,0,1,1
3625,0.5334,1,1,1,3
3625,0.4686,1,0,1,4
3625,0.5083,1,1,1,5
3625,0.4538,1,1,1,6
3625,0.5372,1,0,1,7
3625,0.5698,1,1,1,8
3625,0.4849,1,1,1,9
3625,0.491,1,0,1,10
3625,0.5334,1,0,1,11
3625,0.4297,1,0,1,12
3625,0.5214,1,1,1,15
3625,0.4353,1,1,1,16
3625,0.6003,1,1,1,17
3625,0.561,1,1,1,18
3625,0.7646,0,0,1,19
3625,0.5886,1,1,1,20
3625,0.7509,1,0,1,22
3625,0.601,1,1,1,23
3625,0.5159,1,0,1,24
3625,0.8775,1,1,1,25
3625,0.4909,1,0,1,27
3625,0.5355,1,0,1,31
3625,0.4727,1,0,1,34
3625,0.413,1,0,1,35
3625,0.6656,1,0,1,37
3625,0.6101,1,1,1,39
3625,0.5183,1,1,1,41
3625,0.6182,1,0,1,42
3625,0.4107,1,1,1,43
3625,0.4801,1,0,1,45
3625,0.4683,1,1,1,48
3625,0.5204,1,0,1,50
3625,0.6426,1,1,1,51
3625,0.4441,1,0,1,52
3625,0.392,0,0,1,54
3625,0.6852,1,1,1,56
3625,0.502,1,1,1,57
3625,0.4843,1,1,1,60
3625,0.4061,1,0,1,63
3625,0.3922,1,0,1,65
3625,0.4316,1,1,1,66
3625,0.3859,1,0,1,67
3625,0.4194,1,0,1,68
3625,0.4906,1,1,1,69
3625,0.4742,1,1,1,71
3625,0.5554,1,1,1,72
3625,0.4533,1,1,1,73
3625,0.512,1,0,1,74
3625,0.4999,1,1,1,75
3625,0.4546,1,1,1,76
3625,0.4168,1,1,1,79
3625,0.44,1,0,1,80
3625,0.5759,1,1,1,82
3625,0.5432,1,0,1,84
3625,0.5215,0,0,1,86
3625,0.4491,1,0,1,88
3625,0.4408,1,1,1,89
3625,0.4264,1,1,1,90
3625,0.4414,1,0,1,92
3625,0.4759,1,0,1,93
3625,0.5014,1,1,1,95
3625,0.6511,1,0,1,96
3625,0.51,1,1,1,100
3625,0.807,1,0,1,101
3625,0.6018,1,0,1,102
3625,0.5501,1,1,1,105
3625,0.4917,1,0,1,106
3625,0.3757,1,0,1,107
3625,0.4428,0,0,1,108
3625,0.4575,1,0,1,111
3625,0.4793,0,1,1,112
3625,0.4781,1,0,1,113
3625,0.4698,1,1,1,114
3625,0.6264,1,1,1,116
3625,0.5758,1,1,1,119
3625,0.4156,1,1,1,122
3625,0.5116,1,1,1,123
3625,0.5288,1,0,1,125
3625,0.7429,1,0,1,126
3625,0.4231,1,0,1,127
3754,0.7322,1,0,1,0
3754,0.4885,1,0,1,1
3754,0.5566,1,0,1,2
3754,0.7036,1,1,1,3
3754,0.5029,1,0,1,4
3754,0.6719,1,0,1,5
3754,0.6411,1,1,1,6
3754,0.753,1,0,1,7
3754,0.7406,1,1,1,10
3754,0.8912,1,1,1,12
3754,0.7386,1,1,1,13
3754,0.7226,1,1,1,14
3754,0.6382,1,1,1,15
3754,0.8381,1,1,1,16
3754,0.7381,1,1,1,17
3754,0.7082,1,1,1,18
3754,0.5546,1,0,1,20
3754,0.6084,1,1,1,21
3754,0.5732,1,0,1,23
3754,0.6223,1,1,1,25
3754,0.6069,1,0,1,27
3754,0.5552,1,1,1,29
3754,0.5868,1,0,1,30
3754,0.5237,1,0,1,31
3754,0.5858,1,1,1,32
3754,0.541,1,1,1,33
3754,0.8736,1,1,1,34
3754,0.572,0,1,1,37
3754,0.5861,1,0,1,41
3754,0.7911,1,0,1,42
3754,0.5413,1,0,1,43
3754,0.6432,1,1,1,45
3754,0.4747,1,1,1,46
3754,0.4905,1,0,1,47
3754,0.4393,1,0,1,48
3754,0.5238,1,0,1,49
3754,0.5051,1,0,1,50
3754,0.4897,1,0,1,51
3754,0.472,1,0,1,52
3754,0.6201,1,1,1,54
3754,0.5665,1,0,1,55
3754,0.6125,1,0,1,56
3754,0.5752,1,1,1,59
3754,0.5419,1,0,1,60
3754,0.618,1,1,1,61
3754,0.7531,1,1,1,64
3754,0.6364,1,0,1,65
3754,0.6575,1,0,1,68
3754,0.5852,1,1,1,69
3754,0.4563,1,1,1,70
3754,0.5362,1,0,1,71
3754,0.4547,1,0,1,72
3754,0.4928,1,1,1,73
3754,0.4409,1,0,1,81
3754,0.5856,1,1,1,83
3754,0.6273,1,1,1,84
3754,0.6355,1,0,1,85
3754,0.4604,1,0,1,86
3754,0.5381,1,1,1,88
3754,0.4916,1,0,1,91
3754,0.7699,1,1,1,92
3754,0.536,1,0,1,93
3754,0.5889,1,1,1,95
3754,0.4912,1,0,1,96
3754,0.5384,1,1,1,97
3754,0.8397,1,1,1,98
3754,0.49,1,1,1,99
3754,0.5575,1,1,1,100
3754,0.8194,1,1,1,102
3754,0.6722,1,1,1,103
3754,0.5718,1,1,1,104
3754,0.475,1,0,1,105
3754,0.4868,1,0,1,108
3754,0.4903,1,0,1,109
3754,0.5243,1,0,1,111
3754,0.6861,1,0,1,114
3754,0.5187,1,1,1,118
3754,0.707,1,1,1,119
3754,0.4896,1,1,1,121
3754,0.6531,1,0,1,122
3754,0.4218,1,0,1,123
3754,0.5361,1,1,1,124
3754,0.4857,1,0,1,126
3754,0.6259,1,0,1,0
3754,0.508,1,1,1,1
3754,0.5751,1,1,1,2
3754,0.6051,0,1,1,4
3754,0.5524,1,0,1,6
3754,0.8748,1,1,1,7
3754,0.7738,1,0,1,9
3754,0.6863,1,1,1,10
3754,0.5536,1,1,1,11
3754,0.6483,1,1,1,13
3754,0.6911,1,1,1,14
3754,0.5079,1,0,1,15
3754,0.5242,1,0,1,18
3754,0.5889,1,0,1,19
3754,0.4707,0,1,1,20
3754,0.7201,1,0,1,21
3754,0.8051,1,0,1,22
3754,0.6541,1,1,1,23
3754,0.6539,1,0,1,24
3754,0.5908,1,1,1,26
3754,0.6915,1,0,1,29
3754,0.4915,1,0,1,30
3754,0.6703,1,1,1,31
3754,0.5888,1,0,1,35
3754,0.5387,1,0,1,36
3754,0.5214,1,1,1,38
3754,0.489,1,1,1,39
3754,0.519,1,0,1,40
3754,0.4368,1,0,1,41
3754,0.5367,1,0,1,44
3754,0.6688,1,1,1,46
3754,0.5224,1,0,1,48
3754,0.4246,1,1,1,49
3754,0.6411,1,1,1,51
3754,0.5241,1,0,1,53
3754,0.5241,1,1,1,55
3754,0.5744,1,1,1,56
3754,0.5726,1,1,1,57
3754,0.4905,0,1,1,58
3754,0.617,1,0,1,61
3754,0.8427,1,0,1,62
3754,0.5889,1,0,1,63
3754,0.6072,1,0,1,64
3754,0.6206,1,1,1,67
3754,0.741,1,1,1,68
3754,0.5185,1,0,1,69
3754,0.5247,1,1,1,70
3754,0.4889,1,0,1,72
3754,0.586,1,1,1,74
3754,0.4555,1,1,1,75
3754,0.4385,1,1,1,76
3754,0.458,1,1,1,77
3754,0.521,1,0,1,79
3754,0.6087,1,1,1,81
3754,0.6738,1,1,1,82
3754,0.6401,1,1,1,83
3754,0.7403,1,1,1,87
3754,0.5025,1,0,1,91
3754,0.4385,1,0,1,92
3754,0.5079,1,0,1,93
3754,0.5251,1,0,1,95
3754,0.4726,1,0,1,98
3754,0.4553,1,0,1,99
3754,0.5358,1,1,1,100
3754,0.4369,1,0,1,101
3754,0.669,1,1,1,102
3754,0.5754,1,0,1,104
3754,0.4382,1,0,1,105
3754,0.522,1,0,1,106
3754,0.6581,1,1,1,107
3754,0.5373,1,1,1,108
3754,0.639,1,1,1,109
3754,0.5192,1,0,1,110
3754,0.4913,1,0,1,112
3754,0.4577,1,1,1,113
3754,0.4248,0,0,1,117
3754,0.8431,1,1,1,118
3754,0.4853,1,0,1,121
3754,0.5874,1,1,1,122
3754,0.6228,1,1,1,123
3754,0.4552,1,0,1,124
3754,0.5742,1,0,1,125
3754,0.6584,1,1,1,126
3754,0.5631,1,0,1,127
3754,0.6434,1,1,1,1
3754,0.5533,1,0,1,2
3754,0.5749,1,0,1,3
3754,0.6722,1,0,1,5
3754,0.4888,1,0,1,7
3754,0.5924,1,0,1,8
3754,0.6077,1,0,1,10
3754,0.5411,1,1,1,12
3754,0.5248,1,0,1,13
3754,0.7358,1,1,1,16
3754,0.5387,1,1,1,17
3754,0.5222,1,1,1,18
3754,0.6072,1,1,1,19
3754,0.5886,1,1,1,20
3754,0.5265,1,1,1,22
3754,0.6406,1,1,1,24
3754,0.5785,0,1,1,26
3754,0.5558,1,1,1,29
3754,0.7206,1,0,1,31
3754,0.5851,1,1,1,32
3754,0.7074,1,0,1,33
3754,0.6069,1,0,1,34
3754,0.6415,1,1,1,36
3754,0.5907,1,1,1,37
3754,0.6019,1,1,1,38
3754,0.5903,1,0,1,41
3754,0.4891,1,0,1,44
3754,0.5052,1,1,1,46
3754,0.4854,1,0,1,47
3754,0.6737,1,0,1,49
3754,0.7407,1,1,1,50
3754,0.521,1,0,1,51
3754,0.6801,1,1,1,52
3754,0.5238,1,0,1,53
3754,0.506,1,0,1,54
3754,0.5693,1,1,1,55
3754,0.536,1,0,1,57
3754,0.4925,1,1,1,58
3754,0.444,1,0,1,59
3754,0.4922,0,1,1,61
3754,0.7242,1,1,1,62
3754,0.5534,0,0,1,63
3754,0.8953,1,0,1,66
3754,0.5913,1,0,1,67
3754,0.5075,1,1,1,70
3754,0.6088,1,0,1,71
3754,0.5241,1,1,1,72
3754,0.5053,1,1,1,73
3754,0.6873,1,1,1,75
3754,0.5414,1,0,1,76
3754,0.4574,1,0,1,78
3754,0.4053,1,0,1,79
3754,0.5913,1,1,1,81
3754,0.7885,1,1,1,82
3754,0.6199,1,0,1,83
3754,0.5929,1,1,1,84
3754,0.5079,1,1,1,85
3754,0.3722,1,0,1,88
3754,0.5051,1,0,1,90
3754,0.619,1,1,1,91
3754,0.8085,1,1,1,94
3754,0.6568,1,1,1,95
3754,0.7248,1,1,1,96
3754,0.5073,1,1,1,97
3754,0.4866,1,0,1,98
3754,0.5559,1,0,1,100
3754,0.4723,1,0,1,101
3754,0.4074,1,1,1,103
3754,0.5856,1,0,1,107
3754,0.5235,1,0,1,109
3754,0.4741,1,0,1,110
3754,0.7739,1,1,1,111
3754,0.5188,1,0,1,112
3754,0.5914,1,1,1,114
3754,0.5224,1,1,1,115
3754,0.6237,1,1,1,116
3754,0.5911,1,1,1,117
3754,0.4698,1,0,1,118
3754,0.6908,1,0,1,119
3754,0.5405,1,0,1,120
3754,0.5025,1,0,1,124
3754,0.5073,1,0,1,125
3754,0.6387,1,0,1,126
3754,0.5538,1,1,1,127
3754,0.4752,1,0,1,1
3754,0.5069,1,1,1,2
3754,0.606,1,0,1,4
3754,0.7203,1,1,1,5
3754,0.469,1,0,1,6
3754,0.7195,1,1,1,8
3754,0.575,1,0,1,9
3754,0.5223,1,0,1,10
3754,0.5246,1,0,1,11
3754,0.5236,1,0,1,15
3754,0.5237,1,0,1,17
3754,0.4577,1,1,1,18
3754,0.4585,1,0,1,20
3754,0.62,1,1,1,21
3754,0.5411,1,0,1,22
3754,0.6249,1,1,1,23
3754,0.49,1,1,1,24
3754,0.5529,1,0,1,25
3754,0.6755,1,1,1,26
3754,0.6026,1,0,1,29
3754,0.4749,1,1,1,30
3754,0.5398,1,0,1,31
3754,0.5222,1,0,1,32
3754,0.489,1,0,1,33
3754,0.4402,1,0,1,34
3754,0.4576,1,1,1,35
3754,0.5869,1,0,1,36
3754,0.8751,1,1,1,37
3754,0.5255,1,1,1,39
3754,0.4386,1,1,1,40
3754,0.4383,1,1,1,42
3754,0.5234,1,0,1,44
3754,0.6401,1,1,1,45
3754,0.4742,1,0,1,46
3754,0.5216,1,0,1,47
3754,0.4887,1,0,1,48
3754,0.6367,1,1,1,52
3754,0.5245,1,0,1,53
3754,0.5414,1,1,1,54
3754,0.4411,1,0,1,58
3754,0.5572,1,1,1,60
3754,0.5721,1,0,1,63
3754,0.4892,1,0,1,64
3754,0.4552,1,1,1,66
3754,0.5361,0,0,1,67
3754,0.7089,1,1,1,68
3754,0.4571,1,0,1,71
3754,0.472,1,0,1,72
3754,0.4911,1,1,1,73
3754,0.575,1,1,1,74
3754,0.5554,1,1,1,75
3754,0.4753,1,0,1,76
3754,0.7909,1,0,1,79
3754,0.6423,1,1,1,80
3754,0.6366,1,0,1,81
3754,0.488,1,1,1,84
3754,0.6417,1,0,1,85
3754,0.5379,1,0,1,86
3754,0.5191,1,1,1,87
3754,0.4564,1,1,1,89
3754,0.4226,1,1,1,90
3754,0.5204,1,0,1,94
3754,0.7247,1,1,1,95
3754,0.4883,1,1,1,97
3754,0.6038,1,1,1,99
3754,0.4856,1,0,1,100
3754,0.6367,1,1,1,101
3754,0.4557,1,1,1,102
3754,0.6078,1,1,1,103
3754,0.5525,1,1,1,106
3754,0.5555,1,1,1,108
3754,0.5072,1,0,1,109
3754,0.5017,1,0,1,111
3754,0.4253,1,1,1,113
3754,0.4865,1,0,1,114
3754,0.7203,1,1,1,116
3754,0.6056,1,1,1,117
3754,0.5521,1,0,1,119
3754,0.5417,1,1,1,120
3754,0.571,1,0,1,121
3754,0.758,1,1,1,122
3754,0.5744,1,1,1,125
3754,0.5251,1,0,1,126
3754,0.4889,1,0,1,127
3754,0.5702,1,1,1,0
3754,0.6703,1,0,1,1
3754,0.5025,1,1,1,2
3754,0.7216,1,1,1,3
3754,0.4742,1,0,1,4
3754,0.5409,1,0,1,6
3754,0.5579,1,1,1,7
3754,0.6722,1,0,1,9
3754,0.5891,1,0,1,10
3754,0.627,1,1,1,11
3754,0.6068,1,0,1,15
3754,0.4582,1,1,1,16
3754,0.4881,1,1,1,17
3754,0.3906,1,0,1,18
3754,0.574,1,0,1,19
3754,0.6072,1,1,1,24
3754,0.887,1,0,1,25
3754,0.4408,1,1,1,26
3754,0.5577,1,1,1,30
3754,0.6053,1,1,1,31
3754,0.5029,1,0,1,32
3754,0.5032,1,1,1,33
3754,0.4916,1,1,1,35
3754,0.4584,1,0,1,37
3754,0.4585,1,1,1,38
3754,0.475,1,0,1,39
3754,0.4891,1,0,1,40
3754,0.4075,1,0,1,42
3754,0.5248,1,0,1,43
3754,0.6356,1,0,1,45
3754,0.591,1,0,1,46
3754,0.6412,1,1,1,47
3754,0.4194,1,1,1,49
3754,0.5543,1,1,1,51
3754,0.4579,0,0,1,52
3754,0.8382,1,0,1,53
3754,0.686,1,1,1,54
3754,0.6026,1,1,1,58
3754,0.7575,1,1,1,59
3754,0.5057,1,1,1,60
3754,0.501,1,0,1,62
3754,0.4892,1,0,1,63
3754,0.4059,1,1,1,65
3754,0.5223,1,1,1,66
3754,0.4547,1,0,1,67
3754,0.596,1,0,1,70
3754,0.5288,1,0,1,71
3754,0.4914,1,0,1,72
3754,0.5723,1,1,1,73
3754,0.4892,1,1,1,74
3754,0.3927,1,0,1,75
3754,0.372,1,0,1,76
3754,0.5364,1,1,1,80
3754,0.5075,1,1,1,81
3754,0.5854,1,1,1,83
3754,0.4753,1,0,1,84
3754,0.4875,1,0,1,86
3754,0.7685,1,1,1,87
3754,0.5416,1,0,1,88
3754,0.5247,1,0,1,89
3754,0.6499,1,1,1,90
3754,0.572,1,1,1,91
3754,0.474,1,1,1,92
3754,0.5912,1,0,1,94
3754,0.7853,1,1,1,96
3754,0.4585,1,1,1,98
3754,0.4222,1,1,1,99
3754,0.4425,1,0,1,100
3754,0.4884,1,1,1,102
3754,0.4225,1,1,1,103
3754,0.5913,1,1,1,111
3754,0.652,1,1,1,113
3754,0.5071,1,1,1,114
3754,0.5025,1,0,1,115
3754,0.4725,1,0,1,116
3754,0.4388,1,0,1,117
3754,0.559,1,1,1,119
3754,0.4874,1,0,1,120
3754,0.6572,1,0,1,121
3754,0.5077,1,0,1,122
3754,0.3889,1,0,1,124
3754,0.524,1,0,1,125
3754,0.472,1,0,1,126
3754,0.5519,1,1,1,127
3754,0.6032,1,1,1,3
3754,0.4892,1,1,1,4
3754,0.5681,1,1,1,6
3754,0.6017,1,1,1,8
3754,0.4455,1,0,1,9
3754,0.5406,1,1,1,11
3754,0.7273,1,1,1,12
3754,0.5742,1,0,1,13
3754,0.5495,1,1,1,14
3754,0.5191,1,0,1,15
3754,0.4385,1,1,1,18
3754,0.4746,1,1,1,21
3754,0.5528,1,0,1,22
3754,0.5682,1,1,1,24
3754,0.5245,1,1,1,26
3754,0.5087,1,0,1,27
3754,0.4568,1,1,1,28
3754,0.5522,1,0,1,30
3754,0.4919,1,1,1,31
3754,0.519,1,0,1,32
3754,0.422,1,0,1,33
3754,0.4421,1,1,1,35
3754,0.4053,1,1,1,36
3754,0.3905,1,0,1,40
3754,0.4411,1,0,1,42
3754,0.5197,1,1,1,43
3754,0.4107,1,0,1,44
3754,0.3755,1,1,1,45
3754,0.5907,1,1,1,46
3754,0.4748,1,0,1,51
3754,0.3395,1,0,1,52
3754,0.5523,1,1,1,53
3754,0.5419,1,0,1,56
3754,0.5814,1,1,1,57
3754,0.5138,1,0,1,58
3754,0.5392,1,0,1,59
3754,0.4716,1,0,1,60
3754,0.5531,1,1,1,61
3754,0.4389,1,0,1,64
3754,0.5721,1,1,1,65
3754,0.8755,1,1,1,69
3754,0.5189,1,0,1,70
3754,0.6935,1,1,1,71
3754,0.6741,1,1,1,75
3754,0.4875,1,1,1,77
3754,0.4912,1,0,1,79
3754,0.4723,1,0,1,80
3754,0.5867,1,1,1,81
3754,0.522,1,1,1,82
3754,0.519,1,0,1,83
3754,0.6187,1,0,1,85
3754,0.5249,1,0,1,86
3754,0.5187,1,1,1,87
3754,0.4911,1,0,1,88
3754,0.4744,1,0,1,89
3754,0.5417,0,1,1,90
3754,0.6691,1,0,1,91
3754,0.67,1,0,1,93
3754,0.5399,1,0,1,94
3754,0.6902,1,1,1,95
3754,0.6231,1,1,1,96
3754,0.4591,1,0,1,97
3754,0.4886,1,1,1,100
3754,0.5248,1,0,1,102
3754,0.5251,1,0,1,103
3754,0.4908,1,1,1,104
3754,0.4624,1,0,1,105
3754,0.6189,1,1,1,106
3754,0.5874,1,0,1,107
3754,0.5088,1,0,1,110
3754,0.4913,1,0,1,111
3754,0.6911,1,1,1,113
3754,0.4889,1,1,1,114
3754,0.5905,1,0,1,116
3754,0.4055,1,0,1,117
3754,0.5769,1,0,1,118
3754,0.4886,1,0,1,119
3754,0.5577,1,1,1,120
3754,0.7576,1,1,1,122
3754,0.5577,1,1,1,123
3754,0.669,1,0,1,124
3754,0.4599,1,1,1,125
3754,0.6197,1,1,1,127
3754,0.7243,1,1,1,1
3754,0.5554,1,1,1,2
3754,0.7369,1,1,1,4
3754,0.5075,1,0,1,6
3754,0.5852,1,0,1,9
3754,0.5392,1,0,1,10
3754,0.626,1,1,1,11
3754,0.4891,1,1,1,13
3754,0.5692,1,0,1,14
3754,0.5908,1,0,1,15
3754,0.5724,1,0,1,16
3754,0.5869,1,0,1,18
3754,0.6239,1,0,1,19
3754,0.5238,1,0,1,21
3754,0.4719,1,0,1,22
3754,0.4231,1,0,1,23
3754,0.5525,1,1,1,26
3754,0.4248,1,0,1,27
3754,0.4243,1,1,1,28
3754,0.553,1,0,1,30
3754,0.421,0,1,1,31
3754,0.6198,1,0,1,32
3754,0.4888,1,0,1,33
3754,0.6953,1,1,1,34
3754,0.5925,1,1,1,35
3754,0.6422,1,0,1,37
3754,0.5715,1,1,1,38
3754,0.519,1,0,1,39
3754,0.6237,1,1,1,46
3754,0.6696,1,1,1,48
3754,0.5081,1,1,1,49
3754,0.5866,1,0,1,50
3754,0.6559,1,1,1,51
3754,0.4254,1,1,1,54
3754,0.5691,1,0,1,56
3754,0.5077,1,0,1,59
3754,0.6221,1,1,1,61
3754,0.4559,1,0,1,66
3754,0.473,1,0,1,67
3754,0.5579,1,0,1,68
3754,0.4414,1,0,1,69
3754,0.4914,1,1,1,70
3754,0.4762,1,0,1,71
3754,0.4399,1,0,1,73
3754,0.4421,1,1,1,74
3754,0.5198,1,0,1,75
3754,0.4083,1,1,1,76
3754,0.4056,1,1,1,77
3754,0.4246,1,1,1,79
3754,0.6419,1,1,1,80
3754,0.5556,1,1,1,81
3754,0.5926,1,1,1,83
3754,0.6105,1,0,1,85
3754,0.4579,1,1,1,86
3754,0.4384,1,1,1,87
3754,0.5617,1,1,1,88
3754,0.4468,1,0,1,89
3754,0.5971,1,1,1,90
3754,0.4553,1,1,1,91
3754,0.4217,1,0,1,94
3754,0.4407,1,1,1,95
3754,0.4222,1,1,1,96
3754,0.4766,1,0,1,97
3754,0.5414,1,0,1,99
3754,0.6247,1,1,1,100
3754,0.5532,1,0,1,102
3754,0.5356,1,1,1,103
3754,0.6194,1,1,1,104
3754,0.4817,1,0,1,105
3754,0.3616,1,1,1,106
3754,0.5247,1,1,1,107
3754,0.375,1,0,1,108
3754,0.5527,1,1,1,109
3754,0.407,1,0,1,110
3754,0.406,1,0,1,111
3754,0.5372,1,0,1,113
3754,0.5277,1,1,1,115
3754,0.502,1,0,1,117
3754,0.4917,1,1,1,118
3754,0.5227,1,1,1,120
3754,0.5701,1,1,1,122
3754,0.4229,1,0,1,124
3754,0.5074,1,0,1,125
3754,0.4067,1,0,1,127
3754,0.5584,1,0,1,1
3754,0.6403,1,1,1,3
3754,0.5073,1,0,1,5
3754,0.4583,1,1,1,6
3754,0.691,1,1,1,7
3754,0.5241,1,1,1,8
3754,0.5402,1,0,1,10
3754,0.4909,1,0,1,11
3754,0.5556,1,0,1,12
3754,0.4589,1,1,1,13
3754,0.4405,1,1,1,15
3754,0.6363,1,0,1,16
3754,0.39,1,0,1,18
3754,0.7838,1,1,1,19
3754,0.54,1,1,1,20
3754,0.4394,1,1,1,21
3754,0.4735,1,1,1,23
3754,0.6219,1,1,1,24
3754,0.5749,1,0,1,25
3754,0.3931,1,1,1,27
3754,0.3216,1,1,1,28
3754,0.4222,1,1,1,30
3754,0.4248,1,1,1,32
3754,0.5246,1,0,1,33
3754,0.5074,1,0,1,34
3754,0.8863,1,0,1,39
3754,0.5225,1,0,1,41
3754,0.5056,1,1,1,43
3754,0.3916,1,0,1,44
3754,0.458,1,0,1,46
3754,0.5086,1,1,1,47
3754,0.3741,0,1,1,48
3754,0.5084,1,1,1,49
3754,0.5195,1,0,1,50
3754,0.4399,1,0,1,51
3754,0.5409,1,0,1,52
3754,0.4554,1,0,1,53
3754,0.4909,1,1,1,54
3754,0.4557,1,1,1,55
3754,0.4583,1,0,1,56
3754,0.3909,1,0,1,58
3754,0.4904,1,0,1,59
3754,0.5738,1,1,1,62
3754,0.5224,1,1,1,63
3754,0.4913,1,0,1,64
3754,0.4904,1,0,1,66
3754,0.456,1,0,1,67
3754,0.4233,1,1,1,68
3754,0.5558,1,0,1,69
3754,0.6193,1,1,1,71
3754,0.5056,1,1,1,72
3754,0.4549,1,1,1,73
3754,0.5408,1,1,1,74
3754,0.4725,1,0,1,76
3754,0.4417,1,1,1,78
3754,0.5742,1,1,1,81
3754,0.608,1,1,1,83
3754,0.5077,1,0,1,85
3754,0.586,1,1,1,86
3754,0.4912,1,0,1,88
3754,0.7022,1,1,1,91
3754,0.559,1,0,1,92
3754,0.5392,1,1,1,94
3754,0.5858,1,0,1,96
3754,0.4746,1,0,1,97
3754,0.4717,1,0,1,102
3754,0.529,1,0,1,104
3754,0.4276,1,1,1,105
3754,0.4891,1,0,1,107
3754,0.5612,1,1,1,109
3754,0.5697,1,1,1,111
3754,0.4868,1,0,1,112
3754,0.5568,1,0,1,114
3754,0.5748,1,0,1,116
3754,0.4917,1,0,1,117
3754,0.741,1,1,1,118
3754,0.4558,1,1,1,119
3754,0.4248,1,0,1,120
3754,0.4913,1,0,1,121
3754,0.6558,1,1,1,123
3754,0.4747,1,0,1,125
3754,0.4054,1,0,1,126
3754,0.3421,1,1,1,127
3910,0.699,1,1,1,0
3910,0.4123,1,0,1,2
3910,0.3735,1,0,1,3
3910,0.3301,1,1,1,4
3910,0.3048,1,0,1,6
3910,0.3679,1,1,1,7
3910,0.417,1,1,1,8
3910,0.4445,1,1,1,9
3910,0.3864,1,0,1,11
3910,0.3875,1,1,1,12
3910,0.43120000000000003,1,0,1,13
3910,0.4388,1,0,1,14
3910,0.4519,1,0,1,16
3910,0.3734,1,0,1,19
3910,0.334,1,0,1,21
3910,0.3517,1,0,1,22
3910,0.4398,1,1,1,23
3910,0.3569,1,0,1,24
3910,0.4578,1,0,1,25
3910,0.3663,1,0,1,26
3910,0.5698,1,0,1,28
3910,0.3933,1,1,1,29
3910,0.5759,1,0,1,30
3910,0.3829,1,0,1,31
3910,0.3922,1,1,1,32
3910,0.5149,1,1,1,35
3910,0.4863,1,1,1,37
3910,0.4343,1,1,1,39
3910,0.4707,1,1,1,40
3910,0.5202,1,0,1,42
3910,0.4035,1,0,1,43
3910,0.409,1,1,1,45
3910,0.4027,1,0,1,47
3910,0.4626,1,1,1,48
3910,0.493,1,1,1,49
3910,0.4634,1,1,1,50
3910,0.5401,1,0,1,51
3910,0.4917,1,1,1,53
3910,0.4289,1,1,1,58
3910,0.5038,1,1,1,60
3910,0.5667,1,1,1,61
3910,0.4918,1,1,1,63
3910,0.482,1,1,1,64
3910,0.4326,1,0,1,68
3910,0.4075,1,0,1,69
3910,0.4963,1,1,1,70
3910,0.5325,1,0,1,71
3910,0.5633,1,1,1,72
3910,0.4497,1,0,1,73
3910,0.5155,1,1,1,75
3910,0.4418,1,1,1,76
3910,0.5956,1,1,1,80
3910,0.649,1,1,1,81
3910,0.5322,1,0,1,82
3910,0.4542,1,0,1,89
3910,0.4126,1,0,1,91
3910,0.397,1,0,1,93
3910,0.5298,1,1,1,96
3910,0.3787,1,1,1,97
3910,0.3558,1,0,1,98
3910,0.3612,1,1,1,99
3910,0.3728,1,0,1,101
3910,0.4941,1,1,1,102
3910,0.4147,1,1,1,103
3910,0.4838,1,1,1,104
3910,0.4263,1,0,1,105
3910,0.3835,1,1,1,107
3910,0.3764,1,0,1,108
3910,0.3855,1,0,1,110
3910,0.481,1,1,1,112
3910,0.4316,1,0,1,113
3910,0.3456,1,0,1,114
3910,0.5848,1,1,1,116
3910,0.4615,1,0,1,117
3910,0.4247,1,1,1,120
3910,0.4922,1,0,1,121
3910,0.457,1,0,1,122
3910,0.4036,1,0,1,124
3910,0.4105,1,0,1,125
3910,0.4192,1,1,1,126
3910,0.4588,1,1,1,127
3910,0.6444,1,1,1,0
3910,0.3754,1,0,1,1
3910,0.3842,1,1,1,3
3910,0.3575,1,1,1,4
3910,0.3823,1,1,1,5
3910,0.3476,1,1,1,7
3910,0.3765,1,1,1,9
3910,0.4466,1,1,1,10
3910,0.4061,1,0,1,12
3910,0.4061,1,0,1,13
3910,0.4644,1,1,1,14
3910,0.3142,1,0,1,15
3910,0.6248,1,1,1,17
3910,0.4014,1,1,1,19
3910,0.3921,1,1,1,20
3910,0.5128,1,0,1,21
3910,0.3865,1,0,1,24
3910,0.4461,1,0,1,25
3910,0.3961,1,0,1,30
3910,0.4301,1,1,1,31
3910,0.4675,1,1,1,32
3910,0.4616,1,0,1,33
3910,0.3823,1,0,1,35
3910,0.6758,1,0,1,36
3910,0.4358,1,1,1,40
3910,0.3475,1,0,1,41
3910,0.4336,1,1,1,42
3910,0.403,1,0,1,44
3910,0.3707,1,0,1,45
3910,0.5618,1,1,1,46
3910,0.4453,1,0,1,47
3910,0.4257,1,1,1,48
3910,0.4526,0,1,1,49
3910,0.4704,1,1,1,50
3910,0.4294,1,1,1,51
3910,0.4186,1,1,1,53
3910,0.4578,1,0,1,55
3910,0.4488,1,1,1,56
3910,0.4884,1,0,1,58
3910,0.4462,1,0,1,59
3910,0.5783,1,0,1,60
3910,0.4047,1,0,1,62
3910,0.5066,1,1,1,63
3910,0.4174,1,0,1,65
3910,0.5208,1,1,1,66
3910,0.6451,1,1,1,67
3910,0.495,1,0,1,68
3910,0.4905,1,0,1,69
3910,0.4812,1,1,1,75
3910,0.4477,1,0,1,78
3910,0.5487,1,0,1,79
3910,0.4477,1,1,1,81
3910,0.4533,1,0,1,85
3910,0.438,1,1,1,87
3910,0.4253,1,0,1,89
3910,0.4876,1,1,1,92
3910,0.4578,1,0,1,93
3910,0.3774,1,0,1,94
3910,0.4982,1,0,1,95
3910,0.4446,1,1,1,96
3910,0.4005,1,0,1,97
3910,0.4353,1,0,1,98
3910,0.4424,1,0,1,100
3910,0.4675,1,1,1,101
3910,0.4064,1,0,1,102
3910,0.4131,1,0,1,103
3910,0.5114,1,1,1,104
3910,0.3621,1,1,1,107
3910,0.5019,1,1,1,108
3910,0.3897,1,1,1,111
3910,0.4121,1,1,1,112
3910,0.413,1,1,1,113
3910,0.3159,1,0,1,114
3910,0.4147,1,1,1,115
3910,0.3834,1,0,1,116
3910,0.4602,1,1,1,117
3910,0.3465,1,0,1,118
3910,0.3767,1,0,1,121
3910,0.4929,1,1,1,122
3910,0.4613,1,1,1,123
3910,0.4698,1,1,1,124
3910,0.4419,1,1,1,2
3910,0.3995,1,1,1,4
3910,0.4785,1,0,1,5
3910,0.5519,1,1,1,8
3910,0.4056,1,1,1,10
3910,0.5169,1,0,1,12
3910,0.3936,1,0,1,13
3910,0.453,1,1,1,14
3910,0.5522,1,0,1,15
3910,0.4,1,0,1,16
3910,0.365,1,1,1,17
3910,0.4379,1,1,1,18
3910,0.387,1,0,1,20
3910,0.451,1,0,1,21
3910,0.3958,1,0,1,22
3910,0.4254,1,0,1,23
3910,0.4027,1,1,1,27
3910,0.4974,1,1,1,28
3910,0.4821,1,1,1,29
3910,0.4125,1,1,1,30
3910,0.4844,1,0,1,31
3910,0.4093,1,1,1,34
3910,0.5191,1,1,1,37
3910,0.6207,1,0,1,39
3910,0.4588,1,0,1,41
3910,0.5958,1,1,1,42
3910,0.436,1,1,1,43
3910,0.4382,1,1,1,44
3910,0.4251,1,0,1,45
3910,0.4362,1,0,1,48
3910,0.4838,1,1,1,49
3910,0.4004,1,1,1,50
3910,0.4207,1,1,1,52
3910,0.3923,1,0,1,54
3910,0.3403,1,0,1,56
3910,0.6365,1,0,1,59
3910,0.424,1,1,1,60
3910,0.4124,1,1,1,65
3910,0.5057,1,0,1,66
3910,0.4253,1,0,1,69
3910,0.4804,1,0,1,70
3910,0.481,1,0,1,71
3910,0.4479,1,0,1,73
3910,0.4827,1,1,1,76
3910,0.413,1,1,1,77
3910,0.4281,1,0,1,79
3910,0.3737,1,1,1,80
3910,0.4596,1,1,1,81
3910,0.5505,1,1,1,82
3910,0.4286,1,0,1,83
3910,0.3521,1,1,1,84
3910,0.4448,1,0,1,86
3910,0.4715,1,1,1,87
3910,0.4011,1,0,1,88
3910,0.4985,1,1,1,89
3910,0.4364,1,0,1,92
3910,0.4911,1,1,1,94
3910,0.4044,1,1,1,95
3910,0.4493,1,1,1,97
3910,0.418,1,0,1,98
3910,0.3124,1,0,1,99
3910,0.3354,1,0,1,100
3910,0.4294,1,1,1,101
3910,0.3909,1,0,1,104
3910,0.4541,1,0,1,105
3910,0.4924,1,0,1,106
3910,0.418,1,0,1,108
3910,0.4286,1,0,1,110
3910,0.4827,1,1,1,111
3910,0.3947,1,1,1,113
3910,0.4678,1,0,1,114
3910,0.4988,1,0,1,116
3910,0.6443,1,0,1,117
3910,0.3847,1,0,1,118
3910,0.3561,1,1,1,120
3910,0.4301,1,1,1,121
3910,0.3593,1,0,1,123
3910,0.696,1,1,1,124
3910,0.4115,1,1,1,127
3910,0.5404,1,1,1,2
3910,0.4125,1,0,1,3
3910,0.4164,1,1,1,4
3910,0.3792,1,0,1,10
3910,0.3759,1,1,1,11
3910,0.3464,1,0,1,13
3910,0.4139,1,1,1,17
3910,0.4198,1,1,1,18
3910,0.3685,1,0,1,20
3910,0.4597,1,1,1,22
3910,0.4155,1,0,1,24
3910,0.5092,1,1,1,25
3910,0.4508,1,1,1,26
3910,0.4692,1,1,1,27
3910,0.4204,1,0,1,28
3910,0.4429,1,0,1,31
3910,0.4732,1,1,1,32
3910,0.3489,1,1,1,33
3910,0.4619,1,1,1,36
3910,0.3895,1,1,1,37
3910,0.3772,1,0,1,38
3910,0.3488,1,0,1,39
3910,0.5102,1,1,1,40
3910,0.4042,1,0,1,41
3910,0.4327,1,1,1,42
3910,0.3583,1,0,1,43
3910,0.3424,1,0,1,47
3910,0.3402,1,0,1,48
3910,0.6772,1,1,1,49
3910,0.4056,1,0,1,50
3910,0.4282,1,0,1,51
3910,0.374,1,0,1,53
3910,0.3887,1,0,1,54
3910,0.3221,1,1,1,58
3910,0.3898,1,0,1,60
3910,0.3219,1,1,1,61
3910,0.3658,1,1,1,62
3910,0.3776,1,1,1,63
3910,0.4322,1,0,1,65
3910,0.3174,1,0,1,66
3910,0.3375,1,1,1,67
3910,0.4396,1,1,1,68
3910,0.4105,1,1,1,69
3910,0.3263,1,0,1,70
3910,0.4275,1,1,1,72
3910,0.4261,1,1,1,73
3910,0.524,1,1,1,74
3910,0.4063,1,1,1,76
3910,0.3892,1,1,1,78
3910,0.3968,1,0,1,79
3910,0.3012,1,0,1,80
3910,0.3981,1,0,1,81
3910,0.2966,0,1,1,82
3910,0.401,1,1,1,83
3910,0.3907,1,0,1,84
3910,0.4129,1,0,1,87
3910,0.3454,1,1,1,89
3910,0.3839,1,0,1,91
3910,0.3729,1,0,1,92
3910,0.4215,1,0,1,93
3910,0.4084,1,1,1,97
3910,0.4697,1,1,1,98
3910,0.4271,1,0,1,100
3910,0.3636,1,1,1,101
3910,0.5186,1,1,1,102
3910,0.4901,1,0,1,104
3910,0.3516,1,1,1,105
3910,0.3998,1,0,1,106
3910,0.3051,1,0,1,107
3910,0.3719,1,1,1,108
3910,0.366,1,0,1,109
3910,0.2964,1,0,1,110
3910,0.2832,1,0,1,111
3910,0.3665,0,0,1,112
3910,0.4147,1,0,1,113
3910,0.3255,1,0,1,114
3910,0.3901,1,0,1,115
3910,0.4265,0,1,1,116
3910,0.3896,1,1,1,117
3910,0.4626,1,1,1,118
3910,0.2935,1,0,1,119
3910,0.4079,1,1,1,122
3910,0.3848,1,0,1,3
3910,0.3503,1,1,1,4
3910,0.3148,1,0,1,5
3910,0.3415,1,0,1,6
3910,0.4382,0,0,1,7
3910,0.3625,1,0,1,10
3910,0.3192,1,0,1,11
3910,0.4093,1,1,1,13
3910,0.3359,1,0,1,14
3910,0.5299,1,1,1,16
3910,0.3259,1,1,1,18
3910,0.4083,1,0,1,21
3910,0.4733,1,0,1,22
3910,0.5125,1,0,1,23
3910,0.4321,1,0,1,24
3910,0.4577,1,0,1,26
3910,0.4307,1,1,1,27
3910,0.4307,1,0,1,28
3910,0.3928,1,1,1,30
3910,0.4118,1,1,1,31
3910,0.4046,0,0,1,32
3910,0.3529,1,1,1,33
3910,0.3808,1,1,1,34
3910,0.3763,1,0,1,35
3910,0.4336,1,0,1,37
3910,0.3438,0,0,1,38
3910,0.4923,1,1,1,39
3910,0.3796,1,1,1,41
3910,0.4349,1,1,1,42
3910,0.4683,1,1,1,43
3910,0.4302,1,1,1,45
3910,0.4234,1,0,1,47
3910,0.4272,1,0,1,48
3910,0.3385,1,0,1,50
3910,0.3794,1,0,1,51
3910,0.4476,1,0,1,56
3910,0.4416,1,1,1,57
3910,0.3776,1,1,1,58
3910,0.4129,1,1,1,60
3910,0.5537,1,1,1,62
3910,0.3779,1,0,1,63
3910,0.4313,1,0,1,64
3910,0.4506,1,1,1,65
3910,0.4995,1,1,1,67
3910,0.5247,1,1,1,69
3910,0.4428,1,0,1,70
3910,0.341,1,0,1,72
3910,0.3963,1,0,1,73
3910,0.3787,1,1,1,74
3910,0.4172,1,0,1,75
3910,0.3989,1,0,1,78
3910,0.3341,1,0,1,79
3910,0.3956,1,1,1,80
3910,0.4049,1,0,1,82
3910,0.5283,1,1,1,83
3910,0.4137,1,0,1,84
3910,0.4135,1,0,1,87
3910,0.3405,1,1,1,88
3910,0.4647,1,1,1,89
3910,0.3591,1,0,1,91
3910,0.3355,1,1,1,93
3910,0.3753,1,0,1,94
3910,0.606,1,1,1,95
3910,0.429,1,0,1,96
3910,0.3758,1,1,1,97
3910,0.4058,1,1,1,99
3910,0.4391,1,0,1,101
3910,0.4714,1,1,1,102
3910,0.5109,1,1,1,103
3910,0.3878,1,0,1,104
3910,0.4754,1,0,1,105
3910,0.3926,1,1,1,107
3910,0.4418,1,1,1,112
3910,0.4084,1,1,1,113
3910,0.3689,1,1,1,115
3910,0.4372,1,0,1,117
3910,0.4914,1,0,1,119
3910,0.4134,1,1,1,120
3910,0.4259,1,1,1,121
3910,0.4534,1,1,1,122
3910,0.4156,1,0,1,124
3910,0.4646,1,1,1,125
3910,0.4603,1,0,1,0
3910,0.3663,0,1,1,1
3910,0.3792,1,1,1,4
3910,0.3665,1,0,1,5
3910,0.3895,1,0,1,6
3910,0.3871,1,0,1,8
3910,0.4105,1,1,1,9
3910,0.4404,1,1,1,10
3910,0.4512,1,0,1,11
3910,0.4198,1,1,1,14
3910,0.3875,1,0,1,16
3910,0.3273,1,1,1,17
3910,0.3483,1,1,1,18
3910,0.3723,1,1,1,19
3910,0.4326,1,0,1,20
3910,0.4735,1,1,1,21
3910,0.4636,1,1,1,22
3910,0.4374,1,0,1,23
3910,0.3924,1,1,1,24
3910,0.4928,1,1,1,25
3910,0.3786,1,0,1,27
3910,0.4089,1,0,1,28
3910,0.4753,1,0,1,29
3910,0.3352,1,0,1,30
3910,0.3919,1,0,1,33
3910,0.4864,1,0,1,34
3910,0.4247,1,1,1,36
3910,0.4211,1,1,1,37
3910,0.4131,1,1,1,38
3910,0.3302,1,0,1,39
3910,0.4926,1,1,1,42
3910,0.6603,1,0,1,44
3910,0.4295,1,0,1,45
3910,0.3917,1,1,1,46
3910,0.5158,1,0,1,47
3910,0.4039,1,0,1,49
3910,0.4912,1,1,1,50
3910,0.6277,1,1,1,53
3910,0.454,1,1,1,54
3910,0.4182,1,0,1,55
3910,0.4075,1,0,1,56
3910,0.39,1,1,1,58
3910,0.3867,1,0,1,59
3910,0.3819,1,0,1,60
3910,0.3562,1,0,1,62
3910,0.398,1,1,1,63
3910,0.4218,1,1,1,64
3910,0.4593,1,0,1,65
3910,0.3843,1,0,1,67
3910,0.3738,1,0,1,68
3910,0.4099,1,0,1,71
3910,0.3183,1,0,1,73
3910,0.4148,1,1,1,75
3910,0.406,1,0,1,76
3910,0.3881,1,0,1,77
3910,0.3842,1,0,1,78
3910,0.3525,1,1,1,80
3910,0.3826,1,0,1,84
3910,0.4258,1,1,1,86
3910,0.4086,1,1,1,88
3910,0.3325,1,1,1,89
3910,0.4997,1,0,1,90
3910,0.3349,1,0,1,91
3910,0.4296,1,1,1,93
3910,0.3957,1,0,1,94
3910,0.3726,1,1,1,95
3910,0.3953,1,1,1,96
3910,0.4054,0,1,1,99
3910,0.3813,1,0,1,100
3910,0.4082,1,0,1,101
3910,0.413,1,1,1,103
3910,0.4764,1,1,1,107
3910,0.4415,1,1,1,108
3910,0.4205,1,1,1,109
3910,0.3699,1,0,1,110
3910,0.4991,1,0,1,111
3910,0.4813,1,1,1,112
3910,0.3306,1,1,1,114
3910,0.389,1,1,1,116
3910,0.3485,1,0,1,118
3910,0.3737,1,1,1,119
3910,0.3949,1,1,1,122
3910,0.3633,1,0,1,125
3910,0.4184,1,1,1,127
3910,0.4606,1,1,1,0
3910,0.3385,1,0,1,3
3910,0.4056,1,1,1,4
3910,0.3588,0,1,1,5
3910,0.54,1,1,1,6
3910,0.3373,1,0,1,7
3910,0.3519,1,1,1,9
3910,0.4281,1,1,1,10
3910,0.4323,1,1,1,11
3910,0.3601,1,1,1,12
3910,0.3484,1,0,1,13
3910,0.3624,1,1,1,15
3910,0.3551,0,1,1,16
3910,0.3508,1,0,1,17
3910,0.339,0,1,1,19
3910,0.3845,1,1,1,20
3910,0.3103,1,0,1,21
3910,0.3436,0,1,1,22
3910,0.4988,1,1,1,23
3910,0.4043,1,0,1,25
3910,0.449,1,1,1,26
3910,0.3724,1,0,1,27
3910,0.4049,0,0,1,28
3910,0.4479,1,1,1,29
3910,0.4123,1,0,1,30
3910,0.4319,1,1,1,31
3910,0.4204,1,1,1,32
3910,0.3899,1,0,1,33
3910,0.3487,1,0,1,37
3910,0.3371,1,0,1,39
3910,0.3948,1,1,1,41
3910,0.3301,1,1,1,44
3910,0.4752,1,1,1,45
3910,0.369,1,0,1,46
3910,0.3309,0,0,1,48
3910,0.3915,1,0,1,49
3910,0.3646,1,0,1,51
3910,0.3177,1,1,1,52
3910,0.5441,1,0,1,53
3910,0.3199,1,0,1,54
3910,0.3379,1,0,1,55
3910,0.5274,1,1,1,56
3910,0.4197,0,1,1,58
3910,0.4199,1,0,1,60
3910,0.3991,1,0,1,61
3910,0.3175,1,1,1,62
3910,0.3867,1,0,1,65
3910,0.3725,1,0,1,66
3910,0.3474,1,0,1,67
3910,0.3732,1,0,1,68
3910,0.4308,1,0,1,71
3910,0.3545,1,0,1,73
3910,0.3941,1,1,1,74
3910,0.393,1,0,1,77
3910,0.341,1,1,1,78
3910,0.4092,1,1,1,79
3910,0.4766,1,1,1,80
3910,0.5457,1,1,1,81
3910,0.4213,1,1,1,84
3910,0.3902,1,1,1,85
3910,0.3895,1,1,1,86
3910,0.4119,1,1,1,87
3910,0.6335,1,0,1,88
3910,0.3678,1,0,1,89
3910,0.3238,1,0,1,90
3910,0.3907,1,0,1,96
3910,0.549,1,0,1,98
3910,0.3449,1,0,1,101
3910,0.4679,1,1,1,102
3910,0.472,1,0,1,103
3910,0.3997,1,1,1,104
3910,0.3848,1,0,1,107
3910,0.4367,1,0,1,109
3910,0.3636,1,0,1,112
3910,0.3859,1,0,1,114
3910,0.3846,1,1,1,117
3910,0.4341,1,0,1,118
3910,0.4851,1,0,1,119
3910,0.338,0,1,1,120
3910,0.4309,1,1,1,122
3910,0.3787,1,1,1,125
3910,0.459,1,1,1,126
3910,0.5199,1,1,1,127
3910,0.4143,1,1,1,1
3910,0.4206,1,0,1,2
3910,0.3591,1,0,1,3
3910,0.3963,1,1,1,4
3910,0.4007,1,0,1,5
3910,0.4209,1,0,1,7
3910,0.4034,1,0,1,8
3910,0.3865,1,0,1,9
3910,0.3476,1,0,1,10
3910,0.4178,1,1,1,11
3910,0.3882,1,1,1,12
3910,0.3843,1,0,1,13
3910,0.3985,1,1,1,14
3910,0.3343,1,1,1,17
3910,0.3761,1,0,1,18
3910,0.3543,1,1,1,19
3910,0.45,1,1,1,21
3910,0.4098,1,0,1,22
3910,0.4084,1,1,1,24
3910,0.4577,1,1,1,25
3910,0.3746,1,0,1,26
3910,0.3151,1,0,1,27
3910,0.3459,1,0,1,29
3910,0.3849,1,0,1,30
3910,0.4124,1,0,1,31
3910,0.3481,1,0,1,32
3910,0.4349,1,1,1,33
3910,0.3655,1,1,1,34
3910,0.3198,1,1,1,35
3910,0.3508,1,0,1,40
3910,0.3695,1,0,1,42
3910,0.3931,1,0,1,44
3910,0.4992,1,1,1,45
3910,0.3913,1,1,1,46
3910,0.4452,1,0,1,47
3910,0.4934,1,1,1,48
3910,0.4207,1,0,1,49
3910,0.4427,1,1,1,50
3910,0.3669,1,0,1,52
3910,0.503,1,0,1,56
3910,0.4602,1,1,1,57
3910,0.4571,1,0,1,59
3910,0.4735,1,0,1,61
3910,0.3404,1,0,1,62
3910,0.3699,1,1,1,64
3910,0.3838,0,1,1,66
3910,0.4612,1,1,1,67
3910,0.3754,1,0,1,68
3910,0.4388,1,1,1,69
3910,0.3786,1,0,1,73
3910,0.4509,1,1,1,75
3910,0.4265,1,1,1,76
3910,0.6732,1,0,1,77
3910,0.5559,1,1,1,78
3910,0.4367,1,1,1,79
3910,0.5306,1,1,1,80
3910,0.4554,1,0,1,83
3910,0.4156,1,1,1,85
3910,0.3847,1,0,1,86
3910,0.3816,1,1,1,89
3910,0.4422,1,1,1,92
3910,0.3863,1,1,1,93
3910,0.3852,1,1,1,94
3910,0.4214,1,1,1,96
3910,0.4221,1,1,1,97
3910,0.4288,1,1,1,99
3910,0.3577,1,0,1,101
3910,0.4403,1,0,1,102
3910,0.3818,1,1,1,103
3910,0.4517,1,1,1,109
3910,0.3657,1,0,1,110
3910,0.3723,1,1,1,111
3910,0.4407,1,0,1,112
3910,0.3646,1,0,1,113
3910,0.4348,1,1,1,115
3910,0.4585,1,0,1,116
3910,0.3773,1,1,1,117
3910,0.4646,1,1,1,120
3910,0.4811,1,0,1,121
3910,0.4163,1,0,1,124
3910,0.3644,1,0,1,126
3988,0.6884,1,1,1,1
3988,0.4511,1,1,1,2
3988,0.3836,1,0,1,4
3988,0.4826,1,1,1,5
3988,0.3271,1,0,1,6
3988,0.4788,1,0,1,7
3988,0.3703,0,1,1,8
3988,0.5334,1,0,1,9
3988,0.6004,1,1,1,11
3988,0.5336,1,1,1,12
3988,0.4166,1,0,1,14
3988,0.5338,1,0,1,16
3988,0.5843,1,0,1,20
3988,0.4379,1,1,1,21
3988,0.4667,1,0,1,22
3988,0.4832,1,0,1,25
3988,0.6538,1,1,1,26
3988,0.6161,1,1,1,28
3988,0.3801,1,0,1,31
3988,0.7163,1,0,1,33
3988,0.4118,1,0,1,34
3988,0.4006,1,0,1,36
3988,0.4859,1,0,1,37
3988,0.3839,1,0,1,38
3988,0.4911,1,0,1,39
3988,0.4876,1,1,1,40
3988,0.4385,1,0,1,41
3988,0.4835,0,1,1,42
3988,0.517,1,0,1,47
3988,0.6673,1,1,1,48
3988,0.5623,1,1,1,49
3988,0.4506,1,1,1,50
3988,0.3733,1,0,1,52
3988,0.4827,1,0,1,53
3988,0.4838,1,0,1,54
3988,0.5004,1,0,1,55
3988,0.3465,1,0,1,56
3988,0.4668,1,1,1,57
3988,0.6313,1,0,1,59
3988,0.7163,1,1,1,60
3988,0.7176,1,1,1,61
3988,0.54990000000000006,1,1,1,62
3988,0.4669,0,1,1,64
3988,0.4417,1,0,1,65
3988,0.4346,1,0,1,66
3988,0.4376,1,0,1,67
3988,0.464,1,0,1,69
3988,0.6699,1,1,1,70
3988,0.5586,1,1,1,71
3988,0.5403,1,1,1,72
3988,0.4929,1,1,1,73
3988,0.4826,1,1,1,74
3988,0.4365,1,0,1,76
3988,0.3817,0,1,1,77
3988,0.5788,1,1,1,81
3988,0.6293,1,1,1,82
3988,0.4569,1,1,1,84
3988,0.5026,1,0,1,85
3988,0.4036,1,0,1,87
3988,0.4694,1,1,1,88
3988,0.6266,1,1,1,89
3988,0.6156,0,1,1,93
3988,0.4706,1,0,1,96
3988,0.6387,1,1,1,101
3988,0.3704,1,0,1,103
3988,0.3954,1,1,1,105
3988,0.4767,1,1,1,109
3988,0.487,0,0,1,110
3988,0.5549,1,0,1,111
3988,0.4306,1,1,1,113
3988,0.4077,1,1,1,114
3988,0.3839,1,1,1,115
3988,0.3434,0,1,1,116
3988,0.485,1,0,1,119
3988,0.4308,1,1,1,121
3988,0.5049,1,0,1,122
3988,0.3783,1,0,1,123
3988,0.3376,1,0,1,124
3988,0.3475,1,0,1,126
3988,0.3438,0,0,1,127
3988,0.5429,1,1,1,1
3988,0.3024,1,0,1,2
3988,0.3065,1,0,1,3
3988,0.2879,0,0,1,4
3988,0.3396,1,0,1,5
3988,0.345,1,1,1,6
3988,0.326,1,1,1,7
3988,0.4604,1,1,1,8
3988,0.3553,1,1,1,12
3988,0.3384,1,1,1,13
3988,0.4598,1,1,1,14
3988,0.3623,1,0,1,15
3988,0.3775,1,0,1,17
3988,0.3667,1,1,1,18
3988,0.3693,0,0,1,20
3988,0.5787,0,1,1,21
3988,0.3403,1,0,1,24
3988,0.4009,1,1,1,25
3988,0.313,0,0,1,27
3988,0.5704,1,0,1,29
3988,0.3719,1,0,1,30
3988,0.4411,1,0,1,31
3988,0.556,1,1,1,32
3988,0.5485,1,1,1,34
3988,0.3541,1,0,1,35
3988,0.4562,1,1,1,36
3988,0.4842,1,1,1,37
3988,0.4695,1,0,1,39
3988,0.4863,1,1,1,40
3988,0.4445,1,1,1,41
3988,0.4979,1,1,1,43
3988,0.3637,1,0,1,44
3988,0.4077,1,0,1,46
3988,0.3801,1,1,1,47
3988,0.4792,1,1,1,48
3988,0.4006,1,0,1,49
3988,0.3261,1,1,1,50
3988,0.5197,1,0,1,51
3988,0.4129,1,0,1,52
3988,0.3776,0,1,1,53
3988,0.3404,1,0,1,55
3988,0.3272,1,1,1,56
3988,0.3616,1,0,1,57
3988,0.3236,1,1,1,58
3988,0.3286,1,1,1,60
3988,0.5659,1,0,1,61
3988,0.4368,1,1,1,62
3988,0.37,1,0,1,64
3988,0.3514,1,0,1,67
3988,0.3386,0,1,1,68
3988,0.5192,1,0,1,69
3988,0.3554,0,0,1,70
3988,0.4333,1,0,1,71
3988,0.3573,1,0,1,72
3988,0.6685,1,1,1,76
3988,0.3675,1,0,1,83
3988,0.4349,1,1,1,84
3988,0.3862,1,1,1,89
3988,0.474,1,1,1,91
3988,0.4864,1,0,1,92
3988,0.5464,1,0,1,95
3988,0.5836,1,1,1,96
3988,0.5841,0,1,1,97
3988,0.7583,0,1,1,98
3988,0.8099,1,0,1,99
3988,0.4566,1,1,1,100
3988,0.43,1,0,1,103
3988,0.3874,1,1,1,105
3988,0.3541,1,1,1,106
3988,0.4432,1,1,1,107
3988,0.3248,1,0,1,108
3988,0.3547,1,0,1,109
3988,0.3463,1,1,1,113
3988,0.3398,1,0,1,114
3988,0.3068,0,0,1,115
3988,0.3913,1,1,1,119
3988,0.4717,1,1,1,120
3988,0.3753,1,0,1,121
3988,0.3772,1,0,1,122
3988,0.3574,1,0,1,123
3988,0.4863,1,1,1,124
3988,0.4555,0,1,1,125
3988,0.555,0,0,1,126
3988,0.3888,1,0,1,127
3988,0.7502,1,0,1,0
3988,0.3624,1,0,1,1
3988,0.4328,1,1,1,2
3988,0.4598,1,1,1,3
3988,0.4323,1,1,1,5
3988,0.4872,1,1,1,6
3988,0.4927,1,1,1,7
3988,0.6385,1,0,1,9
3988,0.4283,1,0,1,11
3988,0.4734,1,0,1,12
3988,0.4614,1,1,1,13
3988,0.3537,1,0,1,14
3988,0.5903,1,1,1,15
3988,0.4118,1,0,1,17
3988,0.4051,1,0,1,18
3988,0.4209,1,1,1,21
3988,0.3959,1,0,1,26
3988,0.4132,1,1,1,27
3988,0.4333,1,0,1,29
3988,0.4386,0,1,1,30
3988,0.4874,1,0,1,31
3988,0.3378,1,0,1,32
3988,0.4865,1,1,1,33
3988,0.3064,1,0,1,34
3988,0.4769,1,0,1,35
3988,0.4041,1,0,1,37
3988,0.4233,1,1,1,38
3988,0.4788,1,1,1,43
3988,0.432,1,0,1,44
3988,0.4422,1,1,1,45
3988,0.3498,1,1,1,46
3988,0.3641,0,1,1,48
3988,0.3777,1,0,1,50
3988,0.323,1,0,1,51
3988,0.3636,1,0,1,53
3988,0.3092,1,1,1,54
3988,0.3981,1,0,1,55
3988,0.4283,1,1,1,56
3988,0.6887,1,0,1,57
3988,0.5062,1,1,1,62
3988,0.4856,1,0,1,63
3988,0.4994,1,1,1,64
3988,0.4897,1,0,1,65
3988,0.3797,0,1,1,66
3988,0.3003,1,0,1,67
3988,0.3105,1,1,1,69
3988,0.3914,1,0,1,71
3988,0.5413,1,1,1,72
3988,0.2624,1,0,1,76
3988,0.6088,1,1,1,78
3988,0.4292,1,1,1,79
3988,0.422,1,1,1,80
3988,0.3144,0,1,1,81
3988,0.5168,1,1,1,82
3988,0.6671,1,1,1,83
3988,0.4046,1,0,1,84
3988,0.3672,0,0,1,88
3988,0.54990000000000006,1,1,1,89
3988,0.3495,1,0,1,90
3988,0.37,1,1,1,91
3988,0.2549,1,0,1,95
3988,0.2888,1,1,1,96
3988,0.5698,1,0,1,98
3988,0.3708,1,0,1,101
3988,0.3709,0,1,1,102
3988,0.5827,1,0,1,103
3988,0.4085,1,1,1,104
3988,0.4369,1,0,1,105
3988,0.4331,1,0,1,107
3988,0.5439,1,0,1,108
3988,0.3939,1,0,1,109
3988,0.2991,1,0,1,111
3988,0.4148,1,1,1,112
3988,0.443,1,0,1,113
3988,0.3976,1,1,1,114
3988,0.3834,1,1,1,115
3988,0.3603,1,1,1,117
3988,0.3462,1,0,1,118
3988,0.3342,1,1,1,123
3988,0.4531,1,1,1,125
3988,0.3466,1,0,1,126
3988,0.3573,1,0,1,127
3988,0.7159,1,0,1,0
3988,0.3547,1,0,1,1
3988,0.3342,1,0,1,2
3988,0.5289,1,0,1,4
3988,0.4019,1,0,1,8
3988,0.4161,1,0,1,9
3988,0.388,1,0,1,10
3988,0.6185,1,1,1,11
3988,0.4852,1,0,1,13
3988,0.5162,1,1,1,17
3988,0.8748,1,0,1,18
3988,0.5022,1,1,1,19
3988,0.3916,1,0,1,20
3988,0.4576,1,0,1,23
3988,0.3515,0,1,1,25
3988,0.4038,1,1,1,26
3988,0.453,1,0,1,29
3988,0.3943,1,1,1,30
3988,0.4944,1,1,1,31
3988,0.4212,1,1,1,32
3988,0.2718,1,0,1,33
3988,0.3208,1,0,1,34
3988,0.4274,1,1,1,35
3988,0.4156,1,1,1,39
3988,0.4055,1,1,1,40
3988,0.331,0,1,1,41
3988,0.712,1,1,1,42
3988,0.4043,1,1,1,44
3988,0.3906,1,0,1,45
3988,0.3667,1,0,1,46
3988,0.3756,1,0,1,47
3988,0.3647,1,1,1,48
3988,0.29,1,0,1,49
3988,0.464,1,0,1,50
3988,0.3698,1,0,1,53
3988,0.6188,1,1,1,54
3988,0.3529,1,0,1,55
3988,0.2779,1,1,1,57
3988,0.4114,1,0,1,59
3988,0.4538,1,1,1,61
3988,0.4059,1,1,1,62
3988,0.5184,1,0,1,63
3988,0.313,1,0,1,65
3988,0.4669,1,1,1,67
3988,0.3195,1,0,1,69
3988,0.5396,1,1,1,70
3988,0.3001,0,1,1,71
3988,0.3514,1,1,1,72
3988,0.2856,0,0,1,73
3988,0.4591,1,1,1,76
3988,0.5177,1,1,1,77
3988,0.4484,1,1,1,78
3988,0.6198,1,1,1,81
3988,0.4583,1,1,1,82
3988,0.3181,0,1,1,85
3988,0.3344,1,0,1,86
3988,0.5165,1,0,1,87
3988,0.4712,1,0,1,88
3988,0.5391,1,1,1,89
3988,0.2833,1,0,1,91
3988,0.5549,1,0,1,92
3988,0.468,1,0,1,94
3988,0.4797,1,1,1,95
3988,0.4164,1,1,1,96
3988,0.4219,1,1,1,97
3988,0.4619,1,1,1,100
3988,0.495,1,1,1,101
3988,0.4557,1,0,1,102
3988,0.5183,1,1,1,103
3988,0.3677,1,0,1,104
3988,0.4054,1,0,1,106
3988,0.3445,1,1,1,107
3988,0.3377,1,1,1,112
3988,0.5265,1,1,1,113
3988,0.4506,1,0,1,115
3988,0.3374,1,0,1,116
3988,0.2961,0,0,1,117
3988,0.3122,1,1,1,119
3988,0.7137,1,1,1,120
3988,0.4369,1,0,1,123
3988,0.4795,1,0,1,124
3988,0.451,1,1,1,126
3988,0.3791,1,0,1,127
3988,0.5172,1,0,1,0
3988,0.5121,1,0,1,1
3988,0.4097,1,1,1,3
3988,0.3649,1,0,1,4
3988,0.379,1,0,1,5
3988,0.3196,1,0,1,6
3988,0.4072,1,0,1,9
3988,0.4958,1,1,1,11
3988,0.5381,1,0,1,12
3988,0.3261,1,0,1,13
3988,0.629,1,0,1,15
3988,0.4451,1,1,1,17
3988,0.3956,1,0,1,19
3988,0.47,1,1,1,21
3988,0.3246,1,0,1,25
3988,0.2958,1,1,1,26
3988,0.3846,1,1,1,27
3988,0.4602,1,1,1,28
3988,0.4926,1,1,1,31
3988,0.4744,1,0,1,34
3988,0.4697,1,1,1,35
3988,0.3888,1,1,1,36
3988,0.4532,1,1,1,37
3988,0.3435,1,1,1,38
3988,0.3737,1,1,1,39
3988,0.4602,1,1,1,40
3988,0.5607,1,1,1,41
3988,0.4126,1,0,1,42
3988,0.3642,1,0,1,43
3988,0.519,1,1,1,44
3988,0.3531,1,1,1,45
3988,0.4927,1,1,1,47
3988,0.443,1,1,1,51
3988,0.6637,1,1,1,53
3988,0.4547,1,1,1,54
3988,0.3429,1,0,1,56
3988,0.3535,1,0,1,57
3988,0.2904,1,0,1,58
3988,0.369,1,0,1,59
3988,0.314,1,1,1,60
3988,0.6191,1,0,1,61
3988,0.4217,1,1,1,63
3988,0.4584,1,0,1,64
3988,0.3544,1,1,1,67
3988,0.4004,1,0,1,70
3988,0.2633,0,0,1,72
3988,0.355,1,0,1,74
3988,0.3318,1,1,1,75
3988,0.5543,1,0,1,77
3988,0.6055,1,1,1,79
3988,0.4,1,1,1,80
3988,0.364,1,0,1,81
3988,0.369,1,1,1,82
3988,0.3539,1,0,1,85
3988,0.3711,1,0,1,86
3988,0.4752,1,0,1,87
3988,0.7577,1,0,1,88
3988,0.5081,1,0,1,89
3988,0.4858,1,1,1,91
3988,0.3969,1,1,1,93
3988,0.4478,1,0,1,94
3988,0.3432,1,0,1,98
3988,0.6853,1,1,1,99
3988,0.3967,1,0,1,100
3988,0.3235,1,0,1,102
3988,0.4215,1,1,1,104
3988,0.403,1,1,1,105
3988,0.2604,1,1,1,106
3988,0.3277,1,1,1,108
3988,0.4975,1,0,1,109
3988,0.345,1,1,1,110
3988,0.3958,1,0,1,112
3988,0.4227,1,1,1,113
3988,0.3539,1,1,1,114
3988,0.4341,1,0,1,115
3988,0.3244,1,1,1,117
3988,0.456,1,0,1,118
3988,0.3451,1,0,1,119
3988,0.4314,1,1,1,120
3988,0.3523,1,0,1,122
3988,0.3852,1,0,1,126
3988,0.3955,0,1,1,127
3988,0.259,0,0,1,3
3988,0.3746,1,0,1,4
3988,0.3189,1,1,1,6
3988,0.4362,1,0,1,7
3988,0.6112,1,1,1,8
3988,0.3343,0,1,1,10
3988,0.3174,1,0,1,11
3988,0.4869,1,1,1,13
3988,0.3213,1,1,1,14
3988,0.3209,1,0,1,16
3988,0.4528,1,1,1,17
3988,0.2997,1,0,1,19
3988,0.3493,1,1,1,20
3988,0.3795,1,0,1,27
3988,0.2595,1,0,1,28
3988,0.4282,1,1,1,31
3988,0.4766,1,1,1,32
3988,0.4107,1,1,1,33
3988,0.461,1,1,1,34
3988,0.354,1,1,1,35
3988,0.2938,1,0,1,36
3988,0.2963,1,1,1,37
3988,0.3302,0,1,1,39
3988,0.5049,1,0,1,40
3988,0.4702,1,0,1,41
3988,0.3863,0,1,1,42
3988,0.5666,1,1,1,43
3988,0.487,1,0,1,44
3988,0.3335,1,0,1,45
3988,0.3478,1,0,1,47
3988,0.4915,1,1,1,48
3988,0.521,1,1,1,49
3988,0.284,1,1,1,51
3988,0.3853,1,0,1,53
3988,0.527,1,1,1,55
3988,0.4117,1,1,1,57
3988,0.4702,1,0,1,58
3988,0.3756,1,1,1,60
3988,0.3363,1,0,1,61
3988,0.3247,1,1,1,63
3988,0.3378,1,1,1,64
3988,0.4605,1,1,1,65
3988,0.5703,1,0,1,66
3988,0.3441,1,0,1,69
3988,0.3037,0,1,1,70
3988,0.453,1,0,1,71
3988,0.3714,1,0,1,72
3988,0.2985,1,1,1,73
3988,0.4335,1,1,1,74
3988,0.4023,1,0,1,75
3988,0.355,1,0,1,76
3988,0.3275,1,0,1,77
3988,0.4552,1,1,1,80
3988,0.2817,0,1,1,81
3988,0.3439,1,0,1,85
3988,0.3643,0,1,1,86
3988,0.3958,1,1,1,87
3988,0.4012,1,0,1,88
3988,0.4011,0,1,1,89
3988,0.4793,1,1,1,94
3988,0.3685,1,0,1,95
3988,0.3783,1,0,1,97
3988,0.44,1,1,1,98
3988,0.3877,1,0,1,100
3988,0.499,1,1,1,103
3988,0.3984,1,1,1,105
3988,0.404,1,1,1,107
3988,0.2815,1,0,1,108
3988,0.2717,1,0,1,109
3988,0.5559,1,0,1,111
3988,0.3221,1,0,1,115
3988,0.4323,1,0,1,116
3988,0.4009,1,0,1,118
3988,0.333,1,1,1,119
3988,0.4068,1,1,1,120
3988,0.3828,0,1,1,121
3988,0.3641,1,0,1,122
3988,0.3543,1,0,1,123
3988,0.3625,1,1,1,124
3988,0.3979,1,0,1,126
3988,0.2869,1,0,1,127
3988,0.6954,1,0,1,0
3988,0.4968,1,0,1,1
3988,0.2846,0,0,1,2
3988,0.4702,1,0,1,3
3988,0.7253,0,0,1,4
3988,0.3413,1,0,1,6
3988,0.4111,0,0,1,7
3988,0.4171,0,1,1,8
3988,0.2813,1,0,1,10
3988,0.3493,1,1,1,13
3988,0.6391,1,0,1,15
3988,0.3447,1,0,1,16
3988,0.3005,1,1,1,17
3988,0.2602,1,1,1,21
3988,0.3327,1,0,1,22
3988,0.269,1,1,1,23
3988,0.3207,1,0,1,25
3988,0.403,1,0,1,28
3988,0.3021,1,1,1,29
3988,0.2715,0,1,1,31
3988,0.3054,1,0,1,33
3988,0.3961,1,1,1,34
3988,0.4084,1,1,1,36
3988,0.394,1,1,1,39
3988,0.3036,1,0,1,41
3988,0.3539,1,1,1,49
3988,0.2935,0,1,1,50
3988,0.4692,1,0,1,52
3988,0.3742,1,1,1,54
3988,0.2936,1,1,1,55
3988,0.3542,1,1,1,57
3988,0.3092,1,1,1,58
3988,0.2711,1,0,1,61
3988,0.4634,1,1,1,62
3988,0.3051,1,1,1,63
3988,0.312,1,0,1,64
3988,0.3377,1,0,1,65
3988,0.4025,1,1,1,68
3988,0.4023,1,0,1,69
3988,0.4233,1,1,1,71
3988,0.2949,1,0,1,72
3988,0.3029,1,0,1,75
3988,0.355,1,0,1,76
3988,0.3784,1,0,1,79
3988,0.4186,1,1,1,85
3988,0.27,1,0,1,86
3988,0.2779,1,1,1,88
3988,0.5032,1,1,1,89
3988,0.3117,1,0,1,90
3988,0.5032,1,1,1,91
3988,0.3863,1,0,1,92
3988,0.4039,1,0,1,94
3988,0.29,1,0,1,95
3988,0.263,1,1,1,96
3988,0.303,0,1,1,100
3988,0.3844,1,0,1,101
3988,0.3899,1,0,1,102
3988,0.3161,1,1,1,103
3988,0.319,0,0,1,104
3988,0.8449,1,0,1,105
3988,0.2958,1,0,1,107
3988,0.3202,0,1,1,109
3988,0.5538,1,0,1,113
3988,0.3873,1,0,1,115
3988,0.3172,1,1,1,116
3988,0.4182,1,1,1,119
3988,0.4085,1,0,1,121
3988,0.3373,1,0,1,122
3988,0.4001,1,1,1,124
3988,0.4281,1,1,1,127
3988,0.3773,1,0,1,1
3988,0.3455,0,1,1,3
3988,0.4213,1,1,1,4
3988,0.3147,1,0,1,5
3988,0.2613,1,1,1,7
3988,0.291,1,1,1,8
3988,0.56,1,1,1,9
3988,0.4587,0,1,1,14
3988,0.4047,1,0,1,16
3988,0.388,1,0,1,19
3988,0.3095,0,0,1,21
3988,0.2571,1,0,1,22
3988,0.5421,1,0,1,24
3988,0.3666,1,0,1,25
3988,0.273,1,0,1,26
3988,0.3471,1,0,1,27
3988,0.5146,1,0,1,28
3988,0.5485,1,1,1,29
3988,0.414,0,1,1,30
3988,0.3711,1,1,1,32
3988,0.4759,1,1,1,33
3988,0.3371,1,1,1,35
3988,0.3742,0,1,1,36
3988,0.4358,1,0,1,37
3988,0.4112,1,0,1,38
3988,0.3445,1,0,1,39
3988,0.5778,1,1,1,40
3988,0.5461,1,1,1,41
3988,0.3743,1,0,1,42
3988,0.2914,0,0,1,43
3988,0.3353,1,1,1,44
3988,0.4282,1,1,1,47
3988,0.2802,0,0,1,48
3988,0.3974,1,1,1,50
3988,0.4353,1,0,1,51
3988,0.3459,1,1,1,53
3988,0.5536,1,0,1,54
3988,0.3432,0,1,1,55
3988,0.4143,1,1,1,56
3988,0.3154,1,1,1,57
3988,0.4174,1,1,1,59
3988,0.3858,1,0,1,60
3988,0.359,0,1,1,61
3988,0.5027,1,0,1,64
3988,0.354,1,0,1,65
3988,0.4917,1,1,1,69
3988,0.3106,1,0,1,70
3988,0.2723,1,0,1,71
3988,0.3287,1,1,1,72
3988,0.4328,1,1,1,73
3988,0.3135,1,1,1,74
3988,0.3749,1,0,1,76
3988,0.4797,1,1,1,78
3988,0.3356,1,0,1,80
3988,0.3206,1,0,1,82
3988,0.4003,1,0,1,83
3988,0.4521,1,1,1,84
3988,0.3455,1,0,1,85
3988,0.3872,0,1,1,90
3988,0.4495,1,0,1,91
3988,0.2899,1,0,1,92
3988,0.4275,1,1,1,94
3988,0.4799,1,0,1,95
3988,0.2794,0,0,1,99
3988,0.3997,1,0,1,100
3988,0.3042,1,0,1,101
3988,0.3144,0,1,1,103
3988,0.312,1,0,1,106
3988,0.5191,1,1,1,111
3988,0.5299,1,0,1,112
3988,0.3563,1,0,1,114
3988,0.4132,0,1,1,115
3988,0.3796,1,1,1,117
3988,0.3877,1,1,1,118
3988,0.3113,1,0,1,120
3988,0.4374,1,1,1,121
3988,0.3453,1,1,1,123
3988,0.5118,1,1,1,124
3988,0.3185,1,0,1,126
4222,0.559,1,1,1,0
4222,0.3672,1,0,1,2
4222,0.4395,1,0,1,3
4222,0.3536,1,0,1,4
4222,0.3811,1,0,1,7
4222,0.3649,1,0,1,8
4222,0.3964,1,0,1,9
4222,0.3852,1,0,1,10
4222,0.4564,1,1,1,11
4222,0.5461,1,1,1,17
4222,0.3931,1,1,1,18
4222,0.4249,1,1,1,19
4222,0.4003,1,0,1,20
4222,0.3899,1,0,1,21
4222,0.5138,1,1,1,23
4222,0.5026,1,1,1,24
4222,0.3836,1,0,1,27
4222,0.3725,1,1,1,33
4222,0.4034,1,1,1,34
4222,0.4029,1,1,1,35
4222,0.451,0,1,1,36
4222,0.5408,1,1,1,37
4222,0.3717,1,1,1,39
4222,0.3764,1,0,1,42
4222,0.3723,1,1,1,45
4222,0.416,1,0,1,46
4222,0.4706,1,0,1,50
4222,0.4962,1,1,1,51
4222,0.356,1,0,1,52
4222,0.4165,1,1,1,53
4222,0.4585,1,1,1,55
4222,0.4299,1,0,1,57
4222,0.5255,1,1,1,58
4222,0.531,1,0,1,59
4222,0.3722,1,1,1,60
4222,0.4064,1,1,1,61
4222,0.3528,1,1,1,62
4222,0.384,1,0,1,63
4222,0.3502,1,1,1,64
4222,0.4414,1,1,1,67
4222,0.5769,1,1,1,69
4222,0.42,1,0,1,71
4222,0.373,1,1,1,75
4222,0.4844,1,1,1,76
4222,0.3894,1,0,1,77
4222,0.3964,1,1,1,78
4222,0.4048,1,1,1,79
4222,0.3668,1,0,1,80
4222,0.3812,1,1,1,82
4222,0.4415,1,1,1,84
4222,0.4671,1,1,1,85
4222,0.557,1,1,1,86
4222,0.6841,1,0,1,87
4222,0.3782,1,0,1,88
4222,0.3752,1,0,1,89
4222,0.4069,1,1,1,91
4222,0.6464,1,1,1,93
4222,0.4508,1,0,1,94
4222,0.3557,1,0,1,95
4222,0.5446,1,1,1,96
4222,0.3922,1,1,1,97
4222,0.4145,1,1,1,98
4222,0.371,1,0,1,100
4222,0.3321,1,1,1,101
4222,0.3325,1,0,1,102
4222,0.3307,1,0,1,103
4222,0.3336,1,0,1,104
4222,0.3797,1,0,1,105
4222,0.3464,1,1,1,106
4222,0.3577,1,0,1,107
4222,0.3274,1,0,1,110
4222,0.3178,1,0,1,111
4222,0.3017,1,0,1,112
4222,0.5906,1,0,1,113
4222,0.3741,1,0,1,115
4222,0.3545,1,0,1,117
4222,0.3805,1,1,1,118
4222,0.3763,1,0,1,119
4222,0.5161,1,1,1,120
4222,0.3831,1,0,1,122
4222,0.336,1,0,1,123
4222,0.3932,1,0,1,124
4222,0.4049,1,1,1,125
4222,0.4013,1,0,1,126
4222,0.5087,1,0,1,1
4222,0.3555,1,0,1,2
4222,0.3828,1,1,1,3
4222,0.3399,1,1,1,5
4222,0.5729,1,1,1,6
4222,0.3545,1,1,1,8
4222,0.501,1,0,1,11
4222,0.3392,1,0,1,12
4222,0.4733,1,1,1,13
4222,0.3592,1,1,1,16
4222,0.3387,1,0,1,17
4222,0.3916,1,1,1,20
4222,0.3282,1,1,1,21
4222,0.327,1,0,1,23
4222,0.5649,1,0,1,25
4222,0.581,1,0,1,26
4222,0.4414,1,1,1,28
4222,0.3785,1,1,1,29
4222,0.387,0,1,1,31
4222,0.4239,1,0,1,36
4222,0.3203,1,0,1,38
4222,0.3628,1,1,1,39
4222,0.3165,1,0,1,40
4222,0.3929,1,1,1,41
4222,0.3779,1,1,1,42
4222,0.3427,1,1,1,43
4222,0.3434,1,0,1,44
4222,0.4443,1,0,1,46
4222,0.4493,1,1,1,47
4222,0.3658,1,0,1,48
4222,0.5147,1,1,1,55
4222,0.6549,1,1,1,56
4222,0.4286,1,0,1,58
4222,0.4681,1,1,1,60
4222,0.3426,1,0,1,61
4222,0.3741,1,1,1,62
4222,0.5254,1,0,1,63
4222,0.3787,1,0,1,64
4222,0.4392,1,1,1,65
4222,0.3725,1,0,1,66
4222,0.3116,1,0,1,67
4222,0.5025,1,1,1,68
4222,0.4876,1,1,1,69
4222,0.3667,1,0,1,71
4222,0.3551,0,1,1,72
4222,0.418,1,0,1,75
4222,0.4401,1,0,1,76
4222,0.3632,1,0,1,78
4222,0.3573,1,0,1,82
4222,0.5012,1,1,1,83
4222,0.3587,1,0,1,85
4222,0.3987,1,0,1,88
4222,0.4013,1,0,1,89
4222,0.3389,1,0,1,90
4222,0.4163,1,0,1,91
4222,0.3289,1,1,1,92
4222,0.374,1,0,1,93
4222,0.4346,1,1,1,94
4222,0.4177,1,0,1,95
4222,0.3805,0,1,1,96
4222,0.4657,1,1,1,97
4222,0.3919,1,1,1,99
4222,0.5334,1,1,1,101
4222,0.4247,1,0,1,102
4222,0.4645,1,1,1,103
4222,0.4154,1,1,1,104
4222,0.4503,1,1,1,105
4222,0.3749,1,0,1,106
4222,0.4036,1,0,1,108
4222,0.3895,1,0,1,109
4222,0.3398,1,0,1,110
4222,0.3532,1,0,1,111
4222,0.5667,1,1,1,116
4222,0.3446,1,0,1,117
4222,0.4751,1,1,1,118
4222,0.3787,1,1,1,120
4222,0.4251,1,0,1,121
4222,0.3898,1,1,1,122
4222,0.3251,1,0,1,123
4222,0.474,1,1,1,124
4222,0.4457,1,1,1,125
4222,0.4364,1,1,1,126
4222,0.5158,1,1,1,1
4222,0.3449,1,0,1,2
4222,0.4805,1,1,1,4
4222,0.425,1,0,1,5
4222,0.4503,1,1,1,6
4222,0.4818,1,1,1,9
4222,0.4286,1,0,1,11
4222,0.5033,1,1,1,12
4222,0.4142,1,0,1,13
4222,0.4833,1,1,1,16
4222,0.4345,1,1,1,17
4222,0.3896,1,0,1,19
4222,0.4093,1,0,1,22
4222,0.3673,1,1,1,23
4222,0.5319,1,1,1,24
4222,0.4156,1,1,1,25
4222,0.3774,1,1,1,27
4222,0.5585,1,0,1,29
4222,0.4414,1,0,1,30
4222,0.3768,1,0,1,33
4222,0.4611,1,1,1,34
4222,0.573,1,0,1,35
4222,0.4502,1,0,1,36
4222,0.336,1,0,1,40
4222,0.3747,1,0,1,41
4222,0.3629,1,0,1,42
4222,0.3679,0,1,1,43
4222,0.4819,1,0,1,45
4222,0.363,1,0,1,46
4222,0.3374,1,0,1,47
4222,0.5541,1,0,1,49
4222,0.4737,1,1,1,50
4222,0.3777,1,0,1,52
4222,0.3767,1,1,1,53
4222,0.3282,1,1,1,54
4222,0.3172,1,0,1,57
4222,0.3788,1,1,1,61
4222,0.361,1,0,1,63
4222,0.3398,1,0,1,65
4222,0.4127,1,1,1,66
4222,0.5253,1,0,1,67
4222,0.5016,1,1,1,68
4222,0.3525,1,0,1,69
4222,0.3176,1,1,1,70
4222,0.3261,1,0,1,71
4222,0.4733,1,1,1,72
4222,0.4114,1,1,1,73
4222,0.421,1,0,1,74
4222,0.4153,1,1,1,75
4222,0.5238,1,1,1,77
4222,0.4153,1,0,1,79
4222,0.4562,1,1,1,81
4222,0.3795,1,0,1,83
4222,0.3697,1,0,1,85
4222,0.3782,1,1,1,86
4222,0.402,1,0,1,87
4222,0.3667,1,1,1,88
4222,0.3588,1,0,1,89
4222,0.424,1,0,1,91
4222,0.4022,1,0,1,92
4222,0.3658,1,1,1,95
4222,0.4539,1,1,1,96
4222,0.3835,1,0,1,97
4222,0.3683,1,1,1,99
4222,0.368,1,0,1,103
4222,0.4096,1,1,1,104
4222,0.4884,1,1,1,105
4222,0.3416,1,0,1,106
4222,0.3616,1,1,1,107
4222,0.4557,1,1,1,110
4222,0.3556,1,0,1,112
4222,0.4769,1,1,1,113
4222,0.3458,1,0,1,114
4222,0.332,1,1,1,115
4222,0.5292,1,1,1,116
4222,0.3701,1,1,1,118
4222,0.4137,1,1,1,119
4222,0.5312,1,0,1,120
4222,0.3953,1,0,1,123
4222,0.3067,1,1,1,124
4222,0.3648,1,0,1,125
4222,0.3271,1,1,1,127
4222,0.3611,1,0,1,1
4222,0.3782,1,1,1,3
4222,0.3633,1,0,1,4
4222,0.3271,1,0,1,5
4222,0.3543,1,0,1,6
4222,0.34,0,1,1,8
4222,0.4246,1,0,1,9
4222,0.469,1,1,1,10
4222,0.3678,1,1,1,11
4222,0.5387,1,0,1,13
4222,0.3715,1,0,1,15
4222,0.4353,1,1,1,18
4222,0.3271,0,0,1,20
4222,0.3812,1,0,1,21
4222,0.4497,1,1,1,22
4222,0.3869,1,1,1,24
4222,0.4149,1,1,1,25
4222,0.471,1,1,1,26
4222,0.3724,1,1,1,29
4222,0.6055,1,1,1,32
4222,0.525,1,0,1,33
4222,0.3762,1,1,1,35
4222,0.3845,1,1,1,36
4222,0.4103,1,1,1,39
4222,0.3836,1,1,1,40
4222,0.3634,1,0,1,41
4222,0.5032,1,1,1,44
4222,0.3392,1,0,1,45
4222,0.3447,1,0,1,46
4222,0.3961,1,0,1,48
4222,0.4001,1,1,1,51
4222,0.3475,1,1,1,52
4222,0.428,1,1,1,53
4222,0.3446,1,1,1,54
4222,0.3475,1,0,1,55
4222,0.315,0,0,1,56
4222,0.4356,1,0,1,59
4222,0.3965,1,0,1,62
4222,0.4131,1,0,1,64
4222,0.3975,1,0,1,65
4222,0.4053,1,0,1,66
4222,0.4549,1,1,1,67
4222,0.6265,1,1,1,68
4222,0.4311,1,1,1,69
4222,0.3761,1,0,1,71
4222,0.3757,1,0,1,72
4222,0.4041,1,1,1,73
4222,0.374,1,1,1,79
4222,0.3992,1,1,1,80
4222,0.3825,1,1,1,81
4222,0.3867,1,1,1,82
4222,0.3907,1,0,1,84
4222,0.5123,1,1,1,86
4222,0.3879,1,0,1,88
4222,0.3943,1,1,1,90
4222,0.3914,1,0,1,91
4222,0.3686,1,0,1,93
4222,0.3459,1,1,1,94
4222,0.4089,1,1,1,96
4222,0.3892,1,0,1,98
4222,0.3323,1,0,1,99
4222,0.4326,1,1,1,100
4222,0.5352,1,0,1,101
4222,0.3399,1,0,1,102
4222,0.3624,1,1,1,103
4222,0.4192,1,1,1,104
4222,0.3538,1,0,1,105
4222,0.4247,1,0,1,107
4222,0.3289,1,0,1,108
4222,0.3839,1,1,1,109
4222,0.3713,1,0,1,110
4222,0.3464,0,0,1,111
4222,0.3322,1,0,1,112
4222,0.3705,1,1,1,114
4222,0.33,1,1,1,115
4222,0.3888,1,0,1,116
4222,0.6244,1,1,1,117
4222,0.4148,1,1,1,119
4222,0.3385,1,0,1,120
4222,0.5298,1,1,1,121
4222,0.4795,1,0,1,124
4222,0.5239,1,0,1,126
4222,0.4007,1,0,1,127
4222,0.4627,1,1,1,1
4222,0.4107,1,1,1,5
4222,0.3869,1,1,1,7
4222,0.433,1,1,1,8
4222,0.3504,1,0,1,9
4222,0.3586,1,0,1,10
4222,0.3831,1,0,1,11
4222,0.4393,1,0,1,12
4222,0.3871,1,1,1,13
4222,0.4273,1,0,1,14
4222,0.4293,1,0,1,15
4222,0.3675,1,0,1,16
4222,0.6579,1,0,1,20
4222,0.5299,1,0,1,22
4222,0.4071,1,0,1,23
4222,0.4115,1,1,1,24
4222,0.4492,1,0,1,25
4222,0.4378,1,1,1,26
4222,0.3917,1,1,1,27
4222,0.4369,1,0,1,29
4222,0.4067,1,1,1,31
4222,0.4161,1,0,1,32
4222,0.4733,1,1,1,35
4222,0.6522,1,1,1,36
4222,0.4251,1,0,1,37
4222,0.4327,1,0,1,38
4222,0.3938,1,0,1,39
4222,0.3827,1,0,1,40
4222,0.4704,1,1,1,42
4222,0.4271,1,0,1,43
4222,0.3635,1,0,1,50
4222,0.3768,1,1,1,52
4222,0.5797,1,1,1,54
4222,0.4084,1,0,1,57
4222,0.3451,1,0,1,59
4222,0.4592,1,1,1,61
4222,0.357,1,1,1,62
4222,0.345,1,1,1,63
4222,0.402,1,0,1,64
4222,0.3715,1,1,1,65
4222,0.4458,1,1,1,67
4222,0.3943,1,1,1,68
4222,0.3619,1,0,1,69
4222,0.4198,1,1,1,70
4222,0.3997,1,1,1,72
4222,0.3686,1,0,1,73
4222,0.393,1,1,1,74
4222,0.4077,1,0,1,75
4222,0.4039,1,0,1,76
4222,0.6034,1,0,1,78
4222,0.6191,1,0,1,79
4222,0.5007,1,1,1,80
4222,0.3266,1,0,1,81
4222,0.4027,1,1,1,85
4222,0.4148,1,1,1,86
4222,0.4262,1,1,1,88
4222,0.4386,1,1,1,89
4222,0.4019,1,0,1,91
4222,0.4665,1,1,1,92
4222,0.3603,1,0,1,93
4222,0.3702,1,0,1,97
4222,0.3269,1,1,1,98
4222,0.3797,1,1,1,99
4222,0.3512,1,0,1,100
4222,0.3755,1,1,1,102
4222,0.3709,1,0,1,103
4222,0.4203,1,0,1,104
4222,0.6643,1,1,1,105
4222,0.3713,1,0,1,107
4222,0.3852,1,0,1,108
4222,0.4997,1,1,1,110
4222,0.5186,1,1,1,112
4222,0.6778,1,0,1,114
4222,0.4291,1,1,1,116
4222,0.4979,1,0,1,118
4222,0.4093,1,0,1,119
4222,0.3499,0,1,1,120
4222,0.4088,1,1,1,121
4222,0.3755,1,0,1,122
4222,0.4448,1,0,1,124
4222,0.5812,1,1,1,125
4222,0.456,1,1,1,126
4222,0.4592,1,1,1,127
4222,0.3909,1,0,1,2
4222,0.4487,1,0,1,3
4222,0.4191,1,0,1,4
4222,0.3941,1,0,1,6
4222,0.4002,1,1,1,7
4222,0.4451,1,1,1,9
4222,0.3855,1,1,1,10
4222,0.3699,1,1,1,11
4222,0.4066,1,1,1,13
4222,0.509,1,0,1,15
4222,0.3803,1,0,1,16
4222,0.4185,1,0,1,17
4222,0.3908,1,1,1,18
4222,0.3954,1,1,1,20
4222,0.5456,1,0,1,22
4222,0.3841,1,0,1,23
4222,0.3513,1,0,1,26
4222,0.416,1,1,1,27
4222,0.3367,1,0,1,28
4222,0.409,1,0,1,29
4222,0.3501,1,1,1,30
4222,0.3599,1,1,1,31
4222,0.5136,1,0,1,33
4222,0.394,1,0,1,34
4222,0.5451,1,1,1,37
4222,0.4071,1,1,1,38
4222,0.5498,1,1,1,41
4222,0.4237,1,1,1,42
4222,0.3888,1,1,1,43
4222,0.486,1,1,1,45
4222,0.4006,1,1,1,46
4222,0.3883,1,1,1,47
4222,0.425,1,1,1,48
4222,0.3551,1,0,1,49
4222,0.3921,1,0,1,51
4222,0.4009,1,1,1,55
4222,0.2586,1,1,1,59
4222,0.4828,1,0,1,60
4222,0.3883,1,0,1,61
4222,0.336,1,0,1,63
4222,0.3505,1,1,1,65
4222,0.3045,1,0,1,66
4222,0.3661,1,0,1,68
4222,0.3379,1,0,1,70
4222,0.3638,1,1,1,71
4222,0.4009,1,0,1,73
4222,0.3763,1,0,1,75
4222,0.4389,1,1,1,76
4222,0.3586,1,1,1,77
4222,0.3929,1,1,1,78
4222,0.334,1,1,1,80
4222,0.4019,1,0,1,81
4222,0.388,1,1,1,82
4222,0.3558,1,1,1,83
4222,0.386,1,1,1,85
4222,0.3919,1,1,1,86
4222,0.402,1,1,1,87
4222,0.3476,1,1,1,88
4222,0.3461,1,0,1,91
4222,0.3821,1,0,1,92
4222,0.4045,1,0,1,93
4222,0.3451,1,0,1,96
4222,0.3593,1,0,1,97
4222,0.3768,1,0,1,99
4222,0.4443,1,1,1,101
4222,0.3906,0,1,1,102
4222,0.4831,1,1,1,103
4222,0.4294,1,0,1,104
4222,0.3776,1,0,1,105
4222,0.364,1,0,1,106
4222,0.4246,1,1,1,107
4222,0.6345,1,0,1,108
4222,0.5367,1,0,1,109
4222,0.3681,1,1,1,111
4222,0.4382,1,0,1,114
4222,0.4273,1,1,1,116
4222,0.3529,1,1,1,117
4222,0.4378,1,0,1,119
4222,0.5404,1,1,1,120
4222,0.4742,1,0,1,121
4222,0.3261,1,0,1,125
4222,0.3189,1,0,1,127
4222,0.6774,1,0,1,0
4222,0.4125,1,0,1,2
4222,0.4206,1,0,1,5
4222,0.435,1,0,1,6
4222,0.3394,1,0,1,7
4222,0.3859,1,1,1,10
4222,0.4619,1,1,1,11
4222,0.3914,1,1,1,12
4222,0.4548,1,1,1,14
4222,0.3466,1,0,1,16
4222,0.4596,1,1,1,18
4222,0.3556,1,0,1,19
4222,0.3367,1,0,1,20
4222,0.3426,1,0,1,21
4222,0.3356,1,0,1,22
4222,0.3721,1,0,1,23
4222,0.5827,1,1,1,24
4222,0.3551,1,0,1,26
4222,0.4491,1,1,1,27
4222,0.4358,1,1,1,28
4222,0.3531,1,1,1,29
4222,0.3703,1,0,1,30
4222,0.4087,1,1,1,31
4222,0.4748,1,1,1,32
4222,0.3937,0,0,1,34
4222,0.3937,1,1,1,37
4222,0.4011,1,1,1,38
4222,0.4831,1,0,1,39
4222,0.4118,1,0,1,41
4222,0.3204,1,0,1,42
4222,0.3568,1,1,1,43
4222,0.5186,1,1,1,45
4222,0.4,1,0,1,46
4222,0.3578,1,0,1,49
4222,0.424,1,0,1,50
4222,0.3846,0,0,1,52
4222,0.364,1,0,1,54
4222,0.4288,1,1,1,55
4222,0.5617,1,1,1,59
4222,0.3785,1,0,1,60
4222,0.5609,1,1,1,61
4222,0.3823,1,0,1,62
4222,0.4265,1,0,1,64
4222,0.4237,1,1,1,66
4222,0.3299,1,1,1,67
4222,0.5206,1,1,1,69
4222,0.4324,1,1,1,72
4222,0.4092,1,0,1,75
4222,0.4746,1,1,1,77
4222,0.4041,1,1,1,80
4222,0.3855,1,1,1,82
4222,0.3584,0,1,1,84
4222,0.362,1,1,1,86
4222,0.3583,1,1,1,87
4222,0.4078,1,0,1,90
4222,0.57,1,0,1,91
4222,0.5292,1,0,1,92
4222,0.3653,1,0,1,93
4222,0.3716,1,1,1,97
4222,0.4259,1,1,1,100
4222,0.5759,1,0,1,101
4222,0.5598,1,1,1,102
4222,0.5652,1,0,1,103
4222,0.552,1,1,1,106
4222,0.361,1,0,1,107
4222,0.3852,1,0,1,108
4222,0.3776,0,0,1,109
4222,0.5118,1,0,1,110
4222,0.4935,1,1,1,111
4222,0.4335,1,1,1,112
4222,0.4212,1,0,1,115
4222,0.3464,1,0,1,117
4222,0.4027,1,0,1,118
4222,0.3838,1,1,1,119
4222,0.3971,1,1,1,120
4222,0.3867,1,1,1,121
4222,0.411,1,1,1,122
4222,0.3791,1,1,1,123
4222,0.4116,1,0,1,124
4222,0.3883,1,0,1,125
4222,0.454,1,1,1,126
4222,0.3635,1,1,1,127
4222,0.4472,1,1,1,2
4222,0.4499,1,0,1,3
4222,0.4815,1,1,1,5
4222,0.3832,1,0,1,6
4222,0.3643,1,0,1,8
4222,0.4021,1,0,1,9
4222,0.3435,1,0,1,10
4222,0.3549,1,0,1,11
4222,0.4083,1,0,1,12
4222,0.3843,1,0,1,14
4222,0.3959,1,1,1,17
4222,0.3334,1,0,1,18
4222,0.5189,1,0,1,20
4222,0.5319,1,1,1,21
4222,0.3957,1,0,1,23
4222,0.3897,1,1,1,26
4222,0.5694,1,1,1,27
4222,0.4046,1,0,1,28
4222,0.3943,1,0,1,29
4222,0.3983,1,1,1,30
4222,0.4335,1,0,1,31
4222,0.4794,1,1,1,33
4222,0.4414,1,1,1,35
4222,0.3853,1,0,1,38
4222,0.4334,1,1,1,39
4222,0.3575,1,0,1,40
4222,0.3289,1,0,1,42
4222,0.3273,1,0,1,45
4222,0.3756,1,0,1,46
4222,0.5023,1,0,1,48
4222,0.341,1,0,1,52
4222,0.4457,1,1,1,54
4222,0.4609,1,1,1,56
4222,0.372,1,1,1,58
4222,0.4523,1,1,1,59
4222,0.3958,1,1,1,60
4222,0.4448,1,1,1,62
4222,0.3537,1,0,1,63
4222,0.4267,1,0,1,67
4222,0.4138,1,1,1,68
4222,0.3909,1,0,1,69
4222,0.3512,1,1,1,70
4222,0.4252,1,0,1,71
4222,0.446,1,0,1,73
4222,0.4519,1,1,1,74
4222,0.396,1,1,1,76
4222,0.4179,1,1,1,78
4222,0.4904,1,1,1,79
4222,0.3655,1,1,1,80
4222,0.5001,1,0,1,81
4222,0.3734,1,0,1,83
4222,0.3027,1,0,1,84
4222,0.3309,1,1,1,85
4222,0.4295,1,1,1,86
4222,0.6284,1,1,1,87
4222,0.4107,1,1,1,88
4222,0.5784,1,1,1,89
4222,0.4952,1,0,1,90
4222,0.3585,1,0,1,93
4222,0.3468,1,0,1,96
4222,0.3827,1,1,1,97
4222,0.4305,1,0,1,99
4222,0.3088,1,0,1,100
4222,0.4079,1,1,1,101
4222,0.4293,1,1,1,102
4222,0.488,1,1,1,104
4222,0.5188,1,1,1,105
4222,0.3458,1,0,1,106
4222,0.4002,1,1,1,107
4222,0.3372,1,0,1,108
4222,0.36870000000000003,1,0,1,109
4222,0.4437,1,1,1,110
4222,0.4358,1,1,1,112
4222,0.3848,1,1,1,113
4222,0.4105,1,1,1,115
4222,0.4175,1,1,1,116
4222,0.3775,1,1,1,119
4222,0.3324,1,0,1,120
4222,0.3493,1,0,1,121
4222,0.3203,1,0,1,123
4222,0.3361,1,0,1,124
4222,0.5195,1,1,1,125
4222,0.4018,1,0,1,127
4264,0.6113,1,0,1,0
4264,0.5514,1,0,1,1
4264,0.4566,1,0,1,2
4264,0.3838,1,0,1,4
4264,0.3682,1,0,1,5
4264,0.4894,1,1,1,7
4264,0.4856,1,1,1,10
4264,0.4247,1,1,1,11
4264,0.4604,1,0,1,12
4264,0.5935,1,1,1,14
4264,0.5651,1,1,1,17
4264,0.5118,1,1,1,19
4264,0.5068,1,1,1,20
4264,0.3832,1,0,1,21
4264,0.3822,1,0,1,22
4264,0.4458,1,1,1,23
4264,0.4123,1,0,1,24
4264,0.4356,1,0,1,26
4264,0.851,1,1,1,27
4264,0.518,1,1,1,31
4264,0.409,1,1,1,32
4264,0.5454,1,1,1,33
4264,0.5675,1,1,1,34
4264,0.3689,1,1,1,35
4264,0.6111,1,1,1,36
4264,0.5497,1,1,1,37
4264,0.5061,1,0,1,40
4264,0.4072,1,1,1,42
4264,0.4221,0,1,1,43
4264,0.4041,1,1,1,45
4264,0.4678,1,1,1,46
4264,0.3874,1,1,1,48
4264,0.6433,1,1,1,49
4264,0.6133,1,1,1,51
4264,0.7486,1,1,1,52
4264,0.5179,1,1,1,55
4264,0.6056,1,1,1,57
4264,0.6205,1,1,1,58
4264,0.7641,1,0,1,59
4264,0.572,1,0,1,60
4264,0.5348,1,1,1,62
4264,0.7008,1,1,1,63
4264,0.6179,1,0,1,67
4264,0.4709,1,0,1,68
4264,0.4079,1,0,1,69
4264,0.4089,1,0,1,71
4264,0.5162,1,1,1,74
4264,0.6986,1,0,1,75
4264,0.5495,1,0,1,76
4264,0.4274,1,0,1,78
4264,0.514,1,1,1,82
4264,0.419,1,0,1,83
4264,0.3918,1,0,1,86
4264,0.6186,1,1,1,89
4264,0.7772,1,1,1,90
4264,0.665,1,0,1,91
4264,0.429,1,0,1,92
4264,0.5788,0,0,1,93
4264,0.4985,1,0,1,94
4264,0.647,1,1,1,95
4264,0.4297,1,0,1,96
4264,0.5258,1,0,1,98
4264,0.4177,1,0,1,99
4264,0.5093,0,1,1,100
4264,0.5223,1,1,1,102
4264,0.3806,1,0,1,105
4264,0.3471,1,0,1,107
4264,0.6222,1,1,1,108
4264,0.4006,1,0,1,109
4264,0.5736,1,0,1,110
4264,0.5201,0,1,1,112
4264,0.5884,1,1,1,113
4264,0.3534,1,0,1,114
4264,0.4385,1,0,1,115
4264,0.7775,1,1,1,117
4264,0.5788,1,0,1,118
4264,0.3453,1,0,1,119
4264,0.4564,1,0,1,120
4264,0.3595,1,0,1,121
4264,0.5101,1,0,1,123
4264,0.3626,1,0,1,124
4264,0.7942,1,1,1,126
4264,0.6162,1,0,1,127
4264,0.4698,1,0,1,1
4264,0.3756,1,1,1,4
4264,0.3566,0,1,1,5
4264,0.5277,1,0,1,6
4264,0.5319,1,1,1,7
4264,0.3887,1,0,1,8
4264,0.6294,1,1,1,12
4264,0.4877,1,1,1,13
4264,0.4521,1,1,1,14
4264,0.405,1,0,1,17
4264,0.4684,1,0,1,18
4264,0.4608,1,1,1,19
4264,0.4046,1,1,1,20
4264,0.4213,1,1,1,21
4264,0.4313,1,1,1,22
4264,0.4379,1,1,1,23
4264,0.4381,1,1,1,24
4264,0.3869,1,0,1,25
4264,0.4671,1,1,1,26
4264,0.4012,1,0,1,28
4264,0.3928,1,0,1,32
4264,0.6336,1,0,1,35
4264,0.3626,1,0,1,36
4264,0.5767,1,0,1,37
4264,0.4563,1,1,1,38
4264,0.4042,1,1,1,39
4264,0.5102,1,1,1,41
4264,0.7063,0,0,1,42
4264,0.5829,1,0,1,44
4264,0.3297,1,0,1,45
4264,0.3735,1,0,1,48
4264,0.5183,1,1,1,49
4264,0.5785,1,1,1,51
4264,0.5874,1,0,1,52
4264,0.4315,1,0,1,53
4264,0.4545,1,0,1,56
4264,0.5186,1,1,1,57
4264,0.5367,1,1,1,62
4264,0.6214,1,0,1,65
4264,0.4556,1,0,1,66
4264,0.5583,1,1,1,67
4264,0.6549,1,1,1,68
4264,0.5055,1,1,1,69
4264,0.5876,1,0,1,72
4264,0.4362,1,0,1,74
4264,0.797,0,1,1,75
4264,0.4135,1,0,1,76
4264,0.4153,1,1,1,77
4264,0.6066,1,1,1,78
4264,0.7662,1,0,1,79
4264,0.656,1,0,1,80
4264,0.3403,1,0,1,81
4264,0.433,1,1,1,82
4264,0.389,1,1,1,83
4264,0.5057,1,1,1,86
4264,0.3848,1,0,1,87
4264,0.4391,1,0,1,88
4264,0.4559,1,1,1,89
4264,0.455,1,0,1,90
4264,0.4895,1,0,1,92
4264,0.3685,1,0,1,96
4264,0.4997,1,0,1,97
4264,0.4501,1,0,1,98
4264,0.566,1,1,1,99
4264,0.7795,0,1,1,100
4264,0.4429,1,1,1,101
4264,0.4402,1,0,1,102
4264,0.368,1,1,1,103
4264,0.354,1,0,1,104
4264,0.4176,1,1,1,106
4264,0.3336,1,0,1,107
4264,0.3347,1,0,1,108
4264,0.2839,1,1,1,109
4264,0.3594,0,1,1,110
4264,0.394,1,1,1,113
4264,0.4157,1,0,1,114
4264,0.336,0,1,1,115
4264,0.601,1,1,1,116
4264,0.469,1,0,1,117
4264,0.5337,1,0,1,118
4264,0.4543,1,0,1,120
4264,0.2998,1,0,1,123
4264,0.3933,0,1,1,124
4264,0.4266,1,1,1,125
4264,0.3784,0,0,1,1
4264,0.429,1,1,1,2
4264,0.4144,1,1,1,4
4264,0.3627,1,0,1,6
4264,0.5166,1,1,1,8
4264,0.3802,1,0,1,9
4264,0.4473,1,0,1,10
4264,0.4494,1,0,1,11
4264,0.3991,1,0,1,14
4264,0.5296,0,1,1,15
4264,0.6384,1,0,1,19
4264,0.6536,1,1,1,20
4264,0.7042,1,0,1,21
4264,0.4523,1,0,1,22
4264,0.7031,1,0,1,23
4264,0.4879,1,0,1,25
4264,0.516,1,1,1,27
4264,0.6788,1,0,1,28
4264,0.4572,1,0,1,30
4264,0.4739,1,1,1,34
4264,0.4591,1,1,1,35
4264,0.452,1,0,1,36
4264,0.5854,1,1,1,37
4264,0.3876,0,0,1,38
4264,0.4077,1,0,1,39
4264,0.5005,1,1,1,41
4264,0.43,1,0,1,43
4264,0.3879,1,0,1,44
4264,0.4488,0,1,1,45
4264,0.5357,1,0,1,47
4264,0.4195,1,1,1,48
4264,0.5611,1,1,1,49
4264,0.4673,1,1,1,50
4264,0.4079,1,0,1,51
4264,0.5409,1,1,1,54
4264,0.5236,1,0,1,55
4264,0.4513,1,0,1,59
4264,0.4339,1,1,1,61
4264,0.6442,1,1,1,65
4264,0.3821,1,1,1,67
4264,0.4009,1,0,1,68
4264,0.4528,1,1,1,69
4264,0.3553,1,1,1,72
4264,0.3333,1,0,1,73
4264,0.5522,1,1,1,74
4264,0.4054,1,1,1,76
4264,0.3659,1,1,1,78
4264,0.4132,0,1,1,79
4264,0.6858,1,0,1,80
4264,0.5557,0,0,1,81
4264,0.4862,1,0,1,82
4264,0.5325,1,0,1,83
4264,0.6656,0,0,1,84
4264,0.4135,1,0,1,86
4264,0.6299,1,1,1,87
4264,0.7722,1,1,1,89
4264,0.499,1,0,1,92
4264,0.6013,1,0,1,93
4264,0.8713,1,1,1,95
4264,0.4461,1,0,1,96
4264,0.4787,1,1,1,97
4264,0.4775,1,0,1,98
4264,0.3741,1,1,1,100
4264,0.4039,1,0,1,101
4264,0.2632,0,1,1,102
4264,0.3813,1,1,1,104
4264,0.4453,1,1,1,105
4264,0.5571,1,1,1,106
4264,0.3547,1,0,1,108
4264,0.4003,0,1,1,111
4264,0.4392,1,0,1,113
4264,0.4317,1,1,1,114
4264,0.3438,1,0,1,115
4264,0.5227,1,1,1,116
4264,0.4478,1,1,1,117
4264,0.4282,1,1,1,118
4264,0.355,0,1,1,119
4264,0.3837,1,0,1,120
4264,0.3682,1,0,1,121
4264,0.4873,1,1,1,122
4264,0.461,1,0,1,124
4264,0.3826,1,0,1,126
4264,0.5773,1,1,1,0
4264,0.4346,1,0,1,1
4264,0.5556,1,0,1,3
4264,0.3268,1,1,1,5
4264,0.4339,1,0,1,6
4264,0.4849,1,1,1,7
4264,0.4892,1,1,1,9
4264,0.471,1,1,1,12
4264,0.3525,0,1,1,13
4264,0.388,1,1,1,14
4264,0.4836,1,1,1,15
4264,0.3732,1,0,1,16
4264,0.3341,1,0,1,17
4264,0.4349,1,1,1,19
4264,0.4718,1,0,1,21
4264,0.352,1,0,1,22
4264,0.4386,0,1,1,24
4264,0.3643,1,0,1,25
4264,0.4861,1,0,1,26
4264,0.4346,1,1,1,27
4264,0.5245,1,0,1,28
4264,0.3324,1,0,1,29
4264,0.6065,1,1,1,33
4264,0.439,1,0,1,35
4264,0.551,0,1,1,37
4264,0.3949,1,0,1,40
4264,0.4399,1,1,1,41
4264,0.4173,1,0,1,43
4264,0.4722,1,0,1,44
4264,0.5083,1,1,1,46
4264,0.4928,1,0,1,47
4264,0.505,1,0,1,49
4264,0.3664,1,0,1,50
4264,0.5799,0,0,1,51
4264,0.5991,0,1,1,53
4264,0.3599,0,1,1,55
4264,0.4049,1,1,1,56
4264,0.3936,1,1,1,57
4264,0.4841,1,0,1,59
4264,0.4263,1,1,1,60
4264,0.4002,1,0,1,61
4264,0.4241,1,0,1,62
4264,0.5459,1,1,1,63
4264,0.4689,1,1,1,64
4264,0.4365,1,0,1,65
4264,0.3584,1,1,1,66
4264,0.3437,1,1,1,68
4264,0.5136,1,0,1,69
4264,0.4872,1,1,1,70
4264,0.4047,1,1,1,71
4264,0.4644,1,0,1,72
4264,0.4507,1,0,1,75
4264,0.6177,1,1,1,76
4264,0.4851,1,0,1,80
4264,0.6767,1,0,1,81
4264,0.4182,1,1,1,82
4264,0.3838,1,0,1,83
4264,0.5954,1,0,1,84
4264,0.405,1,0,1,88
4264,0.3801,1,0,1,89
4264,0.5044,0,1,1,91
4264,0.4961,1,1,1,92
4264,0.378,0,1,1,94
4264,0.3836,1,1,1,96
4264,0.5562,1,1,1,97
4264,0.505,1,1,1,98
4264,0.4976,1,1,1,100
4264,0.471,1,1,1,103
4264,0.3783,1,0,1,105
4264,0.5127,1,0,1,109
4264,0.3865,1,0,1,110
4264,0.5444,1,1,1,111
4264,0.4122,1,0,1,112
4264,0.5256,1,0,1,113
4264,0.3889,1,1,1,114
4264,0.446,1,0,1,115
4264,0.389,1,1,1,116
4264,0.5169,1,0,1,121
4264,0.4187,1,1,1,122
4264,0.3582,0,0,1,123
4264,0.3964,1,0,1,124
4264,0.687,1,1,1,125
4264,0.4073,0,1,1,126
4264,0.5845,1,0,1,127
4264,0.4019,1,0,1,2
4264,0.4769,1,0,1,3
4264,0.6831,1,1,1,5
4264,0.5849,1,1,1,6
4264,0.2799,1,0,1,10
4264,0.7023,1,1,1,11
4264,0.3681,1,0,1,12
4264,0.4172,1,0,1,15
4264,0.4644,1,1,1,16
4264,0.554,1,0,1,17
4264,0.5521,1,1,1,18
4264,0.4475,1,1,1,20
4264,0.3019,1,0,1,21
4264,0.4376,1,0,1,22
4264,0.4328,1,1,1,23
4264,0.3731,1,0,1,25
4264,0.4874,1,1,1,26
4264,0.4514,1,1,1,27
4264,0.372,1,0,1,28
4264,0.6397,1,0,1,30
4264,0.5167,1,1,1,31
4264,0.4563,1,1,1,32
4264,0.3251,0,1,1,37
4264,0.2909,1,0,1,39
4264,0.4711,1,1,1,40
4264,0.4897,1,0,1,41
4264,0.6359,1,1,1,43
4264,0.4075,0,1,1,44
4264,0.4059,1,1,1,45
4264,0.4373,1,1,1,46
4264,0.522,1,1,1,47
4264,0.4679,1,0,1,50
4264,0.3386,1,0,1,51
4264,0.4187,0,1,1,52
4264,0.4925,1,1,1,55
4264,0.5057,1,1,1,57
4264,0.5889,1,1,1,58
4264,0.4681,1,0,1,59
4264,0.5901,1,0,1,60
4264,0.4872,1,0,1,62
4264,0.384,1,0,1,63
4264,0.5166,1,0,1,65
4264,0.4318,1,0,1,67
4264,0.5542,1,1,1,69
4264,0.4564,1,0,1,70
4264,0.4023,1,0,1,71
4264,0.4345,1,0,1,72
4264,0.4345,1,0,1,73
4264,0.4956,1,1,1,75
4264,0.4188,1,0,1,76
4264,0.547,1,0,1,77
4264,0.5047,1,1,1,79
4264,0.7157,0,0,1,80
4264,0.4676,1,0,1,81
4264,0.6878,1,1,1,84
4264,0.4177,0,1,1,85
4264,0.5651,1,1,1,86
4264,0.4594,1,1,1,87
4264,0.4804,1,0,1,88
4264,0.5323,1,1,1,89
4264,0.4121,1,0,1,90
4264,0.5848,1,0,1,91
4264,0.5069,1,1,1,93
4264,0.4651,1,1,1,95
4264,0.6112,1,1,1,97
4264,0.6314,1,0,1,99
4264,0.5896,0,1,1,101
4264,0.3637,1,0,1,102
4264,0.3668,1,0,1,103
4264,0.2877,0,1,1,106
4264,0.2847,1,0,1,108
4264,0.3151,1,0,1,111
4264,0.4752,1,1,1,112
4264,0.5667,1,0,1,113
4264,0.4867,0,1,1,114
4264,0.4555,1,1,1,117
4264,0.5004,1,0,1,118
4264,0.561,1,1,1,119
4264,0.584,1,1,1,120
4264,0.4998,1,0,1,121
4264,0.5571,0,1,1,122
4264,0.5451,1,0,1,123
4264,0.3793,0,1,1,127
4264,0.5459,0,0,1,0
4264,0.5558,1,1,1,1
4264,0.4142,1,0,1,3
4264,0.3587,1,0,1,4
4264,0.4221,1,0,1,5
4264,0.6306,1,0,1,8
4264,0.5881,1,1,1,9
4264,0.383,1,0,1,10
4264,0.2883,1,1,1,14
4264,0.4347,1,0,1,17
4264,0.4188,1,0,1,19
4264,0.3685,1,0,1,20
4264,0.552,1,1,1,25
4264,0.5187,1,0,1,27
4264,0.3976,1,0,1,29
4264,0.4614,1,0,1,30
4264,0.4448,1,0,1,31
4264,0.6702,0,1,1,34
4264,0.3707,1,0,1,36
4264,0.4512,1,1,1,37
4264,0.4466,1,0,1,38
4264,0.4456,1,0,1,41
4264,0.4275,1,1,1,42
4264,0.452,1,0,1,43
4264,0.3584,0,1,1,44
4264,0.5419,1,0,1,45
4264,0.4831,1,0,1,46
4264,0.6324,1,0,1,47
4264,0.285,1,0,1,48
4264,0.3509,1,0,1,49
4264,0.4167,1,1,1,50
4264,0.4673,1,1,1,51
4264,0.5248,1,1,1,52
4264,0.6729,1,1,1,56
4264,0.3419,0,0,1,57
4264,0.4541,1,1,1,59
4264,0.4182,1,1,1,60
4264,0.4617,1,0,1,61
4264,0.5431,1,0,1,62
4264,0.4102,1,1,1,65
4264,0.4038,1,0,1,66
4264,0.398,1,0,1,67
4264,0.5351,1,1,1,68
4264,0.4571,1,1,1,70
4264,0.4287,1,0,1,71
4264,0.4836,1,1,1,72
4264,0.3809,1,0,1,73
4264,0.5772,1,1,1,74
4264,0.4965,1,0,1,77
4264,0.3533,1,0,1,78
4264,0.4555,1,1,1,81
4264,0.565,1,1,1,82
4264,0.7375,1,0,1,83
4264,0.457,0,1,1,84
4264,0.5012,1,0,1,86
4264,0.4707,1,1,1,87
4264,0.5834,0,1,1,88
4264,0.4454,1,1,1,91
4264,0.3977,0,1,1,92
4264,0.3674,1,1,1,94
4264,0.434,1,1,1,96
4264,0.4847,1,0,1,100
4264,0.6677,1,1,1,101
4264,0.6117,1,1,1,102
4264,0.3168,0,1,1,103
4264,0.5955,1,0,1,104
4264,0.799,1,1,1,105
4264,0.6239,1,1,1,106
4264,0.618,1,1,1,107
4264,0.524,1,1,1,108
4264,0.3581,1,0,1,110
4264,0.3781,1,0,1,111
4264,0.8016,0,1,1,112
4264,0.4721,0,1,1,114
4264,0.5087,1,1,1,115
4264,0.4182,1,0,1,116
4264,0.3783,1,1,1,117
4264,0.4154,1,0,1,118
4264,0.3719,1,0,1,119
4264,0.3686,1,1,1,121
4264,0.4527,1,1,1,124
4264,0.6048,1,0,1,125
4264,0.3497,1,0,1,127
4264,0.3888,1,0,1,0
4264,0.4848,1,1,1,1
4264,0.271,0,0,1,2
4264,0.3884,1,0,1,3
4264,0.3994,1,0,1,5
4264,0.437,1,1,1,6
4264,0.3552,1,0,1,7
4264,0.4323,1,0,1,8
4264,0.6013,1,0,1,9
4264,0.3169,0,1,1,10
4264,0.4444,1,0,1,11
4264,0.5409,1,0,1,13
4264,0.7994,0,1,1,14
4264,0.4738,1,1,1,18
4264,0.4646,1,1,1,20
4264,0.3647,1,0,1,21
4264,0.484,1,1,1,24
4264,0.6265,1,1,1,25
4264,0.4401,1,0,1,26
4264,0.3818,1,0,1,28
4264,0.3343,1,1,1,29
4264,0.5868,1,1,1,30
4264,0.5364,1,1,1,31
4264,0.3912,1,1,1,34
4264,0.4005,1,0,1,36
4264,0.5225,1,1,1,39
4264,0.3847,0,0,1,40
4264,0.4914,1,0,1,41
4264,0.4007,1,0,1,42
4264,0.4063,1,1,1,43
4264,0.313,1,0,1,44
4264,0.4369,0,1,1,46
4264,0.3792,1,1,1,48
4264,0.4512,1,0,1,49
4264,0.4374,1,0,1,50
4264,0.3839,1,1,1,51
4264,0.4081,1,1,1,54
4264,0.4076,1,1,1,56
4264,0.4644,1,0,1,59
4264,0.4272,1,1,1,61
4264,0.3842,1,0,1,62
4264,0.4515,1,0,1,63
4264,0.3336,1,0,1,64
4264,0.465,1,0,1,65
4264,0.2856,0,1,1,66
4264,0.3771,1,0,1,67
4264,0.6248,1,0,1,68
4264,0.4662,1,1,1,73
4264,0.3943,0,1,1,74
4264,0.4234,1,0,1,76
4264,0.5063,1,1,1,77
4264,0.3906,1,1,1,78
4264,0.3896,0,1,1,79
4264,0.4264,1,1,1,80
4264,0.3212,1,0,1,81
4264,0.3337,0,1,1,82
4264,0.5052,1,0,1,83
4264,0.3762,1,0,1,84
4264,0.4452,1,1,1,85
4264,0.3673,1,1,1,86
4264,0.4223,1,1,1,89
4264,0.3571,1,1,1,90
4264,0.4643,1,1,1,95
4264,0.3693,1,0,1,96
4264,0.3646,1,0,1,98
4264,0.5683,1,1,1,99
4264,0.4232,1,1,1,103
4264,0.5365,1,0,1,107
4264,0.6241,1,1,1,108
4264,0.3892,1,1,1,109
4264,0.4058,1,0,1,110
4264,0.3467,1,1,1,111
4264,0.5006,0,0,1,112
4264,0.3162,1,0,1,113
4264,0.5338,1,0,1,114
4264,0.4953,1,1,1,115
4264,0.4126,1,1,1,116
4264,0.6351,1,0,1,117
4264,0.4223,1,0,1,118
4264,0.6295,1,1,1,119
4264,0.3648,1,1,1,120
4264,0.5152,1,0,1,121
4264,0.4005,1,0,1,126
4264,0.369,1,0,1,127
4264,0.5079,1,0,1,0
4264,0.3729,1,1,1,2
4264,0.4726,1,0,1,3
4264,0.3844,1,0,1,4
4264,0.5078,0,1,1,5
4264,0.4065,1,1,1,6
4264,0.3624,1,0,1,7
4264,0.5375,1,0,1,8
4264,0.4139,1,0,1,10
4264,0.4648,1,0,1,12
4264,0.439,1,0,1,13
4264,0.8257,1,1,1,15
4264,0.5724,1,1,1,16
4264,0.2545,0,1,1,21
4264,0.3265,1,1,1,23
4264,0.423,1,0,1,24
4264,0.5213,1,1,1,25
4264,0.4189,1,0,1,26
4264,0.3781,0,1,1,28
4264,0.3874,1,1,1,29
4264,0.3836,1,0,1,30
4264,0.3296,0,0,1,31
4264,0.4665,1,1,1,32
4264,0.4554,1,1,1,33
4264,0.4839,1,1,1,34
4264,0.506,1,1,1,35
4264,0.4611,0,0,1,36
4264,0.3678,0,0,1,37
4264,0.4311,1,1,1,38
4264,0.4909,1,1,1,40
4264,0.4683,1,0,1,41
4264,0.5682,1,1,1,43
4264,0.6794,1,1,1,45
4264,0.4789,1,0,1,46
4264,0.6535,1,1,1,48
4264,0.5691,1,0,1,49
4264,0.4276,1,0,1,50
4264,0.4725,1,0,1,53
4264,0.4008,1,0,1,54
4264,0.4674,1,0,1,56
4264,0.4966,1,1,1,57
4264,0.5004,1,1,1,58
4264,0.7284,1,1,1,59
4264,0.4368,1,0,1,60
4264,0.4386,1,1,1,62
4264,0.4383,1,1,1,63
4264,0.4177,1,0,1,65
4264,0.4638,1,1,1,66
4264,0.5318,1,1,1,67
4264,0.5226,1,0,1,68
4264,0.5045,1,0,1,69
4264,0.4098,1,0,1,71
4264,0.408,1,1,1,73
4264,0.3605,1,0,1,74
4264,0.3558,1,0,1,75
4264,0.3431,1,0,1,76
4264,0.3736,1,0,1,78
4264,0.4251,1,0,1,79
4264,0.3831,0,1,1,80
4264,0.4289,1,1,1,82
4264,0.3525,1,1,1,83
4264,0.3413,0,1,1,84
4264,0.4274,1,0,1,85
4264,0.5191,1,1,1,86
4264,0.3604,1,0,1,88
4264,0.3725,1,0,1,89
4264,0.4533,1,1,1,90
4264,0.3873,1,0,1,91
4264,0.4349,1,0,1,92
4264,0.3613,1,1,1,94
4264,0.2924,1,1,1,95
4264,0.4298,1,1,1,99
4264,0.43120000000000003,1,0,1,104
4264,0.3725,1,0,1,107
4264,0.3589,1,1,1,110
4264,0.5212,1,1,1,112
4264,0.4506,1,0,1,113
4264,0.4706,0,0,1,117
4264,0.3803,1,0,1,119
4264,0.5777,1,1,1,120
4264,0.5507,1,1,1,122
4264,0.5556,1,1,1,123
4264,0.5955,1,1,1,125
5281,0.53,1,0,1,0
5281,0.596,1,1,1,1
5281,0.63,1,1,1,4
5281,0.45,1,1,1,5
5281,0.674,1,1,1,7
5281,0.454,1,0,1,9
5281,0.448,1,0,1,11
5281,0.439,1,0,1,14
5281,0.39,1,0,1,15
5281,0.479,1,1,1,16
5281,0.469,1,1,1,20
5281,0.475,1,1,1,22
5281,0.529,1,1,1,23
5281,0.382,1,0,1,26
5281,0.414,1,0,1,27
5281,0.383,1,0,1,29
5281,0.404,1,0,1,30
5281,0.44,1,0,1,31
5281,0.449,1,1,1,33
5281,0.467,1,1,1,35
5281,0.498,1,1,1,36
5281,0.448,1,0,1,37
5281,0.448,1,1,1,38
5281,0.454,1,1,1,39
5281,0.422,1,1,1,40
5281,0.439,1,0,1,41
5281,0.388,1,0,1,42
5281,0.422,1,0,1,43
5281,0.339,1,0,1,44
5281,0.523,1,0,1,46
5281,0.448,1,1,1,47
5281,0.513,1,1,1,49
5281,0.437,1,0,1,50
5281,0.443,1,0,1,52
5281,0.403,1,0,1,53
5281,0.431,1,0,1,54
5281,0.436,1,0,1,55
5281,0.497,1,0,1,57
5281,0.414,1,0,1,58
5281,0.406,1,0,1,59
5281,0.372,0,1,1,62
5281,0.401,1,0,1,66
5281,0.511,1,1,1,68
5281,0.487,1,0,1,69
5281,0.489,1,1,1,71
5281,0.39,1,1,1,72
5281,0.433,1,0,1,75
5281,0.447,1,1,1,76
5281,0.397,1,0,1,77
5281,0.458,1,1,1,78
5281,0.403,1,1,1,80
5281,0.358,1,0,1,81
5281,0.473,1,1,1,83
5281,0.624,1,1,1,84
5281,0.513,1,0,1,85
5281,0.452,1,1,1,86
5281,0.446,1,0,1,87
5281,0.404,1,1,1,88
5281,0.414,1,1,1,90
5281,0.422,1,1,1,92
5281,0.371,1,1,1,93
5281,0.466,1,0,1,94
5281,0.466,1,1,1,95
5281,0.503,1,1,1,96
5281,0.438,1,1,1,97
5281,0.389,1,0,1,99
5281,0.453,1,1,1,100
5281,0.439,1,1,1,101
5281,0.356,1,0,1,103
5281,0.451,1,1,1,104
5281,0.471,1,0,1,105
5281,0.43,1,0,1,106
5281,0.411,1,1,1,107
5281,0.404,1,0,1,113
5281,0.45,1,0,1,114
5281,0.456,1,1,1,115
5281,0.388,1,1,1,117
5281,0.588,1,0,1,119
5281,0.45,1,1,1,123
5281,0.454,1,0,1,124
5281,0.416,1,1,1,127
5281,0.716,1,1,1,0
5281,0.455,0,1,1,3
5281,0.417,1,1,1,7
5281,0.576,1,1,1,8
5281,0.531,1,1,1,9
5281,0.611,1,1,1,10
5281,0.482,1,1,1,11
5281,0.455,1,0,1,12
5281,0.478,1,1,1,13
5281,0.521,1,1,1,17
5281,0.465,1,0,1,18
5281,0.397,1,1,1,19
5281,0.397,1,0,1,20
5281,0.388,1,0,1,21
5281,0.513,1,0,1,22
5281,0.505,1,1,1,23
5281,0.472,1,1,1,24
5281,0.446,1,0,1,26
5281,0.566,1,1,1,28
5281,0.406,1,1,1,29
5281,0.432,1,0,1,30
5281,0.465,1,1,1,32
5281,0.405,1,1,1,36
5281,0.481,1,1,1,39
5281,0.55,1,1,1,40
5281,0.416,1,1,1,42
5281,0.372,1,1,1,43
5281,0.49,1,0,1,44
5281,0.537,1,0,1,45
5281,0.465,1,1,1,47
5281,0.529,1,1,1,48
5281,0.465,1,0,1,49
5281,0.449,1,0,1,50
5281,0.487,1,1,1,51
5281,0.585,1,1,1,52
5281,0.454,1,1,1,53
5281,0.487,1,1,1,57
5281,0.488,1,0,1,59
5281,0.496,1,0,1,61
5281,0.489,1,0,1,62
5281,0.489,1,1,1,63
5281,0.462,1,0,1,65
5281,0.422,1,0,1,66
5281,0.462,1,0,1,68
5281,0.472,1,1,1,69
5281,0.52,1,1,1,71
5281,0.498,1,1,1,72
5281,0.466,1,0,1,74
5281,0.562,1,1,1,76
5281,0.454,1,0,1,77
5281,0.443,1,0,1,79
5281,0.381,0,1,1,80
5281,0.417,1,1,1,81
5281,0.431,1,0,1,82
5281,0.392,1,0,1,83
5281,0.503,1,1,1,84
5281,0.491,1,0,1,86
5281,0.406,1,0,1,87
5281,0.479,1,1,1,88
5281,0.438,1,0,1,89
5281,0.414,1,1,1,90
5281,0.41,1,0,1,91
5281,0.497,1,0,1,94
5281,0.469,1,0,1,99
5281,0.501,1,1,1,100
5281,0.446,1,0,1,103
5281,0.531,1,0,1,104
5281,0.447,1,0,1,105
5281,0.387,1,0,1,107
5281,0.372,1,0,1,108
5281,0.416,1,1,1,109
5281,0.437,1,0,1,110
5281,0.371,1,1,1,111
5281,0.442,1,0,1,113
5281,0.406,1,0,1,114
5281,0.433,1,0,1,115
5281,0.598,0,0,1,117
5281,0.605,1,0,1,118
5281,0.428,1,1,1,121
5281,0.451,1,0,1,122
5281,0.444,1,0,1,123
5281,0.531,1,1,1,124
5281,0.455,1,1,1,126
5281,0.503,1,1,1,1
5281,0.563,1,1,1,2
5281,0.431,1,1,1,3
5281,0.39,1,0,1,4
5281,0.379,1,1,1,7
5281,0.421,1,1,1,9
5281,0.434,1,1,1,11
5281,0.399,1,0,1,14
5281,0.388,1,0,1,15
5281,0.373,1,0,1,16
5281,0.415,1,1,1,17
5281,0.62,1,0,1,19
5281,0.466,1,1,1,20
5281,0.447,1,1,1,22
5281,0.47,1,0,1,23
5281,0.465,1,1,1,24
5281,0.387,1,0,1,25
5281,0.436,1,1,1,26
5281,0.434,1,0,1,27
5281,0.445,1,0,1,28
5281,0.372,1,0,1,30
5281,0.444,1,0,1,31
5281,0.505,1,1,1,34
5281,0.579,1,1,1,35
5281,0.498,1,1,1,36
5281,0.505,1,0,1,37
5281,0.471,1,0,1,39
5281,0.413,1,0,1,45
5281,0.372,1,0,1,46
5281,0.411,1,1,1,47
5281,0.409,1,0,1,49
5281,0.464,1,1,1,52
5281,0.607,1,1,1,53
5281,0.422,1,1,1,57
5281,0.398,1,0,1,58
5281,0.462,1,0,1,59
5281,0.414,1,0,1,62
5281,0.4,1,0,1,63
5281,0.492,1,1,1,65
5281,0.589,1,1,1,66
5281,0.436,1,0,1,68
5281,0.396,1,1,1,71
5281,0.372,1,1,1,72
5281,0.374,1,0,1,76
5281,0.387,1,0,1,79
5281,0.488,1,1,1,80
5281,0.405,1,0,1,81
5281,0.471,0,1,1,82
5281,0.486,1,1,1,84
5281,0.389,1,1,1,85
5281,0.401,1,0,1,86
5281,0.415,1,1,1,89
5281,0.378,1,0,1,90
5281,0.461,1,0,1,91
5281,0.398,1,1,1,92
5281,0.548,1,1,1,93
5281,0.481,1,0,1,95
5281,0.438,1,0,1,96
5281,0.504,1,1,1,97
5281,0.44,1,1,1,99
5281,0.494,1,1,1,100
5281,0.422,1,0,1,101
5281,0.424,1,0,1,102
5281,0.431,1,0,1,104
5281,0.465,1,1,1,105
5281,0.514,1,1,1,106
5281,0.452,1,0,1,108
5281,0.42,1,1,1,109
5281,0.485,1,0,1,110
5281,0.416,1,0,1,113
5281,0.42,1,0,1,114
5281,0.404,1,0,1,115
5281,0.459,1,1,1,116
5281,0.423,1,1,1,117
5281,0.403,1,0,1,118
5281,0.364,1,1,1,119
5281,0.371,1,1,1,120
5281,0.518,1,1,1,121
5281,0.399,1,0,1,124
5281,0.428,1,0,1,126
5281,0.586,1,1,1,2
5281,0.415,1,0,1,3
5281,0.48,1,1,1,5
5281,0.583,1,1,1,7
5281,0.476,1,0,1,8
5281,0.393,1,0,1,9
5281,0.489,1,1,1,10
5281,0.446,1,1,1,11
5281,0.546,1,0,1,12
5281,0.688,1,1,1,14
5281,0.454,1,0,1,15
5281,0.719,1,1,1,16
5281,0.529,1,1,1,17
5281,0.415,1,0,1,18
5281,0.465,1,1,1,19
5281,0.486,1,1,1,20
5281,0.497,1,1,1,21
5281,0.357,1,0,1,23
5281,0.433,1,1,1,24
5281,0.449,1,0,1,25
5281,0.547,1,1,1,26
5281,0.443,1,0,1,27
5281,0.496,1,0,1,29
5281,0.398,1,1,1,30
5281,0.456,1,0,1,31
5281,0.387,1,0,1,32
5281,0.437,1,1,1,33
5281,0.424,1,0,1,35
5281,0.408,1,0,1,36
5281,0.485,1,1,1,37
5281,0.497,1,1,1,38
5281,0.53,1,1,1,39
5281,0.416,1,1,1,41
5281,0.547,1,1,1,42
5281,0.397,1,0,1,44
5281,0.371,1,0,1,46
5281,0.422,1,0,1,48
5281,0.389,1,0,1,49
5281,0.445,1,0,1,50
5281,0.447,1,0,1,52
5281,0.465,1,1,1,55
5281,0.388,1,1,1,56
5281,0.414,1,1,1,58
5281,0.366,1,0,1,59
5281,0.421,1,1,1,60
5281,0.546,1,1,1,61
5281,0.396,1,1,1,63
5281,0.582,1,1,1,64
5281,0.412,1,0,1,65
5281,0.387,1,0,1,66
5281,0.432,1,1,1,67
5281,0.372,1,1,1,68
5281,0.361,1,0,1,70
5281,0.396,0,1,1,73
5281,0.394,1,0,1,74
5281,0.421,1,0,1,76
5281,0.487,1,1,1,77
5281,0.437,1,0,1,78
5281,0.423,1,0,1,79
5281,0.455,1,0,1,81
5281,0.439,1,0,1,82
5281,0.448,1,0,1,83
5281,0.356,1,0,1,86
5281,0.387,1,0,1,88
5281,0.39,1,0,1,89
5281,0.392,1,1,1,90
5281,0.396,1,1,1,93
5281,0.378,1,1,1,97
5281,0.348,1,0,1,98
5281,0.522,1,0,1,101
5281,0.44,1,0,1,102
5281,0.496,1,1,1,107
5281,0.448,1,0,1,109
5281,0.361,1,0,1,110
5281,0.463,1,0,1,113
5281,0.414,1,1,1,118
5281,0.472,1,1,1,120
5281,0.403,1,1,1,121
5281,0.381,1,0,1,122
5281,0.381,1,1,1,123
5281,0.485,1,1,1,125
5281,0.455,1,0,1,126
5281,0.397,1,1,1,127
5281,0.652,1,0,1,0
5281,0.41,1,0,1,1
5281,0.636,1,1,1,2
5281,0.532,1,1,1,3
5281,0.407,1,0,1,6
5281,0.447,1,0,1,7
5281,0.405,1,1,1,8
5281,0.389,1,0,1,11
5281,0.391,1,1,1,12
5281,0.396,1,0,1,14
5281,0.489,1,0,1,15
5281,0.407,1,0,1,16
5281,0.433,1,1,1,17
5281,0.456,1,0,1,18
5281,0.397,1,0,1,19
5281,0.404,1,1,1,20
5281,0.388,1,0,1,22
5281,0.464,1,0,1,23
5281,0.431,1,0,1,25
5281,0.444,1,1,1,28
5281,0.547,1,1,1,29
5281,0.516,1,1,1,31
5281,0.433,1,1,1,34
5281,0.404,1,1,1,35
5281,0.454,1,0,1,36
5281,0.404,1,1,1,41
5281,0.389,1,1,1,42
5281,0.355,1,1,1,43
5281,0.397,1,0,1,44
5281,0.532,1,0,1,45
5281,0.407,1,1,1,46
5281,0.406,1,1,1,47
5281,0.401,1,0,1,48
5281,0.389,1,0,1,49
5281,0.6,1,1,1,51
5281,0.371,1,1,1,54
5281,0.388,1,0,1,55
5281,0.556,1,1,1,56
5281,0.403,1,1,1,57
5281,0.339,1,1,1,58
5281,0.512,1,1,1,60
5281,0.405,1,0,1,61
5281,0.406,1,0,1,62
5281,0.403,1,1,1,64
5281,0.53,1,1,1,65
5281,0.446,1,1,1,66
5281,0.43,1,0,1,69
5281,0.502,1,1,1,72
5281,0.436,1,0,1,73
5281,0.473,1,1,1,75
5281,0.399,1,0,1,76
5281,0.366,1,1,1,77
5281,0.369,1,0,1,80
5281,0.398,1,1,1,82
5281,0.528,1,1,1,83
5281,0.432,1,1,1,84
5281,0.388,1,0,1,86
5281,0.383,1,1,1,89
5281,0.409,1,1,1,90
5281,0.34,1,0,1,91
5281,0.373,1,0,1,93
5281,0.398,1,1,1,94
5281,0.497,1,1,1,95
5281,0.377,1,0,1,96
5281,0.481,1,0,1,97
5281,0.47,1,1,1,98
5281,0.421,1,1,1,100
5281,0.429,1,0,1,103
5281,0.519,1,0,1,105
5281,0.431,1,1,1,106
5281,0.488,1,1,1,107
5281,0.382,1,0,1,110
5281,0.497,1,0,1,112
5281,0.474,1,0,1,113
5281,0.298,0,0,1,114
5281,0.337,1,1,1,115
5281,0.347,1,0,1,116
5281,0.488,1,1,1,117
5281,0.437,1,0,1,118
5281,0.437,1,1,1,119
5281,0.439,1,0,1,123
5281,0.464,1,0,1,124
5281,0.338,1,0,1,125
5281,0.393,1,0,1,127
5281,0.722,1,0,1,0
5281,0.363,1,0,1,3
5281,0.413,1,0,1,5
5281,0.378,1,0,1,6
5281,0.424,1,1,1,8
5281,0.469,1,1,1,11
5281,0.413,1,0,1,14
5281,0.504,1,1,1,15
5281,0.382,1,1,1,16
5281,0.374,1,1,1,17
5281,0.502,1,0,1,18
5281,0.483,1,1,1,21
5281,0.544,1,1,1,22
5281,0.453,1,0,1,23
5281,0.405,1,0,1,24
5281,0.448,1,1,1,25
5281,0.513,1,1,1,26
5281,0.518,1,0,1,27
5281,0.455,1,0,1,28
5281,0.423,1,0,1,29
5281,0.387,1,0,1,30
5281,0.464,1,1,1,33
5281,0.486,1,0,1,35
5281,0.47,1,1,1,38
5281,0.34,1,0,1,39
5281,0.472,1,1,1,40
5281,0.537,1,1,1,42
5281,0.362,1,1,1,43
5281,0.368,1,0,1,44
5281,0.355,1,0,1,45
5281,0.403,1,0,1,47
5281,0.464,1,0,1,49
5281,0.482,1,1,1,51
5281,0.515,1,1,1,55
5281,0.387,1,0,1,56
5281,0.458,1,0,1,57
5281,0.404,1,1,1,59
5281,0.522,1,1,1,61
5281,0.597,1,0,1,62
5281,0.46,1,0,1,63
5281,0.47,1,1,1,65
5281,0.455,1,0,1,66
5281,0.38,1,0,1,69
5281,0.397,1,1,1,70
5281,0.33,0,1,1,71
5281,0.449,1,0,1,72
5281,0.431,1,0,1,73
5281,0.421,1,0,1,74
5281,0.337,1,0,1,75
5281,0.402,1,1,1,76
5281,0.451,1,0,1,78
5281,0.427,1,0,1,79
5281,0.437,1,1,1,80
5281,0.406,1,0,1,82
5281,0.482,1,0,1,83
5281,0.45,1,1,1,84
5281,0.521,1,1,1,85
5281,0.394,1,0,1,86
5281,0.439,1,1,1,87
5281,0.42,1,1,1,90
5281,0.439,1,1,1,92
5281,0.389,1,1,1,93
5281,0.354,1,1,1,94
5281,0.405,1,0,1,95
5281,0.38,1,1,1,96
5281,0.364,1,0,1,98
5281,0.503,1,1,1,99
5281,0.397,1,0,1,100
5281,0.417,1,1,1,101
5281,0.521,1,1,1,102
5281,0.333,1,1,1,104
5281,0.405,1,0,1,105
5281,0.398,1,0,1,106
5281,0.397,1,1,1,107
5281,0.454,1,0,1,108
5281,0.47,1,1,1,109
5281,0.371,1,0,1,113
5281,0.487,1,1,1,114
5281,0.521,1,1,1,115
5281,0.449,1,0,1,116
5281,0.45,1,1,1,118
5281,0.391,1,0,1,120
5281,0.451,1,1,1,121
5281,0.47,1,1,1,124
5281,0.373,1,0,1,1
5281,0.338,1,0,1,2
5281,0.357,1,1,1,3
5281,0.362,1,1,1,4
5281,0.427,1,0,1,6
5281,0.43,0,1,1,7
5281,0.471,1,1,1,10
5281,0.388,1,1,1,11
5281,0.499,1,1,1,13
5281,0.378,1,0,1,14
5281,0.372,1,0,1,15
5281,0.449,1,0,1,16
5281,0.447,1,0,1,18
5281,0.414,1,1,1,19
5281,0.397,1,0,1,22
5281,0.39,1,0,1,23
5281,0.449,1,1,1,24
5281,0.505,1,1,1,27
5281,0.406,1,0,1,29
5281,0.398,1,0,1,31
5281,0.338,1,0,1,32
5281,0.306,1,0,1,33
5281,0.29,1,0,1,34
5281,0.339,1,1,1,35
5281,0.304,1,0,1,36
5281,0.306,0,1,1,37
5281,0.427,1,0,1,39
5281,0.374,1,0,1,41
5281,0.341,1,1,1,42
5281,0.32,0,1,1,46
5281,0.554,1,1,1,47
5281,0.433,1,1,1,49
5281,0.488,1,0,1,50
5281,0.382,1,1,1,52
5281,0.365,1,0,1,55
5281,0.395,1,1,1,56
5281,0.401,1,1,1,57
5281,0.47,1,1,1,59
5281,0.455,1,1,1,62
5281,0.445,1,1,1,64
5281,0.363,1,0,1,67
5281,0.446,1,1,1,68
5281,0.497,1,1,1,69
5281,0.614,1,0,1,70
5281,0.572,1,1,1,72
5281,0.372,1,1,1,73
5281,0.569,1,1,1,75
5281,0.502,1,0,1,76
5281,0.438,1,0,1,78
5281,0.487,1,1,1,81
5281,0.398,1,0,1,82
5281,0.522,1,1,1,83
5281,0.55,1,1,1,86
5281,0.431,1,0,1,87
5281,0.421,1,0,1,88
5281,0.363,1,1,1,89
5281,0.451,1,1,1,90
5281,0.39,1,1,1,91
5281,0.471,1,0,1,92
5281,0.397,1,1,1,93
5281,0.331,1,0,1,94
5281,0.332,1,1,1,95
5281,0.385,1,1,1,97
5281,0.403,1,0,1,99
5281,0.393,1,0,1,102
5281,0.355,1,0,1,103
5281,0.443,1,1,1,105
5281,0.447,1,1,1,107
5281,0.453,1,0,1,108
5281,0.352,1,0,1,109
5281,0.365,1,1,1,110
5281,0.463,1,1,1,112
5281,0.338,1,0,1,115
5281,0.387,1,1,1,117
5281,0.531,1,1,1,118
5281,0.352,1,0,1,119
5281,0.415,1,0,1,120
5281,0.439,1,0,1,121
5281,0.414,1,0,1,122
5281,0.382,1,0,1,125
5281,0.358,1,0,1,126
5281,0.439,1,0,1,127
5281,0.683,1,1,1,0
5281,0.435,1,0,1,1
5281,0.396,1,1,1,3
5281,0.448,1,1,1,4
5281,0.371,1,0,1,7
5281,0.424,1,0,1,8
5281,0.413,1,1,1,11
5281,0.442,1,0,1,13
5281,0.488,1,1,1,14
5281,0.463,1,0,1,15
5281,0.43,1,0,1,16
5281,0.389,1,0,1,17
5281,0.414,1,1,1,19
5281,0.354,1,1,1,21
5281,0.347,1,0,1,23
5281,0.531,1,1,1,25
5281,0.506,1,0,1,26
5281,0.371,1,0,1,27
5281,0.415,1,0,1,29
5281,0.406,1,0,1,30
5281,0.43,1,0,1,31
5281,0.381,1,1,1,33
5281,0.475,1,0,1,34
5281,0.433,1,1,1,35
5281,0.344,1,1,1,38
5281,0.404,1,0,1,39
5281,0.445,1,0,1,40
5281,0.486,1,1,1,42
5281,0.437,1,1,1,43
5281,0.379,1,0,1,44
5281,0.417,1,1,1,45
5281,0.515,1,1,1,46
5281,0.349,1,0,1,47
5281,0.43,1,0,1,49
5281,0.388,1,1,1,50
5281,0.404,1,0,1,51
5281,0.338,1,1,1,52
5281,0.539,1,1,1,53
5281,0.402,1,0,1,55
5281,0.362,1,1,1,56
5281,0.383,1,0,1,57
5281,0.412,1,0,1,61
5281,0.416,1,1,1,63
5281,0.478,1,1,1,69
5281,0.473,1,1,1,70
5281,0.384,1,1,1,71
5281,0.512,1,1,1,72
5281,0.512,1,1,1,73
5281,0.433,1,0,1,74
5281,0.473,1,1,1,77
5281,0.398,1,1,1,80
5281,0.389,1,1,1,83
5281,0.381,1,0,1,84
5281,0.43,1,0,1,85
5281,0.37,1,1,1,86
5281,0.453,1,1,1,88
5281,0.466,1,0,1,90
5281,0.407,1,0,1,91
5281,0.487,1,0,1,92
5281,0.382,1,1,1,93
5281,0.457,1,0,1,94
5281,0.371,1,0,1,95
5281,0.367,1,0,1,97
5281,0.322,1,0,1,98
5281,0.398,1,0,1,99
5281,0.437,1,1,1,103
5281,0.39,1,1,1,104
5281,0.435,1,1,1,107
5281,0.498,1,1,1,108
5281,0.484,1,1,1,109
5281,0.503,1,1,1,111
5281,0.439,1,0,1,112
5281,0.423,1,0,1,113
5281,0.372,1,1,1,114
5281,0.465,1,1,1,115
5281,0.401,1,0,1,117
5281,0.454,1,0,1,118
5281,0.378,1,0,1,119
5281,0.505,1,0,1,123
5281,0.448,1,1,1,124
5281,0.341,1,1,1,125
5281,0.536,1,0,1,126
5332,0.504,1,0,1,1
5332,0.514,1,1,1,4
5332,0.373,1,0,1,5
5332,0.378,1,0,1,9
5332,0.41,1,0,1,10
5332,0.361,1,0,1,11
5332,0.472,1,1,1,12
5332,0.435,1,0,1,13
5332,0.524,1,1,1,14
5332,0.55,1,1,1,15
5332,0.464,1,0,1,17
5332,0.589,1,1,1,18
5332,0.558,1,1,1,20
5332,0.531,1,0,1,21
5332,0.516,1,0,1,23
5332,0.462,1,1,1,25
5332,0.51,1,1,1,26
5332,0.501,1,0,1,27
5332,0.511,1,0,1,28
5332,0.455,1,1,1,29
5332,0.503,1,1,1,31
5332,0.424,1,1,1,32
5332,0.535,1,1,1,34
5332,0.377,1,0,1,35
5332,0.388,1,0,1,36
5332,0.616,1,1,1,37
5332,0.421,1,0,1,39
5332,0.4,1,0,1,41
5332,0.45,1,1,1,42
5332,0.678,1,0,1,44
5332,0.583,1,1,1,45
5332,0.746,1,1,1,46
5332,0.57,1,1,1,49
5332,0.533,1,0,1,50
5332,0.57,1,0,1,51
5332,0.51,1,0,1,52
5332,0.419,1,0,1,53
5332,0.451,1,1,1,55
5332,0.494,1,1,1,57
5332,0.461,1,0,1,58
5332,0.632,1,1,1,59
5332,0.427,1,0,1,61
5332,0.484,1,0,1,62
5332,0.444,1,1,1,63
5332,0.417,1,1,1,64
5332,0.403,1,0,1,65
5332,0.43,1,1,1,66
5332,0.414,1,0,1,67
5332,0.444,1,0,1,68
5332,0.467,1,1,1,71
5332,0.378,1,0,1,72
5332,0.36,1,0,1,74
5332,0.404,1,1,1,77
5332,0.317,1,0,1,78
5332,0.43,1,1,1,80
5332,0.544,1,1,1,81
5332,0.466,1,1,1,85
5332,0.796,1,1,1,91
5332,0.465,1,0,1,92
5332,0.445,1,0,1,93
5332,0.408,1,0,1,95
5332,0.552,1,1,1,96
5332,0.399,1,1,1,97
5332,0.568,1,0,1,98
5332,0.378,1,1,1,99
5332,0.445,1,0,1,100
5332,0.717,1,1,1,102
5332,0.461,1,1,1,103
5332,0.462,1,1,1,105
5332,0.376,1,0,1,106
5332,0.389,1,0,1,107
5332,0.404,1,1,1,110
5332,0.399,0,1,1,112
5332,0.748,1,0,1,113
5332,0.491,1,1,1,116
5332,0.496,1,0,1,117
5332,0.502,1,1,1,119
5332,0.611,1,1,1,120
5332,0.383,1,1,1,121
5332,0.431,1,0,1,122
5332,0.503,1,1,1,123
5332,0.414,1,0,1,124
5332,0.462,1,0,1,126
5332,0.415,1,0,1,127
5332,0.528,1,1,1,1
5332,0.358,1,0,1,3
5332,0.403,1,0,1,4
5332,0.451,1,1,1,5
5332,0.61,1,1,1,6
5332,0.339,1,0,1,7
5332,0.447,1,0,1,10
5332,0.532,1,1,1,11
5332,0.518,1,1,1,12
5332,0.469,1,0,1,13
5332,0.55,1,0,1,14
5332,0.459,1,0,1,15
5332,0.6,1,1,1,16
5332,0.484,1,1,1,21
5332,0.511,1,1,1,22
5332,0.48,1,1,1,23
5332,0.559,1,1,1,24
5332,0.418,1,0,1,30
5332,0.415,1,0,1,31
5332,0.539,1,0,1,32
5332,0.542,1,1,1,33
5332,0.516,0,0,1,35
5332,0.461,1,1,1,36
5332,0.409,1,0,1,37
5332,0.408,1,0,1,38
5332,0.503,1,1,1,41
5332,0.403,1,1,1,42
5332,0.317,1,0,1,44
5332,0.446,1,1,1,45
5332,0.422,1,0,1,47
5332,0.475,1,1,1,48
5332,0.506,1,1,1,49
5332,0.448,1,0,1,50
5332,0.414,1,1,1,51
5332,0.567,1,0,1,52
5332,0.542,1,0,1,55
5332,0.518,1,1,1,56
5332,0.455,1,1,1,57
5332,0.678,1,0,1,58
5332,0.46,1,1,1,59
5332,0.437,1,1,1,60
5332,0.43,1,0,1,61
5332,0.413,1,0,1,64
5332,0.441,1,0,1,65
5332,0.461,1,0,1,70
5332,0.403,1,0,1,71
5332,0.38,1,0,1,73
5332,0.629,1,0,1,74
5332,0.413,1,0,1,75
5332,0.572,1,1,1,76
5332,0.464,1,1,1,77
5332,0.366,1,0,1,79
5332,0.351,1,0,1,81
5332,0.484,1,0,1,82
5332,0.344,1,0,1,85
5332,0.43,1,0,1,86
5332,0.41,1,0,1,87
5332,0.547,1,1,1,89
5332,0.548,1,1,1,90
5332,0.461,1,1,1,91
5332,0.47,1,0,1,92
5332,0.405,0,1,1,93
5332,0.401,1,0,1,96
5332,0.393,1,0,1,97
5332,0.443,1,1,1,98
5332,0.499,1,1,1,102
5332,0.565,1,1,1,106
5332,0.44,1,1,1,107
5332,0.531,1,1,1,108
5332,0.445,1,0,1,109
5332,0.512,1,1,1,110
5332,0.451,1,1,1,112
5332,0.503,1,1,1,116
5332,0.495,1,0,1,117
5332,0.475,1,1,1,119
5332,0.406,1,0,1,121
5332,0.497,1,1,1,123
5332,0.398,1,1,1,124
5332,0.417,1,1,1,125
5332,0.459,1,0,1,126
5332,0.491,1,1,1,1
5332,0.451,1,0,1,3
5332,0.429,1,0,1,6
5332,0.401,1,0,1,7
5332,0.525,1,1,1,9
5332,0.409,1,1,1,14
5332,0.429,1,0,1,15
5332,0.447,1,0,1,17
5332,0.484,1,1,1,18
5332,0.496,1,1,1,22
5332,0.548,1,1,1,23
5332,0.423,1,0,1,24
5332,0.468,1,1,1,26
5332,0.426,1,0,1,27
5332,0.501,1,1,1,28
5332,0.364,1,0,1,29
5332,0.628,1,0,1,30
5332,0.414,1,0,1,31
5332,0.41,1,0,1,34
5332,0.432,1,0,1,35
5332,0.398,1,0,1,38
5332,0.409,1,1,1,39
5332,0.421,1,1,1,40
5332,0.386,1,0,1,41
5332,0.502,1,1,1,42
5332,0.396,1,0,1,43
5332,0.377,1,1,1,44
5332,0.507,1,1,1,45
5332,0.645,1,1,1,46
5332,0.401,1,0,1,48
5332,0.455,1,0,1,49
5332,0.572,1,1,1,50
5332,0.645,1,1,1,51
5332,0.516,1,1,1,53
5332,0.561,1,1,1,54
5332,0.485,1,1,1,56
5332,0.335,1,0,1,59
5332,0.456,1,1,1,60
5332,0.443,1,1,1,64
5332,0.452,1,0,1,66
5332,0.505,1,0,1,68
5332,0.485,1,0,1,69
5332,0.411,1,0,1,71
5332,0.378,1,0,1,72
5332,0.494,1,1,1,73
5332,0.409,1,0,1,74
5332,0.425,1,0,1,75
5332,0.451,1,0,1,76
5332,0.424,1,0,1,77
5332,0.774,1,1,1,79
5332,0.413,1,0,1,81
5332,0.527,1,0,1,82
5332,0.399,1,0,1,83
5332,0.458,1,0,1,84
5332,0.559,1,1,1,85
5332,0.518,1,1,1,86
5332,0.409,1,0,1,88
5332,0.494,1,0,1,89
5332,0.599,1,1,1,90
5332,0.452,1,1,1,92
5332,0.53,1,0,1,95
5332,0.424,1,0,1,96
5332,0.423,1,0,1,98
5332,0.476,1,0,1,99
5332,0.401,1,0,1,100
5332,0.542,1,1,1,101
5332,0.738,1,0,1,104
5332,0.569,1,1,1,105
5332,0.412,1,1,1,108
5332,0.517,1,1,1,109
5332,0.379,1,1,1,111
5332,0.528,1,1,1,112
5332,0.498,1,1,1,113
5332,0.448,1,0,1,114
5332,0.595,1,0,1,116
5332,0.468,1,1,1,119
5332,0.397,1,0,1,120
5332,0.535,1,1,1,122
5332,0.462,1,1,1,123
5332,0.451,1,1,1,125
5332,0.706,1,1,1,126
5332,0.546,1,1,1,127
5332,0.452,1,1,1,2
5332,0.376,1,0,1,3
5332,0.378,1,0,1,4
5332,0.447,1,0,1,5
5332,0.478,1,0,1,6
5332,0.483,1,1,1,7
5332,0.554,1,1,1,9
5332,0.465,1,1,1,10
5332,0.456,1,1,1,12
5332,0.431,1,0,1,13
5332,0.386,1,0,1,14
5332,0.411,1,0,1,15
5332,0.395,1,1,1,17
5332,0.461,1,1,1,18
5332,0.434,1,0,1,19
5332,0.358,1,0,1,20
5332,0.53,1,0,1,21
5332,0.563,1,1,1,23
5332,0.651,1,0,1,25
5332,0.429,1,0,1,28
5332,0.485,1,1,1,29
5332,0.468,1,0,1,30
5332,0.465,1,0,1,32
5332,0.449,1,0,1,33
5332,0.439,1,0,1,34
5332,0.6,1,1,1,38
5332,0.495,1,0,1,40
5332,0.407,1,1,1,41
5332,0.346,1,0,1,43
5332,0.448,1,0,1,45
5332,0.41,1,1,1,46
5332,0.64,1,0,1,47
5332,0.436,1,0,1,49
5332,0.441,1,0,1,50
5332,0.453,1,1,1,51
5332,0.633,1,1,1,53
5332,0.378,1,0,1,54
5332,0.368,1,0,1,55
5332,0.527,1,1,1,56
5332,0.403,1,1,1,60
5332,0.462,1,0,1,61
5332,0.45,1,1,1,62
5332,0.373,1,1,1,67
5332,0.332,1,1,1,68
5332,0.566,1,1,1,70
5332,0.52,1,1,1,71
5332,0.5,1,1,1,72
5332,0.456,1,1,1,74
5332,0.365,1,0,1,76
5332,0.634,1,0,1,78
5332,0.625,1,0,1,80
5332,0.56,1,1,1,81
5332,0.713,1,1,1,83
5332,0.496,1,1,1,84
5332,0.441,1,1,1,85
5332,0.459,1,1,1,92
5332,0.629,1,1,1,93
5332,0.548,1,1,1,94
5332,0.452,1,1,1,95
5332,0.496,1,1,1,96
5332,0.42,1,0,1,97
5332,0.429,1,0,1,98
5332,0.398,1,0,1,99
5332,0.421,0,0,1,100
5332,0.48,1,1,1,101
5332,0.573,1,0,1,102
5332,0.427,1,1,1,103
5332,0.53,1,1,1,105
5332,0.462,1,1,1,107
5332,0.585,1,0,1,108
5332,0.438,1,0,1,110
5332,0.532,1,0,1,112
5332,0.504,1,1,1,113
5332,0.477,1,1,1,115
5332,0.445,1,0,1,116
5332,0.694,1,1,1,117
5332,0.451,1,0,1,120
5332,0.559,1,1,1,122
5332,0.419,1,0,1,123
5332,0.476,1,0,1,124
5332,0.465,1,1,1,125
5332,0.367,1,0,1,127
5332,0.518,1,0,1,1
5332,0.435,1,0,1,2
5332,0.5,1,1,1,4
5332,0.715,1,1,1,5
5332,0.435,1,1,1,7
5332,0.471,1,1,1,9
5332,0.423,1,0,1,10
5332,0.502,1,1,1,12
5332,0.43,1,0,1,13
5332,0.452,1,1,1,15
5332,0.517,1,1,1,16
5332,0.464,1,0,1,17
5332,0.563,1,0,1,18
5332,0.478,1,0,1,19
5332,0.563,1,1,1,20
5332,0.435,1,0,1,21
5332,0.426,1,1,1,22
5332,0.463,1,0,1,23
5332,0.372,1,0,1,26
5332,0.423,1,0,1,27
5332,0.396,1,1,1,28
5332,0.536,1,0,1,30
5332,0.396,1,0,1,33
5332,0.442,0,0,1,35
5332,0.504,1,1,1,36
5332,0.397,1,0,1,38
5332,0.426,1,0,1,39
5332,0.629,1,0,1,42
5332,0.457,1,1,1,43
5332,0.732,1,1,1,44
5332,0.45,1,1,1,46
5332,0.354,1,0,1,49
5332,0.44,1,1,1,50
5332,0.545,1,0,1,51
5332,0.431,1,1,1,52
5332,0.477,1,1,1,53
5332,0.403,1,0,1,55
5332,0.446,1,1,1,57
5332,0.492,1,1,1,59
5332,0.501,1,0,1,60
5332,0.399,1,0,1,61
5332,0.49,1,0,1,65
5332,0.492,1,1,1,67
5332,0.566,1,1,1,68
5332,0.589,1,1,1,69
5332,0.509,1,1,1,70
5332,0.474,1,0,1,77
5332,0.476,1,1,1,78
5332,0.44,1,0,1,79
5332,0.473,1,1,1,80
5332,0.418,1,1,1,81
5332,0.575,1,1,1,84
5332,0.443,1,0,1,85
5332,0.48,1,1,1,87
5332,0.465,1,1,1,91
5332,0.529,1,1,1,92
5332,0.34,1,0,1,93
5332,0.395,1,0,1,94
5332,0.398,1,1,1,95
5332,0.434,1,0,1,96
5332,0.395,1,0,1,97
5332,0.383,1,0,1,98
5332,0.475,1,1,1,99
5332,0.45,1,1,1,100
5332,0.378,1,1,1,102
5332,0.446,1,0,1,103
5332,0.36,1,1,1,104
5332,0.551,1,1,1,106
5332,0.402,1,0,1,107
5332,0.4,1,0,1,108
5332,0.509,1,1,1,109
5332,0.364,1,0,1,110
5332,0.475,1,1,1,111
5332,0.467,1,1,1,113
5332,0.54,1,1,1,114
5332,0.442,1,0,1,116
5332,0.463,1,0,1,117
5332,0.442,1,1,1,121
5332,0.448,1,0,1,122
5332,0.581,1,0,1,123
5332,0.391,1,0,1,124
5332,0.454,1,0,1,125
5332,0.38,1,0,1,126
5332,0.554,1,1,1,127
5332,0.81,1,1,1,0
5332,0.437,1,1,1,1
5332,0.38,1,0,1,2
5332,0.433,1,0,1,3
5332,0.344,1,1,1,4
5332,0.484,1,1,1,5
5332,0.559,1,1,1,7
5332,0.519,1,1,1,8
5332,0.669,1,1,1,14
5332,0.434,1,0,1,15
5332,0.528,1,0,1,16
5332,0.399,1,0,1,19
5332,0.458,1,0,1,20
5332,0.396,1,0,1,21
5332,0.433,1,0,1,22
5332,0.489,1,1,1,24
5332,0.472,1,1,1,25
5332,0.779,1,1,1,26
5332,0.43,1,0,1,29
5332,0.532,1,1,1,30
5332,0.701,1,1,1,31
5332,0.492,1,1,1,33
5332,0.435,1,0,1,34
5332,0.502,1,1,1,37
5332,0.489,1,1,1,39
5332,0.581,1,0,1,40
5332,0.582,1,0,1,41
5332,0.456,1,1,1,44
5332,0.335,1,0,1,45
5332,0.518,1,1,1,48
5332,0.504,1,0,1,51
5332,0.468,1,1,1,53
5332,0.492,1,1,1,55
5332,0.441,1,0,1,58
5332,0.379,1,0,1,59
5332,0.435,1,1,1,60
5332,0.447,1,1,1,61
5332,0.497,1,1,1,63
5332,0.401,1,0,1,64
5332,0.375,1,0,1,65
5332,0.459,1,1,1,66
5332,0.414,1,1,1,67
5332,0.534,1,0,1,69
5332,0.409,1,0,1,71
5332,0.462,1,0,1,74
5332,0.484,1,0,1,75
5332,0.392,1,0,1,76
5332,0.447,1,1,1,78
5332,0.488,1,1,1,79
5332,0.397,1,0,1,80
5332,0.368,1,0,1,83
5332,0.334,1,1,1,84
5332,0.344,1,0,1,86
5332,0.362,1,0,1,87
5332,0.409,1,0,1,88
5332,0.43,1,0,1,90
5332,0.663,1,1,1,92
5332,0.552,1,0,1,93
5332,0.415,1,0,1,94
5332,0.472,1,1,1,96
5332,0.416,1,0,1,97
5332,0.495,1,1,1,98
5332,0.482,1,1,1,100
5332,0.453,1,0,1,101
5332,0.816,1,0,1,102
5332,0.435,1,1,1,103
5332,0.544,1,1,1,104
5332,0.628,1,1,1,105
5332,0.433,1,0,1,106
5332,0.534,1,1,1,108
5332,0.479,1,1,1,109
5332,0.418,1,1,1,111
5332,0.354,1,0,1,112
5332,0.4,1,0,1,115
5332,0.451,1,1,1,117
5332,0.438,1,1,1,118
5332,0.43,1,0,1,119
5332,0.594,1,1,1,120
5332,0.476,1,1,1,123
5332,0.667,1,0,1,124
5332,0.392,1,0,1,125
5332,0.462,1,1,1,126
5332,0.435,1,0,1,127
5332,0.651,1,1,1,1
5332,0.498,1,1,1,2
5332,0.437,1,1,1,3
5332,0.452,1,1,1,6
5332,0.385,1,0,1,7
5332,0.448,1,0,1,9
5332,0.401,1,1,1,10
5332,0.453,1,0,1,12
5332,0.394,1,1,1,15
5332,0.384,1,0,1,16
5332,0.384,1,0,1,17
5332,0.555,1,1,1,18
5332,0.412,1,0,1,19
5332,0.385,1,0,1,20
5332,0.392,1,0,1,22
5332,0.429,1,0,1,23
5332,0.571,1,1,1,25
5332,0.403,1,1,1,26
5332,0.418,1,0,1,27
5332,0.445,1,1,1,28
5332,0.485,1,0,1,29
5332,0.644,1,1,1,31
5332,0.45,1,1,1,34
5332,0.418,1,0,1,35
5332,0.446,1,0,1,37
5332,0.497,1,1,1,38
5332,0.731,1,0,1,41
5332,0.553,1,1,1,42
5332,0.458,1,1,1,43
5332,0.393,1,0,1,46
5332,0.489,1,1,1,49
5332,0.444,1,0,1,51
5332,0.411,1,0,1,52
5332,0.412,1,1,1,53
5332,0.413,1,0,1,54
5332,0.66,1,0,1,55
5332,0.381,1,0,1,56
5332,0.493,1,1,1,59
5332,0.499,1,1,1,60
5332,0.412,1,1,1,61
5332,0.48,1,0,1,64
5332,0.397,1,1,1,65
5332,0.629,1,1,1,67
5332,0.447,1,1,1,68
5332,0.522,1,1,1,69
5332,0.464,1,0,1,71
5332,0.527,1,1,1,73
5332,0.489,1,1,1,74
5332,0.491,1,1,1,75
5332,0.491,1,0,1,77
5332,0.586,1,1,1,78
5332,0.486,1,0,1,79
5332,0.462,1,0,1,80
5332,0.545,1,1,1,81
5332,0.444,1,1,1,82
5332,0.48,1,0,1,85
5332,0.444,1,0,1,86
5332,0.51,1,0,1,88
5332,0.464,1,0,1,90
5332,0.416,1,1,1,92
5332,0.315,1,0,1,93
5332,0.402,1,1,1,94
5332,0.524,1,1,1,95
5332,0.527,1,0,1,96
5332,0.399,1,0,1,98
5332,0.586,0,0,1,100
5332,0.614,1,1,1,101
5332,0.614,1,0,1,102
5332,0.465,1,0,1,103
5332,0.387,0,1,1,104
5332,0.502,1,0,1,106
5332,0.433,1,0,1,108
5332,0.407,1,1,1,109
5332,0.508,1,1,1,111
5332,0.652,1,0,1,113
5332,0.609,1,0,1,115
5332,0.413,1,0,1,116
5332,0.534,1,1,1,119
5332,0.772,1,0,1,125
5332,0.551,1,0,1,126
5332,0.564,1,1,1,127
5332,0.648,1,1,1,1
5332,0.553,1,1,1,3
5332,0.431,1,0,1,4
5332,0.451,1,0,1,7
5332,0.375,1,0,1,8
5332,0.355,1,0,1,9
5332,0.486,1,1,1,11
5332,0.51,1,1,1,12
5332,0.429,1,0,1,13
5332,0.552,1,1,1,15
5332,0.41,1,0,1,16
5332,0.497,1,0,1,17
5332,0.38,1,0,1,18
5332,0.417,1,0,1,22
5332,0.54,1,1,1,24
5332,0.465,1,1,1,25
5332,0.48,1,0,1,26
5332,0.51,1,1,1,27
5332,0.401,1,0,1,30
5332,0.446,1,1,1,31
5332,0.46,1,1,1,32
5332,0.552,1,1,1,36
5332,0.386,1,1,1,37
5332,0.485,1,0,1,38
5332,0.436,1,1,1,39
5332,0.447,1,1,1,41
5332,0.502,1,1,1,46
5332,0.471,1,1,1,49
5332,0.432,1,0,1,51
5332,0.493,1,1,1,52
5332,0.482,1,1,1,53
5332,0.471,1,1,1,54
5332,0.541,1,1,1,55
5332,0.546,1,1,1,56
5332,0.565,1,0,1,57
5332,0.584,1,0,1,58
5332,0.423,0,1,1,60
5332,0.42,1,0,1,63
5332,0.396,1,1,1,64
5332,0.429,1,0,1,67
5332,0.495,1,0,1,72
5332,0.484,1,1,1,73
5332,0.573,1,1,1,74
5332,0.613,1,0,1,75
5332,0.355,1,0,1,77
5332,0.431,1,1,1,79
5332,0.377,1,0,1,82
5332,0.363,1,0,1,85
5332,0.568,1,0,1,86
5332,0.357,1,0,1,89
5332,0.384,1,1,1,90
5332,0.385,1,0,1,91
5332,0.399,1,0,1,92
5332,0.623,1,0,1,93
5332,0.46,1,1,1,94
5332,0.384,1,1,1,95
5332,0.396,1,0,1,96
5332,0.329,1,1,1,97
5332,0.363,1,1,1,98
5332,0.504,1,0,1,100
5332,0.48,1,0,1,101
5332,0.456,1,0,1,103
5332,0.331,1,1,1,104
5332,0.52,1,1,1,105
5332,0.389,1,1,1,106
5332,0.428,1,1,1,108
5332,0.372,1,0,1,111
5332,0.379,1,0,1,112
5332,0.399,1,0,1,113
5332,0.429,1,0,1,114
5332,0.596,1,1,1,115
5332,0.302,1,0,1,116
5332,0.385,1,1,1,117
5332,0.399,1,0,1,118
5332,0.466,1,0,1,119
5332,0.667,1,1,1,120
5332,0.447,1,1,1,121
5332,0.548,1,0,1,122
5332,0.505,1,1,1,123
5332,0.382,1,0,1,124
5332,0.444,1,0,1,125
5332,0.551,1,1,1,126
5332,0.399,1,0,1,127
5575,0.7041,1,0,1,0
5575,0.5384,1,1,1,2
5575,0.5181,1,0,1,4
5575,0.5706,1,0,1,6
5575,0.5853,1,1,1,9
5575,0.4821,1,1,1,11
5575,0.5029,1,0,1,12
5575,0.4733,1,0,1,13
5575,0.5995,1,1,1,14
5575,0.6612,1,1,1,15
5575,0.5849,1,1,1,17
5575,0.4546,1,0,1,20
5575,0.5204,1,1,1,23
5575,0.4971,1,1,1,24
5575,0.6049,1,1,1,25
5575,0.4645,1,0,1,26
5575,0.4871,1,0,1,28
5575,0.6036,1,0,1,30
5575,0.4364,1,1,1,31
5575,0.3862,1,0,1,32
5575,0.4398,1,1,1,34
5575,0.5486,1,0,1,35
5575,0.6043,1,1,1,36
5575,0.5526,1,0,1,38
5575,0.5972,1,0,1,39
5575,0.5095,1,1,1,40
5575,0.4307,1,0,1,41
5575,0.384,1,1,1,44
5575,0.5327,1,1,1,47
5575,0.4844,1,0,1,48
5575,0.4736,0,1,1,51
5575,0.5347,1,0,1,52
5575,0.4537,1,0,1,53
5575,0.6164,1,1,1,54
5575,0.424,1,0,1,56
5575,0.5006,1,0,1,58
5575,0.4133,1,0,1,59
5575,0.4035,1,1,1,60
5575,0.5187,1,0,1,61
5575,0.4659,1,0,1,63
5575,0.4512,1,0,1,64
5575,0.5343,1,1,1,65
5575,0.585,1,1,1,66
5575,0.7397,1,1,1,67
5575,0.4351,1,1,1,68
5575,0.4185,1,0,1,69
5575,0.5016,1,1,1,70
5575,0.4881,1,1,1,71
5575,0.4226,1,1,1,73
5575,0.3851,0,1,1,75
5575,0.4497,1,1,1,76
5575,0.4261,1,0,1,78
5575,0.5844,1,1,1,79
5575,0.419,1,0,1,80
5575,0.5551,1,1,1,81
5575,0.4905,1,0,1,83
5575,0.5534,1,1,1,84
5575,0.4791,1,1,1,85
5575,0.4535,1,0,1,87
5575,0.4688,1,1,1,89
5575,0.4234,1,1,1,96
5575,0.5175,1,0,1,97
5575,0.4408,1,0,1,98
5575,0.4161,1,0,1,100
5575,0.5209,1,1,1,102
5575,0.5684,1,1,1,103
5575,0.5156,1,1,1,107
5575,0.4992,1,0,1,109
5575,0.442,1,0,1,110
5575,0.5351,1,0,1,111
5575,0.4574,1,0,1,112
5575,0.5097,1,0,1,115
5575,0.5002,1,1,1,116
5575,0.4882,1,1,1,117
5575,0.4991,1,1,1,118
5575,0.5511,1,0,1,119
5575,0.4571,1,0,1,120
5575,0.4055,1,0,1,121
5575,0.5175,1,0,1,123
5575,0.5331,1,1,1,124
5575,0.7335,1,0,1,126
5575,0.4192,1,1,1,127
5575,0.4028,1,0,1,1
5575,0.4543,1,0,1,3
5575,0.3721,1,0,1,4
5575,0.3049,0,0,1,5
5575,0.4034,1,0,1,6
5575,0.4053,1,0,1,8
5575,0.4365,1,0,1,11
5575,0.3831,1,1,1,13
5575,0.4543,1,1,1,16
5575,0.733,1,0,1,17
5575,0.5326,1,1,1,19
5575,0.5049,1,1,1,20
5575,0.3859,1,1,1,22
5575,0.4111,1,0,1,24
5575,0.4925,1,1,1,26
5575,0.5074,1,1,1,27
5575,0.5024,1,0,1,28
5575,0.4402,1,1,1,29
5575,0.3672,1,1,1,30
5575,0.36870000000000003,1,0,1,32
5575,0.5507,1,1,1,35
5575,0.3895,1,1,1,36
5575,0.4664,1,0,1,37
5575,0.5185,0,1,1,38
5575,0.639,1,1,1,39
5575,0.4404,1,1,1,40
5575,0.5365,1,0,1,43
5575,0.5566,1,0,1,44
5575,0.4846,1,0,1,45
5575,0.4822,1,1,1,48
5575,0.5356,1,1,1,49
5575,0.3756,1,0,1,51
5575,0.4385,1,0,1,52
5575,0.3507,1,0,1,53
5575,0.6023,1,0,1,55
5575,0.3812,1,1,1,56
5575,0.5302,1,0,1,57
5575,0.4216,1,0,1,58
5575,0.5528,1,0,1,59
5575,0.4491,1,1,1,62
5575,0.3693,1,1,1,63
5575,0.5711,1,1,1,64
5575,0.4173,1,0,1,66
5575,0.4386,1,0,1,68
5575,0.4716,1,1,1,70
5575,0.4288,1,1,1,71
5575,0.4913,1,0,1,72
5575,0.4468,1,1,1,76
5575,0.4396,1,0,1,78
5575,0.4535,1,0,1,79
5575,0.3897,1,0,1,80
5575,0.3852,1,1,1,81
5575,0.5811,1,1,1,82
5575,0.3742,1,1,1,83
5575,0.5225,1,1,1,84
5575,0.4643,1,0,1,85
5575,0.4196,1,0,1,87
5575,0.5351,1,1,1,88
5575,0.5166,1,1,1,89
5575,0.6647,1,0,1,91
5575,0.5036,1,1,1,92
5575,0.4607,1,1,1,94
5575,0.5021,1,1,1,95
5575,0.4155,1,0,1,96
5575,0.5189,1,1,1,97
5575,0.5175,1,1,1,100
5575,0.6993,1,1,1,103
5575,0.5333,1,1,1,105
5575,0.4347,1,0,1,108
5575,0.3843,1,0,1,109
5575,0.3838,0,1,1,111
5575,0.4404,0,0,1,112
5575,0.4506,1,1,1,113
5575,0.4338,1,0,1,114
5575,0.417,1,0,1,115
5575,0.4437,1,0,1,116
5575,0.4738,1,0,1,117
5575,0.4566,1,1,1,119
5575,0.3691,1,0,1,120
5575,0.419,1,1,1,123
5575,0.4254,1,1,1,124
5575,0.4701,1,0,1,125
5575,0.4808,1,1,1,126
5575,0.4051,1,0,1,127
5575,0.4101,1,1,1,1
5575,0.4174,0,1,1,2
5575,0.3641,1,1,1,5
5575,0.43120000000000003,1,0,1,6
5575,0.4857,1,1,1,7
5575,0.4016,1,0,1,8
5575,0.5919,1,1,1,10
5575,0.5362,1,0,1,12
5575,0.4251,1,0,1,13
5575,0.4552,1,1,1,16
5575,0.5337,1,1,1,17
5575,0.5343,1,0,1,18
5575,0.6854,1,1,1,20
5575,0.435,1,1,1,21
5575,0.5552,1,0,1,23
5575,0.5189,1,1,1,24
5575,0.603,1,1,1,25
5575,0.4541,1,1,1,27
5575,0.3906,1,1,1,28
5575,0.421,0,0,1,29
5575,0.6017,1,1,1,30
5575,0.4151,1,0,1,31
5575,0.4277,1,0,1,32
5575,0.3878,1,0,1,33
5575,0.6326,1,1,1,35
5575,0.4277,1,0,1,36
5575,0.3145,0,1,1,38
5575,0.4351,1,1,1,40
5575,0.3999,1,0,1,43
5575,0.4686,1,0,1,46
5575,0.4469,1,1,1,47
5575,0.3996,1,1,1,49
5575,0.4629,1,0,1,51
5575,0.5116,1,0,1,52
5575,0.5211,1,0,1,53
5575,0.5527,1,0,1,55
5575,0.417,1,0,1,56
5575,0.4232,1,0,1,57
5575,0.4976,1,0,1,62
5575,0.4388,1,0,1,63
5575,0.4237,1,0,1,67
5575,0.4817,1,0,1,68
5575,0.5053,1,1,1,71
5575,0.4512,1,0,1,72
5575,0.4878,1,1,1,73
5575,0.4151,1,1,1,75
5575,0.3995,1,1,1,77
5575,0.4186,1,0,1,80
5575,0.4407,1,0,1,81
5575,0.6194,1,1,1,82
5575,0.4949,1,0,1,85
5575,0.4676,1,0,1,88
5575,0.5357,1,1,1,89
5575,0.4525,0,1,1,91
5575,0.5546,1,1,1,92
5575,0.4504,1,0,1,93
5575,0.5222,1,0,1,94
5575,0.4675,1,0,1,95
5575,0.4055,1,1,1,96
5575,0.4635,1,0,1,97
5575,0.4537,1,0,1,99
5575,0.5389,1,0,1,100
5575,0.4682,1,0,1,101
5575,0.4997,1,1,1,104
5575,0.6463,1,0,1,105
5575,0.4636,1,1,1,107
5575,0.5355,1,1,1,109
5575,0.4851,1,0,1,111
5575,0.3666,1,1,1,112
5575,0.4057,1,0,1,114
5575,0.4043,1,0,1,115
5575,0.4577,1,0,1,116
5575,0.5718,1,1,1,117
5575,0.5016,1,0,1,118
5575,0.4518,1,1,1,119
5575,0.4516,0,1,1,120
5575,0.5362,1,1,1,121
5575,0.453,0,1,1,123
5575,0.516,1,1,1,125
5575,0.4481,1,1,1,126
5575,0.4807,1,1,1,127
5575,0.7221,1,0,1,0
5575,0.4397,1,0,1,1
5575,0.3024,1,1,1,2
5575,0.4031,1,0,1,3
5575,0.4716,1,0,1,4
5575,0.4401,1,1,1,5
5575,0.4214,1,0,1,6
5575,0.3016,1,0,1,7
5575,0.4717,1,1,1,11
5575,0.3782,1,0,1,12
5575,0.437,1,1,1,13
5575,0.4678,1,0,1,14
5575,0.3908,0,1,1,16
5575,0.3362,1,0,1,19
5575,0.5075,1,0,1,20
5575,0.4039,1,0,1,23
5575,0.4654,1,0,1,24
5575,0.4854,1,1,1,27
5575,0.4014,1,0,1,28
5575,0.4178,1,0,1,31
5575,0.5039,1,1,1,32
5575,0.438,1,0,1,33
5575,0.4337,1,0,1,35
5575,0.4121,0,1,1,37
5575,0.4087,1,1,1,38
5575,0.5112,1,1,1,42
5575,0.4021,1,0,1,44
5575,0.5075,1,0,1,45
5575,0.5147,1,1,1,46
5575,0.45,1,0,1,47
5575,0.6549,1,1,1,48
5575,0.4344,1,1,1,49
5575,0.5422,1,0,1,50
5575,0.4776,1,1,1,51
5575,0.4403,1,1,1,53
5575,0.3918,1,1,1,54
5575,0.4695,1,0,1,56
5575,0.5334,1,0,1,58
5575,0.5376,1,1,1,59
5575,0.3912,1,1,1,60
5575,0.4416,1,0,1,61
5575,0.5317,1,1,1,62
5575,0.4941,1,1,1,63
5575,0.421,1,0,1,65
5575,0.4341,1,0,1,68
5575,0.4484,1,1,1,69
5575,0.3353,1,0,1,71
5575,0.4331,1,1,1,72
5575,0.4688,0,1,1,74
5575,0.3835,1,0,1,76
5575,0.4194,1,1,1,77
5575,0.4072,1,1,1,78
5575,0.4551,1,1,1,79
5575,0.5022,1,1,1,80
5575,0.3872,1,1,1,82
5575,0.492,1,1,1,83
5575,0.5069,1,1,1,84
5575,0.4594,1,0,1,85
5575,0.4411,1,0,1,89
5575,0.4406,0,1,1,90
5575,0.4187,1,0,1,92
5575,0.4384,1,0,1,93
5575,0.385,1,1,1,94
5575,0.5068,1,1,1,95
5575,0.3851,1,0,1,96
5575,0.3899,1,0,1,97
5575,0.4865,1,0,1,98
5575,0.4026,0,0,1,103
5575,0.501,1,1,1,105
5575,0.4357,1,1,1,106
5575,0.4353,1,0,1,108
5575,0.4599,1,1,1,109
5575,0.4913,1,1,1,110
5575,0.4532,1,0,1,111
5575,0.5658,1,1,1,113
5575,0.5217,1,1,1,115
5575,0.4549,1,0,1,116
5575,0.403,1,1,1,119
5575,0.3855,1,0,1,120
5575,0.455,1,0,1,121
5575,0.4555,1,0,1,122
5575,0.4713,1,1,1,124
5575,0.4026,1,0,1,125
5575,0.4663,1,1,1,127
5575,0.5066,1,0,1,1
5575,0.3548,0,1,1,2
5575,0.473,1,1,1,3
5575,0.6023,1,1,1,5
5575,0.3998,1,0,1,7
5575,0.4694,1,1,1,9
5575,0.4026,1,0,1,12
5575,0.4207,1,1,1,13
5575,0.4391,1,0,1,15
5575,0.4814,1,1,1,16
5575,0.3823,1,0,1,17
5575,0.4406,1,1,1,18
5575,0.3823,1,0,1,19
5575,0.4119,1,1,1,20
5575,0.4208,1,0,1,22
5575,0.4245,1,0,1,23
5575,0.4261,1,0,1,24
5575,0.4076,1,0,1,25
5575,0.4585,1,1,1,27
5575,0.3677,1,1,1,28
5575,0.4518,1,1,1,29
5575,0.3845,1,0,1,30
5575,0.357,1,1,1,34
5575,0.3856,0,0,1,35
5575,0.4406,1,0,1,39
5575,0.5516,1,1,1,42
5575,0.5698,1,1,1,43
5575,0.4295,1,0,1,44
5575,0.603,1,1,1,46
5575,0.5144,1,0,1,47
5575,0.5783,1,0,1,48
5575,0.4521,1,0,1,51
5575,0.4506,1,0,1,52
5575,0.4198,1,0,1,53
5575,0.4512,1,1,1,54
5575,0.4552,1,0,1,55
5575,0.3883,1,0,1,57
5575,0.4369,1,0,1,58
5575,0.5022,1,1,1,60
5575,0.4222,1,1,1,61
5575,0.5835,1,0,1,62
5575,0.4404,1,1,1,64
5575,0.4685,1,1,1,66
5575,0.473,1,1,1,67
5575,0.6018,1,0,1,68
5575,0.5867,1,1,1,70
5575,0.3664,1,1,1,72
5575,0.4901,1,1,1,73
5575,0.4234,1,1,1,74
5575,0.4189,1,0,1,75
5575,0.4412,1,0,1,76
5575,0.389,1,0,1,77
5575,0.3806,1,1,1,79
5575,0.4344,1,1,1,80
5575,0.5901,1,0,1,81
5575,0.5362,1,1,1,82
5575,0.4983,1,0,1,83
5575,0.5581,1,0,1,86
5575,0.4537,1,0,1,90
5575,0.4371,1,1,1,91
5575,0.4063,1,1,1,92
5575,0.4209,1,1,1,93
5575,0.3563,1,1,1,94
5575,0.4012,1,0,1,95
5575,0.3569,1,1,1,96
5575,0.4806,1,0,1,98
5575,0.5032,1,0,1,99
5575,0.5234,1,1,1,100
5575,0.3678,1,1,1,102
5575,0.3646,1,1,1,103
5575,0.4012,1,0,1,104
5575,0.3186,1,1,1,107
5575,0.2696,1,1,1,109
5575,0.386,1,1,1,111
5575,0.471,1,0,1,112
5575,0.4252,1,0,1,113
5575,0.3399,1,0,1,115
5575,0.5205,1,1,1,118
5575,0.3736,1,0,1,119
5575,0.5572,1,0,1,120
5575,0.4408,1,1,1,121
5575,0.3429,1,0,1,123
5575,0.4179,1,0,1,126
5575,0.7014,1,0,1,0
5575,0.4091,1,0,1,4
5575,0.3638,0,1,1,5
5575,0.4368,1,1,1,7
5575,0.4695,1,0,1,9
5575,0.4225,1,1,1,10
5575,0.5537,1,1,1,11
5575,0.3998,1,0,1,12
5575,0.4281,1,0,1,14
5575,0.4053,1,0,1,15
5575,0.4558,1,1,1,16
5575,0.4908,1,1,1,17
5575,0.3705,1,0,1,21
5575,0.4452,1,1,1,22
5575,0.4018,0,1,1,23
5575,0.4745,1,1,1,24
5575,0.3703,0,1,1,25
5575,0.3665,1,0,1,28
5575,0.4582,1,0,1,29
5575,0.4531,1,0,1,30
5575,0.4843,1,1,1,31
5575,0.4858,1,1,1,32
5575,0.3909,1,1,1,34
5575,0.4242,1,0,1,35
5575,0.4089,1,0,1,36
5575,0.5371,1,0,1,37
5575,0.7187,0,1,1,39
5575,0.5689,1,1,1,41
5575,0.4747,1,1,1,42
5575,0.4553,1,1,1,43
5575,0.4357,1,0,1,45
5575,0.4416,1,0,1,46
5575,0.4015,1,1,1,49
5575,0.4358,1,0,1,52
5575,0.5236,1,0,1,54
5575,0.4869,1,1,1,55
5575,0.5385,1,1,1,57
5575,0.6118,1,1,1,60
5575,0.4513,1,0,1,61
5575,0.5236,1,0,1,62
5575,0.4577,1,0,1,63
5575,0.4044,1,1,1,64
5575,0.4017,1,0,1,67
5575,0.4868,1,0,1,69
5575,0.5158,1,1,1,70
5575,0.3993,1,0,1,73
5575,0.5096,1,1,1,74
5575,0.4203,1,0,1,75
5575,0.5196,1,1,1,76
5575,0.4553,1,1,1,80
5575,0.3822,1,0,1,82
5575,0.4671,1,1,1,83
5575,0.4988,1,0,1,84
5575,0.3989,1,1,1,85
5575,0.5906,1,0,1,87
5575,0.6573,1,1,1,88
5575,0.4898,1,0,1,89
5575,0.4234,1,1,1,90
5575,0.4189,1,1,1,91
5575,0.356,1,0,1,93
5575,0.3748,1,1,1,95
5575,0.3218,1,1,1,96
5575,0.387,0,0,1,98
5575,0.4526,1,1,1,100
5575,0.6573,1,1,1,101
5575,0.3551,1,0,1,102
5575,0.5381,1,0,1,103
5575,0.4342,1,0,1,104
5575,0.5167,1,0,1,107
5575,0.4333,0,0,1,109
5575,0.5411,1,0,1,110
5575,0.3726,1,0,1,111
5575,0.5356,1,1,1,112
5575,0.3998,1,0,1,114
5575,0.4339,1,0,1,115
5575,0.4211,1,0,1,117
5575,0.4012,1,0,1,118
5575,0.3903,1,1,1,119
5575,0.4155,1,1,1,120
5575,0.4186,1,0,1,122
5575,0.4054,1,1,1,123
5575,0.5709,1,1,1,124
5575,0.4472,1,1,1,125
5575,0.3858,1,1,1,127
5575,0.4715,1,0,1,1
5575,0.3854,1,0,1,2
5575,0.4739,1,0,1,4
5575,0.3898,1,0,1,5
5575,0.4522,1,1,1,6
5575,0.3509,1,0,1,7
5575,0.4031,1,0,1,9
5575,0.3877,1,1,1,10
5575,0.3702,1,0,1,11
5575,0.3866,1,0,1,17
5575,0.4625,1,1,1,18
5575,0.3737,1,1,1,21
5575,0.4846,1,1,1,22
5575,0.3551,1,0,1,24
5575,0.5366,1,1,1,25
5575,0.4186,1,0,1,27
5575,0.5072,1,0,1,28
5575,0.4112,1,0,1,30
5575,0.6363,1,1,1,33
5575,0.487,1,1,1,35
5575,0.3997,1,0,1,36
5575,0.4206,1,1,1,37
5575,0.5072,1,1,1,39
5575,0.4468,1,0,1,40
5575,0.3508,1,1,1,41
5575,0.3333,1,0,1,42
5575,0.3504,1,0,1,43
5575,0.5221,1,0,1,44
5575,0.4249,1,0,1,45
5575,0.4549,1,1,1,46
5575,0.4589,1,0,1,50
5575,0.4495,1,1,1,51
5575,0.4073,1,0,1,56
5575,0.3648,1,0,1,57
5575,0.4691,1,1,1,59
5575,0.367,0,0,1,60
5575,0.4091,1,0,1,61
5575,0.6044,1,1,1,62
5575,0.423,1,1,1,63
5575,0.3406,1,0,1,65
5575,0.5161,1,1,1,67
5575,0.4734,1,0,1,69
5575,0.4683,1,1,1,71
5575,0.4291,1,0,1,73
5575,0.4545,1,1,1,76
5575,0.4637,1,0,1,78
5575,0.4254,1,1,1,80
5575,0.4305,1,0,1,81
5575,0.3732,1,0,1,82
5575,0.431,1,0,1,83
5575,0.522,1,1,1,84
5575,0.5045,1,1,1,85
5575,0.4528,1,0,1,88
5575,0.5677,1,1,1,89
5575,0.4534,1,0,1,90
5575,0.5051,1,0,1,91
5575,0.4208,1,0,1,92
5575,0.4692,1,1,1,93
5575,0.4226,1,1,1,94
5575,0.3705,1,0,1,95
5575,0.4855,1,1,1,96
5575,0.3519,1,0,1,97
5575,0.4237,1,1,1,98
5575,0.3711,1,0,1,99
5575,0.3844,0,1,1,100
5575,0.4513,1,1,1,102
5575,0.3921,1,1,1,103
5575,0.4509,1,1,1,104
5575,0.4695,1,0,1,106
5575,0.573,1,1,1,108
5575,0.5537,1,1,1,110
5575,0.5513,1,1,1,111
5575,0.4741,1,1,1,112
5575,0.5077,1,1,1,113
5575,0.5401,1,1,1,114
5575,0.4825,1,1,1,115
5575,0.5009,1,0,1,118
5575,0.4218,1,0,1,119
5575,0.4303,1,1,1,120
5575,0.3964,0,1,1,121
5575,0.4406,1,0,1,122
5575,0.3381,1,1,1,124
5575,0.4491,1,0,1,125
5575,0.6111,1,0,1,0
5575,0.3682,1,1,1,6
5575,0.4343,1,1,1,7
5575,0.3366,0,1,1,8
5575,0.5761,1,0,1,9
5575,0.4588,1,0,1,10
5575,0.4992,1,0,1,11
5575,0.4747,1,0,1,12
5575,0.4009,1,1,1,14
5575,0.4478,1,1,1,15
5575,0.4358,1,0,1,16
5575,0.3994,1,1,1,17
5575,0.3875,1,0,1,18
5575,0.4664,1,0,1,23
5575,0.4871,1,1,1,25
5575,0.5178,1,1,1,26
5575,0.4842,1,1,1,28
5575,0.4209,1,1,1,29
5575,0.4235,1,0,1,31
5575,0.7209,1,0,1,32
5575,0.3829,1,0,1,33
5575,0.4091,1,0,1,34
5575,0.4751,1,1,1,35
5575,0.5068,1,1,1,36
5575,0.4348,1,1,1,38
5575,0.3522,1,0,1,39
5575,0.4691,1,0,1,41
5575,0.3401,1,0,1,42
5575,0.3887,1,0,1,46
5575,0.4861,1,1,1,47
5575,0.6394,1,0,1,48
5575,0.405,1,0,1,49
5575,0.4047,1,0,1,51
5575,0.39,1,1,1,53
5575,0.5417,1,1,1,57
5575,0.4198,1,0,1,59
5575,0.3634,1,1,1,60
5575,0.475,1,1,1,61
5575,0.4552,1,0,1,63
5575,0.4371,0,1,1,64
5575,0.4459,1,0,1,65
5575,0.4417,1,0,1,66
5575,0.4705,1,0,1,67
5575,0.3407,1,0,1,69
5575,0.5688,1,1,1,71
5575,0.45,1,1,1,75
5575,0.4032,1,0,1,76
5575,0.4559,1,0,1,77
5575,0.5031,1,1,1,78
5575,0.4059,1,1,1,79
5575,0.3884,1,0,1,80
5575,0.4031,1,0,1,81
5575,0.4024,0,1,1,82
5575,0.5631,1,1,1,83
5575,0.4052,1,0,1,85
5575,0.4311,1,0,1,86
5575,0.4013,1,0,1,87
5575,0.5384,1,1,1,88
5575,0.4757,1,0,1,89
5575,0.4403,1,0,1,91
5575,0.3925,1,0,1,93
5575,0.4805,1,1,1,94
5575,0.4567,1,1,1,95
5575,0.4063,1,1,1,97
5575,0.6552,1,1,1,99
5575,0.4261,0,0,1,101
5575,0.5034,1,1,1,102
5575,0.6531,1,0,1,103
5575,0.4489,1,1,1,104
5575,0.471,1,0,1,105
5575,0.669,1,0,1,106
5575,0.4875,1,1,1,108
5575,0.4352,1,1,1,110
5575,0.3972,1,1,1,111
5575,0.5212,1,1,1,112
5575,0.4877,1,1,1,113
5575,0.452,1,1,1,115
5575,0.4453,1,1,1,117
5575,0.4511,1,1,1,118
5575,0.4408,1,0,1,119
5575,0.4645,1,1,1,121
5575,0.4141,1,0,1,122
5575,0.5239,1,1,1,126
5731,0.552,1,1,1,1
5731,0.425,1,0,1,2
5731,0.391,1,0,1,5
5731,0.515,1,1,1,6
5731,0.499,1,1,1,8
5731,0.461,1,0,1,9
5731,0.527,1,0,1,10
5731,0.461,1,1,1,12
5731,0.389,1,0,1,15
5731,0.493,1,0,1,18
5731,0.418,1,0,1,22
5731,0.461,1,1,1,23
5731,0.411,1,0,1,24
5731,0.51,1,0,1,26
5731,0.376,1,0,1,27
5731,0.576,1,0,1,28
5731,0.41,0,1,1,29
5731,0.519,1,0,1,30
5731,0.514,1,1,1,31
5731,0.463,1,0,1,33
5731,0.512,1,1,1,34
5731,0.572,1,1,1,36
5731,0.761,1,1,1,37
5731,0.577,1,1,1,38
5731,0.459,1,1,1,39
5731,0.605,1,1,1,43
5731,0.412,1,0,1,44
5731,0.535,1,1,1,47
5731,0.382,1,0,1,49
5731,0.495,1,0,1,50
5731,0.424,1,0,1,51
5731,0.535,1,1,1,53
5731,0.355,1,1,1,55
5731,0.413,1,0,1,57
5731,0.424,1,0,1,58
5731,0.458,1,0,1,59
5731,0.444,1,1,1,60
5731,0.344,1,0,1,61
5731,0.452,1,0,1,63
5731,0.579,1,1,1,65
5731,0.475,1,1,1,66
5731,0.443,0,1,1,67
5731,0.381,1,1,1,68
5731,0.473,1,1,1,69
5731,0.425,1,1,1,70
5731,0.472,1,0,1,72
5731,0.462,1,1,1,74
5731,0.644,1,0,1,76
5731,0.691,1,0,1,77
5731,0.444,1,0,1,78
5731,0.602,1,1,1,79
5731,0.661,1,1,1,80
5731,0.377,1,1,1,84
5731,0.527,1,0,1,86
5731,0.463,1,1,1,87
5731,0.439,1,0,1,88
5731,0.561,1,0,1,89
5731,0.707,1,0,1,90
5731,0.432,1,1,1,91
5731,0.374,1,0,1,94
5731,0.425,1,0,1,95
5731,0.545,1,0,1,96
5731,0.539,1,1,1,100
5731,0.616,1,1,1,101
5731,0.81,1,1,1,102
5731,0.46,1,0,1,103
5731,0.392,1,0,1,105
5731,0.468,0,1,1,106
5731,0.604,1,1,1,111
5731,0.471,1,0,1,112
5731,0.523,1,1,1,114
5731,0.466,1,1,1,115
5731,0.511,1,1,1,116
5731,0.434,1,0,1,117
5731,0.51,1,1,1,118
5731,0.466,1,1,1,120
5731,0.556,1,1,1,122
5731,0.694,1,1,1,123
5731,0.49,1,0,1,124
5731,0.474,1,0,1,125
5731,0.39,1,0,1,126
5731,0.459,1,1,1,127
5731,0.551,1,0,1,0
5731,0.307,1,0,1,5
5731,0.391,1,0,1,7
5731,0.39,1,0,1,9
5731,0.476,1,1,1,11
5731,0.441,1,1,1,12
5731,0.406,1,0,1,13
5731,0.422,1,1,1,14
5731,0.34,0,1,1,15
5731,0.359,1,1,1,17
5731,0.446,1,1,1,20
5731,0.494,1,1,1,21
5731,0.419,1,0,1,22
5731,0.408,1,0,1,23
5731,0.494,1,0,1,24
5731,0.48,1,1,1,25
5731,0.465,1,1,1,30
5731,0.51,1,0,1,32
5731,0.44,1,0,1,33
5731,0.443,1,0,1,34
5731,0.519,1,1,1,35
5731,0.537,1,1,1,37
5731,0.645,1,0,1,38
5731,0.394,1,0,1,39
5731,0.448,1,1,1,42
5731,0.442,1,1,1,43
5731,0.49,1,0,1,44
5731,0.422,0,1,1,45
5731,0.444,1,1,1,46
5731,0.394,1,1,1,47
5731,0.351,1,0,1,49
5731,0.461,1,0,1,50
5731,0.346,1,1,1,51
5731,0.349,1,1,1,53
5731,0.352,1,1,1,54
5731,0.501,1,0,1,55
5731,0.538,1,1,1,56
5731,0.36,1,1,1,57
5731,0.461,1,1,1,58
5731,0.383,1,1,1,59
5731,0.328,1,0,1,60
5731,0.357,1,0,1,61
5731,0.593,1,0,1,62
5731,0.462,1,1,1,64
5731,0.424,1,1,1,65
5731,0.429,1,0,1,66
5731,0.452,1,0,1,68
5731,0.457,1,0,1,69
5731,0.39,1,0,1,70
5731,0.425,0,1,1,72
5731,0.622,1,1,1,74
5731,0.516,1,1,1,76
5731,0.514,1,1,1,77
5731,0.412,1,0,1,80
5731,0.434,1,0,1,82
5731,0.407,1,0,1,83
5731,0.391,1,0,1,84
5731,0.529,1,0,1,90
5731,0.588,1,1,1,91
5731,0.358,1,1,1,93
5731,0.365,1,0,1,94
5731,0.443,1,1,1,95
5731,0.398,1,1,1,96
5731,0.41,1,1,1,97
5731,0.367,1,0,1,98
5731,0.327,0,0,1,99
5731,0.407,1,0,1,100
5731,0.526,1,1,1,101
5731,0.463,1,1,1,102
5731,0.455,1,1,1,106
5731,0.462,1,0,1,107
5731,0.512,1,1,1,111
5731,0.457,1,0,1,112
5731,0.489,1,1,1,113
5731,0.478,1,1,1,115
5731,0.487,1,0,1,118
5731,0.438,1,1,1,119
5731,0.427,0,1,1,120
5731,0.401,1,0,1,121
5731,0.392,1,0,1,122
5731,0.374,1,0,1,124
5731,0.344,1,0,1,125
5731,0.374,1,0,1,126
5731,0.356,1,0,1,127
5731,0.49,1,1,1,1
5731,0.41,1,0,1,2
5731,0.379,1,1,1,3
5731,0.489,1,0,1,5
5731,0.462,1,1,1,6
5731,0.405,0,1,1,8
5731,0.568,1,0,1,10
5731,0.729,1,1,1,11
5731,0.711,1,1,1,12
5731,0.596,1,0,1,13
5731,0.524,1,0,1,15
5731,0.777,1,0,1,16
5731,0.382,1,0,1,17
5731,0.723,1,0,1,19
5731,0.498,1,1,1,21
5731,0.426,1,1,1,23
5731,0.544,1,1,1,24
5731,0.496,1,1,1,26
5731,0.346,1,0,1,27
5731,0.484,1,1,1,28
5731,0.506,1,0,1,29
5731,0.389,1,1,1,30
5731,0.445,1,0,1,31
5731,0.545,1,1,1,34
5731,0.433,1,0,1,35
5731,0.501,1,1,1,38
5731,0.528,1,1,1,39
5731,0.418,1,0,1,40
5731,0.488,0,1,1,41
5731,0.454,1,0,1,42
5731,0.438,0,1,1,43
5731,0.511,0,1,1,44
5731,0.525,1,1,1,45
5731,0.527,1,0,1,46
5731,0.41,1,0,1,48
5731,0.561,1,1,1,49
5731,0.472,1,1,1,50
5731,0.457,1,1,1,52
5731,0.627,1,1,1,53
5731,0.628,1,0,1,54
5731,0.586,1,1,1,56
5731,0.525,1,1,1,57
5731,0.466,1,0,1,58
5731,0.644,1,0,1,61
5731,0.361,1,0,1,62
5731,0.66,1,0,1,63
5731,0.425,1,1,1,64
5731,0.461,1,1,1,66
5731,0.422,1,0,1,67
5731,0.428,0,1,1,69
5731,0.457,1,1,1,72
5731,0.595,1,1,1,73
5731,0.493,1,0,1,74
5731,0.645,1,1,1,75
5731,0.462,1,0,1,76
5731,0.597,0,1,1,77
5731,0.363,1,0,1,78
5731,0.428,1,0,1,79
5731,0.515,1,0,1,82
5731,0.49,1,0,1,83
5731,0.605,1,1,1,84
5731,0.489,1,1,1,86
5731,0.392,1,1,1,87
5731,0.448,1,0,1,88
5731,0.439,1,1,1,90
5731,0.424,1,1,1,91
5731,0.445,1,0,1,92
5731,0.511,1,1,1,93
5731,0.479,1,0,1,95
5731,0.461,1,0,1,97
5731,0.473,1,0,1,98
5731,0.566,1,1,1,99
5731,0.416,1,0,1,107
5731,0.361,1,0,1,108
5731,0.441,1,0,1,109
5731,0.391,1,0,1,112
5731,0.341,1,0,1,114
5731,0.509,1,0,1,117
5731,0.421,1,1,1,118
5731,0.535,1,1,1,120
5731,0.605,1,0,1,124
5731,0.48,1,0,1,126
5731,0.78,1,0,1,1
5731,0.411,1,0,1,2
5731,0.344,1,0,1,4
5731,0.507,1,0,1,7
5731,0.359,1,0,1,8
5731,0.438,1,1,1,9
5731,0.591,1,0,1,11
5731,0.521,1,1,1,12
5731,0.406,1,0,1,13
5731,0.343,1,0,1,14
5731,0.477,1,0,1,16
5731,0.411,1,1,1,19
5731,0.388,1,0,1,20
5731,0.439,1,1,1,21
5731,0.511,1,1,1,22
5731,0.45,1,1,1,23
5731,0.425,1,0,1,24
5731,0.38,1,0,1,26
5731,0.39,0,0,1,29
5731,0.494,1,0,1,30
5731,0.399,1,1,1,31
5731,0.407,1,1,1,32
5731,0.488,1,1,1,34
5731,0.464,1,1,1,36
5731,0.459,1,1,1,37
5731,0.378,1,1,1,38
5731,0.463,1,1,1,40
5731,0.378,1,0,1,44
5731,0.427,1,0,1,45
5731,0.414,1,0,1,47
5731,0.408,1,1,1,48
5731,0.425,1,0,1,49
5731,0.345,1,0,1,50
5731,0.325,1,0,1,51
5731,0.407,1,0,1,52
5731,0.341,1,0,1,53
5731,0.375,0,0,1,54
5731,0.44,1,1,1,55
5731,0.437,1,1,1,61
5731,0.543,1,1,1,62
5731,0.34,0,1,1,63
5731,0.397,1,1,1,65
5731,0.73,0,1,1,68
5731,0.527,1,1,1,70
5731,0.366,1,0,1,71
5731,0.539,1,1,1,73
5731,0.51,1,1,1,74
5731,0.375,1,1,1,76
5731,0.425,1,1,1,77
5731,0.396,1,0,1,78
5731,0.38,0,0,1,80
5731,0.558,1,0,1,81
5731,0.427,1,1,1,83
5731,0.489,1,0,1,84
5731,0.412,0,1,1,86
5731,0.44,1,0,1,87
5731,0.44,1,1,1,89
5731,0.728,1,1,1,90
5731,0.46,1,1,1,91
5731,0.395,1,0,1,92
5731,0.529,1,1,1,93
5731,0.389,1,0,1,94
5731,0.438,1,1,1,95
5731,0.494,1,1,1,96
5731,0.413,1,0,1,99
5731,0.514,1,1,1,100
5731,0.508,1,1,1,101
5731,0.257,1,1,1,102
5731,0.507,1,0,1,103
5731,0.423,1,0,1,105
5731,0.472,1,1,1,106
5731,0.472,1,0,1,108
5731,0.427,1,0,1,109
5731,0.446,1,1,1,111
5731,0.563,1,0,1,112
5731,0.461,1,0,1,113
5731,0.639,1,1,1,114
5731,0.708,1,1,1,119
5731,0.392,1,0,1,120
5731,0.459,1,0,1,121
5731,0.428,1,0,1,123
5731,0.444,0,1,1,125
5731,0.489,1,0,1,126
5731,0.507,1,0,1,0
5731,0.491,1,0,1,3
5731,0.691,1,0,1,4
5731,0.471,1,1,1,5
5731,0.558,1,0,1,8
5731,0.44,1,1,1,9
5731,0.338,1,0,1,11
5731,0.474,1,1,1,13
5731,0.441,1,1,1,14
5731,0.473,1,1,1,16
5731,0.412,1,1,1,19
5731,0.407,0,1,1,20
5731,0.398,1,0,1,21
5731,0.432,1,1,1,22
5731,0.425,1,0,1,24
5731,0.393,1,0,1,25
5731,0.424,1,1,1,26
5731,0.407,1,1,1,27
5731,0.492,1,0,1,29
5731,0.428,1,1,1,30
5731,0.478,1,1,1,31
5731,0.378,1,1,1,34
5731,0.535,1,0,1,35
5731,0.46,1,1,1,36
5731,0.561,1,1,1,37
5731,0.444,1,1,1,38
5731,0.466,1,0,1,40
5731,0.747,0,0,1,44
5731,0.624,1,0,1,46
5731,0.464,1,1,1,47
5731,0.407,1,1,1,48
5731,0.394,1,0,1,50
5731,0.342,1,0,1,52
5731,0.426,1,0,1,53
5731,0.478,1,1,1,54
5731,0.507,1,1,1,55
5731,0.458,1,0,1,57
5731,0.43,1,1,1,58
5731,0.522,1,0,1,59
5731,0.448,0,1,1,60
5731,0.441,1,1,1,61
5731,0.385,1,1,1,62
5731,0.505,1,0,1,63
5731,0.389,1,1,1,64
5731,0.427,1,0,1,65
5731,0.395,1,0,1,67
5731,0.594,1,0,1,71
5731,0.51,1,1,1,73
5731,0.46,1,1,1,74
5731,0.405,1,0,1,75
5731,0.728,1,0,1,76
5731,0.478,1,0,1,79
5731,0.398,1,0,1,82
5731,0.441,1,0,1,85
5731,0.601,1,0,1,88
5731,0.623,1,1,1,89
5731,0.371,1,1,1,90
5731,0.58,1,0,1,91
5731,0.373,1,1,1,92
5731,0.625,1,1,1,93
5731,0.47,1,0,1,94
5731,0.65,1,0,1,95
5731,0.456,1,0,1,98
5731,0.643,1,1,1,99
5731,0.396,1,0,1,100
5731,0.778,1,0,1,101
5731,0.311,0,0,1,102
5731,0.513,1,1,1,103
5731,0.522,1,1,1,104
5731,0.451,1,1,1,105
5731,0.476,1,1,1,106
5731,0.441,1,0,1,107
5731,0.55,1,1,1,108
5731,0.778,1,1,1,110
5731,0.516,1,1,1,111
5731,0.494,1,0,1,113
5731,0.444,1,1,1,114
5731,0.61,1,1,1,115
5731,0.485,1,0,1,117
5731,0.438,1,0,1,118
5731,0.412,1,0,1,119
5731,0.463,1,0,1,126
5731,0.445,1,0,1,127
5731,0.373,1,0,1,1
5731,0.622,1,0,1,3
5731,0.438,1,1,1,4
5731,0.393,1,0,1,5
5731,0.425,1,1,1,6
5731,0.308,1,1,1,7
5731,0.343,0,0,1,9
5731,0.421,1,1,1,12
5731,0.417,1,1,1,14
5731,0.378,1,1,1,15
5731,0.523,1,0,1,18
5731,0.41,1,0,1,19
5731,0.493,1,0,1,20
5731,0.526,1,1,1,23
5731,0.409,0,1,1,24
5731,0.439,0,0,1,25
5731,0.411,1,0,1,26
5731,0.344,0,1,1,29
5731,0.661,1,1,1,30
5731,0.463,1,1,1,31
5731,0.348,1,0,1,32
5731,0.473,1,0,1,35
5731,0.693,0,1,1,36
5731,0.377,1,0,1,38
5731,0.427,1,1,1,40
5731,0.406,0,1,1,42
5731,0.443,1,0,1,43
5731,0.375,1,1,1,44
5731,0.374,1,0,1,45
5731,0.423,1,0,1,50
5731,0.616,1,1,1,51
5731,0.359,0,1,1,52
5731,0.424,1,0,1,54
5731,0.487,1,1,1,57
5731,0.393,1,1,1,58
5731,0.468,1,1,1,59
5731,0.39,1,1,1,61
5731,0.46,1,1,1,62
5731,0.445,1,0,1,63
5731,0.475,1,1,1,65
5731,0.495,1,1,1,66
5731,0.444,1,0,1,68
5731,0.339,1,0,1,69
5731,0.328,0,1,1,70
5731,0.404,1,1,1,71
5731,0.446,1,0,1,73
5731,0.413,1,1,1,74
5731,0.41,1,1,1,75
5731,0.425,1,0,1,76
5731,0.375,1,0,1,79
5731,0.388,1,0,1,80
5731,0.391,1,1,1,81
5731,0.461,1,0,1,83
5731,0.51,1,0,1,84
5731,0.362,0,1,1,85
5731,0.428,0,0,1,86
5731,0.337,1,0,1,87
5731,0.446,1,0,1,88
5731,0.424,1,0,1,89
5731,0.494,1,1,1,90
5731,0.309,1,1,1,91
5731,0.375,1,1,1,93
5731,0.408,1,0,1,94
5731,0.407,1,0,1,95
5731,0.39,1,0,1,96
5731,0.462,1,1,1,99
5731,0.525,1,0,1,100
5731,0.438,1,1,1,102
5731,0.444,1,0,1,103
5731,0.411,1,0,1,104
5731,0.377,1,0,1,105
5731,0.407,1,1,1,106
5731,0.36,0,1,1,107
5731,0.39,1,0,1,108
5731,0.392,1,1,1,109
5731,0.439,1,0,1,110
5731,0.586,1,1,1,114
5731,0.384,1,0,1,117
5731,0.426,1,1,1,119
5731,0.426,1,1,1,120
5731,0.426,1,0,1,121
5731,0.439,1,1,1,126
5731,0.473,1,0,1,127
5731,0.457,1,0,1,1
5731,0.372,1,1,1,3
5731,0.427,0,1,1,5
5731,0.394,1,1,1,6
5731,0.506,1,1,1,7
5731,0.694,1,1,1,9
5731,0.492,1,1,1,11
5731,0.722,1,1,1,13
5731,0.378,1,1,1,15
5731,0.255,0,0,1,16
5731,0.411,1,0,1,17
5731,0.378,1,1,1,18
5731,0.46,1,1,1,19
5731,0.375,1,1,1,20
5731,0.5,1,0,1,21
5731,0.359,1,0,1,23
5731,0.392,1,1,1,24
5731,0.379,1,0,1,27
5731,0.472,1,0,1,29
5731,0.411,1,1,1,30
5731,0.39,1,0,1,31
5731,0.404,1,0,1,32
5731,0.739,1,1,1,33
5731,0.376,1,0,1,35
5731,0.609,1,0,1,36
5731,0.458,1,1,1,37
5731,0.42,1,1,1,38
5731,0.444,1,1,1,43
5731,0.338,1,0,1,44
5731,0.377,1,0,1,45
5731,0.575,1,1,1,46
5731,0.487,1,1,1,48
5731,0.44,1,1,1,50
5731,0.41,1,1,1,52
5731,0.426,1,0,1,54
5731,0.352,1,0,1,55
5731,0.429,0,1,1,57
5731,0.36,1,0,1,58
5731,0.425,1,0,1,59
5731,0.419,1,1,1,60
5731,0.419,1,1,1,61
5731,0.598,1,0,1,62
5731,0.426,1,0,1,63
5731,0.419,1,1,1,66
5731,0.498,1,0,1,67
5731,0.439,1,1,1,68
5731,0.386,1,0,1,71
5731,0.622,1,1,1,74
5731,0.379,1,0,1,76
5731,0.559,1,1,1,77
5731,0.444,1,1,1,78
5731,0.404,1,1,1,79
5731,0.382,1,0,1,81
5731,0.412,1,0,1,83
5731,0.629,0,0,1,84
5731,0.475,1,0,1,85
5731,0.347,1,1,1,86
5731,0.347,1,1,1,88
5731,0.512,1,0,1,90
5731,0.379,1,0,1,93
5731,0.388,1,0,1,94
5731,0.453,1,0,1,96
5731,0.362,0,0,1,97
5731,0.361,1,0,1,98
5731,0.426,1,1,1,99
5731,0.362,1,1,1,101
5731,0.359,1,0,1,103
5731,0.505,1,0,1,104
5731,0.613,0,1,1,106
5731,0.408,1,0,1,108
5731,0.661,1,0,1,109
5731,0.421,1,1,1,110
5731,0.377,0,1,1,111
5731,0.51,1,1,1,113
5731,0.472,1,1,1,115
5731,0.557,1,1,1,118
5731,0.409,1,1,1,119
5731,0.441,1,1,1,121
5731,0.378,1,0,1,122
5731,0.461,0,0,1,123
5731,0.455,1,0,1,125
5731,0.527,1,0,1,126
5731,0.479,1,0,1,127
5731,0.674,1,1,1,0
5731,0.462,1,0,1,1
5731,0.629,1,1,1,2
5731,0.376,1,0,1,3
5731,0.36,1,0,1,5
5731,0.58,1,1,1,6
5731,0.376,1,0,1,7
5731,0.416,1,1,1,8
5731,0.413,1,0,1,10
5731,0.39,0,1,1,12
5731,0.387,1,1,1,14
5731,0.393,1,1,1,15
5731,0.398,1,0,1,16
5731,0.481,1,1,1,17
5731,0.461,1,1,1,21
5731,0.409,0,0,1,23
5731,0.369,1,0,1,26
5731,0.406,1,1,1,28
5731,0.391,1,0,1,29
5731,0.408,1,1,1,31
5731,0.33,1,0,1,35
5731,0.461,1,1,1,37
5731,0.459,1,1,1,38
5731,0.663,1,0,1,39
5731,0.509,1,1,1,40
5731,0.457,1,1,1,41
5731,0.797,1,0,1,42
5731,0.457,1,0,1,44
5731,0.474,0,0,1,47
5731,0.356,0,0,1,48
5731,0.341,1,0,1,52
5731,0.475,1,0,1,53
5731,0.44,1,1,1,54
5731,0.413,1,0,1,55
5731,0.457,1,0,1,57
5731,0.562,0,1,1,58
5731,0.409,1,0,1,59
5731,0.443,0,1,1,60
5731,0.486,1,1,1,62
5731,0.558,1,1,1,63
5731,0.437,1,0,1,64
5731,0.431,1,0,1,66
5731,0.642,0,1,1,67
5731,0.361,1,0,1,69
5731,0.529,1,1,1,71
5731,0.379,1,0,1,72
5731,0.361,1,0,1,73
5731,0.479,1,1,1,74
5731,0.428,0,1,1,76
5731,0.524,1,1,1,79
5731,0.376,1,1,1,80
5731,0.425,1,0,1,81
5731,0.417,1,1,1,82
5731,0.441,1,0,1,84
5731,0.409,1,0,1,86
5731,0.408,1,0,1,87
5731,0.777,1,0,1,88
5731,0.407,1,1,1,89
5731,0.341,1,0,1,90
5731,0.41,1,1,1,91
5731,0.505,1,1,1,92
5731,0.371,1,0,1,94
5731,0.422,1,0,1,95
5731,0.374,1,0,1,97
5731,0.442,1,1,1,98
5731,0.436,1,0,1,99
5731,0.419,1,1,1,100
5731,0.463,1,0,1,101
5731,0.506,1,0,1,102
5731,0.363,1,1,1,103
5731,0.31,1,1,1,106
5731,0.34,0,0,1,109
5731,0.396,0,1,1,110
5731,0.442,1,1,1,112
5731,0.46,1,0,1,117
5731,0.662,1,1,1,118
5731,0.442,1,1,1,120
5731,0.407,1,0,1,121
5731,0.591,1,1,1,122
5731,0.391,1,1,1,124
5731,0.428,1,1,1,125
5731,0.407,1,1,1,127
5761,0.4595,1,0,1,1
5761,0.636,1,1,1,2
5761,0.5893,1,1,1,3
5761,0.5523,1,1,1,4
5761,0.5097,1,1,1,5
5761,0.5232,1,0,1,6
5761,0.4635,1,1,1,7
5761,0.479,1,1,1,8
5761,0.3993,0,1,1,12
5761,0.5762,1,0,1,13
5761,0.4789,1,1,1,15
5761,0.5409,1,1,1,16
5761,0.3533,0,1,1,17
5761,0.5057,1,1,1,19
5761,0.5514,1,1,1,21
5761,0.4466,1,0,1,23
5761,0.4692,1,0,1,25
5761,0.5001,1,1,1,27
5761,0.5342,1,1,1,30
5761,0.5878,1,1,1,31
5761,0.5474,1,0,1,32
5761,0.413,1,0,1,33
5761,0.5951,1,1,1,37
5761,0.5138,1,0,1,41
5761,0.5532,1,1,1,42
5761,0.5394,1,1,1,44
5761,0.5438,1,0,1,45
5761,0.5332,1,1,1,46
5761,0.6837,1,0,1,47
5761,0.4752,1,0,1,49
5761,0.517,1,0,1,50
5761,0.5858,1,1,1,51
5761,0.5027,1,0,1,52
5761,0.5103,1,1,1,54
5761,0.4855,1,1,1,55
5761,0.528,1,0,1,56
5761,0.5859,1,0,1,57
5761,0.6344,1,1,1,58
5761,0.4554,1,0,1,61
5761,0.5517,1,0,1,62
5761,0.4876,1,1,1,63
5761,0.5503,1,1,1,64
5761,0.4613,1,0,1,65
5761,0.4878,1,0,1,66
5761,0.4936,1,0,1,67
5761,0.4365,1,0,1,71
5761,0.3852,1,0,1,72
5761,0.4637,1,0,1,73
5761,0.4716,1,0,1,76
5761,0.5549,1,1,1,77
5761,0.4744,1,0,1,79
5761,0.3802,1,0,1,80
5761,0.4555,1,1,1,81
5761,0.3289,0,0,1,82
5761,0.419,1,0,1,84
5761,0.4252,1,0,1,86
5761,0.3982,1,1,1,88
5761,0.4613,1,1,1,90
5761,0.6686,1,0,1,94
5761,0.5802,1,1,1,96
5761,0.488,1,1,1,97
5761,0.5514,1,1,1,98
5761,0.5781,1,0,1,100
5761,0.4654,1,0,1,101
5761,0.4114,1,0,1,102
5761,0.4307,1,0,1,103
5761,0.4594,1,1,1,104
5761,0.517,1,1,1,105
5761,0.4786,0,1,1,106
5761,0.4721,1,1,1,107
5761,0.5049,1,1,1,109
5761,0.4878,1,0,1,110
5761,0.4585,1,0,1,111
5761,0.4044,1,0,1,113
5761,0.3601,1,1,1,114
5761,0.4079,1,0,1,115
5761,0.478,1,0,1,117
5761,0.4468,1,1,1,118
5761,0.4795,1,0,1,119
5761,0.5107,1,1,1,120
5761,0.5835,1,0,1,122
5761,0.5511,1,1,1,123
5761,0.5295,1,0,1,126
5761,0.3192,1,0,1,2
5761,0.3603,0,1,1,3
5761,0.4141,1,0,1,4
5761,0.4802,1,0,1,5
5761,0.4334,1,0,1,6
5761,0.5662,1,1,1,7
5761,0.4047,1,0,1,8
5761,0.5529,1,1,1,9
5761,0.4162,1,0,1,12
5761,0.4292,1,1,1,13
5761,0.5116,1,1,1,14
5761,0.4305,1,0,1,16
5761,0.4123,1,1,1,18
5761,0.4569,1,0,1,19
5761,0.3307,1,0,1,22
5761,0.4612,1,1,1,23
5761,0.38,1,0,1,24
5761,0.4599,1,0,1,25
5761,0.4018,1,0,1,26
5761,0.5099,1,1,1,28
5761,0.5023,1,1,1,29
5761,0.5049,1,1,1,30
5761,0.6255,1,1,1,31
5761,0.4382,1,1,1,33
5761,0.512,1,1,1,34
5761,0.4813,1,0,1,35
5761,0.4589,1,1,1,36
5761,0.4835,1,0,1,37
5761,0.4139,1,0,1,40
5761,0.5352,1,1,1,41
5761,0.2821,0,0,1,42
5761,0.4108,1,0,1,43
5761,0.4575,1,1,1,44
5761,0.4602,1,1,1,45
5761,0.3644,1,0,1,47
5761,0.4514,1,1,1,48
5761,0.4119,1,0,1,49
5761,0.4243,1,0,1,51
5761,0.4023,1,0,1,52
5761,0.4026,1,0,1,53
5761,0.4511,1,1,1,54
5761,0.4291,1,0,1,55
5761,0.4378,0,1,1,57
5761,0.5584,1,0,1,58
5761,0.3547,1,0,1,59
5761,0.4176,0,1,1,61
5761,0.5043,1,0,1,63
5761,0.4358,1,0,1,65
5761,0.5893,1,1,1,66
5761,0.5612,1,0,1,67
5761,0.4854,1,1,1,68
5761,0.5187,1,1,1,69
5761,0.5114,1,0,1,70
5761,0.4487,1,1,1,71
5761,0.5005,1,0,1,72
5761,0.4285,1,0,1,74
5761,0.4374,1,0,1,75
5761,0.4437,1,0,1,76
5761,0.467,1,1,1,78
5761,0.4316,1,0,1,79
5761,0.4802,1,1,1,80
5761,0.548,1,0,1,81
5761,0.4778,1,1,1,85
5761,0.4814,1,0,1,87
5761,0.4817,1,0,1,89
5761,0.5601,1,1,1,90
5761,0.479,1,1,1,92
5761,0.375,1,0,1,93
5761,0.4825,1,1,1,95
5761,0.4279,1,1,1,97
5761,0.4802,1,1,1,98
5761,0.459,1,1,1,101
5761,0.3844,1,0,1,102
5761,0.3978,1,0,1,103
5761,0.4251,1,1,1,109
5761,0.4266,1,1,1,110
5761,0.4074,1,1,1,114
5761,0.3783,1,1,1,115
5761,0.5477,1,1,1,117
5761,0.453,1,1,1,119
5761,0.4341,1,1,1,120
5761,0.4457,1,0,1,121
5761,0.4242,1,1,1,122
5761,0.659,1,0,1,123
5761,0.3871,0,1,1,1
5761,0.6312,1,0,1,2
5761,0.5787,1,1,1,3
5761,0.5943,1,0,1,4
5761,0.5339,1,1,1,5
5761,0.4768,1,0,1,6
5761,0.4909,1,1,1,9
5761,0.4056,1,0,1,10
5761,0.4608,1,0,1,12
5761,0.3671,1,0,1,14
5761,0.5663,1,1,1,17
5761,0.4402,1,0,1,19
5761,0.4268,1,1,1,21
5761,0.5278,1,0,1,24
5761,0.4026,0,1,1,25
5761,0.3273,0,1,1,26
5761,0.7829,1,0,1,27
5761,0.362,1,1,1,28
5761,0.3474,1,0,1,29
5761,0.3395,1,1,1,30
5761,0.3581,1,1,1,31
5761,0.4324,1,1,1,33
5761,0.4131,1,0,1,34
5761,0.3507,1,1,1,35
5761,0.4589,1,0,1,37
5761,0.5618,1,1,1,39
5761,0.4922,1,1,1,40
5761,0.3596,1,0,1,42
5761,0.4499,1,0,1,43
5761,0.374,1,0,1,46
5761,0.5497,1,1,1,47
5761,0.4735,1,0,1,49
5761,0.5087,1,1,1,52
5761,0.5834,1,1,1,53
5761,0.4697,0,1,1,54
5761,0.5252,1,1,1,58
5761,0.3792,1,0,1,60
5761,0.3797,1,1,1,61
5761,0.428,1,0,1,62
5761,0.5625,1,1,1,63
5761,0.4869,1,1,1,64
5761,0.4746,1,0,1,65
5761,0.3537,1,0,1,66
5761,0.3578,1,0,1,67
5761,0.3979,1,1,1,68
5761,0.3622,1,1,1,69
5761,0.3326,0,1,1,70
5761,0.3248,0,1,1,72
5761,0.4036,1,0,1,73
5761,0.4039,0,1,1,75
5761,0.428,1,1,1,78
5761,0.5122,1,1,1,79
5761,0.5071,1,1,1,80
5761,0.3563,1,0,1,81
5761,0.4149,1,0,1,83
5761,0.3592,1,1,1,85
5761,0.3976,1,0,1,87
5761,0.4192,1,0,1,90
5761,0.4305,1,0,1,92
5761,0.3529,0,1,1,93
5761,0.3593,0,1,1,95
5761,0.4766,1,1,1,96
5761,0.3563,1,0,1,98
5761,0.4075,1,0,1,99
5761,0.357,1,0,1,100
5761,0.3515,1,0,1,102
5761,0.3691,1,0,1,104
5761,0.3605,0,1,1,108
5761,0.4827,1,1,1,109
5761,0.4178,1,0,1,110
5761,0.486,1,1,1,113
5761,0.4406,1,1,1,114
5761,0.3728,1,0,1,115
5761,0.4143,1,0,1,116
5761,0.4086,1,1,1,118
5761,0.3619,1,0,1,119
5761,0.5328,1,1,1,121
5761,0.4054,1,0,1,122
5761,0.472,1,0,1,123
5761,0.375,1,0,1,124
5761,0.4296,1,0,1,125
5761,0.4828,1,1,1,127
5761,0.6094,1,0,1,2
5761,0.4888,1,0,1,4
5761,0.4282,1,1,1,5
5761,0.4105,1,1,1,7
5761,0.4178,1,1,1,9
5761,0.359,1,0,1,11
5761,0.5543,1,1,1,14
5761,0.4522,1,1,1,16
5761,0.4957,1,1,1,17
5761,0.4048,1,0,1,18
5761,0.4958,1,1,1,19
5761,0.4521,1,0,1,20
5761,0.6263,1,1,1,22
5761,0.6405,1,1,1,23
5761,0.4533,1,0,1,24
5761,0.4477,1,1,1,25
5761,0.426,1,0,1,27
5761,0.4994,1,1,1,28
5761,0.5214,1,1,1,30
5761,0.4307,0,1,1,32
5761,0.6783,1,1,1,33
5761,0.4817,1,1,1,35
5761,0.3779,1,0,1,38
5761,0.4521,1,0,1,39
5761,0.4807,1,1,1,40
5761,0.4295,1,0,1,41
5761,0.4357,1,0,1,42
5761,0.4041,1,0,1,43
5761,0.509,1,1,1,44
5761,0.5359,1,1,1,45
5761,0.5035,1,1,1,47
5761,0.4318,1,0,1,48
5761,0.4574,1,0,1,50
5761,0.3869,1,0,1,52
5761,0.5501,1,1,1,54
5761,0.4689,1,1,1,55
5761,0.5309,1,1,1,56
5761,0.4115,1,1,1,58
5761,0.38,1,0,1,60
5761,0.3656,1,0,1,61
5761,0.4427,0,1,1,62
5761,0.4497,1,0,1,65
5761,0.5741,1,1,1,67
5761,0.6666,1,0,1,68
5761,0.533,1,1,1,69
5761,0.5065,1,0,1,70
5761,0.5088,1,1,1,71
5761,0.4569,1,0,1,72
5761,0.3895,1,0,1,73
5761,0.384,1,0,1,74
5761,0.4262,1,0,1,75
5761,0.5009,1,1,1,76
5761,0.4285,1,1,1,77
5761,0.4331,1,0,1,78
5761,0.4868,1,1,1,79
5761,0.4319,1,0,1,80
5761,0.63,1,1,1,82
5761,0.6075,1,1,1,83
5761,0.4092,0,0,1,87
5761,0.4337,1,1,1,88
5761,0.394,1,0,1,90
5761,0.4076,1,0,1,92
5761,0.4558,1,0,1,95
5761,0.4582,1,0,1,97
5761,0.3666,1,0,1,98
5761,0.4919,1,1,1,100
5761,0.5118,1,1,1,101
5761,0.5846,1,1,1,102
5761,0.4721,1,0,1,103
5761,0.4253,1,1,1,104
5761,0.437,1,0,1,105
5761,0.4589,1,0,1,107
5761,0.3292,1,1,1,109
5761,0.3342,1,0,1,110
5761,0.4483,0,1,1,111
5761,0.3786,1,0,1,112
5761,0.4557,1,0,1,117
5761,0.4079,1,0,1,118
5761,0.4486,1,1,1,121
5761,0.4182,1,0,1,122
5761,0.4599,1,1,1,124
5761,0.4722,1,0,1,125
5761,0.5564,1,0,1,127
5761,0.455,1,0,1,1
5761,0.583,1,1,1,2
5761,0.3994,1,0,1,6
5761,0.3311,1,0,1,7
5761,0.3488,1,0,1,8
5761,0.3874,1,0,1,9
5761,0.3898,1,1,1,11
5761,0.5115,1,1,1,14
5761,0.4785,1,1,1,17
5761,0.4015,1,1,1,18
5761,0.36,0,1,1,19
5761,0.6038,1,1,1,21
5761,0.4174,1,1,1,22
5761,0.4301,1,1,1,23
5761,0.3856,1,0,1,24
5761,0.4117,1,0,1,26
5761,0.4017,1,0,1,28
5761,0.5395,1,1,1,29
5761,0.5333,1,1,1,30
5761,0.5267,1,0,1,31
5761,0.4236,1,0,1,32
5761,0.4374,1,0,1,33
5761,0.4323,1,0,1,35
5761,0.4648,1,0,1,36
5761,0.4149,1,0,1,38
5761,0.3913,1,0,1,39
5761,0.3846,1,0,1,40
5761,0.4341,1,0,1,41
5761,0.4399,1,0,1,44
5761,0.4478,1,0,1,45
5761,0.4427,1,0,1,47
5761,0.452,1,1,1,48
5761,0.4395,1,1,1,49
5761,0.5084,1,0,1,51
5761,0.4002,1,0,1,52
5761,0.4334,1,0,1,54
5761,0.5599,1,1,1,55
5761,0.3913,0,1,1,56
5761,0.4032,1,1,1,57
5761,0.387,1,1,1,58
5761,0.5355,1,0,1,60
5761,0.5349,1,1,1,61
5761,0.4105,1,0,1,62
5761,0.4086,1,0,1,63
5761,0.3504,1,0,1,64
5761,0.5331,1,1,1,67
5761,0.4143,1,0,1,69
5761,0.4588,1,1,1,70
5761,0.4233,1,0,1,73
5761,0.4926,1,1,1,75
5761,0.4721,1,0,1,76
5761,0.5031,1,1,1,78
5761,0.4625,1,1,1,80
5761,0.4113,1,1,1,82
5761,0.3998,1,1,1,84
5761,0.428,1,1,1,86
5761,0.4005,1,1,1,88
5761,0.4307,1,0,1,89
5761,0.5001,1,1,1,90
5761,0.5211,1,1,1,93
5761,0.3995,1,0,1,94
5761,0.5528,1,1,1,95
5761,0.3553,0,1,1,96
5761,0.4078,1,1,1,98
5761,0.4421,1,0,1,99
5761,0.396,1,1,1,100
5761,0.5072,1,1,1,102
5761,0.526,1,1,1,103
5761,0.5286,1,1,1,104
5761,0.5695,1,1,1,106
5761,0.4419,1,1,1,109
5761,0.4491,1,1,1,111
5761,0.4101,1,0,1,112
5761,0.5166,1,1,1,113
5761,0.3943,1,0,1,115
5761,0.3291,1,0,1,116
5761,0.3524,1,1,1,119
5761,0.386,1,0,1,120
5761,0.3561,1,0,1,121
5761,0.3756,1,0,1,122
5761,0.4123,1,0,1,125
5761,0.3282,1,0,1,126
5761,0.4736,1,0,1,127
5761,0.4296,1,0,1,2
5761,0.4938,1,1,1,4
5761,0.5172,1,1,1,5
5761,0.4568,1,0,1,7
5761,0.4017,1,0,1,8
5761,0.3154,1,1,1,9
5761,0.3514,1,1,1,10
5761,0.5319,1,1,1,12
5761,0.4097,1,1,1,14
5761,0.3795,1,0,1,15
5761,0.4589,1,1,1,16
5761,0.4874,1,1,1,18
5761,0.5339,1,1,1,19
5761,0.3288,0,1,1,21
5761,0.4524,1,0,1,22
5761,0.4288,1,0,1,25
5761,0.3844,1,0,1,29
5761,0.4599,1,0,1,30
5761,0.3972,1,1,1,31
5761,0.3627,1,0,1,33
5761,0.4185,1,0,1,34
5761,0.4277,1,0,1,35
5761,0.4358,1,0,1,36
5761,0.5363,1,1,1,38
5761,0.3834,1,0,1,39
5761,0.4871,1,1,1,42
5761,0.4437,1,1,1,46
5761,0.4136,1,1,1,49
5761,0.3788,0,1,1,50
5761,0.3646,1,1,1,52
5761,0.2575,0,0,1,53
5761,0.4993,1,0,1,54
5761,0.4339,1,0,1,55
5761,0.4027,1,0,1,56
5761,0.5621,1,1,1,57
5761,0.384,1,0,1,58
5761,0.3684,1,1,1,59
5761,0.5809,1,0,1,61
5761,0.5378,1,1,1,63
5761,0.4352,1,0,1,65
5761,0.4059,1,0,1,66
5761,0.3321,1,0,1,68
5761,0.3717,1,0,1,71
5761,0.4026,1,1,1,72
5761,0.437,1,1,1,73
5761,0.3565,1,0,1,74
5761,0.3796,1,1,1,76
5761,0.4224,1,1,1,78
5761,0.351,1,0,1,79
5761,0.3805,1,1,1,80
5761,0.3628,1,1,1,81
5761,0.4221,1,0,1,82
5761,0.4418,1,1,1,84
5761,0.4683,1,0,1,85
5761,0.4741,1,1,1,86
5761,0.4546,1,0,1,89
5761,0.4093,1,0,1,90
5761,0.4106,1,0,1,91
5761,0.3824,1,0,1,93
5761,0.3261,1,0,1,94
5761,0.4082,1,0,1,95
5761,0.5084,1,1,1,96
5761,0.3883,1,0,1,98
5761,0.5612,1,1,1,100
5761,0.5289,1,1,1,101
5761,0.4344,1,1,1,103
5761,0.4178,1,0,1,104
5761,0.4832,1,1,1,105
5761,0.3698,1,1,1,108
5761,0.4066,0,1,1,109
5761,0.4101,1,1,1,110
5761,0.4334,1,0,1,111
5761,0.5051,1,1,1,114
5761,0.4399,1,0,1,115
5761,0.5041,1,0,1,116
5761,0.4117,1,1,1,117
5761,0.4402,1,0,1,119
5761,0.5446,1,1,1,120
5761,0.5615,1,1,1,122
5761,0.5177,1,1,1,123
5761,0.4617,1,1,1,124
5761,0.4767,1,0,1,125
5761,0.433,1,0,1,127
5761,0.4609,1,1,1,3
5761,0.3744,0,1,1,4
5761,0.3612,0,1,1,6
5761,0.3454,1,0,1,7
5761,0.3298,1,0,1,8
5761,0.4565,1,1,1,9
5761,0.4044,1,0,1,10
5761,0.4797,1,1,1,12
5761,0.5314,1,1,1,13
5761,0.4126,1,0,1,14
5761,0.46,1,0,1,15
5761,0.5097,1,1,1,17
5761,0.4138,1,0,1,20
5761,0.3569,1,0,1,21
5761,0.4215,1,0,1,22
5761,0.5726,1,1,1,23
5761,0.5404,1,1,1,24
5761,0.395,1,0,1,25
5761,0.4812,0,1,1,28
5761,0.3581,1,0,1,29
5761,0.5138,1,1,1,30
5761,0.5093,1,0,1,31
5761,0.4777,1,0,1,32
5761,0.6418,1,1,1,34
5761,0.4179,1,0,1,35
5761,0.3928,1,0,1,36
5761,0.4354,1,0,1,37
5761,0.4309,1,1,1,38
5761,0.5022,1,0,1,39
5761,0.41,1,1,1,42
5761,0.4516,1,0,1,44
5761,0.3051,1,1,1,45
5761,0.3877,1,0,1,46
5761,0.4738,1,0,1,48
5761,0.3288,1,1,1,49
5761,0.4405,1,1,1,50
5761,0.4865,1,0,1,51
5761,0.5141,1,1,1,53
5761,0.4354,1,0,1,57
5761,0.3641,1,0,1,58
5761,0.5464,1,1,1,59
5761,0.3113,1,0,1,60
5761,0.3485,0,1,1,62
5761,0.4291,1,1,1,63
5761,0.3438,1,0,1,64
5761,0.5084,1,1,1,65
5761,0.4632,1,1,1,68
5761,0.4714,1,0,1,69
5761,0.4607,1,1,1,71
5761,0.4888,1,1,1,73
5761,0.4902,1,1,1,75
5761,0.4332,1,0,1,76
5761,0.3965,1,0,1,77
5761,0.4272,1,1,1,78
5761,0.5397,1,1,1,79
5761,0.3052,0,1,1,81
5761,0.5137,1,1,1,82
5761,0.4848,1,1,1,85
5761,0.5614,1,1,1,87
5761,0.4176,1,0,1,88
5761,0.55,1,1,1,90
5761,0.5683,1,1,1,92
5761,0.6063,1,0,1,94
5761,0.3355,0,1,1,95
5761,0.4638,1,0,1,96
5761,0.4162,1,1,1,97
5761,0.4542,1,0,1,98
5761,0.5798,1,1,1,100
5761,0.4913,1,0,1,101
5761,0.5133,1,0,1,102
5761,0.416,1,0,1,104
5761,0.4014,1,0,1,106
5761,0.4234,1,1,1,109
5761,0.4585,1,1,1,111
5761,0.4402,1,0,1,114
5761,0.5558,1,0,1,115
5761,0.4163,1,0,1,116
5761,0.4831,1,1,1,117
5761,0.3528,1,0,1,118
5761,0.406,1,0,1,119
5761,0.5817,1,1,1,121
5761,0.3806,1,1,1,123
5761,0.4453,1,0,1,125
5761,0.7913,1,1,1,0
5761,0.4305,1,0,1,1
5761,0.412,1,0,1,2
5761,0.4577,1,1,1,3
5761,0.4529,1,1,1,4
5761,0.4415,1,1,1,5
5761,0.5362,1,0,1,8
5761,0.3823,1,0,1,9
5761,0.5108,1,1,1,13
5761,0.5182,1,1,1,16
5761,0.4909,1,1,1,19
5761,0.435,1,0,1,20
5761,0.4139,1,1,1,22
5761,0.3516,1,0,1,23
5761,0.3631,1,1,1,25
5761,0.5801,1,1,1,27
5761,0.3614,0,1,1,28
5761,0.3522,1,0,1,29
5761,0.4618,1,0,1,30
5761,0.4631,1,1,1,32
5761,0.4532,1,1,1,33
5761,0.4805,1,1,1,34
5761,0.6151,1,0,1,35
5761,0.4827,1,1,1,36
5761,0.5848,1,0,1,37
5761,0.6621,1,1,1,38
5761,0.3814,1,0,1,39
5761,0.4574,1,0,1,40
5761,0.359,1,0,1,42
5761,0.3881,1,1,1,43
5761,0.4199,1,1,1,44
5761,0.4107,1,1,1,45
5761,0.4063,1,0,1,47
5761,0.3791,1,0,1,48
5761,0.5416,1,1,1,49
5761,0.5349,1,1,1,52
5761,0.5117,1,1,1,54
5761,0.5208,1,1,1,56
5761,0.515,1,0,1,58
5761,0.5821,1,1,1,59
5761,0.4656,1,0,1,60
5761,0.5053,1,0,1,63
5761,0.4645,1,0,1,64
5761,0.4365,1,0,1,65
5761,0.5057,1,1,1,66
5761,0.3837,1,0,1,67
5761,0.4652,1,0,1,68
5761,0.3856,1,0,1,70
5761,0.5277,1,1,1,71
5761,0.5276,1,1,1,72
5761,0.3564,1,0,1,73
5761,0.5553,1,1,1,77
5761,0.3871,1,0,1,79
5761,0.4841,1,0,1,81
5761,0.4168,1,1,1,82
5761,0.3883,1,1,1,85
5761,0.5633,1,1,1,87
5761,0.3953,1,1,1,88
5761,0.5528,1,1,1,90
5761,0.3449,1,0,1,91
5761,0.4651,1,0,1,92
5761,0.4373,1,0,1,94
5761,0.3813,1,0,1,96
5761,0.4463,1,1,1,99
5761,0.3831,1,1,1,100
5761,0.4147,1,1,1,101
5761,0.4952,1,0,1,102
5761,0.4189,1,1,1,103
5761,0.3302,1,0,1,104
5761,0.5323,1,0,1,105
5761,0.4434,1,0,1,108
5761,0.3052,1,1,1,110
5761,0.4007,1,1,1,111
5761,0.4316,1,1,1,112
5761,0.3695,1,0,1,116
5761,0.4328,1,0,1,117
5761,0.4861,1,0,1,119
5761,0.4881,1,1,1,121
5761,0.4157,1,0,1,122
5761,0.4806,1,0,1,123
5761,0.5347,1,0,1,124
5761,0.3379,1,0,1,125
5761,0.3326,1,1,1,127
5803,0.618,1,1,1,0
5803,0.515,1,0,1,1
5803,0.428,1,0,1,3
5803,0.564,1,0,1,4
5803,0.518,1,1,1,8
5803,0.471,1,1,1,9
5803,0.419,1,0,1,10
5803,0.435,1,1,1,11
5803,0.381,1,1,1,12
5803,0.417,1,0,1,14
5803,0.316,1,1,1,15
5803,0.426,1,1,1,16
5803,0.515,0,0,1,17
5803,0.348,1,0,1,18
5803,0.504,1,1,1,19
5803,0.416,1,0,1,20
5803,0.513,1,1,1,21
5803,0.415,1,1,1,22
5803,0.386,1,1,1,23
5803,0.472,1,1,1,24
5803,0.664,0,0,1,26
5803,0.541,1,0,1,29
5803,0.497,1,1,1,31
5803,0.514,1,1,1,32
5803,0.816,1,0,1,34
5803,0.463,1,1,1,35
5803,0.521,1,0,1,37
5803,0.453,1,1,1,38
5803,0.466,1,1,1,41
5803,0.436,1,0,1,43
5803,0.534,1,1,1,44
5803,0.397,1,0,1,45
5803,0.353,1,0,1,46
5803,0.432,1,1,1,47
5803,0.587,1,1,1,48
5803,0.415,1,0,1,50
5803,0.419,1,0,1,52
5803,0.465,1,1,1,53
5803,0.426,1,1,1,54
5803,0.437,1,0,1,56
5803,0.52,1,0,1,57
5803,0.484,1,1,1,58
5803,0.386,1,1,1,63
5803,0.404,1,1,1,64
5803,0.56,1,0,1,69
5803,0.426,1,0,1,75
5803,0.468,1,0,1,76
5803,0.407,1,0,1,77
5803,0.467,1,0,1,78
5803,0.482,1,1,1,79
5803,0.437,1,1,1,80
5803,0.382,1,0,1,83
5803,0.332,1,0,1,84
5803,0.45,0,1,1,85
5803,0.497,1,0,1,87
5803,0.496,1,1,1,88
5803,0.371,1,0,1,91
5803,0.421,1,0,1,92
5803,0.518,1,1,1,94
5803,0.407,1,1,1,95
5803,0.401,1,0,1,98
5803,0.301,0,1,1,99
5803,0.49,1,0,1,100
5803,0.482,1,1,1,101
5803,0.402,1,0,1,103
5803,0.403,1,0,1,104
5803,0.399,1,0,1,105
5803,0.518,1,1,1,106
5803,0.437,1,1,1,107
5803,0.416,1,1,1,109
5803,0.424,1,1,1,110
5803,0.349,1,0,1,111
5803,0.454,1,0,1,112
5803,0.394,1,0,1,113
5803,0.484,1,1,1,115
5803,0.382,1,0,1,116
5803,0.418,1,1,1,119
5803,0.533,0,0,1,120
5803,0.393,1,0,1,122
5803,0.385,1,1,1,123
5803,0.417,1,1,1,124
5803,0.52,1,0,1,125
5803,0.358,1,1,1,126
5803,0.435,1,0,1,127
5803,0.479,1,1,1,0
5803,0.316,1,1,1,2
5803,0.33,1,0,1,3
5803,0.338,1,1,1,5
5803,0.314,1,0,1,6
5803,0.402,1,1,1,8
5803,0.337,1,1,1,10
5803,0.415,0,1,1,11
5803,0.367,1,0,1,14
5803,0.497,1,1,1,15
5803,0.647,1,1,1,16
5803,0.614,1,1,1,17
5803,0.537,1,0,1,18
5803,0.466,1,1,1,19
5803,0.481,1,0,1,20
5803,0.541,1,1,1,25
5803,0.404,1,1,1,29
5803,0.481,1,1,1,31
5803,0.451,1,0,1,32
5803,0.453,1,0,1,33
5803,0.354,1,0,1,36
5803,0.432,1,1,1,37
5803,0.348,1,0,1,39
5803,0.459,1,1,1,40
5803,0.786,1,1,1,42
5803,0.415,1,0,1,43
5803,0.439,1,0,1,44
5803,0.387,1,0,1,45
5803,0.465,1,1,1,46
5803,0.465,1,0,1,47
5803,0.436,1,0,1,49
5803,0.601,1,1,1,51
5803,0.358,1,0,1,53
5803,0.387,1,0,1,54
5803,0.415,1,1,1,57
5803,0.399,1,0,1,59
5803,0.355,1,0,1,61
5803,0.355,1,1,1,62
5803,0.494,1,1,1,63
5803,0.483,1,1,1,67
5803,0.46,1,1,1,68
5803,0.466,1,0,1,69
5803,0.601,1,1,1,71
5803,0.57,1,0,1,72
5803,0.375,1,0,1,73
5803,0.569,1,0,1,77
5803,0.383,1,1,1,78
5803,0.346,1,0,1,79
5803,0.623,1,1,1,81
5803,0.433,1,1,1,82
5803,0.401,1,1,1,83
5803,0.532,1,1,1,84
5803,0.471,1,1,1,85
5803,0.316,1,0,1,86
5803,0.403,1,1,1,88
5803,0.448,1,1,1,89
5803,0.531,1,0,1,90
5803,0.404,1,0,1,92
5803,0.535,1,1,1,93
5803,0.489,1,0,1,94
5803,0.369,1,1,1,95
5803,0.365,0,0,1,96
5803,0.584,1,1,1,97
5803,0.557,1,0,1,98
5803,0.42,1,0,1,99
5803,0.637,1,1,1,102
5803,0.514,1,0,1,103
5803,0.537,1,0,1,105
5803,0.397,1,1,1,107
5803,0.319,1,0,1,108
5803,0.307,1,0,1,109
5803,0.346,1,0,1,111
5803,0.665,1,0,1,112
5803,0.464,1,0,1,113
5803,0.32,1,0,1,115
5803,0.381,1,0,1,116
5803,0.47,1,1,1,117
5803,0.386,1,1,1,118
5803,0.38,1,0,1,120
5803,0.376,1,0,1,122
5803,0.447,0,1,1,123
5803,0.588,1,1,1,124
5803,0.473,0,0,1,125
5803,0.504,1,1,1,127
5803,0.429,1,1,1,1
5803,0.554,1,1,1,2
5803,0.432,1,0,1,3
5803,0.286,1,0,1,4
5803,0.301,1,0,1,5
5803,0.484,1,0,1,6
5803,0.621,1,1,1,7
5803,0.403,1,1,1,8
5803,0.465,1,1,1,9
5803,0.415,0,1,1,10
5803,0.502,1,0,1,11
5803,0.385,1,1,1,12
5803,0.584,1,1,1,13
5803,0.422,1,0,1,16
5803,0.421,1,0,1,17
5803,0.43,0,1,1,18
5803,0.44,1,1,1,19
5803,0.468,1,1,1,20
5803,0.804,1,1,1,21
5803,0.418,1,0,1,22
5803,0.448,1,1,1,25
5803,0.472,1,1,1,27
5803,0.515,1,0,1,28
5803,0.457,1,0,1,29
5803,0.38,1,0,1,32
5803,0.581,1,1,1,33
5803,0.749,1,0,1,34
5803,0.387,1,0,1,35
5803,0.413,1,0,1,37
5803,0.483,1,1,1,38
5803,0.4,1,0,1,39
5803,0.6,1,0,1,40
5803,0.38,0,1,1,41
5803,0.379,0,0,1,42
5803,0.397,1,0,1,43
5803,0.448,1,1,1,44
5803,0.519,1,0,1,48
5803,0.499,1,0,1,50
5803,0.471,1,0,1,51
5803,0.55,1,1,1,52
5803,0.465,1,1,1,53
5803,0.42,1,1,1,54
5803,0.398,0,1,1,55
5803,0.414,1,0,1,61
5803,0.385,0,1,1,62
5803,0.571,1,0,1,63
5803,0.402,1,0,1,64
5803,0.531,1,1,1,65
5803,0.822,1,1,1,66
5803,0.507,0,1,1,70
5803,0.629,1,0,1,71
5803,0.416,1,0,1,74
5803,0.433,1,0,1,75
5803,0.532,1,1,1,76
5803,0.481,1,1,1,77
5803,0.584,1,1,1,78
5803,0.498,1,0,1,79
5803,0.453,1,1,1,82
5803,0.346,1,0,1,84
5803,0.435,1,0,1,86
5803,0.734,1,0,1,87
5803,0.547,1,0,1,88
5803,0.323,0,1,1,93
5803,0.373,1,0,1,94
5803,0.498,1,1,1,96
5803,0.647,1,1,1,98
5803,0.399,1,1,1,99
5803,0.436,1,0,1,101
5803,0.353,1,1,1,102
5803,0.566,1,1,1,105
5803,0.38,1,0,1,106
5803,0.382,1,0,1,107
5803,0.353,1,0,1,108
5803,0.353,1,1,1,109
5803,0.405,1,1,1,110
5803,0.35,1,0,1,111
5803,0.447,1,1,1,112
5803,0.556,1,0,1,113
5803,0.467,0,0,1,115
5803,0.52,1,1,1,118
5803,0.417,1,0,1,123
5803,0.467,0,1,1,124
5803,0.517,1,0,1,125
5803,0.518,1,1,1,126
5803,0.469,1,1,1,1
5803,0.355,1,0,1,4
5803,0.371,1,0,1,10
5803,0.45,1,1,1,14
5803,0.521,1,1,1,16
5803,0.385,0,1,1,19
5803,0.41,1,0,1,20
5803,0.438,1,1,1,22
5803,0.451,1,1,1,23
5803,0.373,1,0,1,27
5803,0.314,1,0,1,28
5803,0.404,1,0,1,30
5803,0.35,1,1,1,33
5803,0.384,1,0,1,34
5803,0.37,0,1,1,36
5803,0.432,0,1,1,37
5803,0.463,1,1,1,38
5803,0.465,0,0,1,39
5803,0.447,1,0,1,40
5803,0.598,1,1,1,42
5803,0.348,1,0,1,43
5803,0.338,1,0,1,46
5803,0.498,1,1,1,47
5803,0.353,1,1,1,48
5803,0.38,1,1,1,49
5803,0.5,1,0,1,50
5803,0.439,1,0,1,51
5803,0.712,1,0,1,53
5803,0.556,1,0,1,54
5803,0.341,1,0,1,55
5803,0.446,1,0,1,56
5803,0.419,1,0,1,57
5803,0.467,1,1,1,58
5803,0.434,0,1,1,61
5803,0.334,1,0,1,62
5803,0.418,0,1,1,63
5803,0.704,1,1,1,64
5803,0.475,1,1,1,65
5803,0.514,1,1,1,66
5803,0.467,1,0,1,67
5803,0.466,0,0,1,70
5803,0.371,1,0,1,71
5803,0.368,1,0,1,72
5803,0.437,1,0,1,73
5803,0.574,1,1,1,74
5803,0.456,1,0,1,75
5803,0.34,1,0,1,77
5803,0.568,0,1,1,79
5803,0.315,1,0,1,80
5803,0.348,1,1,1,81
5803,0.384,1,0,1,84
5803,0.448,1,1,1,85
5803,0.485,1,0,1,86
5803,0.387,1,0,1,87
5803,0.404,1,1,1,88
5803,0.337,1,1,1,89
5803,0.447,1,1,1,90
5803,0.465,1,1,1,92
5803,0.418,0,0,1,94
5803,0.546,1,0,1,95
5803,0.547,1,0,1,96
5803,0.363,1,1,1,98
5803,0.403,1,0,1,99
5803,0.431,0,1,1,104
5803,0.402,1,0,1,105
5803,0.417,1,1,1,106
5803,0.532,1,0,1,107
5803,0.48,1,0,1,108
5803,0.41,1,1,1,110
5803,0.663,0,1,1,112
5803,0.503,1,1,1,113
5803,0.352,1,0,1,114
5803,0.401,1,1,1,115
5803,0.353,1,1,1,116
5803,0.351,1,0,1,117
5803,0.467,1,1,1,118
5803,0.408,1,0,1,121
5803,0.517,1,1,1,122
5803,0.436,1,1,1,123
5803,0.547,1,0,1,125
5803,0.484,1,1,1,127
5803,0.457,0,1,1,3
5803,0.386,0,0,1,4
5803,0.382,1,1,1,5
5803,0.367,1,1,1,6
5803,0.497,1,0,1,7
5803,0.423,1,0,1,10
5803,0.399,1,1,1,11
5803,0.481,1,1,1,13
5803,0.6,1,1,1,14
5803,0.598,1,1,1,15
5803,0.4,1,0,1,16
5803,0.534,1,0,1,18
5803,0.457,0,0,1,21
5803,0.439,1,0,1,22
5803,0.505,1,0,1,23
5803,0.531,1,1,1,25
5803,0.398,1,0,1,26
5803,0.475,1,1,1,27
5803,0.314,1,0,1,32
5803,0.382,1,0,1,33
5803,0.399,1,1,1,34
5803,0.509,1,1,1,35
5803,0.461,1,1,1,37
5803,0.454,1,1,1,38
5803,0.338,1,1,1,39
5803,0.418,0,0,1,40
5803,0.347,1,1,1,41
5803,0.333,1,0,1,42
5803,0.393,1,1,1,44
5803,0.317,1,0,1,45
5803,0.556,1,0,1,46
5803,0.322,1,0,1,48
5803,0.354,1,0,1,49
5803,0.452,1,1,1,51
5803,0.577,1,1,1,52
5803,0.34,1,1,1,54
5803,0.447,1,1,1,56
5803,0.585,0,0,1,58
5803,0.437,0,1,1,61
5803,0.464,1,1,1,63
5803,0.27,1,0,1,64
5803,0.334,1,0,1,65
5803,0.406,1,0,1,67
5803,0.431,1,1,1,68
5803,0.517,1,0,1,70
5803,0.351,1,0,1,73
5803,0.602,1,1,1,74
5803,0.448,0,0,1,75
5803,0.504,1,0,1,76
5803,0.557,1,1,1,77
5803,0.387,1,0,1,79
5803,0.302,1,0,1,80
5803,0.383,1,1,1,81
5803,0.301,1,0,1,82
5803,0.319,1,1,1,83
5803,0.427,1,0,1,84
5803,0.352,1,1,1,85
5803,0.325,1,1,1,86
5803,0.32,1,0,1,87
5803,0.38,1,1,1,88
5803,0.399,1,1,1,90
5803,0.415,1,0,1,91
5803,0.465,1,1,1,95
5803,0.37,1,0,1,97
5803,0.286,0,1,1,98
5803,0.425,1,1,1,100
5803,0.699,1,0,1,102
5803,0.451,1,1,1,104
5803,0.724,1,1,1,105
5803,0.45,1,0,1,107
5803,0.331,1,1,1,108
5803,0.504,1,0,1,109
5803,0.386,1,1,1,110
5803,0.365,1,1,1,111
5803,0.389,0,0,1,112
5803,0.452,1,1,1,117
5803,0.318,1,0,1,118
5803,0.371,1,0,1,119
5803,0.414,1,1,1,120
5803,0.55,1,0,1,122
5803,0.421,1,0,1,123
5803,0.448,1,0,1,127
5803,0.415,1,0,1,0
5803,0.388,1,1,1,2
5803,0.351,1,1,1,3
5803,0.348,1,1,1,4
5803,0.366,1,0,1,5
5803,0.308,1,0,1,6
5803,0.373,0,1,1,7
5803,0.471,1,1,1,8
5803,0.403,0,0,1,13
5803,0.436,0,1,1,14
5803,0.382,1,0,1,15
5803,0.364,1,1,1,16
5803,0.335,1,0,1,17
5803,0.371,1,0,1,18
5803,0.337,1,1,1,22
5803,0.449,1,1,1,23
5803,0.334,1,0,1,24
5803,0.372,1,0,1,25
5803,0.353,1,1,1,27
5803,0.453,1,1,1,28
5803,0.38,1,0,1,30
5803,0.286,1,0,1,34
5803,0.322,1,1,1,36
5803,0.322,0,1,1,37
5803,0.415,1,0,1,38
5803,0.373,1,1,1,39
5803,0.304,1,0,1,40
5803,0.513,1,1,1,43
5803,0.564,1,1,1,44
5803,0.335,1,0,1,46
5803,0.321,1,0,1,47
5803,0.288,1,0,1,48
5803,0.621,1,1,1,49
5803,0.647,1,0,1,50
5803,0.304,1,0,1,51
5803,0.391,1,1,1,54
5803,0.519,1,1,1,56
5803,0.349,1,0,1,57
5803,0.37,1,1,1,60
5803,0.515,1,1,1,65
5803,0.434,1,1,1,67
5803,0.488,1,0,1,69
5803,0.619,1,1,1,70
5803,0.448,1,0,1,71
5803,0.506,1,1,1,72
5803,0.513,1,0,1,73
5803,0.429,1,0,1,74
5803,0.497,1,1,1,75
5803,0.3,1,0,1,78
5803,0.438,1,1,1,79
5803,0.638,1,1,1,80
5803,0.414,1,0,1,81
5803,0.497,1,1,1,82
5803,0.617,1,0,1,85
5803,0.488,1,1,1,86
5803,0.704,1,1,1,88
5803,0.498,1,0,1,89
5803,0.501,1,1,1,90
5803,0.289,1,0,1,91
5803,0.34,1,0,1,92
5803,0.369,1,1,1,93
5803,0.453,1,1,1,95
5803,0.481,1,0,1,96
5803,0.381,1,0,1,97
5803,0.448,0,0,1,99
5803,0.397,0,1,1,100
5803,0.592,1,1,1,101
5803,0.745,1,0,1,104
5803,0.369,1,1,1,105
5803,0.666,1,0,1,106
5803,0.57,1,1,1,107
5803,0.375,1,1,1,108
5803,0.457,0,0,1,109
5803,0.423,1,0,1,110
5803,0.55,1,1,1,111
5803,0.522,0,0,1,114
5803,0.339,1,0,1,116
5803,0.383,1,0,1,117
5803,0.355,1,1,1,118
5803,0.385,1,0,1,119
5803,0.584,1,1,1,120
5803,0.393,1,1,1,123
5803,0.448,1,0,1,124
5803,0.48,0,0,1,126
5803,0.413,1,1,1,0
5803,0.433,1,1,1,2
5803,0.302,1,0,1,3
5803,0.344,1,0,1,7
5803,0.465,1,0,1,9
5803,0.372,1,0,1,10
5803,0.463,0,1,1,11
5803,0.321,1,0,1,13
5803,0.543,1,0,1,16
5803,0.437,1,1,1,17
5803,0.398,1,1,1,19
5803,0.553,1,1,1,20
5803,0.446,1,1,1,24
5803,0.583,1,0,1,25
5803,0.32,1,0,1,26
5803,0.448,1,0,1,27
5803,0.684,1,1,1,28
5803,0.32,1,0,1,30
5803,0.804,1,0,1,31
5803,0.354,1,1,1,33
5803,0.53,1,0,1,34
5803,0.336,1,0,1,37
5803,0.439,1,0,1,38
5803,0.35,1,1,1,39
5803,0.39,1,1,1,40
5803,0.341,1,0,1,42
5803,0.415,1,0,1,44
5803,0.453,1,0,1,46
5803,0.397,0,1,1,47
5803,0.404,1,0,1,48
5803,0.375,1,0,1,49
5803,0.68,1,0,1,51
5803,0.551,1,1,1,52
5803,0.502,0,0,1,53
5803,0.47,1,0,1,56
5803,0.647,1,0,1,59
5803,0.38,1,0,1,60
5803,0.452,1,0,1,61
5803,0.39,1,0,1,62
5803,0.638,1,0,1,63
5803,0.449,1,1,1,64
5803,0.393,1,0,1,65
5803,0.401,1,0,1,66
5803,0.456,1,1,1,67
5803,0.52,1,1,1,68
5803,0.554,1,1,1,70
5803,0.334,1,0,1,74
5803,0.388,0,0,1,75
5803,0.374,1,1,1,76
5803,0.424,0,1,1,77
5803,0.418,1,1,1,78
5803,0.41,1,1,1,79
5803,0.387,1,0,1,81
5803,0.383,1,1,1,82
5803,0.334,1,0,1,83
5803,0.317,1,1,1,84
5803,0.349,1,1,1,85
5803,0.55,1,1,1,86
5803,0.433,1,1,1,87
5803,0.486,1,1,1,89
5803,0.431,1,0,1,90
5803,0.4,1,1,1,91
5803,0.438,1,0,1,92
5803,0.505,1,1,1,93
5803,0.332,1,1,1,94
5803,0.521,1,1,1,95
5803,0.364,1,1,1,99
5803,0.338,1,1,1,100
5803,0.398,1,0,1,101
5803,0.403,0,0,1,102
5803,0.482,1,1,1,104
5803,0.453,0,1,1,110
5803,0.403,1,1,1,111
5803,0.383,0,0,1,112
5803,0.658,1,1,1,114
5803,0.354,1,1,1,116
5803,0.685,1,0,1,118
5803,0.509,0,1,1,120
5803,0.449,1,0,1,122
5803,0.74,1,1,1,123
5803,0.39,1,0,1,124
5803,0.432,1,1,1,126
5803,0.409,1,1,1,0
5803,0.349,1,0,1,1
5803,0.355,1,0,1,2
5803,0.451,1,1,1,3
5803,0.318,1,0,1,4
5803,0.304,1,0,1,5
5803,0.355,1,0,1,6
5803,0.448,1,1,1,13
5803,0.39,1,1,1,14
5803,0.484,1,1,1,15
5803,0.452,1,1,1,17
5803,0.594,1,1,1,18
5803,0.385,1,1,1,19
5803,0.352,1,1,1,20
5803,0.421,1,0,1,22
5803,0.417,1,1,1,23
5803,0.482,1,1,1,24
5803,0.553,1,1,1,27
5803,0.402,0,0,1,31
5803,0.314,1,1,1,32
5803,0.414,1,0,1,34
5803,0.489,0,1,1,36
5803,0.649,1,1,1,37
5803,0.518,1,0,1,38
5803,0.433,0,1,1,39
5803,0.467,1,1,1,40
5803,0.304,1,0,1,41
5803,0.588,1,0,1,42
5803,0.404,1,0,1,43
5803,0.469,1,1,1,44
5803,0.379,1,1,1,45
5803,0.607,1,1,1,46
5803,0.467,0,0,1,48
5803,0.339,1,0,1,49
5803,0.384,1,0,1,52
5803,0.843,1,1,1,53
5803,0.381,1,0,1,54
5803,0.432,1,1,1,55
5803,0.341,1,1,1,58
5803,0.351,1,0,1,59
5803,0.318,1,1,1,60
5803,0.42,1,1,1,61
5803,0.755,1,0,1,64
5803,0.422,1,0,1,65
5803,0.569,1,0,1,67
5803,0.466,1,1,1,68
5803,0.632,1,0,1,69
5803,0.371,1,0,1,70
5803,0.449,1,1,1,73
5803,0.402,1,0,1,74
5803,0.47,1,0,1,75
5803,0.481,1,0,1,76
5803,0.421,1,0,1,78
5803,0.342,1,0,1,79
5803,0.39,1,1,1,83
5803,0.356,1,1,1,84
5803,0.408,1,0,1,86
5803,0.472,1,0,1,87
5803,0.455,1,1,1,89
5803,0.419,1,0,1,90
5803,0.603,1,0,1,91
5803,0.435,1,1,1,92
5803,0.716,1,1,1,93
5803,0.5,1,0,1,95
5803,0.59,1,0,1,96
5803,0.374,1,1,1,98
5803,0.632,1,0,1,100
5803,0.488,1,1,1,101
5803,0.486,1,1,1,103
5803,0.354,1,1,1,104
5803,0.451,1,0,1,105
5803,0.344,1,1,1,107
5803,0.441,1,0,1,109
5803,0.422,1,0,1,110
5803,0.319,1,0,1,114
5803,0.355,1,0,1,115
5803,0.422,1,1,1,117
5803,0.451,0,1,1,118
5803,0.338,1,0,1,121
5803,0.415,1,1,1,123
5803,0.419,0,1,1,124
5803,0.305,1,1,1,126
5803,0.327,1,0,1,127
5815,0.6313,1,1,1,1
5815,0.5577,1,1,1,2
5815,0.5828,1,0,1,3
5815,0.496,1,1,1,4
5815,0.5265,1,0,1,5
5815,0.4132,1,1,1,6
5815,0.6347,1,1,1,7
5815,0.4708,1,0,1,9
5815,0.4565,1,0,1,10
5815,0.4531,1,1,1,11
5815,0.4134,1,0,1,12
5815,0.5188,1,1,1,13
5815,0.5982,1,0,1,14
5815,0.7303,1,1,1,16
5815,0.4595,1,0,1,19
5815,0.5508,1,1,1,20
5815,0.448,0,1,1,25
5815,0.8027,1,1,1,27
5815,0.9313,1,1,1,29
5815,0.5507,1,0,1,30
5815,0.4184,1,1,1,31
5815,0.6379,1,0,1,32
5815,0.579,1,0,1,33
5815,0.6017,1,1,1,34
5815,0.5457,1,1,1,35
5815,0.4241,1,0,1,38
5815,0.4585,1,0,1,39
5815,0.4548,1,0,1,40
5815,0.5423,1,1,1,43
5815,0.661,1,1,1,44
5815,0.8393,1,1,1,45
5815,0.5875,1,0,1,46
5815,0.606,1,1,1,47
5815,0.4132,1,1,1,49
5815,0.6136,1,0,1,50
5815,0.7083,1,0,1,51
5815,0.541,1,0,1,52
5815,0.6808,1,0,1,54
5815,0.5146,1,0,1,55
5815,0.6422,1,1,1,56
5815,0.4898,1,1,1,57
5815,0.6972,1,1,1,60
5815,0.6072,1,0,1,62
5815,0.8,1,1,1,63
5815,0.436,1,0,1,66
5815,0.6993,1,1,1,69
5815,0.5138,1,0,1,71
5815,0.5784,1,0,1,72
5815,0.6494,1,1,1,73
5815,0.529,1,0,1,74
5815,0.5641,1,1,1,75
5815,0.528,1,1,1,77
5815,0.6269,1,1,1,79
5815,0.6444,1,1,1,80
5815,0.5699,1,1,1,81
5815,0.5776,1,0,1,82
5815,0.5142,1,0,1,83
5815,0.7164,1,0,1,87
5815,0.4885,1,0,1,88
5815,0.4575,1,1,1,89
5815,0.4456,1,0,1,90
5815,0.635,1,0,1,91
5815,0.4954,1,0,1,92
5815,0.4567,1,0,1,93
5815,0.499,1,1,1,95
5815,0.5803,1,0,1,102
5815,0.4507,1,1,1,104
5815,0.943,1,1,1,105
5815,0.5695,1,0,1,106
5815,0.3731,1,0,1,108
5815,0.5217,1,1,1,110
5815,0.6453,1,1,1,112
5815,0.4781,1,0,1,113
5815,0.4396,1,0,1,114
5815,0.5082,1,0,1,115
5815,0.4202,1,1,1,117
5815,0.6044,1,0,1,118
5815,0.4901,1,1,1,121
5815,0.4879,1,0,1,122
5815,0.6873,1,0,1,124
5815,0.6571,1,1,1,125
5815,0.6139,1,1,1,126
5815,0.9364,1,0,1,127
5815,0.57,1,0,1,1
5815,0.5622,1,1,1,2
5815,0.7124,1,1,1,4
5815,0.6041,1,1,1,5
5815,0.4848,1,0,1,6
5815,0.5489,1,0,1,7
5815,0.6289,1,1,1,8
5815,0.3353,1,0,1,9
5815,0.4305,1,0,1,10
5815,0.6368,1,0,1,12
5815,0.6468,1,1,1,13
5815,0.3814,1,0,1,14
5815,0.4622,1,0,1,15
5815,0.6121,1,0,1,18
5815,0.7538,1,1,1,19
5815,0.6444,1,1,1,21
5815,0.4372,1,1,1,22
5815,0.4427,1,0,1,23
5815,0.5558,1,1,1,24
5815,0.4424,1,1,1,25
5815,0.4686,1,0,1,26
5815,0.4063,1,0,1,27
5815,0.3705,0,1,1,29
5815,0.7785,1,1,1,30
5815,0.6214,1,0,1,31
5815,0.5088,1,0,1,33
5815,0.4214,1,0,1,35
5815,0.5303,1,1,1,37
5815,0.5277,1,0,1,38
5815,0.4553,1,0,1,41
5815,0.5583,1,1,1,43
5815,0.6123,1,1,1,44
5815,0.6469,1,1,1,46
5815,0.3358,1,1,1,47
5815,0.4843,0,0,1,48
5815,0.4304,1,0,1,50
5815,0.5946,1,0,1,52
5815,0.3826,1,1,1,54
5815,0.3737,1,0,1,55
5815,0.3814,1,1,1,56
5815,0.4556,1,0,1,57
5815,0.4403,1,0,1,59
5815,0.3694,1,1,1,60
5815,0.5379,1,1,1,61
5815,0.6393,1,1,1,64
5815,0.4824,1,1,1,65
5815,0.5725,1,1,1,66
5815,0.5596,1,1,1,67
5815,0.5344,1,0,1,68
5815,0.5139,0,1,1,74
5815,0.4967,1,1,1,76
5815,0.3985,1,0,1,77
5815,0.5223,1,1,1,79
5815,0.4311,1,0,1,80
5815,0.5024,1,1,1,82
5815,0.5244,1,0,1,85
5815,0.5287,1,0,1,87
5815,0.5692,1,1,1,88
5815,0.6436,1,1,1,89
5815,0.5525,1,0,1,90
5815,0.4717,1,1,1,92
5815,0.4383,1,0,1,94
5815,0.5854,1,1,1,95
5815,0.3995,1,0,1,97
5815,0.5959,1,1,1,101
5815,0.6654,1,0,1,102
5815,0.7483,1,0,1,104
5815,0.3567,1,0,1,106
5815,0.6228,1,1,1,108
5815,0.6654,1,0,1,109
5815,0.4883,1,0,1,110
5815,0.5085,1,0,1,112
5815,0.6471,1,1,1,114
5815,0.4658,1,0,1,115
5815,0.4613,1,0,1,117
5815,0.7125,1,1,1,118
5815,0.4976,1,0,1,119
5815,0.4152,0,1,1,121
5815,0.4816,1,1,1,122
5815,0.4803,1,0,1,123
5815,0.4208,1,0,1,124
5815,0.4357,1,1,1,125
5815,0.4774,1,1,1,126
5815,0.596,1,1,1,127
5815,0.5986,1,0,1,0
5815,0.5719,1,1,1,2
5815,0.4166,1,0,1,3
5815,0.5959,1,1,1,5
5815,0.4279,1,0,1,12
5815,0.7876,1,1,1,13
5815,0.5858,1,0,1,14
5815,0.4456,1,0,1,15
5815,0.5203,1,0,1,17
5815,0.4677,1,0,1,18
5815,0.5371,1,1,1,19
5815,0.5365,1,1,1,20
5815,0.4537,1,0,1,21
5815,0.5912,1,1,1,24
5815,0.5872,1,1,1,25
5815,0.6116,1,1,1,26
5815,0.8302,1,1,1,27
5815,0.6978,1,1,1,29
5815,0.5714,1,0,1,30
5815,0.4988,0,1,1,32
5815,0.4619,1,1,1,33
5815,0.4039,1,0,1,34
5815,0.5127,1,1,1,35
5815,0.5964,1,0,1,38
5815,0.4135,0,1,1,39
5815,0.6938,1,0,1,40
5815,0.5173,1,1,1,41
5815,0.6047,1,0,1,42
5815,0.5392,1,1,1,44
5815,0.4057,1,1,1,45
5815,0.7821,1,0,1,46
5815,0.4624,1,1,1,47
5815,0.6154,1,0,1,48
5815,0.5584,1,1,1,52
5815,0.4548,1,1,1,53
5815,0.6034,1,0,1,54
5815,0.405,1,0,1,55
5815,0.5955,1,0,1,56
5815,0.545,1,0,1,57
5815,0.5524,1,1,1,58
5815,0.6386,1,1,1,62
5815,0.6104,1,1,1,63
5815,0.4946,1,0,1,64
5815,0.6868,1,1,1,65
5815,0.5371,1,0,1,66
5815,0.7404,1,0,1,67
5815,0.4774,1,0,1,68
5815,0.4062,1,0,1,71
5815,0.5723,1,1,1,72
5815,0.438,1,0,1,73
5815,0.5646,1,1,1,76
5815,0.5996,1,1,1,77
5815,0.5017,1,0,1,78
5815,0.6677,1,1,1,79
5815,0.6574,1,1,1,80
5815,0.4507,1,0,1,81
5815,0.4895,1,0,1,82
5815,0.8165,1,1,1,83
5815,0.472,1,0,1,85
5815,0.5641,1,0,1,86
5815,0.49,1,1,1,88
5815,0.4265,1,0,1,89
5815,0.4904,1,1,1,92
5815,0.5221,1,0,1,94
5815,0.3936,1,0,1,95
5815,0.347,0,1,1,96
5815,0.5973,1,0,1,97
5815,0.4829,1,1,1,99
5815,0.4532,0,1,1,100
5815,0.4073,1,0,1,103
5815,0.513,1,1,1,104
5815,0.4373,1,1,1,105
5815,0.4336,1,0,1,108
5815,0.3338,0,1,1,110
5815,0.7523,1,1,1,111
5815,0.6203,1,0,1,112
5815,0.5407,1,0,1,114
5815,0.5057,1,1,1,115
5815,0.4241,1,0,1,120
5815,0.4778,1,1,1,121
5815,0.3498,1,0,1,122
5815,0.5833,1,0,1,125
5815,0.5639,1,1,1,126
5815,0.3483,1,0,1,2
5815,0.3543,1,0,1,3
5815,0.4443,1,0,1,4
5815,0.2961,1,1,1,5
5815,0.4838,1,0,1,7
5815,0.4499,1,1,1,8
5815,0.3286,0,1,1,10
5815,0.3717,1,0,1,11
5815,0.4623,1,0,1,12
5815,0.30620000000000003,0,1,1,13
5815,0.5998,1,1,1,15
5815,0.5307,1,1,1,17
5815,0.4717,0,0,1,18
5815,0.4731,1,0,1,20
5815,0.4946,1,0,1,22
5815,0.5609,1,1,1,24
5815,0.5658,1,0,1,26
5815,0.4523,1,1,1,27
5815,0.539,1,0,1,29
5815,0.4812,1,0,1,30
5815,0.5172,1,1,1,37
5815,0.6662,1,1,1,38
5815,0.5455,1,0,1,42
5815,0.5622,1,1,1,43
5815,0.4555,0,1,1,44
5815,0.5818,1,0,1,45
5815,0.508,1,1,1,46
5815,0.4357,1,0,1,47
5815,0.4322,1,1,1,48
5815,0.5355,1,1,1,49
5815,0.4235,1,1,1,51
5815,0.5842,1,1,1,52
5815,0.5183,0,0,1,55
5815,0.4111,1,0,1,56
5815,0.595,1,1,1,57
5815,0.7063,1,1,1,58
5815,0.3478,1,0,1,59
5815,0.4216,1,0,1,60
5815,0.4229,1,1,1,63
5815,0.5704,1,0,1,64
5815,0.4809,1,0,1,66
5815,0.6545,1,1,1,67
5815,0.3957,1,1,1,68
5815,0.5465,1,0,1,73
5815,0.5746,1,1,1,78
5815,0.4075,1,1,1,79
5815,0.5216,1,1,1,80
5815,0.4568,1,1,1,81
5815,0.3783,1,0,1,82
5815,0.4888,1,0,1,83
5815,0.486,1,1,1,85
5815,0.4483,1,1,1,88
5815,0.377,1,0,1,90
5815,0.7294,1,0,1,91
5815,0.437,0,0,1,92
5815,0.3764,1,0,1,93
5815,0.3843,1,1,1,94
5815,0.437,1,0,1,96
5815,0.3559,1,0,1,97
5815,0.3365,0,1,1,98
5815,0.336,1,0,1,99
5815,0.3947,0,0,1,100
5815,0.635,1,0,1,102
5815,0.3686,0,1,1,103
5815,0.6557,1,1,1,104
5815,0.3971,1,0,1,105
5815,0.4649,1,1,1,106
5815,0.446,1,0,1,107
5815,0.3875,1,1,1,108
5815,0.6277,1,1,1,109
5815,0.8934,1,1,1,110
5815,0.6372,1,0,1,111
5815,0.4737,1,0,1,112
5815,0.4045,1,1,1,113
5815,0.4157,1,0,1,114
5815,0.3991,1,1,1,115
5815,0.3564,1,0,1,118
5815,0.4008,1,1,1,119
5815,0.5213,0,0,1,120
5815,0.5716,1,1,1,121
5815,0.3642,1,0,1,123
5815,0.321,0,1,1,124
5815,0.4222,0,1,1,125
5815,0.5535,1,0,1,126
5815,0.5295,0,1,1,1
5815,0.5866,1,0,1,2
5815,0.3841,1,1,1,3
5815,0.397,1,1,1,5
5815,0.5903,1,1,1,7
5815,0.4247,1,1,1,8
5815,0.3789,1,0,1,9
5815,0.4079,1,0,1,12
5815,0.3152,0,1,1,13
5815,0.4601,1,0,1,14
5815,0.4796,1,0,1,15
5815,0.3275,1,0,1,16
5815,0.4068,1,0,1,17
5815,0.3895,1,0,1,18
5815,0.4129,0,0,1,19
5815,0.6225,1,0,1,20
5815,0.343,1,0,1,21
5815,0.4945,1,0,1,22
5815,0.6957,1,1,1,23
5815,0.5014,1,0,1,24
5815,0.6013,1,0,1,26
5815,0.4671,1,0,1,27
5815,0.6816,1,0,1,28
5815,0.7687,1,1,1,30
5815,0.5054,1,1,1,33
5815,0.7542,1,0,1,34
5815,0.5134,1,0,1,35
5815,0.4174,1,0,1,36
5815,0.3651,1,1,1,38
5815,0.5219,1,1,1,44
5815,0.5115,1,1,1,45
5815,0.5143,1,0,1,46
5815,0.5271,1,1,1,47
5815,0.5556,1,1,1,49
5815,0.44,1,0,1,53
5815,0.4452,1,0,1,55
5815,0.5286,1,1,1,56
5815,0.6337,1,0,1,60
5815,0.4751,1,1,1,61
5815,0.6263,1,1,1,62
5815,0.4205,1,1,1,63
5815,0.5943,1,1,1,66
5815,0.4393,1,0,1,68
5815,0.7075,1,1,1,69
5815,0.9166,1,1,1,70
5815,0.3963,1,0,1,71
5815,0.4225,1,1,1,73
5815,0.6094,1,1,1,74
5815,0.5615,1,1,1,75
5815,0.5111,1,0,1,76
5815,0.4835,1,0,1,78
5815,0.3486,0,1,1,79
5815,0.4413,1,0,1,82
5815,0.3991,1,1,1,83
5815,0.5413,1,1,1,84
5815,0.514,1,1,1,86
5815,0.38,1,0,1,89
5815,0.4143,1,0,1,90
5815,0.5147,1,1,1,92
5815,0.4854,1,0,1,93
5815,0.4749,1,0,1,94
5815,0.52,1,1,1,95
5815,0.462,1,0,1,96
5815,0.4561,1,1,1,97
5815,0.4958,1,0,1,98
5815,0.7164,1,1,1,99
5815,0.4777,1,1,1,100
5815,0.47,1,0,1,101
5815,0.6017,1,0,1,104
5815,0.5462,1,1,1,105
5815,0.4672,0,1,1,108
5815,0.3697,0,1,1,110
5815,0.3795,0,1,1,112
5815,0.509,1,0,1,114
5815,0.4505,1,0,1,116
5815,0.3464,1,1,1,117
5815,0.5041,1,1,1,120
5815,0.3984,1,1,1,122
5815,0.4713,0,0,1,123
5815,0.5647,1,1,1,124
5815,0.3898,1,1,1,125
5815,0.5012,1,0,1,126
5815,0.5702,1,1,1,1
5815,0.6056,1,1,1,2
5815,0.4137,1,0,1,3
5815,0.43120000000000003,0,0,1,4
5815,0.3907,1,1,1,5
5815,0.4883,1,0,1,6
5815,0.38,1,0,1,7
5815,0.7201,1,1,1,8
5815,0.5222,1,0,1,13
5815,0.4073,1,0,1,14
5815,0.4353,1,1,1,15
5815,0.4162,1,1,1,16
5815,0.4169,1,0,1,17
5815,0.6568,1,1,1,19
5815,0.4958,1,1,1,20
5815,0.456,1,0,1,21
5815,0.5333,1,0,1,22
5815,0.4718,1,1,1,23
5815,0.5482,1,1,1,24
5815,0.4267,0,0,1,26
5815,0.5525,1,1,1,27
5815,0.6802,1,0,1,31
5815,0.4953,1,1,1,33
5815,0.4921,1,1,1,35
5815,0.4738,1,0,1,36
5815,0.7068,1,0,1,37
5815,0.5357,1,1,1,38
5815,0.5055,1,1,1,39
5815,0.5118,1,0,1,41
5815,0.5191,1,1,1,42
5815,0.4266,0,1,1,44
5815,0.4068,1,1,1,45
5815,0.557,0,1,1,49
5815,0.619,1,1,1,50
5815,0.5987,1,0,1,51
5815,0.5536,1,0,1,53
5815,0.4998,1,1,1,54
5815,0.5138,1,0,1,55
5815,0.4559,1,0,1,56
5815,0.4818,1,1,1,59
5815,0.4871,1,0,1,60
5815,0.4243,1,0,1,63
5815,0.5111,1,0,1,64
5815,0.5677,1,1,1,66
5815,0.4009,1,0,1,68
5815,0.4618,1,0,1,71
5815,0.636,1,1,1,73
5815,0.5621,1,1,1,74
5815,0.5364,1,0,1,76
5815,0.4616,1,1,1,77
5815,0.5131,1,0,1,78
5815,0.4333,1,0,1,79
5815,0.4964,1,0,1,80
5815,0.5963,1,0,1,85
5815,0.4547,0,1,1,86
5815,0.5242,1,1,1,87
5815,0.5145,1,1,1,88
5815,0.4775,0,1,1,89
5815,0.4378,1,0,1,91
5815,0.5064,1,0,1,92
5815,0.439,1,0,1,93
5815,0.3311,1,0,1,94
5815,0.437,0,1,1,95
5815,0.3718,1,0,1,96
5815,0.5808,1,1,1,97
5815,0.4002,0,0,1,98
5815,0.4393,1,1,1,99
5815,0.5213,1,1,1,101
5815,0.5455,1,1,1,102
5815,0.4854,1,0,1,103
5815,0.3571,1,0,1,105
5815,0.3521,1,1,1,107
5815,0.4944,1,1,1,108
5815,0.6395,1,1,1,109
5815,0.4368,1,0,1,110
5815,0.4275,1,0,1,112
5815,0.5382,1,0,1,113
5815,0.5136,1,1,1,115
5815,0.4629,1,1,1,117
5815,0.4274,1,0,1,118
5815,0.5348,0,1,1,121
5815,0.4553,1,0,1,122
5815,0.3686,1,0,1,124
5815,0.439,1,1,1,126
5815,0.53,1,0,1,0
5815,0.5363,1,1,1,1
5815,0.4863,1,0,1,2
5815,0.4335,1,1,1,4
5815,0.6488,1,1,1,5
5815,0.5713,1,0,1,6
5815,0.4594,1,0,1,7
5815,0.5131,1,1,1,8
5815,0.4776,1,1,1,11
5815,0.4842,1,1,1,12
5815,0.4931,0,0,1,13
5815,0.564,1,1,1,15
5815,0.4023,1,0,1,17
5815,0.5383,1,1,1,18
5815,0.507,1,1,1,19
5815,0.5485,1,1,1,20
5815,0.3574,1,0,1,22
5815,0.6851,1,1,1,25
5815,0.6968,1,1,1,27
5815,0.4171,1,0,1,29
5815,0.7003,1,0,1,32
5815,0.5091,1,1,1,33
5815,0.5859,1,0,1,34
5815,0.3726,1,0,1,35
5815,0.4897,1,0,1,37
5815,0.5067,1,1,1,39
5815,0.5395,1,1,1,40
5815,0.5372,1,0,1,41
5815,0.3947,1,0,1,42
5815,0.5514,1,1,1,43
5815,0.4167,1,0,1,46
5815,0.5178,1,1,1,47
5815,0.4399,1,0,1,50
5815,0.4699,0,1,1,51
5815,0.4567,1,1,1,53
5815,0.8176,1,0,1,54
5815,0.455,1,0,1,56
5815,0.4372,1,0,1,58
5815,0.537,1,1,1,59
5815,0.4828,1,0,1,60
5815,0.7053,1,1,1,62
5815,0.6964,1,1,1,63
5815,0.4368,1,0,1,64
5815,0.4182,1,1,1,65
5815,0.3394,0,1,1,66
5815,0.4713,1,0,1,67
5815,0.4142,1,0,1,68
5815,0.3706,0,1,1,69
5815,0.5361,1,1,1,70
5815,0.403,0,1,1,71
5815,0.4875,1,0,1,72
5815,0.4657,1,0,1,74
5815,0.6131,1,0,1,75
5815,0.3572,1,0,1,76
5815,0.3695,0,1,1,77
5815,0.54,1,1,1,79
5815,0.3969,1,0,1,80
5815,0.617,1,1,1,81
5815,0.3559,1,0,1,83
5815,0.4862,1,0,1,88
5815,0.4826,1,1,1,89
5815,0.3907,1,1,1,92
5815,0.3617,0,1,1,93
5815,0.3472,1,1,1,94
5815,0.3476,1,0,1,95
5815,0.672,1,1,1,99
5815,0.4682,1,0,1,100
5815,0.4719,1,0,1,102
5815,0.5132,1,1,1,103
5815,0.4484,1,0,1,107
5815,0.5665,1,0,1,108
5815,0.3494,1,1,1,110
5815,0.4799,1,1,1,111
5815,0.554,1,0,1,112
5815,0.4092,1,0,1,113
5815,0.3418,1,1,1,115
5815,0.4231,1,0,1,116
5815,0.3638,1,0,1,117
5815,0.5398,1,0,1,118
5815,0.4571,1,1,1,121
5815,0.3648,1,0,1,122
5815,0.4153,1,0,1,123
5815,0.3388,1,1,1,124
5815,0.5039,0,1,1,126
5815,0.5591,1,0,1,0
5815,0.3565,1,0,1,1
5815,0.5282,1,1,1,2
5815,0.5371,1,0,1,3
5815,0.3223,1,0,1,4
5815,0.6635,1,0,1,5
5815,0.5644,1,1,1,6
5815,0.3857,1,0,1,7
5815,0.486,0,0,1,10
5815,0.3246,0,0,1,12
5815,0.4537,0,1,1,13
5815,0.6471,1,1,1,14
5815,0.5124,1,0,1,15
5815,0.4879,1,0,1,17
5815,0.4822,1,1,1,18
5815,0.3469,1,0,1,20
5815,0.4806,1,1,1,21
5815,0.3712,1,1,1,22
5815,0.3715,1,1,1,23
5815,0.37,1,0,1,24
5815,0.4964,1,0,1,25
5815,0.4559,1,0,1,26
5815,0.4471,1,0,1,27
5815,0.4678,0,1,1,29
5815,0.3629,1,1,1,31
5815,0.7204,1,1,1,34
5815,0.4538,1,0,1,35
5815,0.6904,1,0,1,37
5815,0.6287,0,1,1,39
5815,0.5946,1,0,1,42
5815,0.5295,1,0,1,43
5815,0.498,1,1,1,44
5815,0.4325,1,0,1,45
5815,0.5196,1,1,1,46
5815,0.405,1,0,1,48
5815,0.5216,1,1,1,49
5815,0.4043,1,0,1,51
5815,0.3608,0,0,1,52
5815,0.552,1,1,1,55
5815,0.4388,1,1,1,56
5815,0.4079,1,1,1,57
5815,0.5057,1,0,1,60
5815,0.6485,1,1,1,64
5815,0.6134,1,0,1,65
5815,0.5333,1,1,1,66
5815,0.4787,1,0,1,67
5815,0.5346,1,1,1,69
5815,0.4864,1,0,1,70
5815,0.4287,1,0,1,71
5815,0.562,1,0,1,72
5815,0.3961,1,0,1,77
5815,0.3621,1,0,1,78
5815,0.4374,1,0,1,79
5815,0.4866,1,0,1,81
5815,0.4034,0,1,1,82
5815,0.6387,1,1,1,83
5815,0.3415,1,1,1,84
5815,0.4403,0,1,1,85
5815,0.3956,1,0,1,87
5815,0.6195,1,1,1,88
5815,0.5634,1,1,1,89
5815,0.5364,1,1,1,92
5815,0.5052,1,1,1,93
5815,0.5069,1,1,1,94
5815,0.4725,1,1,1,95
5815,0.3953,1,0,1,96
5815,0.4441,1,1,1,97
5815,0.3448,1,0,1,98
5815,0.433,1,1,1,99
5815,0.5438,1,1,1,100
5815,0.5077,1,1,1,101
5815,0.4297,1,0,1,102
5815,0.4487,1,1,1,103
5815,0.3575,1,0,1,105
5815,0.3604,0,0,1,106
5815,0.3903,1,1,1,108
5815,0.5444,1,1,1,109
5815,0.4959,1,1,1,112
5815,0.6265,1,0,1,114
5815,0.3914,1,0,1,117
5815,0.424,1,0,1,118
5815,0.5259,1,1,1,119
5815,0.4698,1,1,1,120
5815,0.4735,1,1,1,125
6055,0.667,1,0,1,0
6055,0.621,1,1,1,1
6055,0.56,1,1,1,2
6055,0.625,1,0,1,5
6055,0.444,1,0,1,6
6055,0.498,1,1,1,9
6055,0.572,1,0,1,10
6055,0.513,1,1,1,12
6055,0.423,1,0,1,13
6055,0.437,1,1,1,14
6055,0.463,1,0,1,16
6055,0.463,1,0,1,20
6055,0.639,1,1,1,21
6055,0.579,1,1,1,22
6055,0.476,1,1,1,23
6055,0.406,1,0,1,24
6055,0.409,1,0,1,28
6055,0.409,1,0,1,29
6055,0.401,1,0,1,30
6055,0.514,1,1,1,31
6055,0.482,1,1,1,35
6055,0.398,1,0,1,36
6055,0.363,1,0,1,38
6055,0.511,1,0,1,39
6055,0.34,1,1,1,40
6055,0.398,0,1,1,43
6055,0.435,1,0,1,46
6055,0.52,1,1,1,48
6055,0.432,1,0,1,49
6055,0.404,1,0,1,50
6055,0.369,1,0,1,51
6055,0.506,1,1,1,52
6055,0.424,1,0,1,53
6055,0.532,1,1,1,54
6055,0.422,1,0,1,55
6055,0.554,1,1,1,56
6055,0.416,1,0,1,57
6055,0.439,1,0,1,58
6055,0.384,1,0,1,60
6055,0.395,1,1,1,62
6055,0.344,0,1,1,63
6055,0.472,1,1,1,66
6055,0.432,1,0,1,67
6055,0.526,1,1,1,69
6055,0.697,1,0,1,70
6055,0.393,1,0,1,71
6055,0.521,1,0,1,72
6055,0.572,1,1,1,75
6055,0.496,1,1,1,76
6055,0.48,1,0,1,77
6055,0.44,1,1,1,78
6055,0.48,1,1,1,80
6055,0.748,1,1,1,82
6055,0.47,1,1,1,85
6055,0.427,1,1,1,86
6055,0.415,1,0,1,87
6055,0.422,0,1,1,91
6055,0.564,1,1,1,92
6055,0.56,1,1,1,93
6055,0.443,1,1,1,94
6055,0.702,1,1,1,95
6055,0.53,1,0,1,96
6055,0.427,1,0,1,97
6055,0.453,1,0,1,98
6055,0.471,1,0,1,99
6055,0.523,1,1,1,103
6055,0.431,1,0,1,104
6055,0.456,1,0,1,106
6055,0.514,1,1,1,108
6055,0.431,1,1,1,110
6055,0.381,1,0,1,111
6055,0.429,1,0,1,112
6055,0.381,1,0,1,114
6055,0.539,1,1,1,115
6055,0.431,1,0,1,117
6055,0.406,1,0,1,119
6055,0.681,1,1,1,120
6055,0.565,1,1,1,122
6055,0.427,1,1,1,123
6055,0.422,1,1,1,124
6055,0.431,1,0,1,125
6055,0.49,1,1,1,126
6055,0.685,1,0,1,0
6055,0.487,1,0,1,1
6055,0.722,1,1,1,2
6055,0.398,1,0,1,3
6055,0.515,1,1,1,4
6055,0.414,1,0,1,5
6055,0.396,1,0,1,7
6055,0.48,1,1,1,9
6055,0.518,1,1,1,11
6055,0.447,1,0,1,12
6055,0.504,1,1,1,14
6055,0.465,1,1,1,15
6055,0.385,1,0,1,18
6055,0.407,1,0,1,20
6055,0.412,1,0,1,25
6055,0.4,1,0,1,26
6055,0.376,1,0,1,31
6055,0.405,1,1,1,33
6055,0.511,1,1,1,34
6055,0.394,1,1,1,36
6055,0.391,1,0,1,37
6055,0.523,1,1,1,38
6055,0.397,1,1,1,39
6055,0.415,1,0,1,40
6055,0.342,1,0,1,41
6055,0.357,1,0,1,43
6055,0.481,1,1,1,45
6055,0.447,1,1,1,46
6055,0.383,1,1,1,47
6055,0.364,1,0,1,48
6055,0.507,1,1,1,50
6055,0.455,1,1,1,52
6055,0.661,1,1,1,53
6055,0.403,1,1,1,55
6055,0.381,1,0,1,58
6055,0.367,1,0,1,59
6055,0.334,1,0,1,60
6055,0.393,1,0,1,61
6055,0.531,1,1,1,62
6055,0.407,1,0,1,64
6055,0.381,0,1,1,65
6055,0.547,1,1,1,66
6055,0.598,1,0,1,68
6055,0.376,1,0,1,69
6055,0.403,1,1,1,70
6055,0.501,1,1,1,71
6055,0.528,1,1,1,72
6055,0.465,1,0,1,73
6055,0.438,1,1,1,74
6055,0.48,1,1,1,75
6055,0.397,1,0,1,76
6055,0.431,1,0,1,78
6055,0.384,1,0,1,79
6055,0.389,1,1,1,81
6055,0.419,0,1,1,83
6055,0.437,1,1,1,84
6055,0.4,1,0,1,87
6055,0.44,1,1,1,88
6055,0.42,1,1,1,89
6055,0.448,1,0,1,90
6055,0.406,1,0,1,93
6055,0.439,1,0,1,95
6055,0.464,1,1,1,96
6055,0.398,1,0,1,97
6055,0.489,1,1,1,98
6055,0.462,1,1,1,101
6055,0.357,1,0,1,102
6055,0.44,1,1,1,103
6055,0.379,1,1,1,104
6055,0.48,1,1,1,105
6055,0.393,1,0,1,107
6055,0.395,1,0,1,108
6055,0.438,1,1,1,109
6055,0.442,1,1,1,110
6055,0.357,1,0,1,111
6055,0.385,1,0,1,112
6055,0.373,1,0,1,115
6055,0.433,1,0,1,118
6055,0.44,1,1,1,119
6055,0.446,1,1,1,121
6055,0.455,1,0,1,123
6055,0.616,1,0,1,125
6055,0.455,1,0,1,126
6055,0.522,1,1,1,127
6055,0.654,1,1,1,0
6055,0.447,1,0,1,1
6055,0.359,1,0,1,2
6055,0.431,1,1,1,6
6055,0.451,1,0,1,10
6055,0.438,1,1,1,11
6055,0.456,1,1,1,13
6055,0.435,1,1,1,15
6055,0.488,1,1,1,16
6055,0.421,0,1,1,17
6055,0.488,1,1,1,19
6055,0.445,1,1,1,21
6055,0.501,1,1,1,23
6055,0.471,1,1,1,27
6055,0.519,1,1,1,28
6055,0.448,1,0,1,29
6055,0.397,0,1,1,30
6055,0.677,1,1,1,31
6055,0.434,1,1,1,32
6055,0.399,1,0,1,33
6055,0.455,1,0,1,34
6055,0.49,1,1,1,35
6055,0.456,1,0,1,38
6055,0.46,1,0,1,41
6055,0.431,1,0,1,42
6055,0.438,1,0,1,43
6055,0.455,1,1,1,44
6055,0.48,1,0,1,45
6055,0.629,1,1,1,47
6055,0.456,1,0,1,48
6055,0.577,1,0,1,49
6055,0.623,1,1,1,50
6055,0.413,1,0,1,51
6055,0.446,1,1,1,52
6055,0.41,1,1,1,53
6055,0.493,1,1,1,54
6055,0.617,1,1,1,55
6055,0.429,1,0,1,56
6055,0.623,1,1,1,59
6055,0.423,1,0,1,62
6055,0.547,1,1,1,63
6055,0.47,1,1,1,64
6055,0.392,1,0,1,66
6055,0.389,1,1,1,67
6055,0.381,1,1,1,71
6055,0.427,1,1,1,73
6055,0.509,1,1,1,74
6055,0.58,1,0,1,75
6055,0.43,1,0,1,76
6055,0.457,1,1,1,77
6055,0.74,1,0,1,78
6055,0.405,0,1,1,79
6055,0.447,1,0,1,80
6055,0.419,1,0,1,81
6055,0.343,1,0,1,83
6055,0.481,1,0,1,84
6055,0.388,1,0,1,85
6055,0.672,1,1,1,86
6055,0.443,1,1,1,87
6055,0.409,1,1,1,88
6055,0.398,1,0,1,90
6055,0.393,1,0,1,91
6055,0.431,1,1,1,92
6055,0.431,1,0,1,94
6055,0.441,0,1,1,96
6055,0.456,1,0,1,97
6055,0.47,1,0,1,100
6055,0.486,1,0,1,101
6055,0.398,1,0,1,102
6055,0.463,1,0,1,103
6055,0.339,1,0,1,104
6055,0.384,0,1,1,107
6055,0.41,1,0,1,111
6055,0.504,1,0,1,112
6055,0.484,1,1,1,115
6055,0.572,1,1,1,116
6055,0.364,1,0,1,117
6055,0.432,1,0,1,120
6055,0.369,1,0,1,122
6055,0.384,1,0,1,123
6055,0.358,1,0,1,124
6055,0.343,1,0,1,125
6055,0.557,1,1,1,126
6055,0.5,1,1,1,127
6055,0.415,1,0,1,1
6055,0.377,1,0,1,3
6055,0.341,1,0,1,5
6055,0.355,0,1,1,6
6055,0.51,1,1,1,7
6055,0.423,1,0,1,8
6055,0.446,1,0,1,9
6055,0.472,1,1,1,10
6055,0.506,1,1,1,11
6055,0.437,1,1,1,12
6055,0.358,1,0,1,14
6055,0.348,1,0,1,16
6055,0.539,1,1,1,17
6055,0.486,1,1,1,18
6055,0.416,1,0,1,20
6055,0.522,1,1,1,22
6055,0.497,1,0,1,23
6055,0.439,1,1,1,24
6055,0.454,1,1,1,25
6055,0.381,1,0,1,27
6055,0.383,1,0,1,28
6055,0.377,1,0,1,29
6055,0.446,1,1,1,32
6055,0.443,1,1,1,33
6055,0.413,1,0,1,34
6055,0.51,1,0,1,35
6055,0.384,1,0,1,37
6055,0.413,1,0,1,38
6055,0.456,1,1,1,39
6055,0.384,1,1,1,40
6055,0.426,1,0,1,43
6055,0.476,1,1,1,45
6055,0.576,1,1,1,46
6055,0.443,1,1,1,50
6055,0.423,1,0,1,54
6055,0.389,1,0,1,55
6055,0.5,1,0,1,56
6055,0.472,1,1,1,57
6055,0.369,1,1,1,58
6055,0.373,1,0,1,59
6055,0.403,1,0,1,61
6055,0.436,1,0,1,62
6055,0.361,1,0,1,63
6055,0.359,1,0,1,65
6055,0.359,1,0,1,66
6055,0.414,1,0,1,67
6055,0.384,1,0,1,68
6055,0.393,1,0,1,69
6055,0.526,1,1,1,71
6055,0.399,0,0,1,72
6055,0.461,1,1,1,74
6055,0.514,1,1,1,75
6055,0.39,1,0,1,76
6055,0.499,1,1,1,77
6055,0.525,1,1,1,78
6055,0.438,1,0,1,79
6055,0.457,1,1,1,80
6055,0.644,1,1,1,81
6055,0.628,1,1,1,83
6055,0.721,1,1,1,85
6055,0.523,1,0,1,86
6055,0.534,1,1,1,95
6055,0.444,1,1,1,96
6055,0.431,1,0,1,97
6055,0.481,0,1,1,98
6055,0.514,1,0,1,99
6055,0.544,1,1,1,104
6055,0.439,1,1,1,106
6055,0.381,1,0,1,107
6055,0.456,1,1,1,110
6055,0.381,1,0,1,111
6055,0.49,0,1,1,112
6055,0.422,1,0,1,113
6055,0.522,1,1,1,117
6055,0.418,1,1,1,118
6055,0.371,1,1,1,122
6055,0.441,1,0,1,123
6055,0.418,1,0,1,124
6055,0.378,1,0,1,125
6055,0.401,1,0,1,126
6055,0.597,1,0,1,0
6055,0.359,1,1,1,3
6055,0.515,1,1,1,4
6055,0.43,1,0,1,5
6055,0.4,1,0,1,6
6055,0.444,1,0,1,8
6055,0.623,1,1,1,10
6055,0.365,1,0,1,13
6055,0.484,1,1,1,17
6055,0.405,1,0,1,18
6055,0.455,1,1,1,19
6055,0.351,1,0,1,21
6055,0.413,1,0,1,22
6055,0.397,1,1,1,24
6055,0.454,1,1,1,25
6055,0.371,1,0,1,30
6055,0.388,1,0,1,31
6055,0.384,1,1,1,33
6055,0.417,1,1,1,34
6055,0.454,1,1,1,35
6055,0.348,1,0,1,36
6055,0.38,1,0,1,38
6055,0.348,1,1,1,39
6055,0.414,1,1,1,40
6055,0.368,1,1,1,41
6055,0.434,1,1,1,42
6055,0.511,1,1,1,43
6055,0.365,1,0,1,44
6055,0.386,1,1,1,46
6055,0.371,1,1,1,47
6055,0.479,1,1,1,48
6055,0.431,1,1,1,50
6055,0.356,1,1,1,53
6055,0.463,1,1,1,54
6055,0.415,1,0,1,55
6055,0.39,0,1,1,56
6055,0.476,1,1,1,57
6055,0.438,1,0,1,58
6055,0.389,1,0,1,60
6055,0.351,1,0,1,63
6055,0.372,1,1,1,64
6055,0.447,1,0,1,66
6055,0.363,1,0,1,69
6055,0.389,1,0,1,70
6055,0.472,1,0,1,71
6055,0.35,1,0,1,72
6055,0.33,1,0,1,73
6055,0.401,1,0,1,74
6055,0.381,1,0,1,77
6055,0.359,1,0,1,78
6055,0.3,1,0,1,80
6055,0.381,1,0,1,82
6055,0.345,1,0,1,83
6055,0.455,1,0,1,84
6055,0.397,0,1,1,85
6055,0.515,1,1,1,87
6055,0.417,1,1,1,88
6055,0.448,1,1,1,90
6055,0.405,1,1,1,91
6055,0.437,1,1,1,92
6055,0.414,1,0,1,93
6055,0.359,1,0,1,94
6055,0.43,1,1,1,97
6055,0.364,1,0,1,98
6055,0.439,1,1,1,99
6055,0.729,1,1,1,104
6055,0.399,1,0,1,105
6055,0.422,1,1,1,106
6055,0.362,1,0,1,109
6055,0.43,1,0,1,110
6055,0.44,1,1,1,111
6055,0.455,1,0,1,112
6055,0.504,1,1,1,116
6055,0.375,1,1,1,117
6055,0.389,1,0,1,118
6055,0.318,1,0,1,119
6055,0.447,1,0,1,122
6055,0.598,1,1,1,123
6055,0.365,1,0,1,124
6055,0.389,0,1,1,125
6055,0.382,1,0,1,126
6055,0.415,1,1,1,127
6055,0.372,1,0,1,3
6055,0.466,1,1,1,4
6055,0.393,1,0,1,6
6055,0.385,1,0,1,7
6055,0.339,1,0,1,8
6055,0.368,1,0,1,10
6055,0.424,0,1,1,11
6055,0.442,1,1,1,12
6055,0.363,1,0,1,15
6055,0.439,1,1,1,17
6055,0.523,1,1,1,19
6055,0.58,1,0,1,20
6055,0.423,1,1,1,21
6055,0.423,1,0,1,22
6055,0.356,1,1,1,23
6055,0.437,1,1,1,25
6055,0.423,1,1,1,27
6055,0.414,1,0,1,28
6055,0.339,1,0,1,30
6055,0.43,1,0,1,32
6055,0.539,1,1,1,33
6055,0.374,1,0,1,35
6055,0.457,1,0,1,39
6055,0.376,1,0,1,40
6055,0.379,1,1,1,42
6055,0.479,1,1,1,44
6055,0.389,1,1,1,45
6055,0.421,1,0,1,46
6055,0.619,1,1,1,48
6055,0.482,1,0,1,51
6055,0.342,1,0,1,52
6055,0.467,1,1,1,54
6055,0.455,1,1,1,55
6055,0.373,1,0,1,56
6055,0.352,1,0,1,57
6055,0.567,1,0,1,58
6055,0.373,0,1,1,59
6055,0.522,1,1,1,60
6055,0.364,1,0,1,62
6055,0.385,1,0,1,64
6055,0.401,1,0,1,65
6055,0.569,1,0,1,66
6055,0.381,1,1,1,67
6055,0.396,1,0,1,68
6055,0.437,1,0,1,69
6055,0.468,1,1,1,71
6055,0.438,1,1,1,72
6055,0.485,1,1,1,73
6055,0.395,1,0,1,74
6055,0.425,0,0,1,75
6055,0.432,1,1,1,76
6055,0.414,1,0,1,78
6055,0.38,1,1,1,79
6055,0.352,1,1,1,80
6055,0.497,1,1,1,81
6055,0.5,1,1,1,82
6055,0.388,1,0,1,83
6055,0.434,1,0,1,86
6055,0.365,1,1,1,88
6055,0.355,1,1,1,90
6055,0.396,1,0,1,91
6055,0.469,1,1,1,93
6055,0.451,1,1,1,94
6055,0.52,1,1,1,95
6055,0.339,0,1,1,96
6055,0.464,1,0,1,97
6055,0.646,1,0,1,98
6055,0.355,1,0,1,99
6055,0.405,1,1,1,100
6055,0.389,0,1,1,101
6055,0.688,1,1,1,103
6055,0.472,1,0,1,106
6055,0.353,1,0,1,107
6055,0.409,1,1,1,110
6055,0.561,1,1,1,114
6055,0.447,1,0,1,116
6055,0.455,1,1,1,117
6055,0.472,1,1,1,119
6055,0.573,1,1,1,121
6055,0.463,1,0,1,122
6055,0.589,1,0,1,124
6055,0.429,1,0,1,126
6055,0.439,1,0,1,127
6055,0.457,1,0,1,1
6055,0.481,1,1,1,2
6055,0.398,1,0,1,3
6055,0.473,1,0,1,5
6055,0.348,1,1,1,6
6055,0.422,1,0,1,7
6055,0.43,1,1,1,8
6055,0.381,1,0,1,9
6055,0.365,0,1,1,11
6055,0.345,1,1,1,12
6055,0.529,1,1,1,13
6055,0.407,1,0,1,15
6055,0.676,1,1,1,16
6055,0.347,1,0,1,17
6055,0.439,1,0,1,18
6055,0.419,1,0,1,20
6055,0.496,1,0,1,21
6055,0.389,1,0,1,22
6055,0.381,1,1,1,23
6055,0.377,1,1,1,28
6055,0.368,1,1,1,29
6055,0.539,1,1,1,31
6055,0.396,1,1,1,32
6055,0.339,1,0,1,33
6055,0.379,1,1,1,34
6055,0.35,1,1,1,35
6055,0.348,1,1,1,37
6055,0.347,1,0,1,38
6055,0.354,1,0,1,39
6055,0.389,1,1,1,42
6055,0.422,1,0,1,46
6055,0.406,1,1,1,47
6055,0.396,1,0,1,50
6055,0.439,1,1,1,53
6055,0.356,1,0,1,54
6055,0.404,1,1,1,56
6055,0.464,1,0,1,62
6055,0.438,1,1,1,64
6055,0.451,1,1,1,65
6055,0.347,1,0,1,66
6055,0.423,1,1,1,67
6055,0.392,1,1,1,68
6055,0.414,1,0,1,69
6055,0.464,1,1,1,70
6055,0.541,1,0,1,75
6055,0.369,1,0,1,76
6055,0.474,1,1,1,77
6055,0.506,1,1,1,78
6055,0.483,1,0,1,79
6055,0.507,1,1,1,80
6055,0.405,1,0,1,82
6055,0.439,1,1,1,84
6055,0.473,1,0,1,85
6055,0.372,1,1,1,86
6055,0.407,1,0,1,87
6055,0.571,1,1,1,88
6055,0.415,1,0,1,91
6055,0.439,1,0,1,93
6055,0.496,1,1,1,94
6055,0.346,1,0,1,95
6055,0.363,1,0,1,96
6055,0.436,1,0,1,100
6055,0.43,1,0,1,101
6055,0.434,1,0,1,102
6055,0.398,1,0,1,104
6055,0.463,1,1,1,106
6055,0.355,1,0,1,107
6055,0.385,1,0,1,109
6055,0.379,1,0,1,110
6055,0.361,1,0,1,111
6055,0.404,1,0,1,113
6055,0.515,1,1,1,114
6055,0.446,1,1,1,115
6055,0.414,1,0,1,116
6055,0.448,1,1,1,117
6055,0.405,1,1,1,118
6055,0.543,1,1,1,120
6055,0.426,1,1,1,121
6055,0.52,1,1,1,122
6055,0.401,1,1,1,123
6055,0.531,1,0,1,124
6055,0.398,1,1,1,125
6055,0.423,1,0,1,126
6055,0.447,1,1,1,127
6055,0.513,1,0,1,0
6055,0.517,1,1,1,1
6055,0.355,1,1,1,5
6055,0.615,1,0,1,6
6055,0.438,1,0,1,8
6055,0.372,1,1,1,11
6055,0.38,1,0,1,12
6055,0.432,0,1,1,13
6055,0.333,1,0,1,15
6055,0.334,1,0,1,16
6055,0.405,1,0,1,17
6055,0.397,1,0,1,18
6055,0.422,1,0,1,19
6055,0.463,1,1,1,21
6055,0.38,1,0,1,22
6055,0.383,1,0,1,23
6055,0.471,1,1,1,24
6055,0.45,1,1,1,25
6055,0.377,1,1,1,26
6055,0.414,1,0,1,27
6055,0.339,1,1,1,28
6055,0.397,1,0,1,29
6055,0.609,1,0,1,30
6055,0.504,1,1,1,33
6055,0.343,1,1,1,34
6055,0.39,1,1,1,36
6055,0.579,1,1,1,39
6055,0.388,1,0,1,40
6055,0.368,1,0,1,41
6055,0.363,1,0,1,44
6055,0.352,1,0,1,45
6055,0.346,1,0,1,46
6055,0.359,1,0,1,47
6055,0.355,0,0,1,48
6055,0.58,1,1,1,49
6055,0.408,1,1,1,51
6055,0.374,1,0,1,52
6055,0.361,1,0,1,54
6055,0.39,1,1,1,55
6055,0.381,1,0,1,56
6055,0.421,1,1,1,57
6055,0.36,1,1,1,58
6055,0.59,1,0,1,59
6055,0.359,1,0,1,60
6055,0.472,1,1,1,62
6055,0.521,1,1,1,63
6055,0.434,1,1,1,64
6055,0.389,1,0,1,66
6055,0.471,1,1,1,68
6055,0.498,1,1,1,69
6055,0.42,1,0,1,72
6055,0.386,1,0,1,73
6055,0.474,1,1,1,74
6055,0.381,1,0,1,75
6055,0.355,1,0,1,76
6055,0.381,1,1,1,77
6055,0.447,1,1,1,78
6055,0.446,1,1,1,80
6055,0.422,1,0,1,82
6055,0.371,1,0,1,83
6055,0.449,1,1,1,84
6055,0.383,1,1,1,85
6055,0.435,1,1,1,86
6055,0.356,1,0,1,87
6055,0.398,1,1,1,88
6055,0.64,1,1,1,90
6055,0.356,1,0,1,92
6055,0.463,1,1,1,93
6055,0.447,1,1,1,99
6055,0.393,1,1,1,101
6055,0.373,1,0,1,103
6055,0.405,1,1,1,104
6055,0.385,1,1,1,105
6055,0.413,1,1,1,106
6055,0.348,1,0,1,110
6055,0.506,1,1,1,111
6055,0.456,1,0,1,113
6055,0.429,1,1,1,115
6055,0.497,1,0,1,116
6055,0.418,1,1,1,119
6055,0.355,1,0,1,120
6055,0.359,1,0,1,121
6055,0.414,1,1,1,123
6055,0.344,1,0,1,127
6109,0.7618,1,1,1,2
6109,0.6981,1,1,1,3
6109,0.484,1,0,1,4
6109,0.5014,1,1,1,5
6109,0.3572,1,1,1,7
6109,0.4041,1,0,1,8
6109,0.5682,1,0,1,9
6109,0.5016,1,1,1,10
6109,0.4232,1,1,1,11
6109,0.7327,1,0,1,12
6109,0.4983,1,1,1,14
6109,0.5278,1,1,1,15
6109,0.4237,1,0,1,19
6109,0.5072,1,1,1,22
6109,0.5811,1,1,1,23
6109,0.4996,1,0,1,24
6109,0.4372,1,0,1,25
6109,0.4761,1,0,1,27
6109,0.7759,1,0,1,28
6109,0.774,1,0,1,29
6109,0.5674,1,0,1,30
6109,0.8711,1,0,1,36
6109,0.4939,1,1,1,38
6109,0.3981,1,1,1,41
6109,0.5341,1,1,1,42
6109,0.4457,1,0,1,43
6109,0.71,1,0,1,44
6109,0.429,1,0,1,46
6109,0.5606,1,1,1,47
6109,0.4496,1,0,1,49
6109,0.4534,1,0,1,51
6109,0.3813,1,0,1,52
6109,0.5582,1,1,1,54
6109,0.3928,1,0,1,56
6109,0.3819,1,1,1,57
6109,0.4359,1,0,1,58
6109,0.3094,1,0,1,59
6109,0.3634,1,0,1,61
6109,0.384,1,0,1,62
6109,0.4347,1,0,1,63
6109,0.4175,1,1,1,64
6109,0.4914,1,1,1,65
6109,0.4781,1,1,1,66
6109,0.5659,1,1,1,68
6109,0.6634,1,1,1,69
6109,0.3839,1,0,1,71
6109,0.499,1,0,1,72
6109,0.427,0,0,1,73
6109,0.5206,1,0,1,74
6109,0.412,1,1,1,77
6109,0.3832,1,1,1,79
6109,0.3854,1,1,1,80
6109,0.3813,1,1,1,81
6109,0.6475,1,1,1,84
6109,0.5464,1,0,1,87
6109,0.4883,1,0,1,89
6109,0.7175,1,0,1,92
6109,0.4748,1,0,1,93
6109,0.5068,1,1,1,96
6109,0.5185,1,1,1,99
6109,0.3829,1,0,1,100
6109,0.4454,1,0,1,103
6109,0.3992,1,0,1,104
6109,0.5315,1,1,1,105
6109,0.4198,1,1,1,108
6109,0.4277,1,1,1,109
6109,0.4448,1,0,1,110
6109,0.4102,1,1,1,112
6109,0.3416,1,0,1,113
6109,0.3564,1,1,1,114
6109,0.4124,1,1,1,115
6109,0.3265,1,0,1,116
6109,0.3529,1,0,1,117
6109,0.3249,1,0,1,118
6109,0.3796,1,1,1,119
6109,0.3869,1,1,1,120
6109,0.4795,1,1,1,121
6109,0.4077,1,1,1,122
6109,0.4234,1,0,1,123
6109,0.4623,1,1,1,125
6109,0.5171,1,1,1,126
6109,0.6549,1,1,1,0
6109,0.4344,1,1,1,1
6109,0.485,1,0,1,2
6109,0.4397,1,0,1,3
6109,0.4259,1,0,1,4
6109,0.4601,1,1,1,6
6109,0.5485,1,0,1,7
6109,0.4501,0,0,1,9
6109,0.502,1,1,1,11
6109,0.5143,1,1,1,12
6109,0.5213,1,0,1,13
6109,0.3553,1,0,1,16
6109,0.3756,1,0,1,17
6109,0.401,1,0,1,18
6109,0.8413,0,1,1,21
6109,0.682,1,0,1,23
6109,0.7156,1,0,1,24
6109,0.4479,1,0,1,25
6109,0.5324,1,0,1,26
6109,0.669,1,1,1,27
6109,0.4323,1,0,1,29
6109,0.427,1,0,1,30
6109,0.5435,1,1,1,33
6109,0.5276,1,1,1,34
6109,0.8115,1,0,1,37
6109,0.4051,1,0,1,38
6109,0.5352,1,1,1,40
6109,0.5665,1,1,1,41
6109,0.4166,1,0,1,42
6109,0.4413,1,0,1,44
6109,0.4885,1,1,1,46
6109,0.4287,1,0,1,48
6109,0.4074,1,0,1,49
6109,0.474,1,1,1,51
6109,0.662,1,0,1,53
6109,0.4883,1,1,1,54
6109,0.7498,1,1,1,57
6109,0.5144,1,0,1,58
6109,0.4734,1,0,1,59
6109,0.8271,1,1,1,60
6109,0.5802,1,1,1,61
6109,0.5468,1,0,1,63
6109,0.6431,1,1,1,64
6109,0.4434,1,1,1,66
6109,0.4772,1,0,1,70
6109,0.5533,1,1,1,71
6109,0.4534,1,1,1,72
6109,0.5408,1,1,1,73
6109,0.5454,1,1,1,74
6109,0.4475,1,0,1,76
6109,0.6822,1,1,1,77
6109,0.5087,1,1,1,79
6109,0.386,1,0,1,81
6109,0.4287,1,0,1,82
6109,0.3823,1,0,1,83
6109,0.388,1,1,1,85
6109,0.5233,1,1,1,87
6109,0.5093,1,1,1,89
6109,0.4615,1,1,1,90
6109,0.3775,1,0,1,92
6109,0.4683,1,1,1,93
6109,0.5408,1,0,1,94
6109,0.428,1,0,1,95
6109,0.5723,1,1,1,96
6109,0.4297,1,0,1,97
6109,0.433,1,1,1,98
6109,0.4989,1,0,1,99
6109,0.3843,1,1,1,103
6109,0.5025,1,1,1,104
6109,0.5391,1,1,1,107
6109,0.4022,1,0,1,108
6109,0.4868,1,1,1,109
6109,0.3572,1,1,1,110
6109,0.6326,1,1,1,113
6109,0.4795,1,1,1,114
6109,0.4538,1,1,1,115
6109,0.6395,1,0,1,117
6109,0.5762,1,0,1,118
6109,0.559,1,0,1,121
6109,0.528,1,1,1,122
6109,0.4126,1,1,1,123
6109,0.5683,1,0,1,124
6109,0.7495,1,0,1,125
6109,0.825,1,1,1,0
6109,0.4081,1,0,1,1
6109,0.3855,1,0,1,2
6109,0.42,1,0,1,6
6109,0.3765,1,0,1,7
6109,0.467,1,0,1,9
6109,0.533,1,0,1,12
6109,0.4621,1,1,1,15
6109,0.5693,1,0,1,17
6109,0.4125,1,1,1,18
6109,0.3884,1,0,1,19
6109,0.4136,1,0,1,20
6109,0.4491,0,0,1,21
6109,0.4151,0,0,1,22
6109,0.551,1,1,1,23
6109,0.6639,1,0,1,25
6109,0.4093,1,1,1,26
6109,0.4081,1,0,1,28
6109,0.409,1,1,1,29
6109,0.5033,1,1,1,30
6109,0.4568,1,1,1,31
6109,0.5012,1,0,1,33
6109,0.4192,0,0,1,34
6109,0.498,1,0,1,35
6109,0.4092,1,1,1,36
6109,0.4838,1,0,1,37
6109,0.5185,1,1,1,38
6109,0.5608,1,1,1,39
6109,0.6083,1,0,1,40
6109,0.3864,1,1,1,41
6109,0.3972,1,0,1,42
6109,0.6499,1,1,1,43
6109,0.488,1,0,1,44
6109,0.5439,1,1,1,45
6109,0.4176,1,1,1,47
6109,0.4205,1,1,1,50
6109,0.6268,1,0,1,51
6109,0.5039,1,0,1,52
6109,0.6132,1,0,1,53
6109,0.5519,1,1,1,56
6109,0.4496,1,0,1,58
6109,0.3627,1,1,1,61
6109,0.4739,1,0,1,63
6109,0.5232,1,1,1,64
6109,0.5076,1,1,1,67
6109,0.6196,1,1,1,68
6109,0.5811,1,1,1,70
6109,0.5426,1,1,1,71
6109,0.6853,1,1,1,75
6109,0.656,1,1,1,77
6109,0.461,1,1,1,78
6109,0.4487,1,0,1,80
6109,0.4346,1,0,1,82
6109,0.3759,1,0,1,83
6109,0.4383,1,0,1,84
6109,0.5278,1,0,1,85
6109,0.4506,0,0,1,86
6109,0.7536,1,1,1,87
6109,0.518,1,1,1,88
6109,0.4587,0,0,1,90
6109,0.7217,1,1,1,94
6109,0.4916,1,0,1,95
6109,0.4397,1,1,1,96
6109,0.6706,1,0,1,97
6109,0.5259,1,1,1,100
6109,0.6648,1,0,1,102
6109,0.4943,1,1,1,105
6109,0.4553,1,1,1,107
6109,0.4827,1,1,1,108
6109,0.3675,1,0,1,109
6109,0.3111,1,0,1,110
6109,0.3868,1,0,1,116
6109,0.517,1,1,1,117
6109,0.5744,1,0,1,119
6109,0.454,1,1,1,120
6109,0.4464,1,1,1,122
6109,0.5659,1,0,1,124
6109,0.427,0,1,1,125
6109,0.675,1,1,1,126
6109,0.6586,1,0,1,127
6109,0.6301,0,1,1,1
6109,0.3611,1,0,1,2
6109,0.3856,1,0,1,3
6109,0.4558,1,1,1,5
6109,0.499,1,0,1,10
6109,0.6535,0,0,1,11
6109,0.5066,1,1,1,13
6109,0.6332,1,1,1,16
6109,0.4732,1,1,1,17
6109,0.4624,1,1,1,19
6109,0.415,1,1,1,20
6109,0.473,1,0,1,24
6109,0.4473,1,0,1,26
6109,0.4032,1,0,1,27
6109,0.4418,1,1,1,28
6109,0.3992,1,0,1,29
6109,0.4116,0,1,1,30
6109,0.5514,1,0,1,32
6109,0.4668,1,1,1,34
6109,0.4924,1,1,1,35
6109,0.8614,1,0,1,36
6109,0.3635,0,1,1,37
6109,0.4958,1,0,1,39
6109,0.4517,1,0,1,40
6109,0.4089,1,1,1,42
6109,0.444,1,0,1,43
6109,0.4533,1,0,1,45
6109,0.4644,1,1,1,47
6109,0.4808,1,1,1,48
6109,0.4311,1,1,1,49
6109,0.4197,1,1,1,50
6109,0.435,1,0,1,51
6109,0.4633,1,0,1,52
6109,0.6245,1,1,1,57
6109,0.4854,1,1,1,58
6109,0.4942,1,1,1,60
6109,0.4612,1,0,1,61
6109,0.6645,1,1,1,62
6109,0.4037,1,0,1,63
6109,0.5203,1,0,1,64
6109,0.4378,1,0,1,66
6109,0.5251,1,0,1,67
6109,0.5776,1,0,1,68
6109,0.5772,0,0,1,69
6109,0.5486,1,1,1,70
6109,0.5458,1,0,1,71
6109,0.4593,1,1,1,72
6109,0.4328,1,0,1,75
6109,0.5321,1,1,1,76
6109,0.5301,1,1,1,77
6109,0.4299,1,1,1,78
6109,0.4481,1,1,1,79
6109,0.5256,1,1,1,80
6109,0.5528,1,1,1,81
6109,0.5147,1,0,1,82
6109,0.4865,1,0,1,83
6109,0.4384,1,0,1,84
6109,0.3825,1,0,1,85
6109,0.3622,1,0,1,86
6109,0.4006,0,1,1,87
6109,0.4965,1,0,1,88
6109,0.5241,1,0,1,89
6109,0.5146,0,0,1,90
6109,0.445,1,1,1,91
6109,0.3974,1,1,1,94
6109,0.4711,1,1,1,96
6109,0.4963,1,1,1,99
6109,0.4318,1,0,1,100
6109,0.3872,1,0,1,101
6109,0.3947,1,1,1,102
6109,0.3964,1,1,1,106
6109,0.4724,1,1,1,108
6109,0.4572,1,0,1,109
6109,0.3818,1,1,1,113
6109,0.4233,0,1,1,114
6109,0.515,1,1,1,115
6109,0.3999,1,0,1,116
6109,0.3885,1,0,1,118
6109,0.4297,1,0,1,119
6109,0.5149,1,0,1,120
6109,0.4767,1,1,1,124
6109,0.3966,1,1,1,125
6109,0.5536,1,1,1,1
6109,0.5677,1,1,1,8
6109,0.7926,1,0,1,9
6109,0.4257,1,0,1,11
6109,0.3945,1,0,1,12
6109,0.4591,1,1,1,13
6109,0.5696,1,0,1,14
6109,0.4511,1,0,1,16
6109,0.4808,1,1,1,17
6109,0.4947,1,1,1,18
6109,0.5147,1,1,1,19
6109,0.4291,1,0,1,20
6109,0.7012,1,0,1,21
6109,0.4317,1,1,1,22
6109,0.4603,1,0,1,23
6109,0.5223,1,1,1,24
6109,0.4769,1,1,1,26
6109,0.4722,1,1,1,27
6109,0.4816,1,0,1,32
6109,0.3601,1,0,1,33
6109,0.6049,1,1,1,35
6109,0.5065,1,1,1,36
6109,0.4298,1,0,1,38
6109,0.4651,1,1,1,39
6109,0.3827,1,1,1,40
6109,0.3859,1,0,1,41
6109,0.6095,1,0,1,42
6109,0.4279,1,1,1,45
6109,0.4334,1,1,1,46
6109,0.5166,1,1,1,47
6109,0.6174,1,0,1,48
6109,0.4343,0,1,1,52
6109,0.3558,1,0,1,53
6109,0.4471,1,0,1,54
6109,0.5111,1,0,1,56
6109,0.5515,1,0,1,57
6109,0.3835,1,0,1,58
6109,0.5843,0,1,1,63
6109,0.6212,0,1,1,64
6109,0.3725,1,0,1,67
6109,0.7205,1,0,1,69
6109,0.4581,1,1,1,70
6109,0.4251,1,0,1,71
6109,0.5214,1,1,1,72
6109,0.453,1,0,1,73
6109,0.3773,1,1,1,74
6109,0.5822,1,1,1,77
6109,0.3649,1,0,1,78
6109,0.4016,1,1,1,80
6109,0.4308,1,1,1,81
6109,0.4393,1,1,1,85
6109,0.5697,1,0,1,86
6109,0.3692,1,0,1,88
6109,0.3325,1,0,1,89
6109,0.4033,0,1,1,91
6109,0.4089,1,0,1,92
6109,0.5027,1,1,1,93
6109,0.5498,1,0,1,96
6109,0.4078,1,0,1,97
6109,0.4916,1,0,1,99
6109,0.365,1,0,1,100
6109,0.4429,1,1,1,101
6109,0.4101,1,0,1,102
6109,0.4218,1,0,1,104
6109,0.3792,1,0,1,105
6109,0.6001,1,1,1,106
6109,0.5091,1,1,1,108
6109,0.3822,1,1,1,109
6109,0.3582,1,0,1,110
6109,0.4416,1,0,1,112
6109,0.513,1,1,1,113
6109,0.4647,1,0,1,114
6109,0.4613,1,1,1,117
6109,0.532,1,0,1,118
6109,0.5965,1,1,1,119
6109,0.4365,1,0,1,121
6109,0.403,1,1,1,122
6109,0.2916,1,0,1,123
6109,0.4137,1,1,1,124
6109,0.421,1,1,1,125
6109,0.4077,1,1,1,127
6109,0.5559,1,0,1,0
6109,0.5549,1,1,1,1
6109,0.4264,1,1,1,2
6109,0.4062,1,1,1,3
6109,0.3995,1,1,1,4
6109,0.4885,1,0,1,6
6109,0.4169,1,0,1,7
6109,0.4055,1,0,1,9
6109,0.5801,1,1,1,10
6109,0.7189,1,0,1,15
6109,0.4417,1,1,1,16
6109,0.4624,1,1,1,18
6109,0.3921,1,0,1,19
6109,0.4696,1,0,1,21
6109,0.4322,1,1,1,22
6109,0.3848,0,1,1,23
6109,0.5744,1,1,1,24
6109,0.3849,1,0,1,25
6109,0.4753,1,1,1,26
6109,0.4389,1,1,1,27
6109,0.3961,1,0,1,28
6109,0.3869,1,1,1,30
6109,0.4831,1,1,1,31
6109,0.4956,1,1,1,32
6109,0.4439,1,1,1,34
6109,0.3545,1,0,1,38
6109,0.3926,1,1,1,40
6109,0.3535,1,1,1,41
6109,0.532,1,1,1,42
6109,0.5282,1,1,1,43
6109,0.4843,1,0,1,44
6109,0.3865,1,1,1,45
6109,0.383,1,0,1,46
6109,0.3862,1,0,1,47
6109,0.3534,1,0,1,48
6109,0.364,1,1,1,50
6109,0.4469,1,0,1,53
6109,0.5264,1,0,1,54
6109,0.3992,1,0,1,55
6109,0.4418,1,1,1,57
6109,0.5899,1,0,1,58
6109,0.4347,1,0,1,61
6109,0.3623,0,0,1,64
6109,0.381,1,0,1,66
6109,0.3819,0,0,1,67
6109,0.429,1,1,1,71
6109,0.4098,1,0,1,72
6109,0.4043,1,0,1,74
6109,0.5923,1,1,1,75
6109,0.4417,1,1,1,76
6109,0.3907,1,0,1,78
6109,0.5045,1,1,1,80
6109,0.4754,1,0,1,81
6109,0.3648,1,0,1,82
6109,0.4598,1,1,1,83
6109,0.359,1,1,1,84
6109,0.4816,1,1,1,86
6109,0.371,1,0,1,87
6109,0.3339,1,1,1,88
6109,0.363,1,0,1,90
6109,0.436,1,1,1,92
6109,0.3892,1,1,1,94
6109,0.3684,1,1,1,96
6109,0.6585,1,1,1,97
6109,0.4316,1,1,1,98
6109,0.4385,1,0,1,99
6109,0.3786,1,0,1,103
6109,0.3569,1,0,1,104
6109,0.4335,1,1,1,105
6109,0.3849,1,0,1,108
6109,0.3349,1,0,1,109
6109,0.3102,1,0,1,110
6109,0.416,1,0,1,111
6109,0.3384,1,0,1,112
6109,0.3587,1,0,1,115
6109,0.3586,1,0,1,117
6109,0.4811,1,0,1,118
6109,0.4067,1,1,1,119
6109,0.7806,1,0,1,121
6109,0.5022,1,1,1,123
6109,0.391,1,1,1,124
6109,0.517,1,1,1,126
6109,0.3526,1,0,1,1
6109,0.3889,1,0,1,2
6109,0.4689,1,1,1,3
6109,0.4094,1,1,1,4
6109,0.3755,1,1,1,5
6109,0.4592,0,0,1,6
6109,0.56,1,1,1,7
6109,0.3502,1,1,1,8
6109,0.4408,1,0,1,9
6109,0.388,1,1,1,10
6109,0.3388,1,0,1,11
6109,0.4652,0,1,1,12
6109,0.5613,1,0,1,13
6109,0.4911,1,0,1,14
6109,0.4091,1,0,1,15
6109,0.4906,1,0,1,18
6109,0.7343,1,1,1,20
6109,0.7895,1,0,1,21
6109,0.4771,1,0,1,22
6109,0.3351,1,1,1,26
6109,0.4685,1,0,1,27
6109,0.3625,1,1,1,28
6109,0.6016,1,0,1,31
6109,0.4641,1,1,1,32
6109,0.4483,1,0,1,33
6109,0.4594,1,1,1,34
6109,0.5824,1,0,1,35
6109,0.4025,1,0,1,36
6109,0.5169,1,0,1,37
6109,0.6516,1,1,1,38
6109,0.3401,1,0,1,39
6109,0.489,1,0,1,40
6109,0.4642,1,1,1,41
6109,0.4849,1,1,1,42
6109,0.361,1,0,1,46
6109,0.4913,1,0,1,47
6109,0.5068,1,1,1,48
6109,0.3213,1,1,1,51
6109,0.4563,0,0,1,52
6109,0.3677,1,1,1,55
6109,0.551,1,0,1,56
6109,0.3422,1,1,1,59
6109,0.4083,1,0,1,61
6109,0.3472,1,1,1,63
6109,0.3848,1,0,1,64
6109,0.5564,1,1,1,66
6109,0.4329,1,0,1,67
6109,0.3593,1,1,1,69
6109,0.5344,1,0,1,70
6109,0.4057,0,1,1,74
6109,0.4394,0,1,1,75
6109,0.4964,1,1,1,77
6109,0.6621,1,1,1,78
6109,0.4349,1,1,1,82
6109,0.4123,1,1,1,83
6109,0.3618,1,0,1,84
6109,0.4088,1,0,1,85
6109,0.6922,1,1,1,86
6109,0.5464,1,1,1,87
6109,0.4217,1,0,1,88
6109,0.4545,1,0,1,90
6109,0.4718,1,0,1,91
6109,0.6996,1,1,1,93
6109,0.4015,1,1,1,94
6109,0.4821,1,1,1,95
6109,0.4567,1,1,1,97
6109,0.6715,1,1,1,101
6109,0.4574,1,0,1,102
6109,0.4724,1,0,1,104
6109,0.4088,1,1,1,105
6109,0.3875,1,1,1,110
6109,0.5062,1,1,1,111
6109,0.4933,1,0,1,112
6109,0.4111,1,0,1,114
6109,0.3982,1,0,1,115
6109,0.4423,1,1,1,117
6109,0.7237,1,1,1,118
6109,0.4186,1,1,1,120
6109,0.4671,1,0,1,121
6109,0.3824,1,0,1,122
6109,0.3634,1,0,1,123
6109,0.4389,1,1,1,124
6109,0.4142,1,0,1,126
6109,0.3405,1,0,1,1
6109,0.3171,0,1,1,4
6109,0.3726,1,0,1,5
6109,0.4086,1,0,1,6
6109,0.4112,0,1,1,7
6109,0.4373,1,1,1,9
6109,0.3849,1,1,1,11
6109,0.363,1,0,1,13
6109,0.368,1,1,1,15
6109,0.3666,1,1,1,16
6109,0.4354,1,0,1,18
6109,0.4899,1,1,1,19
6109,0.5404,1,1,1,20
6109,0.6069,1,0,1,21
6109,0.5762,1,1,1,22
6109,0.3796,1,0,1,24
6109,0.4702,1,0,1,25
6109,0.4264,1,1,1,26
6109,0.4567,1,1,1,27
6109,0.3364,1,0,1,28
6109,0.4182,1,0,1,29
6109,0.3953,1,0,1,33
6109,0.4431,1,0,1,35
6109,0.4708,1,1,1,37
6109,0.3979,1,0,1,39
6109,0.3805,1,0,1,40
6109,0.4423,1,1,1,41
6109,0.5573,1,0,1,42
6109,0.3434,0,1,1,43
6109,0.5325,1,1,1,44
6109,0.6046,1,1,1,45
6109,0.6404,1,1,1,46
6109,0.4213,1,0,1,47
6109,0.3476,1,1,1,48
6109,0.3389,1,0,1,49
6109,0.4131,1,0,1,51
6109,0.3059,1,0,1,53
6109,0.5304,1,1,1,54
6109,0.3832,1,0,1,57
6109,0.3651,1,0,1,58
6109,0.3233,0,0,1,60
6109,0.5084,1,1,1,61
6109,0.395,1,0,1,63
6109,0.4819,1,0,1,64
6109,0.4115,1,1,1,65
6109,0.4457,0,1,1,66
6109,0.521,0,1,1,70
6109,0.3742,1,0,1,72
6109,0.3604,1,0,1,73
6109,0.42,1,0,1,75
6109,0.5051,1,0,1,79
6109,0.5795,1,0,1,81
6109,0.589,1,0,1,82
6109,0.4664,1,1,1,85
6109,0.3643,1,0,1,87
6109,0.4107,1,0,1,88
6109,0.4871,1,1,1,91
6109,0.3853,1,0,1,92
6109,0.3134,1,1,1,93
6109,0.3944,1,1,1,95
6109,0.3143,1,0,1,96
6109,0.3425,1,0,1,98
6109,0.4138,1,1,1,99
6109,0.4188,1,0,1,100
6109,0.6972,1,1,1,101
6109,0.4852,1,0,1,102
6109,0.3877,1,1,1,103
6109,0.3362,1,0,1,106
6109,0.5314,1,1,1,107
6109,0.3652,1,1,1,108
6109,0.4366,1,1,1,110
6109,0.3622,1,1,1,112
6109,0.4591,1,1,1,113
6109,0.3439,1,0,1,114
6109,0.3651,0,1,1,115
6109,0.4714,1,0,1,116
6109,0.3707,1,1,1,118
6109,0.3242,0,1,1,119
6109,0.4378,1,1,1,121
6109,0.4347,1,1,1,123
6109,0.5558,1,0,1,124
6109,0.3899,1,0,1,127
6214,0.4644,1,1,1,1
6214,0.447,1,0,1,2
6214,0.3528,1,0,1,3
6214,0.4402,1,0,1,4
6214,0.404,1,1,1,6
6214,0.3415,1,1,1,7
6214,0.3805,1,0,1,8
6214,0.3493,1,0,1,9
6214,0.4354,1,1,1,10
6214,0.4185,1,1,1,11
6214,0.3572,1,0,1,16
6214,0.3416,1,0,1,17
6214,0.3935,1,0,1,18
6214,0.4388,1,0,1,19
6214,0.3714,0,0,1,20
6214,0.6864,1,1,1,23
6214,0.4901,1,1,1,24
6214,0.4078,1,0,1,29
6214,0.5272,1,1,1,30
6214,0.4742,1,1,1,31
6214,0.4382,1,1,1,32
6214,0.6116,1,1,1,35
6214,0.5646,1,0,1,36
6214,0.418,1,1,1,37
6214,0.6147,1,0,1,38
6214,0.5485,1,1,1,39
6214,0.6405,1,1,1,40
6214,0.4854,1,0,1,41
6214,0.3449,1,0,1,44
6214,0.5488,1,1,1,47
6214,0.5072,1,0,1,48
6214,0.3746,1,0,1,49
6214,0.3729,1,0,1,50
6214,0.5487,1,0,1,52
6214,0.468,1,1,1,54
6214,0.4402,1,1,1,55
6214,0.3647,1,0,1,56
6214,0.4064,1,1,1,58
6214,0.4236,1,1,1,59
6214,0.5024,1,0,1,62
6214,0.3768,1,0,1,63
6214,0.4108,1,1,1,65
6214,0.5089,1,1,1,66
6214,0.3563,1,1,1,67
6214,0.3244,1,1,1,68
6214,0.3753,1,0,1,69
6214,0.5089,1,0,1,70
6214,0.4146,1,0,1,72
6214,0.4243,0,1,1,73
6214,0.4825,1,0,1,74
6214,0.465,1,1,1,75
6214,0.525,1,0,1,76
6214,0.5755,1,0,1,78
6214,0.5589,1,0,1,79
6214,0.4319,1,0,1,81
6214,0.5253,1,0,1,82
6214,0.4973,1,1,1,83
6214,0.5639,1,1,1,85
6214,0.4022,1,0,1,89
6214,0.3671,1,0,1,90
6214,0.3767,1,1,1,91
6214,0.4733,1,1,1,92
6214,0.4734,1,1,1,93
6214,0.4238,1,0,1,95
6214,0.4578,1,1,1,96
6214,0.342,1,0,1,97
6214,0.4144,1,1,1,98
6214,0.4744,1,1,1,99
6214,0.3565,1,1,1,100
6214,0.3412,1,1,1,105
6214,0.6133,1,1,1,107
6214,0.3654,1,0,1,108
6214,0.4925,1,1,1,109
6214,0.4363,1,0,1,111
6214,0.4993,1,1,1,112
6214,0.4895,1,1,1,113
6214,0.3688,1,0,1,114
6214,0.3341,1,0,1,116
6214,0.5021,1,1,1,118
6214,0.4714,1,0,1,122
6214,0.4422,1,1,1,123
6214,0.4188,1,1,1,124
6214,0.3741,0,0,1,126
6214,0.5026,1,0,1,127
6214,0.5798,1,1,1,0
6214,0.3804,1,0,1,1
6214,0.3666,0,1,1,2
6214,0.4734,1,0,1,3
6214,0.4249,1,0,1,4
6214,0.5315,1,1,1,7
6214,0.5229,1,1,1,8
6214,0.3953,1,0,1,9
6214,0.3901,1,0,1,11
6214,0.3746,1,0,1,12
6214,0.5015,1,1,1,14
6214,0.3526,1,0,1,16
6214,0.5589,1,1,1,17
6214,0.3999,1,1,1,18
6214,0.3498,1,0,1,19
6214,0.3806,1,1,1,21
6214,0.4088,1,0,1,22
6214,0.5513,1,1,1,23
6214,0.4647,1,1,1,25
6214,0.5442,1,1,1,29
6214,0.4748,1,1,1,30
6214,0.4977,1,1,1,32
6214,0.6189,1,1,1,34
6214,0.5646,1,1,1,35
6214,0.4744,1,1,1,36
6214,0.5065,1,1,1,38
6214,0.6257,1,0,1,39
6214,0.3631,1,1,1,42
6214,0.3688,1,1,1,43
6214,0.45,1,0,1,46
6214,0.35,1,0,1,47
6214,0.4243,1,1,1,48
6214,0.4026,1,0,1,49
6214,0.3666,1,0,1,50
6214,0.5184,1,0,1,51
6214,0.3545,1,1,1,52
6214,0.649,1,0,1,53
6214,0.3662,1,1,1,54
6214,0.4356,1,1,1,59
6214,0.3905,1,1,1,60
6214,0.5354,1,1,1,62
6214,0.588,1,1,1,63
6214,0.461,1,0,1,64
6214,0.4191,1,0,1,66
6214,0.3404,1,0,1,67
6214,0.3554,1,0,1,68
6214,0.3755,1,1,1,69
6214,0.4031,1,1,1,70
6214,0.5345,1,1,1,71
6214,0.3414,1,0,1,72
6214,0.3483,0,1,1,76
6214,0.3919,1,0,1,77
6214,0.3781,1,0,1,78
6214,0.3632,1,0,1,81
6214,0.377,1,0,1,82
6214,0.4006,1,1,1,83
6214,0.3298,1,0,1,84
6214,0.4962,1,0,1,86
6214,0.369,1,0,1,87
6214,0.3734,1,0,1,88
6214,0.5004,1,1,1,90
6214,0.5483,1,0,1,91
6214,0.3668,1,0,1,93
6214,0.4187,1,0,1,95
6214,0.3508,1,0,1,96
6214,0.3615,1,0,1,97
6214,0.5441,1,1,1,98
6214,0.356,1,0,1,101
6214,0.3733,1,0,1,102
6214,0.7516,1,0,1,103
6214,0.3077,1,0,1,104
6214,0.4345,0,1,1,105
6214,0.5704,1,1,1,107
6214,0.3326,1,0,1,108
6214,0.4176,1,0,1,109
6214,0.4502,1,1,1,110
6214,0.3901,0,1,1,112
6214,0.5002,1,1,1,117
6214,0.4498,1,1,1,120
6214,0.3912,1,1,1,123
6214,0.4857,1,1,1,124
6214,0.4998,1,0,1,125
6214,0.5074,1,0,1,126
6214,0.5549,1,1,1,127
6214,0.5092,1,1,1,1
6214,0.4326,1,1,1,2
6214,0.3596,1,0,1,3
6214,0.3609,0,1,1,5
6214,0.3957,1,0,1,8
6214,0.4485,1,1,1,9
6214,0.4416,1,1,1,10
6214,0.4417,1,1,1,12
6214,0.3999,1,0,1,15
6214,0.4036,1,0,1,16
6214,0.436,1,0,1,17
6214,0.4149,1,1,1,18
6214,0.3818,1,0,1,19
6214,0.4063,1,0,1,22
6214,0.3679,1,1,1,23
6214,0.3602,1,1,1,24
6214,0.5157,1,0,1,26
6214,0.3874,1,0,1,27
6214,0.4272,1,1,1,28
6214,0.438,1,0,1,29
6214,0.3444,1,0,1,30
6214,0.3389,1,0,1,31
6214,0.482,1,1,1,32
6214,0.4404,1,1,1,33
6214,0.4355,1,1,1,35
6214,0.3936,1,0,1,36
6214,0.4226,1,0,1,37
6214,0.3763,1,0,1,38
6214,0.3327,1,0,1,40
6214,0.3578,1,0,1,41
6214,0.3813,1,1,1,42
6214,0.3655,1,0,1,43
6214,0.4245,1,0,1,45
6214,0.4483,1,1,1,48
6214,0.3848,1,0,1,50
6214,0.4943,1,0,1,54
6214,0.4544,1,1,1,55
6214,0.4655,1,1,1,60
6214,0.3491,1,0,1,61
6214,0.5425,1,1,1,62
6214,0.5927,1,1,1,63
6214,0.401,1,0,1,64
6214,0.5024,1,1,1,68
6214,0.392,1,0,1,69
6214,0.4997,1,1,1,70
6214,0.3212,1,0,1,71
6214,0.392,1,0,1,72
6214,0.567,1,1,1,73
6214,0.4993,1,1,1,74
6214,0.4526,1,1,1,75
6214,0.4033,1,0,1,77
6214,0.591,1,0,1,78
6214,0.498,1,1,1,79
6214,0.366,1,0,1,80
6214,0.6086,1,1,1,81
6214,0.3418,0,1,1,84
6214,0.4095,1,1,1,86
6214,0.427,1,0,1,88
6214,0.4412,1,1,1,92
6214,0.3754,1,0,1,93
6214,0.3506,1,0,1,94
6214,0.3582,1,0,1,95
6214,0.3688,1,0,1,96
6214,0.4258,1,1,1,98
6214,0.3121,0,1,1,102
6214,0.3722,1,0,1,103
6214,0.5085,1,1,1,105
6214,0.4519,1,1,1,106
6214,0.5354,1,1,1,107
6214,0.4248,1,0,1,108
6214,0.3833,1,0,1,109
6214,0.3243,1,1,1,110
6214,0.3285,1,1,1,111
6214,0.3765,1,0,1,112
6214,0.4198,1,0,1,117
6214,0.4623,1,1,1,118
6214,0.3855,1,1,1,119
6214,0.3757,1,0,1,120
6214,0.3753,1,1,1,121
6214,0.3256,1,0,1,122
6214,0.7476,1,1,1,124
6214,0.3865,1,0,1,125
6214,0.3931,1,1,1,126
6214,0.5072,1,1,1,127
6214,0.4985,1,1,1,2
6214,0.4236,1,1,1,3
6214,0.3745,1,0,1,4
6214,0.3815,1,0,1,5
6214,0.414,1,1,1,6
6214,0.3348,1,0,1,7
6214,0.5318,1,1,1,8
6214,0.398,1,1,1,9
6214,0.3829,1,1,1,11
6214,0.3749,1,1,1,13
6214,0.4425,1,0,1,14
6214,0.352,1,0,1,15
6214,0.3738,1,0,1,16
6214,0.5585,1,1,1,17
6214,0.3406,1,1,1,18
6214,0.4308,1,1,1,21
6214,0.4488,1,1,1,27
6214,0.3723,1,1,1,28
6214,0.3694,1,0,1,31
6214,0.3786,0,1,1,33
6214,0.3696,1,0,1,36
6214,0.3739,1,0,1,37
6214,0.3794,1,1,1,40
6214,0.3874,1,0,1,41
6214,0.3575,1,0,1,42
6214,0.3714,1,1,1,44
6214,0.3204,1,0,1,45
6214,0.3454,1,0,1,46
6214,0.4534,1,1,1,47
6214,0.375,1,1,1,48
6214,0.3544,0,1,1,49
6214,0.321,1,0,1,50
6214,0.3558,1,0,1,52
6214,0.3963,1,0,1,55
6214,0.5036,1,1,1,56
6214,0.4861,1,1,1,57
6214,0.4933,1,1,1,59
6214,0.5605,1,1,1,63
6214,0.4152,1,0,1,64
6214,0.3826,1,0,1,68
6214,0.4959,1,1,1,69
6214,0.3907,1,0,1,70
6214,0.3896,1,0,1,71
6214,0.3304,1,0,1,72
6214,0.3761,1,1,1,73
6214,0.5245,1,1,1,74
6214,0.4425,1,1,1,75
6214,0.4353,0,1,1,77
6214,0.3674,1,0,1,78
6214,0.3739,1,0,1,79
6214,0.6099,1,0,1,80
6214,0.3452,1,0,1,81
6214,0.3948,1,0,1,82
6214,0.5256,1,1,1,85
6214,0.3913,1,0,1,86
6214,0.5243,1,1,1,88
6214,0.3857,1,0,1,90
6214,0.4905,1,1,1,92
6214,0.5028,1,0,1,93
6214,0.5254,1,1,1,95
6214,0.465,1,0,1,98
6214,0.4758,1,0,1,99
6214,0.3587,0,1,1,100
6214,0.5234,1,1,1,102
6214,0.5076,1,1,1,104
6214,0.4691,1,1,1,105
6214,0.392,1,0,1,106
6214,0.4243,1,0,1,107
6214,0.5151,1,1,1,109
6214,0.5199,1,1,1,110
6214,0.4574,1,1,1,111
6214,0.3596,1,0,1,112
6214,0.4737,1,0,1,115
6214,0.3934,1,0,1,117
6214,0.4757,1,1,1,118
6214,0.3854,1,1,1,119
6214,0.42,1,1,1,120
6214,0.3438,1,0,1,121
6214,0.4747,1,0,1,122
6214,0.3205,0,1,1,123
6214,0.4931,1,0,1,124
6214,0.382,1,0,1,125
6214,0.4575,1,0,1,126
6214,0.3246,1,0,1,127
6214,0.4523,1,1,1,2
6214,0.3797,1,1,1,4
6214,0.3278,1,0,1,5
6214,0.3573,1,0,1,6
6214,0.3441,1,0,1,7
6214,0.3523,1,0,1,8
6214,0.3421,1,0,1,9
6214,0.2983,1,0,1,10
6214,0.3427,1,0,1,13
6214,0.3302,1,0,1,14
6214,0.4511,1,1,1,15
6214,0.3417,0,1,1,16
6214,0.4577,1,1,1,17
6214,0.3523,1,0,1,18
6214,0.4151,1,1,1,19
6214,0.3756,1,1,1,20
6214,0.3598,1,0,1,22
6214,0.4087,1,1,1,23
6214,0.3411,1,0,1,24
6214,0.3318,0,1,1,25
6214,0.4689,1,1,1,26
6214,0.345,1,0,1,27
6214,0.3372,1,0,1,28
6214,0.5083,1,0,1,29
6214,0.3591,1,0,1,30
6214,0.4054,1,1,1,33
6214,0.4741,1,1,1,34
6214,0.4693,1,1,1,37
6214,0.3747,1,0,1,39
6214,0.4856,1,1,1,41
6214,0.4473,1,1,1,42
6214,0.4298,1,1,1,43
6214,0.3307,1,0,1,45
6214,0.3975,1,0,1,46
6214,0.4362,1,1,1,48
6214,0.4292,1,0,1,51
6214,0.3931,1,0,1,52
6214,0.3907,1,0,1,53
6214,0.3487,1,0,1,54
6214,0.3728,1,0,1,57
6214,0.3908,1,0,1,58
6214,0.459,1,0,1,59
6214,0.38,1,1,1,61
6214,0.4721,1,1,1,62
6214,0.4278,1,0,1,65
6214,0.4623,1,1,1,67
6214,0.3452,0,1,1,69
6214,0.4739,1,1,1,70
6214,0.5659,1,0,1,71
6214,0.3928,1,0,1,72
6214,0.3824,1,1,1,73
6214,0.441,1,1,1,82
6214,0.4912,1,1,1,84
6214,0.4096,0,1,1,86
6214,0.3932,1,0,1,87
6214,0.5997,1,1,1,89
6214,0.6247,1,1,1,90
6214,0.4489,1,0,1,91
6214,0.4291,0,0,1,92
6214,0.3915,1,0,1,93
6214,0.3998,1,1,1,94
6214,0.3825,1,0,1,96
6214,0.4077,1,0,1,97
6214,0.4714,0,1,1,98
6214,0.3926,1,0,1,100
6214,0.3944,1,0,1,101
6214,0.5452,1,1,1,103
6214,0.3181,1,0,1,105
6214,0.4499,1,1,1,106
6214,0.4616,1,1,1,107
6214,0.4013,1,1,1,108
6214,0.4359,1,0,1,109
6214,0.4238,1,0,1,112
6214,0.4224,1,0,1,113
6214,0.5754,1,1,1,114
6214,0.4451,1,1,1,115
6214,0.5111,1,1,1,117
6214,0.3807,1,1,1,118
6214,0.4002,1,0,1,119
6214,0.3572,1,0,1,121
6214,0.393,0,1,1,122
6214,0.4673,1,1,1,123
6214,0.4657,1,1,1,126
6214,0.5741,1,1,1,127
6214,0.3882,1,1,1,0
6214,0.3911,1,0,1,1
6214,0.3632,0,1,1,2
6214,0.3926,1,0,1,3
6214,0.3366,1,0,1,5
6214,0.3358,1,0,1,6
6214,0.3431,1,0,1,8
6214,0.7315,1,0,1,9
6214,0.3754,0,1,1,11
6214,0.4383,1,1,1,15
6214,0.3323,1,0,1,16
6214,0.3109,1,0,1,17
6214,0.3587,0,1,1,19
6214,0.5237,1,1,1,20
6214,0.348,1,0,1,23
6214,0.4928,1,1,1,25
6214,0.5191,1,1,1,26
6214,0.4843,1,1,1,27
6214,0.4751,1,1,1,28
6214,0.3756,1,0,1,29
6214,0.4411,1,1,1,32
6214,0.5423,1,1,1,37
6214,0.3646,1,0,1,39
6214,0.4161,1,0,1,41
6214,0.3351,1,0,1,42
6214,0.3602,1,0,1,43
6214,0.3035,1,0,1,44
6214,0.3579,0,1,1,47
6214,0.4929,1,0,1,49
6214,0.3918,1,0,1,50
6214,0.374,1,0,1,51
6214,0.3691,1,0,1,52
6214,0.4005,1,1,1,53
6214,0.6756,1,0,1,54
6214,0.4311,1,0,1,56
6214,0.3856,1,1,1,59
6214,0.3357,1,1,1,60
6214,0.398,1,0,1,61
6214,0.4157,1,1,1,62
6214,0.3587,1,0,1,63
6214,0.3756,1,0,1,64
6214,0.3341,1,1,1,65
6214,0.4309,1,1,1,66
6214,0.343,1,0,1,67
6214,0.3937,1,0,1,68
6214,0.426,1,1,1,71
6214,0.3364,0,1,1,72
6214,0.4464,1,1,1,74
6214,0.3564,1,0,1,75
6214,0.3924,1,0,1,77
6214,0.3705,1,0,1,81
6214,0.4158,1,0,1,83
6214,0.4838,1,1,1,84
6214,0.3666,1,0,1,85
6214,0.5525,1,1,1,86
6214,0.5663,1,0,1,87
6214,0.4367,1,1,1,90
6214,0.4372,1,1,1,91
6214,0.3587,1,0,1,92
6214,0.3357,1,0,1,93
6214,0.3635,1,0,1,95
6214,0.4076,1,0,1,97
6214,0.3478,1,0,1,99
6214,0.381,1,1,1,100
6214,0.324,0,1,1,101
6214,0.3257,1,1,1,102
6214,0.4224,1,0,1,103
6214,0.3952,1,0,1,104
6214,0.3523,1,0,1,105
6214,0.532,1,0,1,108
6214,0.4533,1,1,1,111
6214,0.4819,1,1,1,112
6214,0.4229,1,1,1,113
6214,0.3271,1,1,1,114
6214,0.4309,1,1,1,116
6214,0.4149,1,1,1,117
6214,0.4213,1,0,1,118
6214,0.4353,1,1,1,119
6214,0.348,1,1,1,120
6214,0.4583,1,1,1,121
6214,0.4214,1,1,1,123
6214,0.4591,1,1,1,124
6214,0.4283,1,1,1,125
6214,0.3359,0,1,1,127
6214,0.354,1,1,1,0
6214,0.3628,1,1,1,1
6214,0.402,1,1,1,4
6214,0.3418,1,0,1,5
6214,0.4744,1,1,1,11
6214,0.4574,1,0,1,12
6214,0.4572,1,0,1,13
6214,0.4402,1,1,1,14
6214,0.3996,1,0,1,17
6214,0.3908,1,0,1,18
6214,0.435,1,1,1,19
6214,0.3556,0,1,1,20
6214,0.3316,1,0,1,21
6214,0.5001,1,1,1,22
6214,0.4975,1,0,1,23
6214,0.3593,1,0,1,24
6214,0.4329,1,1,1,25
6214,0.3931,1,0,1,26
6214,0.3447,1,0,1,30
6214,0.3739,1,1,1,31
6214,0.3484,1,0,1,32
6214,0.4509,1,1,1,33
6214,0.3809,1,0,1,34
6214,0.5165,1,0,1,37
6214,0.396,0,1,1,38
6214,0.4435,1,1,1,41
6214,0.4021,1,1,1,42
6214,0.3355,1,0,1,45
6214,0.3533,1,0,1,47
6214,0.3871,1,0,1,49
6214,0.423,1,0,1,50
6214,0.4076,1,0,1,52
6214,0.7253,1,1,1,53
6214,0.3656,1,0,1,54
6214,0.4674,0,1,1,55
6214,0.5237,1,1,1,57
6214,0.4848,1,1,1,59
6214,0.5605,1,1,1,60
6214,0.3752,1,0,1,61
6214,0.5765,1,0,1,62
6214,0.3405,1,0,1,63
6214,0.4529,1,1,1,64
6214,0.2781,0,1,1,70
6214,0.4321,1,1,1,72
6214,0.3591,1,1,1,73
6214,0.3587,1,1,1,74
6214,0.3548,1,0,1,75
6214,0.3897,1,0,1,76
6214,0.3429,1,0,1,77
6214,0.4207,1,1,1,78
6214,0.3311,1,0,1,80
6214,0.3873,0,1,1,81
6214,0.5094,1,1,1,82
6214,0.5488,1,1,1,83
6214,0.4191,1,1,1,84
6214,0.4234,0,1,1,86
6214,0.3732,1,0,1,91
6214,0.5454,1,1,1,92
6214,0.4998,1,0,1,93
6214,0.37,1,0,1,94
6214,0.4981,1,1,1,95
6214,0.4091,1,0,1,96
6214,0.4909,1,1,1,97
6214,0.3964,1,1,1,98
6214,0.3643,1,0,1,99
6214,0.709,1,0,1,101
6214,0.4063,1,1,1,102
6214,0.3905,1,0,1,104
6214,0.4132,1,0,1,105
6214,0.3975,1,0,1,106
6214,0.4154,1,1,1,107
6214,0.4143,1,0,1,109
6214,0.3522,1,0,1,111
6214,0.4528,1,1,1,113
6214,0.3623,1,1,1,114
6214,0.3843,1,0,1,115
6214,0.4094,0,1,1,118
6214,0.443,1,1,1,120
6214,0.4505,1,0,1,121
6214,0.3548,1,0,1,122
6214,0.3571,1,0,1,124
6214,0.3351,1,0,1,125
6214,0.4498,1,1,1,127
6214,0.3658,1,0,1,2
6214,0.3513,0,1,1,3
6214,0.4783,1,1,1,4
6214,0.3843,1,0,1,5
6214,0.399,1,0,1,7
6214,0.3582,1,0,1,14
6214,0.4116,1,1,1,16
6214,0.7047,1,1,1,18
6214,0.459,1,1,1,19
6214,0.4023,1,0,1,20
6214,0.4252,1,1,1,22
6214,0.5307,1,1,1,23
6214,0.3798,1,0,1,24
6214,0.398,1,1,1,25
6214,0.4163,1,0,1,26
6214,0.3667,1,0,1,27
6214,0.455,1,1,1,30
6214,0.409,1,1,1,32
6214,0.4399,1,1,1,33
6214,0.3944,0,1,1,34
6214,0.4082,1,1,1,35
6214,0.402,1,0,1,37
6214,0.5337,1,1,1,40
6214,0.449,1,0,1,41
6214,0.4277,0,1,1,42
6214,0.4421,1,0,1,45
6214,0.3426,1,0,1,46
6214,0.4115,1,0,1,49
6214,0.391,1,1,1,51
6214,0.4755,1,1,1,52
6214,0.3337,1,0,1,53
6214,0.4998,1,1,1,54
6214,0.3732,1,1,1,55
6214,0.3736,1,0,1,57
6214,0.3245,1,0,1,58
6214,0.3496,1,0,1,59
6214,0.4068,0,1,1,60
6214,0.3566,1,1,1,61
6214,0.3853,1,0,1,62
6214,0.4576,1,1,1,63
6214,0.4106,1,1,1,64
6214,0.4066,1,1,1,65
6214,0.3522,1,1,1,67
6214,0.3876,1,0,1,69
6214,0.4358,1,0,1,71
6214,0.533,1,1,1,73
6214,0.3998,1,1,1,75
6214,0.4014,1,1,1,76
6214,0.4235,1,0,1,78
6214,0.3907,1,0,1,79
6214,0.4533,1,0,1,80
6214,0.422,1,1,1,82
6214,0.3825,1,0,1,83
6214,0.4691,1,1,1,84
6214,0.3817,1,0,1,85
6214,0.4525,1,1,1,87
6214,0.4247,1,0,1,88
6214,0.3818,1,0,1,89
6214,0.3617,0,1,1,91
6214,0.4135,1,1,1,92
6214,0.3962,1,0,1,93
6214,0.2921,1,0,1,94
6214,0.4754,1,0,1,95
6214,0.393,1,0,1,96
6214,0.3769,1,0,1,98
6214,0.386,1,0,1,99
6214,0.3434,1,0,1,100
6214,0.7015,1,1,1,101
6214,0.4353,1,0,1,103
6214,0.386,1,0,1,104
6214,0.3316,1,0,1,105
6214,0.4299,1,1,1,106
6214,0.5102,1,1,1,108
6214,0.4646,1,0,1,109
6214,0.3402,1,0,1,110
6214,0.358,1,1,1,111
6214,0.3411,1,1,1,112
6214,0.4472,1,1,1,113
6214,0.337,1,1,1,117
6214,0.309,0,1,1,119
6214,0.5173,1,1,1,122
6214,0.394,1,0,1,124
6214,0.4408,1,0,1,125
6214,0.3392,1,0,1,127
6253,0.536,1,0,1,0
6253,0.456,1,1,1,2
6253,0.441,1,0,1,3
6253,0.58,1,0,1,4
6253,0.364,1,0,1,5
6253,0.539,1,1,1,6
6253,0.365,1,1,1,7
6253,0.408,1,0,1,8
6253,0.582,1,1,1,9
6253,0.452,1,1,1,11
6253,0.529,1,1,1,12
6253,0.491,1,1,1,13
6253,0.535,0,1,1,14
6253,0.672,1,0,1,15
6253,0.4,1,0,1,16
6253,0.451,1,1,1,18
6253,0.498,1,0,1,19
6253,0.587,1,1,1,20
6253,0.454,1,0,1,21
6253,0.761,1,1,1,23
6253,0.681,1,0,1,25
6253,0.463,1,0,1,27
6253,0.501,1,1,1,28
6253,0.457,1,1,1,29
6253,0.39,1,0,1,30
6253,0.363,1,0,1,31
6253,0.583,1,1,1,32
6253,0.582,1,0,1,33
6253,0.402,1,1,1,34
6253,0.359,1,1,1,38
6253,0.453,1,0,1,39
6253,0.492,1,0,1,40
6253,0.721,1,0,1,44
6253,0.472,1,0,1,46
6253,0.495,1,1,1,47
6253,0.532,1,0,1,48
6253,0.452,1,1,1,49
6253,0.37,1,1,1,50
6253,0.357,1,1,1,53
6253,0.451,1,0,1,54
6253,0.452,1,1,1,55
6253,0.513,1,0,1,56
6253,0.411,1,0,1,60
6253,0.407,1,1,1,61
6253,0.533,1,1,1,64
6253,0.354,1,0,1,65
6253,0.764,1,1,1,66
6253,0.498,1,0,1,68
6253,0.63,1,1,1,71
6253,0.582,1,1,1,72
6253,0.444,1,1,1,73
6253,0.417,1,1,1,74
6253,0.497,1,1,1,78
6253,0.539,1,0,1,79
6253,0.416,1,0,1,80
6253,0.492,1,1,1,83
6253,0.635,1,0,1,84
6253,0.5,1,0,1,85
6253,0.447,1,0,1,86
6253,0.539,1,1,1,89
6253,0.49,1,0,1,92
6253,0.408,1,1,1,93
6253,0.4,1,1,1,94
6253,0.544,1,1,1,95
6253,0.535,1,0,1,97
6253,0.442,1,0,1,98
6253,0.447,1,0,1,100
6253,0.486,1,0,1,102
6253,0.41,1,0,1,103
6253,0.405,1,0,1,104
6253,0.417,1,1,1,105
6253,0.446,1,0,1,107
6253,0.535,1,1,1,108
6253,0.444,1,1,1,109
6253,0.451,1,0,1,111
6253,0.533,1,0,1,112
6253,0.676,1,1,1,117
6253,0.445,1,0,1,118
6253,0.497,1,1,1,119
6253,0.454,1,0,1,120
6253,0.486,1,0,1,123
6253,0.45,1,1,1,124
6253,0.411,1,1,1,125
6253,0.442,1,1,1,127
6253,0.608,1,0,1,0
6253,0.454,1,1,1,1
6253,0.4,1,1,1,3
6253,0.447,1,1,1,4
6253,0.534,1,0,1,5
6253,0.582,1,1,1,8
6253,0.404,1,0,1,10
6253,0.411,1,1,1,12
6253,0.447,1,0,1,13
6253,0.404,0,1,1,14
6253,0.533,1,1,1,17
6253,0.675,1,1,1,18
6253,0.446,1,1,1,20
6253,0.464,1,0,1,21
6253,0.377,1,1,1,23
6253,0.453,1,1,1,24
6253,0.446,1,0,1,25
6253,0.535,1,0,1,26
6253,0.622,1,1,1,27
6253,0.541,1,0,1,28
6253,0.402,1,1,1,29
6253,0.361,1,0,1,30
6253,0.522,1,0,1,31
6253,0.673,1,0,1,32
6253,0.525,1,0,1,33
6253,0.696,1,1,1,35
6253,0.386,1,1,1,37
6253,0.518,1,0,1,40
6253,0.519,1,0,1,43
6253,0.43,1,1,1,44
6253,0.765,0,1,1,46
6253,0.703,1,1,1,47
6253,0.451,1,1,1,49
6253,0.593,1,1,1,50
6253,0.386,1,0,1,53
6253,0.372,1,1,1,55
6253,0.646,1,1,1,56
6253,0.493,1,0,1,58
6253,0.438,1,0,1,60
6253,0.453,1,0,1,62
6253,0.408,1,0,1,63
6253,0.575,1,0,1,64
6253,0.303,1,0,1,65
6253,0.361,1,0,1,66
6253,0.376,1,1,1,67
6253,0.406,1,0,1,69
6253,0.316,0,1,1,70
6253,0.531,1,0,1,71
6253,0.356,1,0,1,72
6253,0.494,1,0,1,73
6253,0.543,1,1,1,74
6253,0.485,1,1,1,75
6253,0.457,1,0,1,77
6253,0.388,1,1,1,78
6253,0.564,1,0,1,79
6253,0.315,1,0,1,80
6253,0.568,1,1,1,81
6253,0.342,1,1,1,82
6253,0.442,1,1,1,83
6253,0.367,1,1,1,84
6253,0.462,1,0,1,85
6253,0.463,1,0,1,87
6253,0.35,0,0,1,89
6253,0.385,1,0,1,91
6253,0.317,0,1,1,92
6253,0.548,1,1,1,93
6253,0.475,0,0,1,94
6253,0.547,1,1,1,95
6253,0.389,1,1,1,100
6253,0.493,1,0,1,103
6253,0.452,1,1,1,104
6253,0.576,1,0,1,106
6253,0.35,1,1,1,109
6253,0.494,1,1,1,112
6253,0.48,1,0,1,114
6253,0.572,1,0,1,115
6253,0.59,1,0,1,117
6253,0.427,1,1,1,120
6253,0.364,1,1,1,121
6253,0.483,1,0,1,122
6253,0.409,1,0,1,124
6253,0.435,1,0,1,125
6253,0.485,1,1,1,126
6253,0.384,1,1,1,127
6253,0.517,1,1,1,1
6253,0.393,1,0,1,2
6253,0.408,1,1,1,3
6253,0.375,1,1,1,4
6253,0.362,1,1,1,6
6253,0.308,1,1,1,8
6253,0.318,1,0,1,9
6253,0.476,1,0,1,13
6253,0.545,1,1,1,14
6253,0.43,1,1,1,15
6253,0.388,1,1,1,19
6253,0.408,1,0,1,20
6253,0.479,1,1,1,21
6253,0.417,1,0,1,22
6253,0.477,1,0,1,23
6253,0.463,1,0,1,24
6253,0.375,1,0,1,30
6253,0.402,1,0,1,31
6253,0.627,1,1,1,33
6253,0.439,1,0,1,35
6253,0.419,1,0,1,37
6253,0.538,1,1,1,38
6253,0.447,1,1,1,40
6253,0.371,0,1,1,42
6253,0.394,1,0,1,43
6253,0.484,1,0,1,44
6253,0.411,1,0,1,45
6253,0.445,1,0,1,46
6253,0.475,1,0,1,47
6253,0.414,1,0,1,49
6253,0.379,1,0,1,51
6253,0.495,1,1,1,52
6253,0.382,1,1,1,54
6253,0.415,1,0,1,55
6253,0.432,1,1,1,56
6253,0.444,1,0,1,57
6253,0.553,1,0,1,58
6253,0.462,1,1,1,61
6253,0.344,1,0,1,62
6253,0.329,1,0,1,63
6253,0.457,1,1,1,65
6253,0.559,1,0,1,67
6253,0.401,1,1,1,68
6253,0.494,1,1,1,69
6253,0.421,1,1,1,70
6253,0.432,1,0,1,72
6253,0.448,1,0,1,73
6253,0.532,1,1,1,74
6253,0.468,1,1,1,76
6253,0.448,1,0,1,77
6253,0.39,0,1,1,78
6253,0.366,1,1,1,79
6253,0.377,1,0,1,80
6253,0.278,0,1,1,81
6253,0.701,1,1,1,82
6253,0.415,1,0,1,84
6253,0.485,1,1,1,85
6253,0.493,1,0,1,86
6253,0.382,1,0,1,87
6253,0.371,1,0,1,88
6253,0.399,1,1,1,90
6253,0.464,1,1,1,91
6253,0.275,1,1,1,92
6253,0.29,1,1,1,94
6253,0.429,1,1,1,99
6253,0.486,1,1,1,101
6253,0.434,1,1,1,102
6253,0.479,1,0,1,103
6253,0.476,1,0,1,104
6253,0.51,1,0,1,105
6253,0.538,1,0,1,106
6253,0.464,1,0,1,108
6253,0.389,1,1,1,109
6253,0.535,1,1,1,112
6253,0.56,1,0,1,114
6253,0.437,1,1,1,115
6253,0.415,1,1,1,117
6253,0.469,1,1,1,118
6253,0.414,1,0,1,119
6253,0.404,0,0,1,120
6253,0.396,0,0,1,123
6253,0.405,1,1,1,125
6253,0.401,1,0,1,127
6253,0.529,1,0,1,2
6253,0.458,1,1,1,3
6253,0.453,1,1,1,4
6253,0.341,0,0,1,5
6253,0.31,1,0,1,6
6253,0.475,0,0,1,8
6253,0.48,1,0,1,12
6253,0.436,1,1,1,15
6253,0.555,1,1,1,16
6253,0.42,0,0,1,17
6253,0.534,1,1,1,19
6253,0.44,1,1,1,21
6253,0.491,1,0,1,22
6253,0.693,1,1,1,23
6253,0.677,1,0,1,24
6253,0.437,1,1,1,28
6253,0.358,1,0,1,30
6253,0.411,1,1,1,32
6253,0.424,1,0,1,33
6253,0.599,1,1,1,34
6253,0.376,1,1,1,36
6253,0.4,1,0,1,37
6253,0.411,1,0,1,38
6253,0.524,1,1,1,39
6253,0.525,1,1,1,40
6253,0.45,1,0,1,41
6253,0.389,1,0,1,42
6253,0.502,1,0,1,44
6253,0.664,1,1,1,45
6253,0.356,1,0,1,46
6253,0.421,1,0,1,48
6253,0.402,1,0,1,49
6253,0.514,1,0,1,50
6253,0.561,1,1,1,51
6253,0.393,1,1,1,53
6253,0.327,1,0,1,54
6253,0.377,1,1,1,55
6253,0.484,1,0,1,56
6253,0.555,1,1,1,57
6253,0.426,1,0,1,58
6253,0.392,1,1,1,59
6253,0.398,1,1,1,60
6253,0.427,1,1,1,62
6253,0.478,1,0,1,64
6253,0.639,1,0,1,65
6253,0.397,1,0,1,66
6253,0.493,1,1,1,68
6253,0.381,1,1,1,70
6253,0.504,1,0,1,72
6253,0.448,1,1,1,74
6253,0.424,1,0,1,77
6253,0.437,1,1,1,78
6253,0.494,1,0,1,79
6253,0.352,1,0,1,82
6253,0.412,1,0,1,83
6253,0.297,0,0,1,84
6253,0.522,1,0,1,86
6253,0.452,1,1,1,87
6253,0.419,1,1,1,88
6253,0.418,0,1,1,91
6253,0.37,1,1,1,93
6253,0.377,1,0,1,95
6253,0.337,1,0,1,96
6253,0.437,1,0,1,97
6253,0.543,1,1,1,98
6253,0.402,1,0,1,101
6253,0.467,1,0,1,103
6253,0.487,1,1,1,105
6253,0.526,1,1,1,106
6253,0.472,1,1,1,107
6253,0.499,1,0,1,109
6253,0.517,1,1,1,110
6253,0.485,1,0,1,111
6253,0.648,1,0,1,113
6253,0.573,1,1,1,115
6253,0.457,1,0,1,116
6253,0.517,1,1,1,117
6253,0.377,1,1,1,118
6253,0.585,1,1,1,120
6253,0.582,1,1,1,121
6253,0.485,1,1,1,122
6253,0.473,1,1,1,125
6253,0.477,1,0,1,126
6253,0.508,1,1,1,127
6253,0.519,1,1,1,0
6253,0.775,0,1,1,2
6253,0.372,1,1,1,3
6253,0.416,1,0,1,4
6253,0.406,1,1,1,5
6253,0.445,1,0,1,7
6253,0.517,1,1,1,10
6253,0.43,1,0,1,11
6253,0.335,0,1,1,12
6253,0.377,1,1,1,14
6253,0.631,1,0,1,15
6253,0.372,0,1,1,16
6253,0.49,1,0,1,17
6253,0.466,1,0,1,18
6253,0.451,1,1,1,19
6253,0.38,0,1,1,20
6253,0.368,1,0,1,21
6253,0.388,1,0,1,22
6253,0.41,1,1,1,25
6253,0.495,1,1,1,26
6253,0.43,1,0,1,29
6253,0.471,1,1,1,30
6253,0.416,1,1,1,31
6253,0.481,1,1,1,32
6253,0.427,1,0,1,33
6253,0.455,1,0,1,34
6253,0.4,1,0,1,35
6253,0.534,1,0,1,37
6253,0.449,1,0,1,38
6253,0.375,1,1,1,39
6253,0.345,1,0,1,40
6253,0.425,1,0,1,41
6253,0.383,1,0,1,42
6253,0.467,1,0,1,44
6253,0.362,1,0,1,45
6253,0.489,1,1,1,46
6253,0.433,1,0,1,49
6253,0.335,1,1,1,50
6253,0.444,1,1,1,51
6253,0.362,1,0,1,52
6253,0.404,1,1,1,55
6253,0.414,0,0,1,59
6253,0.578,1,0,1,60
6253,0.33,1,1,1,61
6253,0.454,1,0,1,62
6253,0.394,1,1,1,64
6253,0.354,0,1,1,65
6253,0.31,1,0,1,67
6253,0.398,1,1,1,69
6253,0.374,0,1,1,71
6253,0.466,1,0,1,72
6253,0.499,1,0,1,73
6253,0.322,1,0,1,75
6253,0.423,1,1,1,76
6253,0.393,1,1,1,78
6253,0.545,0,0,1,79
6253,0.355,0,1,1,80
6253,0.4,1,1,1,85
6253,0.377,1,0,1,86
6253,0.361,0,0,1,87
6253,0.44,1,0,1,88
6253,0.518,1,1,1,90
6253,0.464,1,1,1,93
6253,0.4,1,1,1,94
6253,0.491,1,1,1,96
6253,0.528,1,1,1,97
6253,0.533,1,1,1,98
6253,0.548,1,1,1,99
6253,0.554,1,1,1,100
6253,0.435,1,0,1,101
6253,0.483,1,0,1,103
6253,0.457,1,0,1,106
6253,0.69,1,1,1,107
6253,0.47,1,1,1,109
6253,0.422,1,0,1,110
6253,0.47,1,1,1,113
6253,0.484,0,1,1,114
6253,0.465,1,0,1,115
6253,0.601,1,1,1,118
6253,0.411,0,0,1,119
6253,0.389,1,0,1,121
6253,0.712,1,0,1,124
6253,0.451,1,0,1,125
6253,0.534,0,0,1,126
6253,0.428,1,0,1,2
6253,0.625,1,0,1,4
6253,0.596,1,1,1,5
6253,0.477,1,0,1,6
6253,0.469,1,1,1,7
6253,0.518,1,0,1,8
6253,0.397,1,1,1,9
6253,0.434,1,0,1,11
6253,0.508,1,0,1,12
6253,0.428,1,1,1,13
6253,0.518,1,1,1,16
6253,0.482,1,1,1,21
6253,0.379,1,0,1,22
6253,0.309,1,0,1,23
6253,0.443,1,1,1,25
6253,0.394,1,1,1,26
6253,0.549,1,0,1,27
6253,0.524,1,0,1,28
6253,0.608,1,1,1,29
6253,0.749,1,0,1,30
6253,0.449,1,1,1,31
6253,0.666,1,1,1,33
6253,0.403,1,0,1,34
6253,0.392,1,0,1,35
6253,0.432,1,0,1,36
6253,0.678,1,1,1,38
6253,0.402,1,0,1,39
6253,0.417,1,1,1,40
6253,0.456,1,0,1,41
6253,0.434,1,0,1,43
6253,0.374,1,0,1,44
6253,0.368,1,1,1,45
6253,0.477,1,1,1,47
6253,0.362,1,0,1,50
6253,0.428,1,1,1,51
6253,0.301,0,1,1,52
6253,0.478,1,0,1,58
6253,0.396,0,0,1,59
6253,0.508,1,1,1,62
6253,0.582,1,1,1,64
6253,0.469,1,0,1,65
6253,0.463,1,1,1,66
6253,0.543,1,1,1,67
6253,0.392,1,1,1,68
6253,0.576,1,1,1,69
6253,0.433,0,0,1,72
6253,0.461,1,1,1,73
6253,0.445,1,0,1,78
6253,0.347,1,1,1,79
6253,0.348,1,0,1,80
6253,0.53,1,0,1,81
6253,0.593,1,1,1,82
6253,0.512,1,1,1,83
6253,0.511,1,0,1,84
6253,0.426,1,1,1,85
6253,0.351,1,0,1,86
6253,0.37,1,0,1,87
6253,0.39,0,1,1,89
6253,0.508,1,0,1,90
6253,0.599,1,1,1,92
6253,0.474,1,1,1,93
6253,0.38,1,0,1,95
6253,0.475,1,0,1,97
6253,0.37,1,1,1,98
6253,0.388,1,1,1,99
6253,0.378,1,0,1,100
6253,0.487,1,1,1,103
6253,0.342,1,0,1,105
6253,0.445,1,1,1,106
6253,0.498,1,0,1,108
6253,0.42,1,1,1,109
6253,0.374,1,1,1,110
6253,0.486,1,0,1,114
6253,0.397,1,1,1,118
6253,0.457,1,1,1,119
6253,0.425,1,1,1,121
6253,0.318,1,0,1,123
6253,0.427,1,0,1,124
6253,0.373,1,0,1,125
6253,0.425,1,1,1,126
6253,0.54,1,0,1,127
6253,0.505,1,0,1,0
6253,0.482,1,0,1,1
6253,0.466,1,0,1,2
6253,0.48,1,0,1,6
6253,0.37,1,1,1,7
6253,0.381,1,0,1,8
6253,0.401,1,1,1,9
6253,0.357,1,0,1,10
6253,0.384,1,1,1,13
6253,0.394,1,1,1,16
6253,0.504,1,0,1,17
6253,0.509,0,1,1,18
6253,0.547,1,0,1,19
6253,0.549,1,1,1,22
6253,0.486,1,1,1,23
6253,0.439,1,0,1,24
6253,0.598,1,0,1,27
6253,0.532,1,0,1,28
6253,0.424,1,1,1,31
6253,0.328,0,1,1,33
6253,0.402,1,0,1,35
6253,0.487,1,1,1,36
6253,0.468,1,0,1,37
6253,0.366,1,0,1,39
6253,0.504,1,0,1,40
6253,0.432,1,1,1,41
6253,0.418,0,1,1,44
6253,0.401,1,1,1,46
6253,0.497,1,1,1,47
6253,0.328,1,0,1,48
6253,0.346,0,1,1,49
6253,0.387,1,0,1,50
6253,0.35,1,1,1,52
6253,0.323,1,0,1,53
6253,0.542,1,0,1,56
6253,0.66,1,1,1,57
6253,0.404,1,0,1,58
6253,0.356,1,1,1,59
6253,0.482,1,1,1,61
6253,0.37,1,1,1,63
6253,0.446,1,0,1,64
6253,0.369,1,1,1,69
6253,0.501,1,1,1,70
6253,0.342,1,0,1,71
6253,0.501,0,1,1,72
6253,0.434,1,1,1,74
6253,0.482,1,0,1,76
6253,0.386,1,0,1,77
6253,0.404,1,1,1,78
6253,0.514,1,1,1,79
6253,0.4,1,1,1,80
6253,0.354,1,1,1,81
6253,0.4,1,1,1,82
6253,0.556,1,0,1,84
6253,0.38,1,1,1,85
6253,0.425,1,0,1,86
6253,0.428,1,0,1,87
6253,0.346,1,0,1,89
6253,0.446,1,1,1,91
6253,0.547,1,0,1,92
6253,0.35,1,1,1,93
6253,0.604,1,1,1,94
6253,0.435,1,1,1,97
6253,0.47,1,0,1,98
6253,0.542,1,1,1,99
6253,0.53,1,1,1,102
6253,0.504,1,1,1,103
6253,0.449,1,1,1,107
6253,0.367,1,1,1,108
6253,0.438,1,1,1,110
6253,0.329,1,1,1,111
6253,0.336,1,0,1,112
6253,0.389,1,0,1,113
6253,0.456,1,0,1,116
6253,0.468,1,0,1,117
6253,0.445,1,0,1,121
6253,0.44,1,0,1,122
6253,0.432,1,0,1,123
6253,0.377,1,0,1,124
6253,0.396,1,0,1,126
6253,0.459,1,1,1,127
6253,0.547,1,0,1,0
6253,0.484,1,1,1,2
6253,0.373,1,0,1,5
6253,0.519,0,1,1,6
6253,0.603,1,1,1,7
6253,0.652,1,0,1,10
6253,0.512,1,1,1,11
6253,0.588,1,0,1,12
6253,0.361,1,1,1,13
6253,0.418,1,0,1,17
6253,0.539,1,1,1,18
6253,0.422,1,1,1,19
6253,0.365,0,1,1,20
6253,0.403,1,0,1,21
6253,0.384,1,1,1,22
6253,0.328,1,0,1,23
6253,0.399,1,0,1,25
6253,0.55,1,0,1,26
6253,0.463,0,1,1,27
6253,0.568,1,0,1,28
6253,0.538,0,1,1,29
6253,0.426,1,1,1,31
6253,0.417,1,0,1,33
6253,0.406,1,1,1,35
6253,0.577,1,1,1,36
6253,0.348,1,1,1,39
6253,0.487,1,1,1,40
6253,0.557,1,0,1,41
6253,0.459,1,0,1,42
6253,0.432,0,0,1,43
6253,0.47,1,0,1,44
6253,0.36,1,0,1,45
6253,0.332,1,1,1,46
6253,0.351,1,0,1,47
6253,0.651,1,1,1,49
6253,0.442,1,1,1,50
6253,0.384,1,0,1,53
6253,0.337,0,0,1,54
6253,0.368,1,0,1,55
6253,0.505,1,1,1,58
6253,0.516,1,1,1,59
6253,0.34,1,1,1,60
6253,0.403,1,0,1,62
6253,0.486,1,0,1,63
6253,0.451,1,0,1,64
6253,0.527,1,1,1,65
6253,0.571,1,0,1,66
6253,0.514,0,0,1,68
6253,0.395,0,0,1,70
6253,0.616,1,1,1,71
6253,0.501,1,1,1,72
6253,0.563,1,1,1,75
6253,0.484,1,1,1,77
6253,0.469,1,1,1,79
6253,0.397,1,0,1,81
6253,0.39,1,1,1,83
6253,0.621,1,1,1,85
6253,0.438,1,0,1,87
6253,0.304,0,0,1,88
6253,0.518,1,0,1,89
6253,0.431,1,1,1,91
6253,0.441,1,0,1,94
6253,0.475,1,1,1,95
6253,0.436,1,0,1,97
6253,0.618,1,1,1,98
6253,0.465,1,1,1,101
6253,0.494,1,0,1,102
6253,0.504,1,0,1,104
6253,0.43,1,0,1,105
6253,0.422,0,1,1,106
6253,0.339,1,0,1,107
6253,0.499,1,0,1,110
6253,0.686,1,1,1,112
6253,0.599,1,0,1,114
6253,0.552,1,1,1,116
6253,0.506,1,1,1,117
6253,0.363,1,1,1,118
6253,0.484,1,0,1,119
6253,0.442,1,0,1,120
6253,0.395,1,0,1,122
6253,0.356,1,1,1,123
6253,0.428,1,0,1,126
6262,0.5637,1,0,1,0
6262,0.5137,1,1,1,1
6262,0.6798,1,1,1,2
6262,0.5411,1,1,1,3
6262,0.5359,1,0,1,4
6262,0.5149,1,1,1,5
6262,0.4975,1,1,1,6
6262,0.4518,1,1,1,7
6262,0.4073,1,0,1,8
6262,0.5474,1,1,1,9
6262,0.5384,1,1,1,14
6262,0.43,1,0,1,15
6262,0.4055,1,1,1,16
6262,0.5456,1,0,1,17
6262,0.5511,1,0,1,20
6262,0.4966,1,0,1,21
6262,0.5167,1,0,1,22
6262,0.5452,1,1,1,26
6262,0.5383,1,1,1,29
6262,0.4492,1,0,1,30
6262,0.5209,1,1,1,31
6262,0.4403,1,1,1,32
6262,0.5504,1,0,1,33
6262,0.4966,1,1,1,34
6262,0.4362,1,1,1,35
6262,0.4188,1,1,1,36
6262,0.3565,1,0,1,38
6262,0.5302,1,0,1,41
6262,0.5504,1,1,1,43
6262,0.4871,1,1,1,45
6262,0.3807,1,0,1,46
6262,0.384,1,1,1,47
6262,0.3616,1,0,1,48
6262,0.5296,1,0,1,49
6262,0.4713,1,0,1,50
6262,0.3633,0,1,1,51
6262,0.4947,1,1,1,52
6262,0.5054,1,1,1,53
6262,0.4172,1,0,1,54
6262,0.5196,1,0,1,55
6262,0.5082,1,1,1,56
6262,0.6153,1,1,1,57
6262,0.4985,1,0,1,59
6262,0.4988,1,0,1,60
6262,0.5451,1,1,1,63
6262,0.5517,1,0,1,64
6262,0.5295,1,1,1,65
6262,0.49,1,0,1,66
6262,0.5837,1,1,1,67
6262,0.6634,1,1,1,68
6262,0.5714,1,1,1,72
6262,0.5041,1,1,1,73
6262,0.5488,1,1,1,77
6262,0.6476,1,1,1,80
6262,0.6886,1,1,1,81
6262,0.5514,1,0,1,84
6262,0.5121,1,1,1,85
6262,0.5099,1,0,1,87
6262,0.5125,1,0,1,88
6262,0.434,1,0,1,89
6262,0.5432,1,1,1,91
6262,0.4445,1,0,1,92
6262,0.4492,1,1,1,98
6262,0.4503,1,0,1,100
6262,0.2974,0,1,1,101
6262,0.49,1,0,1,103
6262,0.5732,1,1,1,104
6262,0.4798,1,0,1,105
6262,0.5138,1,1,1,106
6262,0.4923,1,0,1,107
6262,0.4633,1,0,1,108
6262,0.5028,1,0,1,110
6262,0.4746,1,0,1,114
6262,0.5866,1,1,1,115
6262,0.5377,1,0,1,116
6262,0.5333,1,1,1,117
6262,0.4754,1,1,1,119
6262,0.5067,1,0,1,121
6262,0.4402,1,0,1,122
6262,0.4522,1,0,1,123
6262,0.4819,1,0,1,124
6262,0.4931,1,0,1,126
6262,0.4991,0,0,1,127
6262,0.6446,1,1,1,0
6262,0.5343,1,1,1,3
6262,0.5293,1,0,1,4
6262,0.5723,1,1,1,5
6262,0.6688,1,0,1,6
6262,0.5195,1,1,1,8
6262,0.5513,1,0,1,9
6262,0.5706,1,1,1,10
6262,0.4178,1,1,1,13
6262,0.5351,1,1,1,14
6262,0.4851,1,0,1,15
6262,0.462,1,0,1,16
6262,0.5617,1,1,1,17
6262,0.4358,1,0,1,18
6262,0.4373,1,0,1,19
6262,0.4841,1,0,1,20
6262,0.4864,1,1,1,21
6262,0.5709,1,0,1,22
6262,0.5503,1,0,1,23
6262,0.5003,1,1,1,25
6262,0.5354,1,0,1,26
6262,0.4359,0,1,1,31
6262,0.5338,1,0,1,32
6262,0.4546,1,1,1,35
6262,0.6197,1,1,1,36
6262,0.4723,1,0,1,37
6262,0.4855,1,0,1,40
6262,0.5009,1,1,1,42
6262,0.473,1,1,1,43
6262,0.3839,1,0,1,44
6262,0.4133,1,0,1,47
6262,0.3476,1,1,1,48
6262,0.4022,1,1,1,49
6262,0.3684,0,1,1,50
6262,0.3997,1,0,1,51
6262,0.5192,1,0,1,52
6262,0.5712,1,1,1,53
6262,0.4716,1,0,1,56
6262,0.3973,1,0,1,57
6262,0.7693,1,1,1,58
6262,0.5376,1,1,1,60
6262,0.5463,1,1,1,61
6262,0.4677,1,0,1,62
6262,0.3932,1,1,1,64
6262,0.4187,1,1,1,66
6262,0.4705,1,0,1,67
6262,0.5412,1,0,1,68
6262,0.4503,1,0,1,69
6262,0.501,1,1,1,70
6262,0.4718,1,1,1,71
6262,0.5709,1,1,1,72
6262,0.569,1,1,1,73
6262,0.5239,1,0,1,76
6262,0.4966,1,1,1,78
6262,0.5369,1,1,1,81
6262,0.5455,1,1,1,83
6262,0.47,1,0,1,86
6262,0.4582,1,0,1,88
6262,0.5434,1,0,1,89
6262,0.4665,1,0,1,91
6262,0.532,0,1,1,92
6262,0.6362,1,0,1,95
6262,0.5167,1,1,1,98
6262,0.5987,1,1,1,99
6262,0.5708,1,1,1,102
6262,0.5308,1,0,1,103
6262,0.5643,1,1,1,104
6262,0.7804,1,0,1,105
6262,0.5457,1,0,1,106
6262,0.4384,1,0,1,107
6262,0.4989,1,0,1,109
6262,0.7196,1,1,1,110
6262,0.6249,1,1,1,111
6262,0.5651,1,1,1,112
6262,0.5618,1,0,1,116
6262,0.7679,1,0,1,117
6262,0.5224,1,0,1,119
6262,0.6388,1,0,1,120
6262,0.531,1,1,1,122
6262,0.5702,1,1,1,123
6262,0.606,1,1,1,124
6262,0.4689,1,0,1,125
6262,0.4171,1,0,1,126
6262,0.5132,1,0,1,0
6262,0.5128,1,0,1,1
6262,0.5632,1,1,1,2
6262,0.4506,1,1,1,3
6262,0.4962,1,0,1,4
6262,0.5853,1,1,1,5
6262,0.4267,1,0,1,6
6262,0.388,1,1,1,7
6262,0.3864,1,0,1,8
6262,0.5027,1,1,1,9
6262,0.5161,1,1,1,10
6262,0.4532,1,0,1,11
6262,0.4716,1,0,1,12
6262,0.5116,1,0,1,13
6262,0.4508,1,0,1,14
6262,0.4513,1,1,1,15
6262,0.4792,1,0,1,17
6262,0.4333,1,0,1,21
6262,0.4191,1,1,1,22
6262,0.4008,1,1,1,23
6262,0.4002,1,1,1,24
6262,0.4954,1,1,1,26
6262,0.505,1,0,1,27
6262,0.5463,1,1,1,29
6262,0.4754,1,0,1,32
6262,0.4854,1,0,1,33
6262,0.6049,1,0,1,34
6262,0.47,1,0,1,35
6262,0.5221,1,0,1,36
6262,0.5726,1,1,1,37
6262,0.4727,1,1,1,38
6262,0.6822,1,1,1,39
6262,0.5963,1,1,1,41
6262,0.446,1,1,1,42
6262,0.509,1,0,1,46
6262,0.3965,1,0,1,50
6262,0.5161,1,0,1,51
6262,0.4383,1,1,1,52
6262,0.6188,1,1,1,54
6262,0.4706,1,0,1,55
6262,0.4699,1,1,1,56
6262,0.4669,1,1,1,57
6262,0.4922,1,0,1,58
6262,0.5184,1,0,1,59
6262,0.5053,1,0,1,60
6262,0.4887,1,0,1,61
6262,0.5898,1,1,1,63
6262,0.4376,1,0,1,64
6262,0.4547,1,0,1,65
6262,0.3853,1,1,1,66
6262,0.3716,1,1,1,67
6262,0.7014,1,0,1,69
6262,0.4901,1,1,1,70
6262,0.3594,0,1,1,76
6262,0.4155,0,1,1,79
6262,0.4055,1,0,1,82
6262,0.4174,1,0,1,83
6262,0.4198,1,0,1,84
6262,0.5041,1,1,1,86
6262,0.412,1,0,1,87
6262,0.4011,1,0,1,88
6262,0.4379,1,1,1,96
6262,0.4197,1,0,1,97
6262,0.4661,1,1,1,98
6262,0.4809,1,1,1,99
6262,0.567,1,1,1,100
6262,0.4206,1,0,1,101
6262,0.45,1,0,1,102
6262,0.4388,1,0,1,106
6262,0.5177,1,0,1,107
6262,0.4224,1,1,1,109
6262,0.3887,1,1,1,112
6262,0.4494,0,1,1,113
6262,0.3799,1,1,1,114
6262,0.44,1,1,1,117
6262,0.3689,1,0,1,118
6262,0.3757,1,1,1,119
6262,0.577,1,1,1,120
6262,0.4922,1,1,1,121
6262,0.4992,1,1,1,122
6262,0.4306,1,0,1,124
6262,0.4665,1,0,1,125
6262,0.4324,1,0,1,126
6262,0.6645,1,1,1,127
6262,0.4832,1,1,1,0
6262,0.4065,1,1,1,1
6262,0.5381,1,0,1,2
6262,0.4323,1,0,1,4
6262,0.4668,1,1,1,5
6262,0.4289,1,0,1,7
6262,0.4851,1,1,1,8
6262,0.4234,1,0,1,11
6262,0.4627,1,0,1,14
6262,0.4464,0,1,1,15
6262,0.445,1,1,1,16
6262,0.3952,1,1,1,17
6262,0.4136,1,0,1,19
6262,0.5125,1,1,1,20
6262,0.3555,1,0,1,22
6262,0.3498,1,1,1,23
6262,0.382,1,0,1,26
6262,0.368,1,0,1,27
6262,0.3978,1,0,1,28
6262,0.4529,0,1,1,30
6262,0.5337,1,1,1,33
6262,0.4389,1,0,1,35
6262,0.4352,1,0,1,36
6262,0.5384,1,1,1,37
6262,0.5185,1,1,1,38
6262,0.4896,1,1,1,39
6262,0.6967,1,1,1,41
6262,0.45,1,1,1,42
6262,0.3626,1,0,1,43
6262,0.4062,1,0,1,44
6262,0.5388,1,1,1,46
6262,0.3628,0,1,1,47
6262,0.8038,1,0,1,48
6262,0.4006,1,0,1,50
6262,0.5672,1,0,1,53
6262,0.4059,1,0,1,54
6262,0.3684,1,1,1,55
6262,0.4971,1,0,1,56
6262,0.4918,1,1,1,57
6262,0.4592,1,0,1,58
6262,0.5331,1,1,1,60
6262,0.472,1,1,1,61
6262,0.4719,1,1,1,62
6262,0.4494,1,0,1,63
6262,0.4328,1,1,1,64
6262,0.3508,1,0,1,66
6262,0.3456,1,0,1,67
6262,0.4084,1,1,1,71
6262,0.5029,1,0,1,72
6262,0.3833,1,1,1,73
6262,0.3482,0,1,1,74
6262,0.4057,1,1,1,77
6262,0.3838,1,0,1,78
6262,0.3366,1,1,1,79
6262,0.549,1,1,1,80
6262,0.3838,1,1,1,81
6262,0.4191,1,0,1,83
6262,0.4,1,0,1,85
6262,0.5014,1,1,1,87
6262,0.5635,1,1,1,89
6262,0.4924,1,0,1,91
6262,0.451,1,0,1,93
6262,0.5555,1,0,1,94
6262,0.6668,1,1,1,95
6262,0.4654,1,0,1,97
6262,0.6381,1,0,1,99
6262,0.3115,1,1,1,101
6262,0.4278,1,1,1,103
6262,0.421,0,0,1,104
6262,0.5546,1,1,1,106
6262,0.4503,1,1,1,108
6262,0.5583,1,1,1,109
6262,0.4988,1,1,1,110
6262,0.5378,1,0,1,112
6262,0.4051,1,0,1,113
6262,0.4462,1,0,1,115
6262,0.4785,1,1,1,116
6262,0.4391,1,0,1,117
6262,0.3839,1,0,1,118
6262,0.4606,1,0,1,120
6262,0.4181,1,1,1,124
6262,0.4383,1,0,1,125
6262,0.4298,1,0,1,126
6262,0.3842,1,0,1,127
6262,0.6305,1,1,1,5
6262,0.4126,1,0,1,6
6262,0.5176,1,1,1,10
6262,0.5343,1,0,1,13
6262,0.4133,1,1,1,14
6262,0.545,1,1,1,15
6262,0.4597,1,1,1,16
6262,0.3937,0,0,1,19
6262,0.3872,1,0,1,20
6262,0.48,1,1,1,21
6262,0.4034,1,0,1,23
6262,0.4396,1,0,1,25
6262,0.4932,1,1,1,27
6262,0.4376,1,0,1,29
6262,0.6035,1,0,1,30
6262,0.4998,1,1,1,31
6262,0.4183,0,1,1,32
6262,0.4675,0,1,1,33
6262,0.3499,1,0,1,35
6262,0.6877,1,0,1,38
6262,0.4644,1,0,1,40
6262,0.485,1,0,1,41
6262,0.4522,1,1,1,42
6262,0.4737,1,1,1,44
6262,0.4697,1,0,1,46
6262,0.3845,1,1,1,47
6262,0.4546,1,0,1,49
6262,0.4353,1,0,1,50
6262,0.4528,1,1,1,51
6262,0.3543,1,0,1,53
6262,0.324,1,0,1,55
6262,0.2967,1,1,1,56
6262,0.3066,1,0,1,57
6262,0.2552,0,0,1,58
6262,0.3878,1,1,1,59
6262,0.443,1,1,1,60
6262,0.4513,1,0,1,61
6262,0.4961,1,1,1,62
6262,0.3867,1,0,1,64
6262,0.6342,1,0,1,66
6262,0.3919,1,0,1,67
6262,0.3852,1,1,1,68
6262,0.3888,1,1,1,69
6262,0.3102,1,0,1,70
6262,0.3544,1,0,1,71
6262,0.3235,0,0,1,72
6262,0.5866,1,1,1,74
6262,0.5407,1,1,1,75
6262,0.3913,1,1,1,76
6262,0.5118,1,1,1,77
6262,0.4522,1,0,1,78
6262,0.4447,1,1,1,80
6262,0.4173,1,0,1,81
6262,0.3716,1,0,1,83
6262,0.4874,1,0,1,86
6262,0.5176,1,1,1,87
6262,0.4709,1,1,1,88
6262,0.5717,1,1,1,89
6262,0.4823,1,0,1,90
6262,0.4903,1,0,1,93
6262,0.374,1,0,1,96
6262,0.4703,1,0,1,97
6262,0.4601,0,1,1,98
6262,0.5107,1,1,1,99
6262,0.4042,1,0,1,100
6262,0.3883,1,1,1,102
6262,0.4227,0,1,1,104
6262,0.5546,1,1,1,105
6262,0.3707,1,1,1,106
6262,0.5035,1,0,1,108
6262,0.426,1,1,1,109
6262,0.428,1,1,1,111
6262,0.5803,1,1,1,112
6262,0.4733,1,0,1,114
6262,0.4853,1,0,1,117
6262,0.4056,1,0,1,118
6262,0.5231,1,1,1,119
6262,0.4682,1,0,1,120
6262,0.4217,1,1,1,121
6262,0.3539,1,1,1,122
6262,0.4856,1,0,1,123
6262,0.4211,1,0,1,124
6262,0.4277,1,1,1,125
6262,0.3542,0,1,1,127
6262,0.5348,1,0,1,0
6262,0.4993,1,1,1,1
6262,0.5017,1,0,1,2
6262,0.4245,1,0,1,4
6262,0.3877,1,0,1,6
6262,0.3756,1,1,1,8
6262,0.4573,1,0,1,9
6262,0.3734,1,0,1,11
6262,0.5343,0,1,1,12
6262,0.4904,1,1,1,14
6262,0.3539,1,0,1,15
6262,0.4199,0,1,1,18
6262,0.371,0,1,1,20
6262,0.4343,1,1,1,21
6262,0.3853,1,0,1,22
6262,0.4781,1,1,1,25
6262,0.4859,1,0,1,26
6262,0.3787,1,1,1,27
6262,0.5923,1,1,1,28
6262,0.4046,1,0,1,30
6262,0.5427,1,1,1,31
6262,0.3631,1,1,1,33
6262,0.3836,1,1,1,34
6262,0.4014,1,1,1,35
6262,0.3707,1,1,1,36
6262,0.4787,1,1,1,37
6262,0.5005,1,0,1,38
6262,0.4839,1,1,1,39
6262,0.3758,1,1,1,41
6262,0.3772,1,0,1,42
6262,0.5345,1,1,1,43
6262,0.422,1,0,1,44
6262,0.4433,1,0,1,45
6262,0.4949,1,1,1,47
6262,0.5248,1,1,1,48
6262,0.4763,1,1,1,50
6262,0.4382,0,1,1,51
6262,0.4208,1,1,1,52
6262,0.4046,1,0,1,56
6262,0.4114,1,0,1,57
6262,0.4878,1,0,1,60
6262,0.4071,1,0,1,63
6262,0.4817,1,0,1,65
6262,0.4706,1,1,1,66
6262,0.4784,1,1,1,68
6262,0.4626,1,0,1,70
6262,0.7478,1,1,1,73
6262,0.4381,1,0,1,75
6262,0.4218,1,0,1,77
6262,0.3574,1,1,1,78
6262,0.4547,1,0,1,79
6262,0.5052,1,1,1,81
6262,0.5927,1,1,1,82
6262,0.3877,1,1,1,83
6262,0.3977,0,0,1,84
6262,0.4584,1,0,1,85
6262,0.487,1,0,1,86
6262,0.4796,1,1,1,87
6262,0.4046,1,0,1,89
6262,0.391,1,0,1,91
6262,0.4175,1,0,1,93
6262,0.4208,1,0,1,94
6262,0.3888,1,0,1,95
6262,0.3645,1,1,1,98
6262,0.6342,1,1,1,100
6262,0.4771,1,0,1,101
6262,0.3868,1,0,1,105
6262,0.4174,1,0,1,106
6262,0.4548,1,1,1,107
6262,0.3906,1,0,1,108
6262,0.4004,0,1,1,109
6262,0.3717,1,0,1,111
6262,0.4604,1,1,1,113
6262,0.473,1,0,1,114
6262,0.4149,1,1,1,115
6262,0.5902,1,1,1,116
6262,0.4284,1,0,1,117
6262,0.4357,1,0,1,118
6262,0.4559,1,0,1,120
6262,0.5342,1,1,1,121
6262,0.5041,1,0,1,122
6262,0.4708,1,0,1,123
6262,0.4672,1,1,1,125
6262,0.5326,1,1,1,127
6262,0.5765,1,1,1,0
6262,0.3948,1,0,1,1
6262,0.5305,1,0,1,3
6262,0.5005,1,1,1,4
6262,0.34,1,1,1,5
6262,0.3508,1,1,1,6
6262,0.3672,1,0,1,7
6262,0.4104,1,1,1,8
6262,0.4098,1,0,1,10
6262,0.4491,1,0,1,13
6262,0.4798,1,0,1,14
6262,0.4166,1,1,1,16
6262,0.4125,1,0,1,17
6262,0.4212,1,0,1,18
6262,0.4667,1,0,1,19
6262,0.4457,1,0,1,20
6262,0.5484,1,1,1,22
6262,0.4686,1,0,1,24
6262,0.4398,1,0,1,25
6262,0.4184,1,1,1,26
6262,0.464,0,1,1,28
6262,0.5464,1,1,1,30
6262,0.3814,1,0,1,31
6262,0.6801,1,1,1,35
6262,0.4005,1,1,1,36
6262,0.4178,1,1,1,37
6262,0.4002,1,1,1,38
6262,0.4425,0,1,1,39
6262,0.4431,1,0,1,41
6262,0.3739,1,0,1,42
6262,0.4337,1,1,1,43
6262,0.5321,1,1,1,44
6262,0.5293,1,0,1,45
6262,0.4379,1,1,1,46
6262,0.4175,0,1,1,49
6262,0.5955,1,1,1,51
6262,0.6169,1,0,1,52
6262,0.5163,1,0,1,54
6262,0.4128,1,1,1,55
6262,0.4764,1,1,1,61
6262,0.5327,1,0,1,63
6262,0.5336,1,1,1,64
6262,0.4186,1,1,1,67
6262,0.4174,1,0,1,68
6262,0.5799,1,0,1,71
6262,0.4057,1,0,1,72
6262,0.4714,1,0,1,74
6262,0.3632,1,0,1,75
6262,0.4371,1,1,1,76
6262,0.4137,1,1,1,77
6262,0.4342,1,0,1,78
6262,0.3693,1,0,1,81
6262,0.6582,1,1,1,82
6262,0.5175,1,0,1,83
6262,0.518,1,1,1,87
6262,0.4856,0,0,1,88
6262,0.4166,1,0,1,89
6262,0.6131,1,1,1,91
6262,0.5081,0,1,1,94
6262,0.5009,1,1,1,95
6262,0.389,1,1,1,96
6262,0.4659,1,0,1,98
6262,0.4969,1,0,1,102
6262,0.4446,1,0,1,104
6262,0.4546,1,0,1,105
6262,0.3845,1,1,1,106
6262,0.3839,1,0,1,107
6262,0.3384,0,1,1,109
6262,0.4452,1,1,1,110
6262,0.5344,1,1,1,111
6262,0.498,1,0,1,112
6262,0.4343,1,0,1,113
6262,0.4015,1,0,1,114
6262,0.4176,1,0,1,115
6262,0.3719,1,1,1,117
6262,0.5172,1,1,1,118
6262,0.496,1,1,1,119
6262,0.4339,1,0,1,121
6262,0.4625,1,0,1,122
6262,0.4004,1,0,1,123
6262,0.4885,1,0,1,124
6262,0.4056,1,1,1,126
6262,0.5185,1,1,1,127
6262,0.8108,1,0,1,0
6262,0.5352,1,1,1,1
6262,0.4476,1,1,1,7
6262,0.529,1,1,1,8
6262,0.4018,1,0,1,9
6262,0.5304,1,1,1,10
6262,0.5199,1,1,1,11
6262,0.4224,1,1,1,12
6262,0.3705,0,1,1,13
6262,0.3821,1,1,1,14
6262,0.496,1,0,1,16
6262,0.4841,1,1,1,18
6262,0.5178,1,0,1,21
6262,0.4979,1,0,1,22
6262,0.4161,1,0,1,24
6262,0.4455,1,1,1,26
6262,0.3789,1,0,1,27
6262,0.4451,1,0,1,28
6262,0.4876,1,1,1,29
6262,0.4213,1,0,1,30
6262,0.4199,1,0,1,31
6262,0.4483,1,1,1,32
6262,0.6795,1,0,1,33
6262,0.3841,1,0,1,34
6262,0.6451,1,1,1,35
6262,0.4511,1,1,1,36
6262,0.3891,1,1,1,37
6262,0.3618,0,1,1,38
6262,0.417,1,0,1,39
6262,0.5024,1,0,1,40
6262,0.5008,1,0,1,41
6262,0.4296,1,0,1,42
6262,0.4126,1,0,1,43
6262,0.4135,1,0,1,45
6262,0.6212,1,1,1,47
6262,0.5388,1,1,1,50
6262,0.4186,1,0,1,52
6262,0.5845,1,1,1,54
6262,0.4265,1,0,1,55
6262,0.4952,1,1,1,58
6262,0.5524,1,1,1,60
6262,0.5165,1,1,1,61
6262,0.4369,1,0,1,64
6262,0.4055,1,1,1,66
6262,0.5252,1,1,1,68
6262,0.4997,1,1,1,69
6262,0.5817,1,1,1,71
6262,0.4823,1,1,1,72
6262,0.464,1,0,1,74
6262,0.4639,1,0,1,75
6262,0.4036,1,1,1,76
6262,0.4297,1,0,1,77
6262,0.401,1,0,1,78
6262,0.4113,1,0,1,79
6262,0.3993,1,0,1,80
6262,0.4011,1,1,1,81
6262,0.4891,1,1,1,82
6262,0.3883,1,0,1,83
6262,0.439,1,0,1,85
6262,0.4683,0,1,1,86
6262,0.433,1,1,1,88
6262,0.4349,1,0,1,89
6262,0.4886,1,0,1,91
6262,0.4961,0,0,1,94
6262,0.5135,1,0,1,95
6262,0.3839,1,1,1,97
6262,0.5507,1,1,1,99
6262,0.4772,1,0,1,103
6262,0.4433,1,0,1,106
6262,0.355,0,1,1,107
6262,0.4869,1,0,1,109
6262,0.4224,0,1,1,111
6262,0.5144,1,1,1,112
6262,0.4664,1,1,1,114
6262,0.4036,1,0,1,115
6262,0.4301,1,1,1,116
6262,0.6881,1,1,1,117
6262,0.6519,1,0,1,119
6262,0.5163,0,1,1,120
6262,0.5382,1,0,1,121
6262,0.5049,1,0,1,122
6262,0.423,1,1,1,123
6262,0.3624,1,0,1,125
6262,0.4458,1,0,1,127
6361,0.622,1,1,1,0
6361,0.672,1,0,1,1
6361,0.585,1,1,1,2
6361,0.532,1,1,1,4
6361,0.465,1,1,1,5
6361,0.482,1,0,1,6
6361,0.484,1,0,1,7
6361,0.594,1,1,1,8
6361,0.517,1,0,1,9
6361,0.517,1,0,1,11
6361,0.537,1,1,1,13
6361,0.631,1,0,1,14
6361,0.648,1,0,1,17
6361,0.403,1,0,1,18
6361,0.584,1,1,1,19
6361,0.531,1,1,1,22
6361,0.542,1,0,1,23
6361,0.439,1,0,1,24
6361,0.517,1,1,1,25
6361,0.511,1,0,1,26
6361,0.631,1,1,1,27
6361,0.437,1,1,1,28
6361,0.439,1,1,1,29
6361,0.423,1,0,1,31
6361,0.578,1,0,1,32
6361,0.659,1,0,1,34
6361,0.686,1,1,1,35
6361,0.455,1,0,1,36
6361,0.504,1,0,1,39
6361,0.657,1,1,1,41
6361,0.515,1,0,1,42
6361,0.47,1,0,1,44
6361,0.551,1,1,1,45
6361,0.609,1,0,1,46
6361,0.509,1,0,1,47
6361,0.441,1,0,1,48
6361,0.524,1,1,1,50
6361,0.686,1,1,1,52
6361,0.465,1,0,1,54
6361,0.865,1,1,1,55
6361,0.451,1,1,1,56
6361,0.577,1,1,1,61
6361,0.456,1,1,1,62
6361,0.469,1,1,1,63
6361,0.603,1,1,1,64
6361,0.467,1,1,1,67
6361,0.698,1,0,1,71
6361,0.468,1,0,1,72
6361,0.416,0,1,1,73
6361,0.662,1,1,1,74
6361,0.463,1,0,1,76
6361,0.466,1,0,1,77
6361,0.575,1,0,1,78
6361,0.574,1,0,1,79
6361,0.614,1,1,1,83
6361,0.489,1,1,1,84
6361,0.554,1,1,1,85
6361,0.521,1,0,1,87
6361,0.575,1,0,1,89
6361,0.576,1,0,1,91
6361,0.45,1,0,1,95
6361,0.556,1,1,1,96
6361,0.525,1,1,1,97
6361,0.52,1,0,1,98
6361,0.566,1,0,1,101
6361,0.581,1,1,1,102
6361,0.47,1,0,1,103
6361,0.752,1,0,1,105
6361,0.811,1,1,1,106
6361,0.618,1,1,1,108
6361,0.791,1,0,1,109
6361,0.486,1,0,1,110
6361,0.514,1,1,1,112
6361,0.831,1,1,1,113
6361,0.697,1,1,1,114
6361,0.505,1,0,1,115
6361,0.732,1,1,1,116
6361,0.722,1,1,1,117
6361,0.463,1,0,1,120
6361,0.695,1,1,1,123
6361,0.646,1,1,1,124
6361,0.615,1,0,1,125
6361,0.748,1,1,1,127
6361,0.535,1,0,1,0
6361,0.392,1,0,1,1
6361,0.605,1,0,1,2
6361,0.539,1,0,1,3
6361,0.486,1,1,1,4
6361,0.485,1,0,1,5
6361,0.466,0,0,1,6
6361,0.481,1,0,1,7
6361,0.517,1,0,1,9
6361,0.479,1,0,1,10
6361,0.442,1,0,1,11
6361,0.457,1,1,1,13
6361,0.498,1,1,1,15
6361,0.433,1,0,1,16
6361,0.552,1,1,1,17
6361,0.517,1,1,1,18
6361,0.434,1,0,1,19
6361,0.511,1,0,1,22
6361,0.456,1,0,1,25
6361,0.486,1,1,1,26
6361,0.453,1,0,1,27
6361,0.501,1,0,1,28
6361,0.49,1,0,1,29
6361,0.499,1,1,1,30
6361,0.527,1,1,1,32
6361,0.589,1,0,1,34
6361,0.515,1,0,1,35
6361,0.558,1,1,1,37
6361,0.512,1,0,1,38
6361,0.641,1,0,1,43
6361,0.492,1,0,1,45
6361,0.602,1,1,1,46
6361,0.518,1,0,1,47
6361,0.45,1,0,1,48
6361,0.399,1,1,1,49
6361,0.575,1,1,1,51
6361,0.659,1,1,1,53
6361,0.519,1,1,1,54
6361,0.506,1,1,1,55
6361,0.558,1,1,1,56
6361,0.616,1,0,1,58
6361,0.531,1,1,1,59
6361,0.579,1,1,1,60
6361,0.448,1,1,1,61
6361,0.448,1,0,1,62
6361,0.566,1,1,1,65
6361,0.687,1,0,1,66
6361,0.519,1,1,1,67
6361,0.539,1,1,1,70
6361,0.498,1,1,1,71
6361,0.515,1,0,1,72
6361,0.578,1,1,1,75
6361,0.524,1,1,1,76
6361,0.561,1,1,1,78
6361,0.483,1,0,1,79
6361,0.457,1,1,1,80
6361,0.453,1,0,1,81
6361,0.617,1,1,1,82
6361,0.697,1,0,1,83
6361,0.642,1,1,1,85
6361,0.568,1,1,1,86
6361,0.556,1,0,1,89
6361,0.576,1,1,1,91
6361,0.511,1,0,1,93
6361,0.506,1,0,1,95
6361,0.474,1,0,1,97
6361,0.661,1,0,1,98
6361,0.492,1,1,1,100
6361,0.443,1,1,1,102
6361,0.599,1,0,1,103
6361,0.558,1,1,1,104
6361,0.543,1,0,1,106
6361,0.479,0,1,1,107
6361,0.521,1,1,1,108
6361,0.604,1,0,1,109
6361,0.855,1,1,1,114
6361,0.482,1,0,1,115
6361,0.722,1,0,1,116
6361,0.552,1,1,1,119
6361,0.593,1,1,1,120
6361,0.517,1,1,1,121
6361,0.554,1,1,1,123
6361,0.53,1,0,1,124
6361,0.604,1,1,1,125
6361,0.523,1,0,1,0
6361,0.515,1,0,1,1
6361,0.598,1,1,1,2
6361,0.543,1,1,1,3
6361,0.461,1,0,1,4
6361,0.454,1,1,1,6
6361,0.464,1,0,1,8
6361,0.436,1,0,1,9
6361,0.464,1,0,1,10
6361,0.533,1,1,1,12
6361,0.666,1,1,1,13
6361,0.563,1,1,1,14
6361,0.507,1,1,1,17
6361,0.584,1,1,1,21
6361,0.557,1,1,1,22
6361,0.523,1,0,1,23
6361,0.564,1,0,1,24
6361,0.462,1,0,1,25
6361,0.783,1,0,1,26
6361,0.739,1,0,1,27
6361,0.65,1,0,1,30
6361,0.552,1,1,1,32
6361,0.62,1,0,1,33
6361,0.557,1,0,1,34
6361,0.74,1,1,1,35
6361,0.644,1,1,1,36
6361,0.596,1,1,1,37
6361,0.769,1,1,1,42
6361,0.628,1,1,1,43
6361,0.54,1,1,1,46
6361,0.632,1,1,1,47
6361,0.54,1,0,1,49
6361,0.563,1,1,1,50
6361,0.65,1,1,1,51
6361,0.483,1,0,1,52
6361,0.505,1,1,1,53
6361,0.537,1,1,1,54
6361,0.783,1,1,1,56
6361,0.613,1,0,1,57
6361,0.529,1,0,1,58
6361,0.473,1,0,1,59
6361,0.538,1,1,1,60
6361,0.551,1,0,1,63
6361,0.526,1,0,1,64
6361,0.606,1,0,1,65
6361,0.534,1,0,1,67
6361,0.582,1,1,1,71
6361,0.47,1,1,1,72
6361,0.507,1,0,1,74
6361,0.479,1,0,1,75
6361,0.466,1,1,1,76
6361,0.503,1,0,1,78
6361,0.629,1,1,1,79
6361,0.549,1,0,1,80
6361,0.624,1,1,1,81
6361,0.686,1,0,1,82
6361,0.633,1,1,1,83
6361,0.699,1,0,1,84
6361,0.513,1,0,1,85
6361,0.616,1,1,1,86
6361,0.616,1,1,1,89
6361,0.529,1,1,1,90
6361,0.649,1,1,1,91
6361,0.63,1,0,1,93
6361,0.632,1,1,1,94
6361,0.528,1,1,1,95
6361,0.78,1,1,1,97
6361,0.483,1,0,1,100
6361,0.511,1,1,1,106
6361,0.539,1,1,1,107
6361,0.469,1,0,1,108
6361,0.431,1,0,1,109
6361,0.614,1,0,1,110
6361,0.457,1,0,1,114
6361,0.49,1,0,1,115
6361,0.493,1,1,1,117
6361,0.525,1,0,1,118
6361,0.482,1,1,1,119
6361,0.495,1,0,1,120
6361,0.485,1,1,1,122
6361,0.466,1,0,1,124
6361,0.509,1,0,1,125
6361,0.42,1,0,1,1
6361,0.532,1,1,1,2
6361,0.531,1,1,1,3
6361,0.589,1,1,1,4
6361,0.486,1,1,1,5
6361,0.467,1,0,1,8
6361,0.436,1,1,1,9
6361,0.639,1,0,1,11
6361,0.479,1,1,1,12
6361,0.432,1,1,1,14
6361,0.572,1,1,1,16
6361,0.501,1,0,1,17
6361,0.607,1,0,1,18
6361,0.487,1,1,1,19
6361,0.521,1,1,1,23
6361,0.546,1,1,1,24
6361,0.467,1,0,1,25
6361,0.549,1,0,1,26
6361,0.431,1,0,1,27
6361,0.527,1,0,1,29
6361,0.554,1,1,1,31
6361,0.59,1,1,1,33
6361,0.491,1,0,1,34
6361,0.489,1,0,1,35
6361,0.544,1,1,1,36
6361,0.585,1,1,1,38
6361,0.719,1,0,1,39
6361,0.439,1,0,1,40
6361,0.48,1,0,1,41
6361,0.436,1,0,1,42
6361,0.461,1,1,1,45
6361,0.78,1,0,1,47
6361,0.553,1,1,1,48
6361,0.476,1,1,1,49
6361,0.514,1,0,1,50
6361,0.484,1,0,1,51
6361,0.507,1,1,1,52
6361,0.46,1,0,1,53
6361,0.466,1,0,1,54
6361,0.542,1,1,1,55
6361,0.561,1,1,1,57
6361,0.637,1,0,1,59
6361,0.614,1,1,1,60
6361,0.57,1,1,1,61
6361,0.485,1,0,1,62
6361,0.496,1,1,1,63
6361,0.519,1,0,1,68
6361,0.569,1,1,1,70
6361,0.554,1,0,1,71
6361,0.469,1,0,1,72
6361,0.552,1,0,1,73
6361,0.483,1,0,1,74
6361,0.458,1,0,1,75
6361,0.526,1,1,1,76
6361,0.468,1,0,1,77
6361,0.604,1,1,1,79
6361,0.539,1,0,1,81
6361,0.482,1,0,1,82
6361,0.518,1,1,1,85
6361,0.589,1,1,1,89
6361,0.463,1,0,1,90
6361,0.569,1,1,1,91
6361,0.618,1,0,1,92
6361,0.45,1,0,1,94
6361,0.519,1,0,1,95
6361,0.612,1,1,1,98
6361,0.413,1,1,1,99
6361,0.448,1,0,1,100
6361,0.504,1,1,1,101
6361,0.514,1,0,1,102
6361,0.575,1,1,1,103
6361,0.463,1,0,1,105
6361,0.631,1,1,1,106
6361,0.5,1,0,1,107
6361,0.648,1,1,1,108
6361,0.504,1,1,1,109
6361,0.458,1,1,1,111
6361,0.561,1,1,1,112
6361,0.549,1,0,1,118
6361,0.505,1,0,1,119
6361,0.498,1,1,1,120
6361,0.585,1,1,1,121
6361,0.538,1,1,1,122
6361,0.638,1,0,1,125
6361,0.518,1,1,1,1
6361,0.464,1,1,1,3
6361,0.547,1,0,1,4
6361,0.441,1,0,1,5
6361,0.537,1,1,1,6
6361,0.4,0,1,1,7
6361,0.417,1,0,1,10
6361,0.438,1,0,1,11
6361,0.462,1,1,1,12
6361,0.504,1,1,1,13
6361,0.502,1,0,1,14
6361,0.467,1,0,1,15
6361,0.433,1,0,1,16
6361,0.453,1,1,1,18
6361,0.385,1,1,1,20
6361,0.464,1,1,1,24
6361,0.43,1,0,1,25
6361,0.374,1,0,1,27
6361,0.428,1,0,1,28
6361,0.512,1,1,1,30
6361,0.47,1,1,1,31
6361,0.364,0,1,1,32
6361,0.551,1,0,1,33
6361,0.564,1,1,1,35
6361,0.372,1,0,1,36
6361,0.385,1,0,1,38
6361,0.415,1,0,1,41
6361,0.41,1,0,1,42
6361,0.519,1,1,1,44
6361,0.594,1,0,1,45
6361,0.415,1,0,1,46
6361,0.421,1,1,1,47
6361,0.395,1,1,1,48
6361,0.46,1,0,1,49
6361,0.626,1,0,1,50
6361,0.432,1,0,1,51
6361,0.497,1,1,1,52
6361,0.433,1,0,1,54
6361,0.488,1,1,1,56
6361,0.422,1,1,1,57
6361,0.417,1,0,1,59
6361,0.388,1,0,1,60
6361,0.439,1,1,1,62
6361,0.381,1,1,1,63
6361,0.489,1,0,1,65
6361,0.463,1,0,1,67
6361,0.407,1,0,1,68
6361,0.552,1,0,1,71
6361,0.507,1,1,1,72
6361,0.386,1,1,1,74
6361,0.407,1,0,1,75
6361,0.453,1,1,1,76
6361,0.418,1,0,1,78
6361,0.501,1,1,1,79
6361,0.699,1,1,1,81
6361,0.455,1,1,1,85
6361,0.463,1,1,1,89
6361,0.435,0,0,1,90
6361,0.375,1,0,1,91
6361,0.702,1,1,1,93
6361,0.599,1,1,1,94
6361,0.507,1,0,1,95
6361,0.499,1,1,1,96
6361,0.436,1,1,1,97
6361,0.52,1,1,1,99
6361,0.735,1,1,1,100
6361,0.6,1,1,1,102
6361,0.45,1,0,1,103
6361,0.426,1,0,1,104
6361,0.468,1,0,1,105
6361,0.499,1,0,1,107
6361,0.449,1,1,1,110
6361,0.413,0,0,1,111
6361,0.637,1,0,1,112
6361,0.519,1,1,1,114
6361,0.524,1,1,1,116
6361,0.453,1,1,1,117
6361,0.507,1,1,1,118
6361,0.551,0,0,1,119
6361,0.44,1,0,1,122
6361,0.449,1,0,1,123
6361,0.493,1,1,1,125
6361,0.68,1,0,1,126
6361,0.505,1,1,1,1
6361,0.451,1,0,1,2
6361,0.462,1,0,1,4
6361,0.379,1,0,1,7
6361,0.538,1,1,1,8
6361,0.465,1,0,1,9
6361,0.471,1,0,1,10
6361,0.422,1,0,1,11
6361,0.439,1,0,1,12
6361,0.515,1,1,1,14
6361,0.53,1,0,1,16
6361,0.569,1,0,1,17
6361,0.461,1,0,1,18
6361,0.503,1,0,1,19
6361,0.477,1,0,1,20
6361,0.502,1,1,1,22
6361,0.429,1,0,1,23
6361,0.463,1,0,1,26
6361,0.581,1,1,1,27
6361,0.388,1,0,1,29
6361,0.547,1,0,1,30
6361,0.456,1,0,1,32
6361,0.329,1,0,1,36
6361,0.393,1,1,1,37
6361,0.461,1,1,1,38
6361,0.604,1,1,1,40
6361,0.502,1,0,1,42
6361,0.499,1,0,1,45
6361,0.5,1,0,1,46
6361,0.455,1,0,1,47
6361,0.679,1,1,1,48
6361,0.532,1,1,1,49
6361,0.523,1,1,1,50
6361,0.549,1,1,1,51
6361,0.483,1,1,1,52
6361,0.481,1,0,1,53
6361,0.472,1,1,1,54
6361,0.5,1,1,1,55
6361,0.439,1,0,1,57
6361,0.382,1,0,1,61
6361,0.421,1,1,1,62
6361,0.597,1,1,1,63
6361,0.37,1,0,1,65
6361,0.449,0,1,1,66
6361,0.528,1,1,1,69
6361,0.544,1,0,1,70
6361,0.464,1,1,1,71
6361,0.552,1,1,1,74
6361,0.624,1,1,1,75
6361,0.526,1,1,1,76
6361,0.565,1,1,1,77
6361,0.508,1,1,1,78
6361,0.721,1,0,1,79
6361,0.503,1,0,1,80
6361,0.597,1,1,1,82
6361,0.502,1,0,1,85
6361,0.655,1,0,1,87
6361,0.527,1,1,1,88
6361,0.53,1,1,1,89
6361,0.455,1,1,1,90
6361,0.477,1,1,1,91
6361,0.499,1,1,1,92
6361,0.644,1,1,1,93
6361,0.439,1,0,1,94
6361,0.445,1,1,1,96
6361,0.452,1,0,1,97
6361,0.444,1,1,1,100
6361,0.672,1,0,1,105
6361,0.461,1,0,1,108
6361,0.542,1,1,1,109
6361,0.44,1,1,1,110
6361,0.528,1,1,1,111
6361,0.55,1,1,1,114
6361,0.518,1,0,1,115
6361,0.712,1,0,1,116
6361,0.397,1,0,1,117
6361,0.381,1,0,1,118
6361,0.375,1,0,1,119
6361,0.423,1,0,1,121
6361,0.542,1,1,1,122
6361,0.574,1,0,1,124
6361,0.445,0,1,1,125
6361,0.59,1,1,1,126
6361,0.648,1,1,1,127
6361,0.419,1,0,1,1
6361,0.441,1,1,1,3
6361,0.428,1,0,1,4
6361,0.395,1,1,1,5
6361,0.406,1,0,1,7
6361,0.606,1,1,1,9
6361,0.454,1,0,1,12
6361,0.46,1,0,1,14
6361,0.634,1,1,1,17
6361,0.388,1,1,1,18
6361,0.552,1,1,1,20
6361,0.569,1,1,1,22
6361,0.444,1,0,1,24
6361,0.423,1,0,1,25
6361,0.488,1,0,1,26
6361,0.471,1,0,1,27
6361,0.414,1,0,1,28
6361,0.5,1,1,1,31
6361,0.45,1,1,1,32
6361,0.463,1,1,1,33
6361,0.442,1,0,1,34
6361,0.776,1,1,1,35
6361,0.451,1,0,1,37
6361,0.382,1,0,1,38
6361,0.396,1,0,1,39
6361,0.413,1,0,1,40
6361,0.502,1,1,1,42
6361,0.338,1,0,1,43
6361,0.447,1,0,1,45
6361,0.503,1,1,1,46
6361,0.4,1,1,1,47
6361,0.49,1,1,1,49
6361,0.42,1,0,1,50
6361,0.536,1,0,1,52
6361,0.389,1,1,1,54
6361,0.418,1,0,1,55
6361,0.401,1,0,1,56
6361,0.408,1,0,1,58
6361,0.4,1,0,1,60
6361,0.517,1,1,1,61
6361,0.555,1,1,1,63
6361,0.586,1,1,1,66
6361,0.489,0,1,1,67
6361,0.499,1,0,1,68
6361,0.414,1,0,1,69
6361,0.395,1,0,1,72
6361,0.387,1,1,1,73
6361,0.38,1,1,1,74
6361,0.486,1,1,1,75
6361,0.665,1,0,1,76
6361,0.428,1,0,1,77
6361,0.421,1,1,1,78
6361,0.473,1,1,1,79
6361,0.47,1,1,1,80
6361,0.485,1,0,1,86
6361,0.417,1,1,1,87
6361,0.554,1,1,1,89
6361,0.423,1,1,1,91
6361,0.564,1,1,1,92
6361,0.41,1,0,1,94
6361,0.477,1,0,1,95
6361,0.619,1,0,1,97
6361,0.451,1,1,1,98
6361,0.467,1,0,1,99
6361,0.403,1,0,1,100
6361,0.447,1,0,1,101
6361,0.427,1,0,1,102
6361,0.416,1,1,1,103
6361,0.514,1,1,1,104
6361,0.41,1,1,1,105
6361,0.423,1,1,1,106
6361,0.441,1,1,1,107
6361,0.48,1,0,1,108
6361,0.434,1,0,1,109
6361,0.565,1,1,1,110
6361,0.514,1,1,1,112
6361,0.432,1,0,1,113
6361,0.392,1,0,1,114
6361,0.432,0,1,1,115
6361,0.525,1,1,1,116
6361,0.456,1,0,1,119
6361,0.473,1,1,1,121
6361,0.703,1,0,1,125
6361,0.5,1,1,1,126
6361,0.478,1,0,1,0
6361,0.448,1,1,1,1
6361,0.426,1,1,1,3
6361,0.519,1,0,1,5
6361,0.42,1,0,1,6
6361,0.36,1,0,1,7
6361,0.466,1,0,1,8
6361,0.416,1,1,1,9
6361,0.371,1,1,1,11
6361,0.438,1,0,1,13
6361,0.463,1,1,1,16
6361,0.734,1,0,1,17
6361,0.497,1,0,1,18
6361,0.626,1,0,1,20
6361,0.505,1,0,1,22
6361,0.469,0,1,1,24
6361,0.413,1,0,1,25
6361,0.55,1,1,1,26
6361,0.548,1,0,1,27
6361,0.533,1,1,1,29
6361,0.573,1,1,1,30
6361,0.503,1,0,1,31
6361,0.445,1,0,1,33
6361,0.45,1,0,1,36
6361,0.543,1,0,1,37
6361,0.433,1,1,1,39
6361,0.407,1,1,1,40
6361,0.443,1,1,1,42
6361,0.451,1,1,1,43
6361,0.427,1,0,1,44
6361,0.4,1,1,1,45
6361,0.434,1,0,1,47
6361,0.444,1,0,1,48
6361,0.422,1,0,1,49
6361,0.656,1,1,1,50
6361,0.511,1,1,1,51
6361,0.498,1,1,1,52
6361,0.54,1,1,1,54
6361,0.446,1,0,1,56
6361,0.429,1,0,1,57
6361,0.398,1,0,1,61
6361,0.42,1,0,1,62
6361,0.707,1,1,1,63
6361,0.564,1,0,1,65
6361,0.514,1,1,1,66
6361,0.543,1,1,1,67
6361,0.428,1,1,1,68
6361,0.464,1,1,1,69
6361,0.444,1,1,1,70
6361,0.509,1,0,1,71
6361,0.476,1,1,1,72
6361,0.362,0,1,1,74
6361,0.432,1,1,1,76
6361,0.584,0,1,1,77
6361,0.417,1,1,1,78
6361,0.425,1,0,1,80
6361,0.486,0,1,1,82
6361,0.568,1,1,1,84
6361,0.421,1,0,1,87
6361,0.55,1,1,1,88
6361,0.464,1,0,1,89
6361,0.471,1,0,1,92
6361,0.459,1,1,1,93
6361,0.425,1,0,1,95
6361,0.468,1,1,1,96
6361,0.46,1,0,1,97
6361,0.571,1,1,1,98
6361,0.591,1,1,1,101
6361,0.42,1,0,1,102
6361,0.485,1,1,1,107
6361,0.674,1,1,1,108
6361,0.475,1,0,1,109
6361,0.522,1,1,1,110
6361,0.417,1,0,1,112
6361,0.441,1,0,1,113
6361,0.482,1,1,1,115
6361,0.43,1,0,1,116
6361,0.525,1,0,1,117
6361,0.448,1,0,1,119
6361,0.419,1,0,1,120
6361,0.509,1,1,1,121
6361,0.653,1,1,1,126
6361,0.484,1,0,1,127
6427,0.538,1,1,1,0
6427,0.429,1,0,1,1
6427,0.428,1,0,1,3
6427,0.463,1,1,1,4
6427,0.431,1,0,1,5
6427,0.5,1,1,1,6
6427,0.462,1,1,1,7
6427,0.37,1,1,1,9
6427,0.452,1,0,1,11
6427,0.309,1,0,1,12
6427,0.499,0,1,1,14
6427,0.407,1,1,1,15
6427,0.409,1,1,1,17
6427,0.517,1,1,1,18
6427,0.481,1,0,1,20
6427,0.482,1,1,1,21
6427,0.475,1,1,1,22
6427,0.383,1,0,1,23
6427,0.511,1,0,1,24
6427,0.469,1,0,1,26
6427,0.451,1,1,1,27
6427,0.581,1,0,1,28
6427,0.495,1,0,1,29
6427,0.5,1,1,1,30
6427,0.398,1,0,1,31
6427,0.314,1,0,1,33
6427,0.529,1,1,1,34
6427,0.402,1,0,1,36
6427,0.499,1,1,1,37
6427,0.361,1,1,1,38
6427,0.336,1,0,1,39
6427,0.519,1,1,1,40
6427,0.42,1,0,1,43
6427,0.43,1,0,1,46
6427,0.497,1,1,1,47
6427,0.408,1,0,1,48
6427,0.406,1,0,1,49
6427,0.369,1,0,1,50
6427,0.314,1,0,1,51
6427,0.43,1,0,1,53
6427,0.403,1,0,1,56
6427,0.413,1,0,1,57
6427,0.386,1,0,1,59
6427,0.46,1,0,1,61
6427,0.473,1,0,1,62
6427,0.512,1,0,1,64
6427,0.465,1,1,1,65
6427,0.378,1,0,1,67
6427,0.464,1,0,1,69
6427,0.532,1,1,1,71
6427,0.562,1,1,1,72
6427,0.387,1,0,1,74
6427,0.464,1,1,1,75
6427,0.495,1,1,1,76
6427,0.411,1,0,1,78
6427,0.44,1,1,1,81
6427,0.447,1,0,1,82
6427,0.463,1,1,1,85
6427,0.482,1,1,1,87
6427,0.34,1,0,1,89
6427,0.447,1,1,1,90
6427,0.385,1,0,1,91
6427,0.362,1,1,1,93
6427,0.384,1,1,1,94
6427,0.416,1,0,1,97
6427,0.516,1,1,1,98
6427,0.41,1,1,1,101
6427,0.469,1,1,1,102
6427,0.413,1,0,1,104
6427,0.467,1,0,1,108
6427,0.432,1,1,1,109
6427,0.497,1,1,1,110
6427,0.478,1,1,1,111
6427,0.534,1,1,1,112
6427,0.523,1,1,1,113
6427,0.378,1,1,1,114
6427,0.497,1,1,1,115
6427,0.409,1,0,1,118
6427,0.379,1,1,1,120
6427,0.473,1,1,1,121
6427,0.383,1,1,1,122
6427,0.33,1,0,1,123
6427,0.403,1,0,1,126
6427,0.314,0,1,1,2
6427,0.381,1,1,1,3
6427,0.348,1,1,1,5
6427,0.44,1,1,1,6
6427,0.44,1,1,1,8
6427,0.395,1,0,1,9
6427,0.446,1,1,1,12
6427,0.437,1,1,1,13
6427,0.419,1,0,1,14
6427,0.366,1,1,1,15
6427,0.341,1,1,1,16
6427,0.382,1,0,1,17
6427,0.361,1,0,1,18
6427,0.417,1,0,1,19
6427,0.428,1,0,1,20
6427,0.415,1,0,1,21
6427,0.464,1,1,1,23
6427,0.363,0,0,1,24
6427,0.413,1,0,1,26
6427,0.312,1,0,1,27
6427,0.387,1,0,1,28
6427,0.482,1,1,1,29
6427,0.442,1,1,1,30
6427,0.435,1,0,1,32
6427,0.461,1,0,1,33
6427,0.563,1,0,1,34
6427,0.532,1,1,1,37
6427,0.381,1,0,1,38
6427,0.382,1,1,1,40
6427,0.383,1,1,1,42
6427,0.429,1,1,1,43
6427,0.404,1,1,1,44
6427,0.408,1,0,1,48
6427,0.514,1,1,1,49
6427,0.466,1,0,1,50
6427,0.517,1,1,1,52
6427,0.403,1,1,1,54
6427,0.381,1,0,1,56
6427,0.454,1,0,1,57
6427,0.547,1,0,1,59
6427,0.362,1,0,1,60
6427,0.331,1,0,1,63
6427,0.345,1,1,1,65
6427,0.331,1,0,1,67
6427,0.385,1,1,1,68
6427,0.413,1,1,1,70
6427,0.412,1,0,1,71
6427,0.626,1,0,1,73
6427,0.529,1,1,1,74
6427,0.434,1,0,1,75
6427,0.481,1,1,1,76
6427,0.498,1,1,1,78
6427,0.448,1,0,1,79
6427,0.473,1,1,1,81
6427,0.498,1,1,1,84
6427,0.381,1,0,1,85
6427,0.358,1,0,1,86
6427,0.38,1,1,1,87
6427,0.363,1,1,1,88
6427,0.315,1,0,1,91
6427,0.516,1,1,1,92
6427,0.366,1,1,1,93
6427,0.478,1,0,1,95
6427,0.369,1,1,1,97
6427,0.398,1,1,1,99
6427,0.464,1,0,1,100
6427,0.305,0,0,1,101
6427,0.497,1,0,1,103
6427,0.429,1,1,1,104
6427,0.41,1,1,1,106
6427,0.499,1,0,1,107
6427,0.482,1,1,1,108
6427,0.368,1,0,1,109
6427,0.497,1,1,1,111
6427,0.336,1,0,1,114
6427,0.374,1,0,1,115
6427,0.364,0,1,1,116
6427,0.464,0,1,1,118
6427,0.499,1,0,1,119
6427,0.492,1,1,1,120
6427,0.416,1,0,1,124
6427,0.366,1,1,1,126
6427,0.43,1,0,1,127
6427,0.466,1,0,1,0
6427,0.385,1,0,1,1
6427,0.386,1,0,1,5
6427,0.41,1,0,1,6
6427,0.478,1,1,1,7
6427,0.354,1,1,1,8
6427,0.413,1,0,1,9
6427,0.377,1,0,1,10
6427,0.37,1,0,1,11
6427,0.387,1,1,1,12
6427,0.399,1,1,1,13
6427,0.348,1,0,1,16
6427,0.354,1,0,1,17
6427,0.504,1,1,1,18
6427,0.501,1,0,1,19
6427,0.515,1,1,1,20
6427,0.496,1,1,1,23
6427,0.448,0,0,1,25
6427,0.467,1,1,1,27
6427,0.415,1,1,1,29
6427,0.396,1,1,1,30
6427,0.434,1,0,1,31
6427,0.446,1,0,1,32
6427,0.431,1,0,1,33
6427,0.425,1,1,1,34
6427,0.35,0,0,1,35
6427,0.364,1,0,1,36
6427,0.5,1,1,1,37
6427,0.379,1,1,1,38
6427,0.353,1,1,1,39
6427,0.349,1,0,1,40
6427,0.365,1,0,1,41
6427,0.341,1,0,1,42
6427,0.395,1,0,1,45
6427,0.401,1,0,1,50
6427,0.442,1,0,1,53
6427,0.38,1,0,1,54
6427,0.334,1,1,1,55
6427,0.449,1,0,1,58
6427,0.307,1,0,1,59
6427,0.402,1,0,1,60
6427,0.359,1,0,1,61
6427,0.397,1,1,1,62
6427,0.403,1,1,1,63
6427,0.402,1,1,1,64
6427,0.365,1,0,1,65
6427,0.404,1,1,1,68
6427,0.43,1,1,1,69
6427,0.647,1,0,1,70
6427,0.319,1,0,1,72
6427,0.394,1,1,1,75
6427,0.333,1,0,1,76
6427,0.403,1,0,1,78
6427,0.346,1,0,1,79
6427,0.363,1,1,1,81
6427,0.363,1,0,1,82
6427,0.282,1,0,1,83
6427,0.29,0,1,1,85
6427,0.42,1,1,1,88
6427,0.312,1,0,1,91
6427,0.433,1,1,1,92
6427,0.579,1,1,1,94
6427,0.346,1,1,1,95
6427,0.399,1,0,1,96
6427,0.381,1,0,1,97
6427,0.432,1,1,1,99
6427,0.403,1,1,1,101
6427,0.485,0,1,1,102
6427,0.593,1,1,1,104
6427,0.363,1,1,1,106
6427,0.461,1,1,1,107
6427,0.368,1,0,1,108
6427,0.397,1,1,1,109
6427,0.382,1,0,1,110
6427,0.409,1,1,1,111
6427,0.399,1,1,1,113
6427,0.481,1,0,1,114
6427,0.349,1,1,1,115
6427,0.528,1,1,1,120
6427,0.5,1,0,1,121
6427,0.535,0,1,1,122
6427,0.463,1,1,1,124
6427,0.481,1,1,1,126
6427,0.452,1,1,1,127
6427,0.545,1,0,1,1
6427,0.415,1,1,1,4
6427,0.498,1,0,1,5
6427,0.432,1,0,1,9
6427,0.531,1,1,1,10
6427,0.431,1,1,1,12
6427,0.596,1,0,1,16
6427,0.566,1,1,1,18
6427,0.419,1,1,1,19
6427,0.463,1,0,1,20
6427,0.393,1,1,1,21
6427,0.515,1,0,1,22
6427,0.448,1,1,1,23
6427,0.381,1,0,1,25
6427,0.445,1,0,1,27
6427,0.419,1,1,1,29
6427,0.397,1,0,1,30
6427,0.421,1,0,1,31
6427,0.347,1,0,1,33
6427,0.4,1,0,1,34
6427,0.384,1,0,1,35
6427,0.425,1,1,1,37
6427,0.552,1,1,1,40
6427,0.383,1,0,1,41
6427,0.496,1,0,1,42
6427,0.379,0,1,1,44
6427,0.396,1,0,1,47
6427,0.424,1,0,1,48
6427,0.546,1,1,1,49
6427,0.384,1,0,1,50
6427,0.415,1,1,1,51
6427,0.438,1,1,1,52
6427,0.382,1,0,1,53
6427,0.531,1,1,1,54
6427,0.402,1,1,1,55
6427,0.526,1,1,1,56
6427,0.382,1,0,1,57
6427,0.515,1,1,1,58
6427,0.432,1,1,1,60
6427,0.387,1,1,1,61
6427,0.45,1,0,1,62
6427,0.481,1,1,1,63
6427,0.515,1,0,1,64
6427,0.666,1,1,1,65
6427,0.464,1,1,1,66
6427,0.388,1,1,1,67
6427,0.48,1,0,1,68
6427,0.462,1,0,1,69
6427,0.386,1,0,1,72
6427,0.353,1,1,1,73
6427,0.336,1,0,1,76
6427,0.38,1,0,1,77
6427,0.396,1,0,1,78
6427,0.632,1,1,1,79
6427,0.432,1,0,1,80
6427,0.419,1,0,1,83
6427,0.381,1,1,1,85
6427,0.369,1,0,1,86
6427,0.37,1,0,1,87
6427,0.48,1,0,1,95
6427,0.647,1,1,1,96
6427,0.332,1,0,1,97
6427,0.449,1,1,1,99
6427,0.402,1,1,1,100
6427,0.545,1,1,1,101
6427,0.481,1,1,1,103
6427,0.412,1,0,1,105
6427,0.414,1,0,1,107
6427,0.446,1,1,1,108
6427,0.413,1,1,1,109
6427,0.385,1,0,1,111
6427,0.43,1,1,1,112
6427,0.4,1,0,1,114
6427,0.35,1,0,1,115
6427,0.498,1,1,1,116
6427,0.367,1,1,1,117
6427,0.433,1,0,1,119
6427,0.459,1,1,1,120
6427,0.35,1,0,1,121
6427,0.449,1,1,1,123
6427,0.529,1,1,1,124
6427,0.466,1,1,1,125
6427,0.347,1,0,1,126
6427,0.328,0,1,1,1
6427,0.355,0,1,1,3
6427,0.397,1,1,1,4
6427,0.403,1,1,1,5
6427,0.351,1,1,1,6
6427,0.453,1,1,1,9
6427,0.441,1,1,1,11
6427,0.496,0,0,1,12
6427,0.349,0,1,1,13
6427,0.505,1,0,1,14
6427,0.548,1,1,1,15
6427,0.481,1,1,1,16
6427,0.418,1,0,1,17
6427,0.493,1,0,1,19
6427,0.39,1,0,1,20
6427,0.423,1,0,1,21
6427,0.448,1,1,1,22
6427,0.531,1,0,1,24
6427,0.421,1,0,1,25
6427,0.494,1,1,1,26
6427,0.434,1,0,1,27
6427,0.442,1,1,1,28
6427,0.362,1,1,1,29
6427,0.449,1,0,1,31
6427,0.42,1,1,1,33
6427,0.436,1,1,1,34
6427,0.494,1,1,1,35
6427,0.391,1,1,1,37
6427,0.417,1,1,1,39
6427,0.447,1,0,1,40
6427,0.361,1,0,1,44
6427,0.354,1,0,1,45
6427,0.36,1,0,1,48
6427,0.355,1,0,1,49
6427,0.324,1,0,1,51
6427,0.397,1,0,1,52
6427,0.426,1,0,1,54
6427,0.407,1,1,1,59
6427,0.364,1,0,1,60
6427,0.378,1,0,1,61
6427,0.35,1,1,1,63
6427,0.374,1,1,1,64
6427,0.437,1,0,1,65
6427,0.334,1,0,1,66
6427,0.324,1,0,1,68
6427,0.296,1,0,1,69
6427,0.442,1,1,1,70
6427,0.369,0,1,1,71
6427,0.387,1,0,1,73
6427,0.284,1,1,1,75
6427,0.384,1,0,1,78
6427,0.332,1,0,1,83
6427,0.529,1,1,1,84
6427,0.35,1,0,1,85
6427,0.375,1,0,1,86
6427,0.396,1,0,1,87
6427,0.453,1,0,1,88
6427,0.433,1,1,1,90
6427,0.483,1,0,1,91
6427,0.35,0,1,1,93
6427,0.466,1,1,1,95
6427,0.42,1,0,1,96
6427,0.356,1,1,1,98
6427,0.332,0,1,1,100
6427,0.259,1,0,1,101
6427,0.432,1,1,1,103
6427,0.435,1,1,1,104
6427,0.391,1,0,1,105
6427,0.332,1,1,1,106
6427,0.399,1,1,1,108
6427,0.415,1,0,1,109
6427,0.353,1,0,1,111
6427,0.316,1,1,1,113
6427,0.454,1,0,1,115
6427,0.464,1,1,1,116
6427,0.386,1,1,1,118
6427,0.369,1,1,1,119
6427,0.335,1,1,1,120
6427,0.483,1,0,1,121
6427,0.39,1,0,1,122
6427,0.46,1,0,1,123
6427,0.403,1,0,1,125
6427,0.413,1,1,1,126
6427,0.403,1,1,1,127
6427,0.504,1,1,1,2
6427,0.387,1,0,1,4
6427,0.348,1,0,1,7
6427,0.414,1,1,1,8
6427,0.352,1,1,1,11
6427,0.397,1,0,1,12
6427,0.439,1,0,1,13
6427,0.461,1,0,1,15
6427,0.399,1,1,1,16
6427,0.326,1,1,1,17
6427,0.411,1,1,1,18
6427,0.365,1,1,1,19
6427,0.416,1,0,1,20
6427,0.394,1,1,1,21
6427,0.444,1,1,1,23
6427,0.32,1,1,1,25
6427,0.463,1,1,1,27
6427,0.402,1,0,1,28
6427,0.43,1,1,1,29
6427,0.364,1,1,1,30
6427,0.363,1,0,1,32
6427,0.411,1,0,1,34
6427,0.448,1,0,1,35
6427,0.436,1,1,1,37
6427,0.498,1,1,1,38
6427,0.413,1,1,1,39
6427,0.366,0,1,1,45
6427,0.405,1,1,1,47
6427,0.464,1,0,1,48
6427,0.389,1,1,1,50
6427,0.37,1,1,1,51
6427,0.469,1,1,1,52
6427,0.426,1,0,1,53
6427,0.356,1,1,1,54
6427,0.361,1,0,1,58
6427,0.552,1,1,1,59
6427,0.381,1,0,1,60
6427,0.375,1,1,1,62
6427,0.389,1,0,1,64
6427,0.331,0,1,1,66
6427,0.445,1,1,1,67
6427,0.47,1,1,1,69
6427,0.453,1,1,1,70
6427,0.371,1,1,1,72
6427,0.333,0,0,1,73
6427,0.396,1,0,1,74
6427,0.413,1,0,1,75
6427,0.412,1,0,1,76
6427,0.442,1,0,1,77
6427,0.431,1,0,1,78
6427,0.352,1,0,1,80
6427,0.413,1,0,1,81
6427,0.365,1,0,1,82
6427,0.453,1,0,1,83
6427,0.356,1,0,1,84
6427,0.503,1,1,1,85
6427,0.416,1,0,1,86
6427,0.399,1,1,1,88
6427,0.434,1,0,1,89
6427,0.433,1,1,1,91
6427,0.37,1,1,1,92
6427,0.361,1,0,1,94
6427,0.347,1,0,1,96
6427,0.385,1,1,1,97
6427,0.383,1,0,1,98
6427,0.397,1,0,1,101
6427,0.402,1,0,1,102
6427,0.363,1,0,1,103
6427,0.381,1,1,1,105
6427,0.349,1,1,1,107
6427,0.505,1,1,1,109
6427,0.355,1,0,1,112
6427,0.368,1,1,1,113
6427,0.37,1,0,1,114
6427,0.386,1,0,1,116
6427,0.4,1,1,1,117
6427,0.412,1,0,1,118
6427,0.412,1,1,1,119
6427,0.346,1,1,1,120
6427,0.347,1,0,1,122
6427,0.412,1,0,1,123
6427,0.315,1,1,1,124
6427,0.309,1,0,1,125
6427,0.403,1,0,1,126
6427,0.531,1,1,1,0
6427,0.348,1,0,1,1
6427,0.322,1,0,1,3
6427,0.37,1,0,1,4
6427,0.459,1,1,1,5
6427,0.363,1,0,1,7
6427,0.383,1,1,1,8
6427,0.381,1,0,1,9
6427,0.425,1,1,1,10
6427,0.363,1,0,1,11
6427,0.342,1,0,1,12
6427,0.364,1,1,1,15
6427,0.348,1,0,1,17
6427,0.329,1,0,1,18
6427,0.432,1,1,1,19
6427,0.535,1,1,1,21
6427,0.4,1,0,1,22
6427,0.345,1,0,1,23
6427,0.448,1,0,1,24
6427,0.498,1,1,1,25
6427,0.468,1,1,1,27
6427,0.504,1,1,1,28
6427,0.449,1,0,1,30
6427,0.432,1,1,1,32
6427,0.453,1,1,1,34
6427,0.434,1,1,1,35
6427,0.414,1,0,1,36
6427,0.397,1,1,1,37
6427,0.384,1,1,1,38
6427,0.458,1,1,1,40
6427,0.447,1,0,1,41
6427,0.362,1,0,1,43
6427,0.42,1,1,1,44
6427,0.437,1,0,1,46
6427,0.363,1,0,1,47
6427,0.354,1,0,1,48
6427,0.41,1,1,1,49
6427,0.405,1,0,1,50
6427,0.444,1,0,1,51
6427,0.47,1,0,1,53
6427,0.464,1,0,1,54
6427,0.35,1,0,1,55
6427,0.43,1,0,1,56
6427,0.516,1,1,1,57
6427,0.467,1,0,1,58
6427,0.465,1,1,1,60
6427,0.448,1,0,1,61
6427,0.356,1,0,1,64
6427,0.404,1,0,1,65
6427,0.465,0,1,1,66
6427,0.453,1,1,1,67
6427,0.493,1,1,1,68
6427,0.528,1,1,1,69
6427,0.407,1,1,1,70
6427,0.411,1,1,1,71
6427,0.386,1,1,1,72
6427,0.564,1,1,1,74
6427,0.433,1,0,1,78
6427,0.42,1,1,1,79
6427,0.545,1,1,1,81
6427,0.404,1,1,1,82
6427,0.48,1,0,1,85
6427,0.47,1,0,1,86
6427,0.375,1,1,1,87
6427,0.416,1,0,1,88
6427,0.374,1,0,1,93
6427,0.416,0,1,1,101
6427,0.364,1,0,1,103
6427,0.404,1,1,1,106
6427,0.42,1,1,1,107
6427,0.464,1,0,1,108
6427,0.414,1,0,1,110
6427,0.387,1,1,1,111
6427,0.469,1,0,1,112
6427,0.473,1,0,1,113
6427,0.52,1,0,1,114
6427,0.516,1,1,1,115
6427,0.43,1,0,1,118
6427,0.498,1,1,1,120
6427,0.419,1,1,1,122
6427,0.454,1,1,1,124
6427,0.385,1,1,1,125
6427,0.397,1,1,1,127
6427,0.498,1,0,1,0
6427,0.452,1,0,1,3
6427,0.419,1,0,1,4
6427,0.374,1,0,1,5
6427,0.386,1,0,1,6
6427,0.35,1,1,1,8
6427,0.364,1,0,1,9
6427,0.396,1,0,1,10
6427,0.584,1,1,1,12
6427,0.32,0,1,1,13
6427,0.445,1,0,1,14
6427,0.496,1,1,1,15
6427,0.424,1,1,1,17
6427,0.449,0,0,1,20
6427,0.358,1,0,1,21
6427,0.578,1,1,1,24
6427,0.433,1,1,1,25
6427,0.548,1,0,1,26
6427,0.415,1,0,1,27
6427,0.465,1,1,1,35
6427,0.49,1,1,1,40
6427,0.449,1,0,1,41
6427,0.515,1,1,1,43
6427,0.416,1,0,1,44
6427,0.387,1,0,1,45
6427,0.388,1,0,1,46
6427,0.551,1,1,1,48
6427,0.448,1,1,1,49
6427,0.423,1,1,1,50
6427,0.499,1,0,1,51
6427,0.511,1,1,1,52
6427,0.53,1,1,1,53
6427,0.416,1,0,1,54
6427,0.461,1,1,1,55
6427,0.433,1,0,1,57
6427,0.414,1,1,1,58
6427,0.401,1,0,1,59
6427,0.446,1,1,1,60
6427,0.466,1,1,1,63
6427,0.413,1,0,1,64
6427,0.448,1,1,1,65
6427,0.384,1,0,1,66
6427,0.476,1,1,1,67
6427,0.548,1,0,1,69
6427,0.526,1,1,1,71
6427,0.489,1,1,1,72
6427,0.387,1,1,1,73
6427,0.515,1,0,1,74
6427,0.548,1,0,1,78
6427,0.399,1,1,1,79
6427,0.402,1,0,1,82
6427,0.417,1,0,1,84
6427,0.693,1,0,1,85
6427,0.498,1,1,1,89
6427,0.622,1,1,1,90
6427,0.454,1,1,1,91
6427,0.463,1,1,1,92
6427,0.464,1,1,1,93
6427,0.449,1,0,1,94
6427,0.464,1,0,1,95
6427,0.353,1,0,1,96
6427,0.464,1,1,1,97
6427,0.381,1,1,1,98
6427,0.531,1,1,1,99
6427,0.37,0,0,1,100
6427,0.47,1,1,1,101
6427,0.463,1,0,1,104
6427,0.465,1,1,1,108
6427,0.483,0,0,1,110
6427,0.42,1,0,1,111
6427,0.499,1,1,1,112
6427,0.533,1,1,1,115
6427,0.348,1,0,1,116
6427,0.649,1,0,1,120
6427,0.429,1,0,1,121
6427,0.382,0,1,1,122
6427,0.399,1,0,1,123
6427,0.441,1,1,1,124
6427,0.406,1,1,1,125
6427,0.441,1,1,1,126
6427,0.696,1,0,1,127
6583,0.6032,1,1,1,1
6583,0.418,1,0,1,3
6583,0.6306,1,0,1,5
6583,0.4353,1,1,1,6
6583,0.5508,1,1,1,7
6583,0.506,1,1,1,8
6583,0.4857,1,0,1,9
6583,0.4187,1,0,1,10
6583,0.4164,1,0,1,11
6583,0.4127,1,0,1,13
6583,0.4276,1,1,1,14
6583,0.4541,1,1,1,15
6583,0.4614,1,1,1,16
6583,0.503,1,0,1,17
6583,0.4846,1,1,1,18
6583,0.4603,1,0,1,19
6583,0.5809,1,1,1,20
6583,0.4699,1,0,1,21
6583,0.4958,1,1,1,22
6583,0.5853,1,0,1,23
6583,0.5394,1,0,1,24
6583,0.4384,1,1,1,25
6583,0.5071,1,1,1,27
6583,0.4989,1,0,1,28
6583,0.5364,1,1,1,30
6583,0.499,1,0,1,31
6583,0.5006,1,0,1,32
6583,0.4364,1,0,1,33
6583,0.5012,1,0,1,34
6583,0.3867,1,0,1,35
6583,0.4868,1,0,1,36
6583,0.4767,1,1,1,38
6583,0.4924,1,1,1,40
6583,0.5447,1,1,1,41
6583,0.5557,1,1,1,42
6583,0.452,1,1,1,43
6583,0.446,1,1,1,44
6583,0.6004,1,1,1,47
6583,0.3965,1,1,1,48
6583,0.4147,1,1,1,50
6583,0.4082,1,0,1,51
6583,0.5198,1,0,1,52
6583,0.5394,1,0,1,53
6583,0.5752,1,0,1,56
6583,0.4968,1,1,1,57
6583,0.4173,1,0,1,58
6583,0.5301,1,0,1,60
6583,0.5491,1,1,1,61
6583,0.4193,1,0,1,62
6583,0.5282,1,1,1,63
6583,0.4399,1,1,1,68
6583,0.5037,1,1,1,71
6583,0.5234,1,0,1,74
6583,0.3928,1,0,1,75
6583,0.448,1,1,1,78
6583,0.4614,1,1,1,79
6583,0.4527,1,0,1,81
6583,0.4801,1,0,1,82
6583,0.5115,1,0,1,84
6583,0.4235,1,1,1,87
6583,0.4893,0,1,1,88
6583,0.461,1,0,1,92
6583,0.3661,1,0,1,95
6583,0.43120000000000003,1,1,1,98
6583,0.4185,1,0,1,99
6583,0.4974,1,1,1,100
6583,0.4334,1,0,1,102
6583,0.3967,1,1,1,103
6583,0.5035,1,1,1,105
6583,0.4955,1,1,1,106
6583,0.4136,1,0,1,108
6583,0.4286,1,0,1,110
6583,0.4752,1,0,1,112
6583,0.4356,1,0,1,115
6583,0.4145,1,1,1,116
6583,0.4522,1,0,1,118
6583,0.2678,0,0,1,120
6583,0.4708,1,0,1,122
6583,0.4695,1,1,1,123
6583,0.4842,1,1,1,124
6583,0.4352,1,1,1,125
6583,0.4307,1,1,1,126
6583,0.4183,1,1,1,127
6583,0.4684,1,0,1,2
6583,0.5084,1,0,1,4
6583,0.7594,1,1,1,5
6583,0.4304,1,1,1,8
6583,0.4641,1,0,1,10
6583,0.4896,1,0,1,12
6583,0.4365,1,1,1,14
6583,0.4433,1,1,1,15
6583,0.4612,1,1,1,16
6583,0.3484,1,0,1,21
6583,0.5431,1,0,1,23
6583,0.3863,1,0,1,24
6583,0.4977,1,1,1,26
6583,0.4087,1,0,1,27
6583,0.5028,1,1,1,29
6583,0.4087,1,1,1,30
6583,0.5457,1,1,1,31
6583,0.5876,1,1,1,35
6583,0.4444,1,1,1,36
6583,0.4199,1,1,1,37
6583,0.5924,1,1,1,39
6583,0.4888,1,1,1,40
6583,0.465,1,0,1,41
6583,0.5053,1,1,1,43
6583,0.4946,1,0,1,44
6583,0.4368,1,0,1,47
6583,0.6202,1,0,1,48
6583,0.7206,1,0,1,49
6583,0.4804,1,1,1,51
6583,0.4876,1,0,1,52
6583,0.5026,1,0,1,53
6583,0.468,1,0,1,54
6583,0.4285,1,1,1,57
6583,0.5241,1,0,1,58
6583,0.5825,1,0,1,65
6583,0.4139,1,0,1,66
6583,0.3347,1,0,1,67
6583,0.4294,1,1,1,68
6583,0.5235,1,1,1,70
6583,0.391,1,0,1,71
6583,0.4467,1,0,1,74
6583,0.423,1,0,1,75
6583,0.6873,1,1,1,76
6583,0.4028,1,0,1,77
6583,0.6296,1,1,1,78
6583,0.4219,1,1,1,79
6583,0.5143,1,1,1,80
6583,0.4183,1,1,1,81
6583,0.4263,0,1,1,82
6583,0.5711,1,1,1,83
6583,0.5356,1,1,1,84
6583,0.398,1,0,1,85
6583,0.4193,1,1,1,86
6583,0.4254,1,0,1,87
6583,0.4286,1,0,1,88
6583,0.4043,1,0,1,89
6583,0.4315,1,0,1,90
6583,0.4245,1,0,1,92
6583,0.3678,1,0,1,93
6583,0.5884,1,1,1,94
6583,0.4711,1,1,1,95
6583,0.4594,1,0,1,96
6583,0.442,1,0,1,97
6583,0.5789,1,1,1,98
6583,0.4409,1,1,1,100
6583,0.3943,1,1,1,101
6583,0.4756,1,1,1,102
6583,0.3256,1,0,1,104
6583,0.445,1,0,1,105
6583,0.3999,1,1,1,106
6583,0.3541,1,0,1,107
6583,0.3825,1,0,1,108
6583,0.375,1,0,1,109
6583,0.4142,1,1,1,111
6583,0.4311,1,0,1,112
6583,0.5143,1,1,1,116
6583,0.4594,1,1,1,118
6583,0.5205,1,0,1,120
6583,0.4251,1,1,1,121
6583,0.4603,1,0,1,123
6583,0.4544,1,1,1,125
6583,0.6088,1,1,1,1
6583,0.5025,1,1,1,2
6583,0.3693,1,0,1,3
6583,0.4323,1,0,1,8
6583,0.4097,1,0,1,10
6583,0.436,1,1,1,11
6583,0.4447,0,1,1,13
6583,0.4206,1,0,1,15
6583,0.4566,1,0,1,16
6583,0.4627,1,0,1,17
6583,0.4058,1,1,1,18
6583,0.4004,1,1,1,19
6583,0.4783,1,0,1,21
6583,0.4364,1,0,1,22
6583,0.3669,1,1,1,24
6583,0.4049,1,0,1,25
6583,0.398,1,1,1,26
6583,0.5328,1,0,1,27
6583,0.4951,1,1,1,30
6583,0.652,1,1,1,33
6583,0.413,1,1,1,34
6583,0.3806,1,1,1,35
6583,0.4585,1,1,1,37
6583,0.4961,1,1,1,38
6583,0.5053,1,0,1,39
6583,0.4857,1,1,1,40
6583,0.5268,1,0,1,41
6583,0.4024,1,1,1,42
6583,0.5762,1,1,1,45
6583,0.5046,1,1,1,46
6583,0.4038,1,0,1,48
6583,0.4303,1,0,1,50
6583,0.3691,1,0,1,51
6583,0.388,1,0,1,52
6583,0.4524,1,0,1,54
6583,0.4727,1,0,1,55
6583,0.5038,1,1,1,56
6583,0.5082,1,1,1,58
6583,0.4961,1,0,1,59
6583,0.3691,1,0,1,60
6583,0.6072,1,0,1,61
6583,0.4542,1,1,1,62
6583,0.4958,1,1,1,65
6583,0.4207,1,1,1,66
6583,0.5361,1,0,1,67
6583,0.4694,1,0,1,69
6583,0.4062,1,1,1,72
6583,0.4697,1,1,1,73
6583,0.4259,1,0,1,75
6583,0.4271,0,1,1,76
6583,0.537,1,0,1,79
6583,0.4447,1,0,1,80
6583,0.512,1,1,1,82
6583,0.4466,1,1,1,83
6583,0.4565,1,1,1,84
6583,0.4168,1,0,1,87
6583,0.4395,1,1,1,89
6583,0.5283,1,1,1,90
6583,0.4857,1,1,1,91
6583,0.5502,1,0,1,92
6583,0.4142,0,1,1,93
6583,0.4811,1,0,1,94
6583,0.4966,1,0,1,95
6583,0.4526,1,0,1,97
6583,0.6041,1,1,1,98
6583,0.4681,1,1,1,101
6583,0.5139,1,0,1,102
6583,0.575,1,1,1,103
6583,0.5858,1,0,1,105
6583,0.5729,1,0,1,108
6583,0.5816,1,1,1,110
6583,0.4643,1,1,1,113
6583,0.4029,1,0,1,114
6583,0.4957,1,0,1,115
6583,0.4627,1,0,1,116
6583,0.6563,0,0,1,117
6583,0.344,1,0,1,118
6583,0.3906,1,1,1,119
6583,0.446,1,0,1,120
6583,0.512,1,1,1,124
6583,0.372,0,1,1,125
6583,0.4038,1,1,1,126
6583,0.462,1,0,1,127
6583,0.6041,1,1,1,1
6583,0.5646,1,1,1,3
6583,0.5652,1,1,1,6
6583,0.4525,1,0,1,7
6583,0.3858,1,0,1,10
6583,0.3162,1,0,1,11
6583,0.6361,1,1,1,14
6583,0.3701,1,0,1,15
6583,0.4703,1,0,1,16
6583,0.3895,1,0,1,17
6583,0.397,1,0,1,19
6583,0.4305,1,1,1,21
6583,0.5407,1,1,1,23
6583,0.4029,1,0,1,24
6583,0.4664,1,1,1,25
6583,0.3747,1,0,1,26
6583,0.4464,1,0,1,27
6583,0.4484,1,1,1,29
6583,0.5297,0,0,1,31
6583,0.5095,1,1,1,32
6583,0.4064,1,0,1,34
6583,0.4494,1,1,1,35
6583,0.5359,1,1,1,37
6583,0.3969,1,0,1,39
6583,0.4004,1,1,1,41
6583,0.4181,1,0,1,43
6583,0.4536,1,1,1,47
6583,0.4112,1,0,1,48
6583,0.4008,1,0,1,49
6583,0.4278,1,0,1,50
6583,0.4657,1,0,1,51
6583,0.4189,1,0,1,52
6583,0.3886,1,1,1,53
6583,0.4371,1,1,1,55
6583,0.4294,1,0,1,56
6583,0.4255,1,1,1,57
6583,0.4275,1,0,1,58
6583,0.4738,1,1,1,60
6583,0.4452,1,1,1,61
6583,0.6017,1,1,1,62
6583,0.4076,1,0,1,63
6583,0.5428,1,1,1,64
6583,0.5263,1,1,1,66
6583,0.4279,1,1,1,67
6583,0.4496,1,0,1,68
6583,0.4214,1,0,1,69
6583,0.4492,1,0,1,70
6583,0.4317,1,1,1,71
6583,0.4531,1,1,1,72
6583,0.4051,1,1,1,73
6583,0.5003,1,1,1,74
6583,0.4878,0,1,1,75
6583,0.422,1,1,1,76
6583,0.3839,1,0,1,79
6583,0.4006,1,0,1,80
6583,0.367,1,0,1,81
6583,0.4852,1,1,1,82
6583,0.5041,1,0,1,84
6583,0.4074,1,0,1,87
6583,0.4184,1,0,1,88
6583,0.4265,1,1,1,90
6583,0.4073,1,1,1,92
6583,0.5371,1,0,1,95
6583,0.4616,1,1,1,96
6583,0.4529,1,1,1,97
6583,0.403,1,1,1,98
6583,0.3577,1,0,1,99
6583,0.3849,1,1,1,102
6583,0.4111,1,0,1,104
6583,0.4201,1,1,1,105
6583,0.5049,1,0,1,106
6583,0.3754,1,0,1,108
6583,0.4377,1,1,1,109
6583,0.3908,1,1,1,110
6583,0.469,1,1,1,112
6583,0.3792,1,0,1,114
6583,0.3749,0,1,1,115
6583,0.5667,1,0,1,116
6583,0.4094,1,0,1,119
6583,0.4578,1,1,1,121
6583,0.425,1,0,1,123
6583,0.375,1,0,1,124
6583,0.4638,0,0,1,125
6583,0.4777,1,1,1,126
6583,0.7556,1,0,1,1
6583,0.5959,0,1,1,3
6583,0.3939,1,1,1,4
6583,0.6826,1,0,1,5
6583,0.5286,1,1,1,7
6583,0.6755,1,1,1,8
6583,0.4615,1,1,1,9
6583,0.4432,1,1,1,11
6583,0.4075,1,0,1,12
6583,0.3808,1,0,1,14
6583,0.5476,1,0,1,15
6583,0.3934,1,0,1,16
6583,0.4899,1,1,1,17
6583,0.396,1,1,1,18
6583,0.3889,1,0,1,19
6583,0.4195,1,1,1,20
6583,0.4728,1,0,1,22
6583,0.4255,1,0,1,23
6583,0.4423,1,1,1,24
6583,0.4868,1,1,1,25
6583,0.4322,1,0,1,27
6583,0.4149,1,0,1,28
6583,0.4216,1,0,1,29
6583,0.358,1,0,1,30
6583,0.4112,1,0,1,31
6583,0.437,1,0,1,34
6583,0.485,1,1,1,36
6583,0.5796,1,1,1,40
6583,0.4101,1,0,1,44
6583,0.5765,1,0,1,47
6583,0.4158,1,0,1,48
6583,0.4263,1,1,1,49
6583,0.4133,1,1,1,50
6583,0.4618,1,1,1,51
6583,0.4074,1,1,1,52
6583,0.3501,1,1,1,53
6583,0.485,1,0,1,55
6583,0.3938,1,1,1,57
6583,0.4506,1,0,1,58
6583,0.437,1,0,1,60
6583,0.4799,1,0,1,63
6583,0.5991,1,1,1,64
6583,0.5532,1,1,1,66
6583,0.5313,1,1,1,67
6583,0.6592,1,1,1,68
6583,0.3861,1,0,1,70
6583,0.4354,1,0,1,72
6583,0.3323,0,1,1,74
6583,0.4663,1,1,1,76
6583,0.4428,1,0,1,77
6583,0.4676,1,0,1,78
6583,0.4956,1,1,1,79
6583,0.6013,1,0,1,80
6583,0.5007,1,0,1,84
6583,0.4236,1,1,1,87
6583,0.3841,1,0,1,89
6583,0.5803,1,1,1,90
6583,0.645,1,1,1,91
6583,0.383,1,0,1,92
6583,0.4128,1,1,1,93
6583,0.4418,1,1,1,94
6583,0.4833,1,1,1,95
6583,0.5125,1,0,1,98
6583,0.3962,1,0,1,100
6583,0.3967,1,0,1,101
6583,0.4694,1,0,1,103
6583,0.6859,1,1,1,105
6583,0.468,1,0,1,106
6583,0.5142,1,1,1,107
6583,0.454,1,0,1,111
6583,0.483,1,0,1,112
6583,0.4054,1,0,1,113
6583,0.3924,1,1,1,114
6583,0.6122,1,1,1,116
6583,0.4097,1,0,1,117
6583,0.4524,1,0,1,118
6583,0.5457,1,1,1,119
6583,0.4641,1,1,1,121
6583,0.4836,1,1,1,124
6583,0.365,1,0,1,125
6583,0.3941,1,1,1,126
6583,0.5314,1,1,1,127
6583,0.4243,1,0,1,2
6583,0.4298,1,0,1,3
6583,0.4045,1,0,1,7
6583,0.5146,1,1,1,12
6583,0.5525,1,1,1,14
6583,0.4564,1,1,1,15
6583,0.4874,1,1,1,16
6583,0.4526,1,0,1,18
6583,0.4749,1,0,1,19
6583,0.4912,1,0,1,20
6583,0.4916,1,0,1,21
6583,0.4913,0,1,1,22
6583,0.5697,1,1,1,23
6583,0.5217,1,1,1,25
6583,0.5048,1,1,1,26
6583,0.4629,1,0,1,27
6583,0.4341,1,1,1,28
6583,0.5177,1,1,1,29
6583,0.4541,1,1,1,32
6583,0.5582,1,0,1,33
6583,0.5337,1,0,1,34
6583,0.5009,1,1,1,35
6583,0.4317,1,1,1,37
6583,0.4597,1,1,1,39
6583,0.5383,1,0,1,41
6583,0.4872,1,1,1,43
6583,0.3864,1,1,1,44
6583,0.4677,1,0,1,46
6583,0.5565,1,1,1,48
6583,0.4882,1,0,1,49
6583,0.4416,1,1,1,50
6583,0.5864,1,1,1,52
6583,0.3887,1,1,1,54
6583,0.4079,1,0,1,55
6583,0.6821,1,0,1,56
6583,0.4437,1,0,1,57
6583,0.4184,1,0,1,59
6583,0.4461,1,1,1,60
6583,0.4079,1,0,1,61
6583,0.4899,1,1,1,63
6583,0.4965,1,0,1,64
6583,0.4284,1,0,1,66
6583,0.6563,1,1,1,67
6583,0.5203,1,0,1,68
6583,0.7525,1,1,1,69
6583,0.5003,1,1,1,70
6583,0.4298,1,0,1,72
6583,0.6698,1,0,1,73
6583,0.4003,1,0,1,74
6583,0.4761,1,0,1,75
6583,0.5444,1,1,1,76
6583,0.4248,1,0,1,77
6583,0.7203,1,1,1,79
6583,0.4192,1,0,1,80
6583,0.4363,1,0,1,83
6583,0.4703,1,1,1,85
6583,0.4273,1,0,1,86
6583,0.4465,1,1,1,89
6583,0.5186,1,1,1,90
6583,0.4508,1,1,1,91
6583,0.5669,1,0,1,93
6583,0.4949,1,1,1,96
6583,0.4055,1,0,1,98
6583,0.5158,1,1,1,99
6583,0.459,1,0,1,100
6583,0.4459,1,0,1,102
6583,0.4489,1,1,1,104
6583,0.4566,1,0,1,105
6583,0.5096,1,1,1,107
6583,0.5484,1,1,1,108
6583,0.5597,0,0,1,111
6583,0.5021,1,1,1,113
6583,0.5699,1,1,1,114
6583,0.6156,1,1,1,115
6583,0.5971,1,0,1,116
6583,0.566,1,0,1,118
6583,0.4317,1,0,1,119
6583,0.5291,1,1,1,121
6583,0.4144,1,1,1,122
6583,0.4502,1,0,1,123
6583,0.4568,1,0,1,124
6583,0.4664,1,1,1,126
6583,0.4832,1,1,1,1
6583,0.616,1,0,1,4
6583,0.5809,1,0,1,7
6583,0.4543,1,1,1,9
6583,0.5687,1,0,1,10
6583,0.4645,0,0,1,11
6583,0.6348,1,0,1,12
6583,0.4701,1,1,1,14
6583,0.4042,1,1,1,15
6583,0.4311,1,0,1,17
6583,0.5293,1,1,1,18
6583,0.4809,1,1,1,19
6583,0.4864,1,0,1,20
6583,0.4533,1,1,1,21
6583,0.493,1,1,1,22
6583,0.493,1,1,1,23
6583,0.498,1,1,1,26
6583,0.4236,1,1,1,27
6583,0.4293,1,1,1,29
6583,0.6521,0,0,1,30
6583,0.4317,0,0,1,31
6583,0.5142,1,0,1,33
6583,0.4848,1,1,1,34
6583,0.4364,1,1,1,35
6583,0.7556,1,1,1,36
6583,0.5249,1,0,1,37
6583,0.4207,1,0,1,39
6583,0.3762,1,0,1,41
6583,0.3426,1,1,1,42
6583,0.48,1,0,1,43
6583,0.4242,1,1,1,44
6583,0.4214,1,1,1,46
6583,0.4198,1,0,1,47
6583,0.3901,1,1,1,49
6583,0.4196,1,1,1,52
6583,0.4916,1,0,1,54
6583,0.5795,0,0,1,58
6583,0.43,1,0,1,61
6583,0.4835,1,0,1,64
6583,0.3924,1,0,1,65
6583,0.3669,1,0,1,67
6583,0.4925,1,1,1,71
6583,0.3685,1,0,1,72
6583,0.5308,1,1,1,73
6583,0.4757,1,1,1,74
6583,0.5167,1,0,1,75
6583,0.4807,1,0,1,76
6583,0.4531,1,1,1,77
6583,0.4202,1,0,1,78
6583,0.415,0,1,1,79
6583,0.5024,1,0,1,80
6583,0.4164,1,1,1,82
6583,0.4702,1,1,1,83
6583,0.3969,1,0,1,84
6583,0.4198,1,0,1,85
6583,0.4425,1,0,1,86
6583,0.4171,1,0,1,87
6583,0.6818,1,1,1,89
6583,0.464,1,1,1,90
6583,0.5081,1,1,1,91
6583,0.4306,1,1,1,93
6583,0.4861,1,1,1,94
6583,0.5791,1,1,1,99
6583,0.4187,1,0,1,100
6583,0.4951,1,0,1,101
6583,0.4356,1,1,1,103
6583,0.5107,1,0,1,105
6583,0.4696,1,1,1,106
6583,0.4269,1,0,1,107
6583,0.4642,1,1,1,108
6583,0.5372,1,0,1,109
6583,0.401,1,0,1,110
6583,0.3962,1,0,1,112
6583,0.485,1,1,1,113
6583,0.4137,1,0,1,114
6583,0.4115,1,0,1,115
6583,0.3645,1,1,1,116
6583,0.4252,1,0,1,118
6583,0.4949,1,1,1,122
6583,0.4913,1,1,1,124
6583,0.4425,1,0,1,125
6583,0.5835,1,0,1,0
6583,0.6145,1,0,1,3
6583,0.5321,1,1,1,5
6583,0.5081,1,1,1,8
6583,0.4788,1,1,1,9
6583,0.4297,1,0,1,10
6583,0.3832,1,0,1,12
6583,0.3844,1,1,1,13
6583,0.4451,1,1,1,14
6583,0.4496,0,1,1,16
6583,0.4081,1,0,1,18
6583,0.4311,1,0,1,19
6583,0.5144,0,1,1,20
6583,0.51,1,0,1,21
6583,0.6249,0,0,1,22
6583,0.5813,1,0,1,23
6583,0.4123,1,1,1,26
6583,0.5815,1,1,1,30
6583,0.5253,1,1,1,31
6583,0.3944,1,0,1,32
6583,0.4158,1,1,1,33
6583,0.4286,1,1,1,34
6583,0.4728,1,0,1,40
6583,0.506,1,0,1,42
6583,0.4573,1,1,1,46
6583,0.5309,1,0,1,48
6583,0.4559,1,0,1,50
6583,0.4412,1,1,1,51
6583,0.4297,1,1,1,52
6583,0.4337,1,0,1,53
6583,0.4524,1,1,1,54
6583,0.6149,1,0,1,56
6583,0.3335,1,0,1,57
6583,0.4303,1,0,1,58
6583,0.4544,1,0,1,60
6583,0.4368,1,1,1,61
6583,0.4009,1,0,1,62
6583,0.4278,1,1,1,63
6583,0.4308,1,0,1,64
6583,0.3718,1,1,1,65
6583,0.4711,1,1,1,66
6583,0.4306,0,1,1,67
6583,0.4689,1,0,1,68
6583,0.4291,1,1,1,69
6583,0.4726,1,0,1,70
6583,0.481,1,1,1,71
6583,0.3899,1,0,1,72
6583,0.4267,1,0,1,73
6583,0.4259,1,1,1,74
6583,0.4264,1,1,1,75
6583,0.4058,1,1,1,76
6583,0.3962,1,0,1,77
6583,0.3403,1,0,1,78
6583,0.376,1,1,1,79
6583,0.4404,1,0,1,80
6583,0.4293,1,0,1,82
6583,0.3753,1,0,1,83
6583,0.4635,1,1,1,84
6583,0.4101,1,0,1,85
6583,0.4875,1,1,1,86
6583,0.3734,1,1,1,87
6583,0.4287,1,0,1,89
6583,0.3398,1,1,1,92
6583,0.3581,1,0,1,94
6583,0.4566,1,0,1,98
6583,0.4848,1,1,1,99
6583,0.3308,1,0,1,101
6583,0.4232,1,1,1,102
6583,0.4253,1,0,1,103
6583,0.4289,1,0,1,104
6583,0.433,1,1,1,105
6583,0.4279,1,1,1,106
6583,0.4944,1,1,1,107
6583,0.4359,1,0,1,110
6583,0.3387,1,1,1,111
6583,0.3186,1,1,1,113
6583,0.4199,1,0,1,114
6583,0.4948,1,1,1,116
6583,0.3361,1,0,1,117
6583,0.4697,1,1,1,119
6583,0.4467,0,1,1,121
6583,0.4892,1,0,1,122
6583,0.429,1,0,1,126
6583,0.4158,1,1,1,127
6634,0.3673,1,0,1,1
6634,0.4675,1,0,1,2
6634,0.4169,1,0,1,3
6634,0.6008,1,0,1,5
6634,0.6001,1,1,1,6
6634,0.4836,1,0,1,11
6634,0.4143,1,0,1,12
6634,0.5198,1,1,1,14
6634,0.3837,1,0,1,15
6634,0.517,0,1,1,17
6634,0.5006,1,0,1,18
6634,0.5665,1,1,1,19
6634,0.5505,1,0,1,20
6634,0.5344,1,1,1,21
6634,0.7672,1,1,1,22
6634,0.5671,1,1,1,23
6634,0.4666,1,1,1,24
6634,0.4174,1,0,1,25
6634,0.4507,1,1,1,26
6634,0.4001,1,0,1,27
6634,0.4336,1,0,1,28
6634,0.417,1,0,1,32
6634,0.4299,1,0,1,33
6634,0.4534,1,0,1,34
6634,0.5011,1,1,1,35
6634,0.4845,1,1,1,38
6634,0.5337,1,1,1,40
6634,0.4653,1,1,1,41
6634,0.4009,1,1,1,42
6634,0.3503,1,0,1,43
6634,0.4502,1,1,1,44
6634,0.5173,1,1,1,45
6634,0.4673,1,0,1,47
6634,0.6163,1,1,1,48
6634,0.5174,1,0,1,49
6634,0.5858,1,1,1,53
6634,0.6179,1,1,1,55
6634,0.4843,1,0,1,56
6634,0.5338,1,1,1,57
6634,0.5176,1,1,1,59
6634,0.4326,1,0,1,60
6634,0.5509,1,1,1,62
6634,0.6169,1,1,1,63
6634,0.4464,1,0,1,65
6634,0.6174,1,0,1,66
6634,0.5173,1,0,1,67
6634,0.6333,1,1,1,68
6634,0.4342,1,0,1,70
6634,0.4501,1,0,1,71
6634,0.4838,1,0,1,72
6634,0.486,1,0,1,73
6634,0.6347,1,1,1,75
6634,0.5009,1,0,1,76
6634,0.484,1,0,1,78
6634,0.4174,1,0,1,84
6634,0.4674,1,1,1,85
6634,0.3992,1,1,1,86
6634,0.4342,1,0,1,88
6634,0.4198,1,1,1,90
6634,0.4337,1,0,1,91
6634,0.55,1,1,1,92
6634,0.4169,1,1,1,93
6634,0.5337,1,1,1,96
6634,0.4664,1,1,1,98
6634,0.5669,1,1,1,101
6634,0.5346,1,1,1,102
6634,0.5331,1,1,1,103
6634,0.6008,1,1,1,104
6634,0.517,1,1,1,106
6634,0.5177,1,0,1,111
6634,0.4503,1,1,1,112
6634,0.6502,1,0,1,113
6634,0.4676,1,1,1,115
6634,0.4177,1,0,1,117
6634,0.3969,1,0,1,118
6634,0.4003,1,0,1,119
6634,0.3659,1,0,1,120
6634,0.3329,1,0,1,121
6634,0.4636,1,0,1,123
6634,0.5007,0,1,1,124
6634,0.4666,1,0,1,125
6634,0.5508,1,1,1,126
6634,0.3694,1,0,1,5
6634,0.3507,1,1,1,7
6634,0.3478,1,0,1,8
6634,0.5157,1,1,1,10
6634,0.4862,1,1,1,11
6634,0.3653,1,0,1,12
6634,0.4069,1,1,1,14
6634,0.4356,1,1,1,15
6634,0.3496,1,1,1,16
6634,0.3668,1,0,1,17
6634,0.3515,1,0,1,18
6634,0.3472,1,0,1,19
6634,0.3671,1,1,1,20
6634,0.4162,1,1,1,21
6634,0.3502,1,0,1,22
6634,0.3997,1,1,1,23
6634,0.4505,1,0,1,26
6634,0.3997,1,1,1,27
6634,0.3838,1,0,1,28
6634,0.3672,1,1,1,29
6634,0.4502,1,0,1,30
6634,0.3835,1,1,1,32
6634,0.5505,1,1,1,35
6634,0.5508,1,1,1,36
6634,0.417,1,0,1,37
6634,0.3503,1,1,1,38
6634,0.5006,1,0,1,41
6634,0.4128,1,1,1,42
6634,0.4033,1,1,1,43
6634,0.3943,0,1,1,44
6634,0.3395,1,0,1,45
6634,0.5118,1,1,1,46
6634,0.4705,1,1,1,49
6634,0.4514,1,0,1,50
6634,0.352,1,0,1,51
6634,0.4671,1,1,1,52
6634,0.3186,1,0,1,53
6634,0.3361,1,0,1,60
6634,0.3525,1,0,1,61
6634,0.4521,1,1,1,62
6634,0.5173,1,1,1,63
6634,0.419,1,0,1,65
6634,0.3536,1,0,1,66
6634,0.4989,1,1,1,67
6634,0.3915,1,1,1,68
6634,0.3445,0,1,1,69
6634,0.3846,1,0,1,70
6634,0.5337,1,1,1,71
6634,0.3809,1,0,1,72
6634,0.4096,1,0,1,73
6634,0.4107,0,1,1,77
6634,0.4953,1,0,1,78
6634,0.5456,1,0,1,83
6634,0.3968,1,0,1,85
6634,0.4699,1,1,1,86
6634,0.5346,1,0,1,87
6634,0.4615,1,1,1,88
6634,0.5064,1,0,1,89
6634,0.4359,1,0,1,92
6634,0.4803,1,0,1,93
6634,0.3955,1,1,1,94
6634,0.4401,1,0,1,95
6634,0.4245,1,0,1,96
6634,0.4448,1,0,1,97
6634,0.3487,1,1,1,99
6634,0.3353,1,0,1,103
6634,0.4603,1,0,1,104
6634,0.3608,1,0,1,106
6634,0.5982,1,0,1,107
6634,0.4657,1,1,1,108
6634,0.3857,1,0,1,109
6634,0.4465,1,0,1,110
6634,0.421,1,0,1,111
6634,0.4035,1,1,1,114
6634,0.4146,1,1,1,116
6634,0.4033,1,1,1,117
6634,0.3665,0,1,1,118
6634,0.4485,1,1,1,119
6634,0.3349,1,0,1,120
6634,0.4172,1,0,1,122
6634,0.5401,1,1,1,125
6634,0.2871,1,1,1,126
6634,0.4028,1,0,1,1
6634,0.4343,1,0,1,3
6634,0.35,1,0,1,4
6634,0.4499,1,0,1,6
6634,0.4009,1,0,1,8
6634,0.3666,1,1,1,10
6634,0.4006,0,1,1,11
6634,0.4504,1,1,1,12
6634,0.3195,1,1,1,14
6634,0.3673,0,1,1,16
6634,0.5676,1,1,1,17
6634,0.3502,1,0,1,20
6634,0.5673,1,0,1,21
6634,0.4344,1,0,1,23
6634,0.3673,0,1,1,25
6634,0.4504,0,1,1,26
6634,0.3675,1,0,1,27
6634,0.367,1,0,1,29
6634,0.4674,1,0,1,30
6634,0.5164,1,0,1,31
6634,0.367,1,0,1,32
6634,0.4167,1,0,1,33
6634,0.434,1,0,1,34
6634,0.4508,1,0,1,35
6634,0.4677,1,0,1,36
6634,0.5178,1,1,1,37
6634,0.5175,1,1,1,38
6634,0.4005,1,0,1,44
6634,0.4339,1,1,1,45
6634,0.3838,1,0,1,46
6634,0.3513,1,1,1,47
6634,0.3839,0,1,1,48
6634,0.384,1,0,1,49
6634,0.5175,1,1,1,52
6634,0.3174,0,1,1,53
6634,0.434,1,1,1,56
6634,0.4536,1,0,1,57
6634,0.4679,1,1,1,59
6634,0.4343,1,1,1,61
6634,0.367,1,0,1,63
6634,0.4671,1,1,1,64
6634,0.317,0,1,1,66
6634,0.4844,1,0,1,68
6634,0.4165,0,1,1,69
6634,0.4004,1,0,1,70
6634,0.3834,1,0,1,72
6634,0.5634,1,1,1,74
6634,0.4338,1,1,1,75
6634,0.5011,1,1,1,76
6634,0.4697,1,1,1,77
6634,0.5167,1,0,1,78
6634,0.3506,1,0,1,79
6634,0.3526,1,0,1,82
6634,0.4529,1,1,1,83
6634,0.4505,1,1,1,84
6634,0.4013,1,0,1,85
6634,0.4557,1,1,1,86
6634,0.4197,1,0,1,87
6634,0.4526,1,0,1,89
6634,0.4169,0,1,1,90
6634,0.5336,1,1,1,91
6634,0.4676,1,0,1,92
6634,0.4341,1,0,1,93
6634,0.4845,1,1,1,95
6634,0.417,1,0,1,98
6634,0.4843,1,1,1,99
6634,0.3836,1,0,1,100
6634,0.5007,1,1,1,101
6634,0.368,1,1,1,102
6634,0.4372,1,0,1,104
6634,0.4504,1,1,1,108
6634,0.4832,1,1,1,110
6634,0.5334,1,1,1,111
6634,0.4006,1,0,1,112
6634,0.4007,1,0,1,113
6634,0.3894,1,0,1,116
6634,0.4344,0,1,1,117
6634,0.5343,1,1,1,119
6634,0.451,1,1,1,120
6634,0.417,1,0,1,121
6634,0.4669,1,1,1,124
6634,0.4008,1,1,1,125
6634,0.3836,1,0,1,1
6634,0.4003,1,0,1,2
6634,0.4165,0,1,1,5
6634,0.6838,1,0,1,6
6634,0.467,1,1,1,9
6634,0.4173,1,0,1,12
6634,0.4,1,0,1,13
6634,0.5171,1,1,1,14
6634,0.4199,1,0,1,15
6634,0.7174,1,1,1,16
6634,0.567,1,0,1,18
6634,0.3633,0,0,1,19
6634,0.3793,0,1,1,21
6634,0.3991,1,0,1,23
6634,0.3618,1,1,1,25
6634,0.3843,0,1,1,27
6634,0.4334,1,0,1,28
6634,0.3566,1,1,1,29
6634,0.4021,1,0,1,30
6634,0.4,1,1,1,32
6634,0.3936,1,0,1,34
6634,0.525,1,1,1,35
6634,0.419,1,1,1,38
6634,0.4426,0,0,1,40
6634,0.4381,1,0,1,41
6634,0.3419,0,1,1,42
6634,0.4322,1,0,1,43
6634,0.451,1,1,1,46
6634,0.4193,1,1,1,47
6634,0.7679,1,1,1,49
6634,0.4237,1,1,1,50
6634,0.3747,1,0,1,51
6634,0.3867,1,0,1,52
6634,0.4117,1,1,1,53
6634,0.4058,1,1,1,54
6634,0.4098,1,1,1,55
6634,0.5173,1,0,1,56
6634,0.408,1,0,1,57
6634,0.4603,1,0,1,58
6634,0.6299,1,0,1,59
6634,0.451,1,0,1,63
6634,0.484,1,1,1,64
6634,0.3744,1,1,1,67
6634,0.4499,1,0,1,68
6634,0.3577,1,1,1,69
6634,0.3414,1,0,1,71
6634,0.3453,1,1,1,73
6634,0.4202,0,1,1,74
6634,0.4726,1,1,1,76
6634,0.4157,1,0,1,77
6634,0.3643,1,0,1,80
6634,0.4305,1,1,1,81
6634,0.3458,1,1,1,83
6634,0.5349,1,1,1,85
6634,0.4371,1,0,1,87
6634,0.3631,1,0,1,89
6634,0.3535,1,0,1,90
6634,0.3589,1,0,1,91
6634,0.3844,1,0,1,93
6634,0.3158,0,0,1,94
6634,0.502,1,1,1,95
6634,0.3464,1,0,1,96
6634,0.3581,1,0,1,97
6634,0.4327,1,0,1,98
6634,0.5003,1,0,1,99
6634,0.4514,1,1,1,100
6634,0.5036,1,1,1,101
6634,0.4214,1,1,1,102
6634,0.3468,1,0,1,103
6634,0.4452,1,1,1,108
6634,0.415,1,0,1,109
6634,0.3624,1,1,1,110
6634,0.387,1,1,1,111
6634,0.5744,1,1,1,112
6634,0.364,1,0,1,113
6634,0.4615,1,1,1,116
6634,0.5469,1,1,1,117
6634,0.3884,1,1,1,118
6634,0.4534,1,0,1,120
6634,0.4779,1,1,1,122
6634,0.4176,1,0,1,124
6634,0.5174,1,1,1,125
6634,0.5864,1,1,1,126
6634,0.6524,1,0,1,0
6634,0.3844,1,0,1,1
6634,0.3675,0,1,1,7
6634,0.4669,1,0,1,8
6634,0.4672,1,0,1,9
6634,0.3508,1,1,1,10
6634,0.3703,0,1,1,11
6634,0.4172,0,1,1,12
6634,0.5995,1,1,1,13
6634,0.517,1,1,1,15
6634,0.4337,1,0,1,19
6634,0.4499,1,1,1,20
6634,0.4843,1,0,1,21
6634,0.4036,1,0,1,24
6634,0.4343,1,1,1,26
6634,0.4837,1,0,1,29
6634,0.4001,1,1,1,30
6634,0.4336,1,0,1,31
6634,0.5836,1,0,1,32
6634,0.4534,1,1,1,33
6634,0.4678,1,0,1,34
6634,0.5345,1,1,1,35
6634,0.4842,1,1,1,37
6634,0.5044,1,0,1,38
6634,0.4672,1,0,1,40
6634,0.4506,1,0,1,43
6634,0.5482,1,0,1,44
6634,0.5503,1,0,1,47
6634,0.6172,1,1,1,48
6634,0.4674,1,0,1,49
6634,0.4001,1,0,1,50
6634,0.4365,1,0,1,53
6634,0.3679,1,0,1,54
6634,0.4002,1,1,1,56
6634,0.4842,1,0,1,57
6634,0.3838,1,1,1,59
6634,0.5171,1,1,1,60
6634,0.4663,1,1,1,61
6634,0.4837,1,1,1,62
6634,0.3508,1,0,1,65
6634,0.3833,1,0,1,66
6634,0.4839,1,1,1,67
6634,0.4336,1,1,1,68
6634,0.3834,1,0,1,69
6634,0.4339,1,1,1,70
6634,0.5839,1,0,1,72
6634,0.4005,1,1,1,74
6634,0.3858,1,1,1,75
6634,0.4025,1,1,1,77
6634,0.6339,1,1,1,80
6634,0.4515,1,0,1,81
6634,0.3585,1,1,1,82
6634,0.5249,1,1,1,83
6634,0.4339,1,0,1,84
6634,0.4993,1,0,1,86
6634,0.5514,1,1,1,87
6634,0.4935,1,1,1,91
6634,0.4027,1,0,1,92
6634,0.3932,1,0,1,93
6634,0.4657,1,1,1,94
6634,0.536,1,1,1,95
6634,0.4445,1,1,1,96
6634,0.4599,1,1,1,97
6634,0.4483,1,0,1,98
6634,0.5503,1,1,1,99
6634,0.5117,1,0,1,101
6634,0.4663,1,0,1,102
6634,0.4694,1,1,1,103
6634,0.3576,1,0,1,104
6634,0.2977,0,1,1,105
6634,0.3842,1,0,1,106
6634,0.4479,0,1,1,107
6634,0.3349,1,0,1,108
6634,0.49370000000000003,1,0,1,109
6634,0.5298,1,1,1,111
6634,0.4182,1,1,1,115
6634,0.4953,1,1,1,116
6634,0.4359,1,0,1,117
6634,0.4361,1,0,1,119
6634,0.696,1,1,1,120
6634,0.4403,1,0,1,121
6634,0.4488,1,0,1,122
6634,0.4759,1,1,1,125
6634,0.4525,1,0,1,127
6634,0.407,1,0,1,1
6634,0.3705,1,0,1,3
6634,0.5626,1,1,1,5
6634,0.5668,1,1,1,6
6634,0.4583,1,0,1,7
6634,0.4448,1,0,1,8
6634,0.3961,1,1,1,9
6634,0.5166,1,1,1,11
6634,0.5051,1,0,1,12
6634,0.4463,1,0,1,13
6634,0.5355,1,1,1,15
6634,0.4347,1,0,1,16
6634,0.4031,0,1,1,17
6634,0.4455,1,0,1,18
6634,0.4466,1,1,1,22
6634,0.4306,1,0,1,23
6634,0.433,1,1,1,24
6634,0.4537,1,1,1,25
6634,0.5989,1,1,1,26
6634,0.4526,1,1,1,27
6634,0.4282,1,0,1,28
6634,0.4324,1,0,1,29
6634,0.4187,1,0,1,30
6634,0.3476,1,0,1,31
6634,0.3914,0,1,1,33
6634,0.4923,1,0,1,34
6634,0.3445,1,0,1,35
6634,0.4765,1,1,1,36
6634,0.4329,1,1,1,37
6634,0.4206,1,1,1,39
6634,0.4218,1,1,1,40
6634,0.388,1,1,1,44
6634,0.4168,1,0,1,45
6634,0.4172,1,1,1,49
6634,0.3684,1,0,1,50
6634,0.4994,1,1,1,51
6634,0.3732,1,1,1,53
6634,0.3911,1,0,1,55
6634,0.3185,1,0,1,56
6634,0.4114,1,0,1,57
6634,0.5031,1,1,1,58
6634,0.3817,1,0,1,59
6634,0.4415,0,1,1,62
6634,0.3498,1,0,1,65
6634,0.4223,1,1,1,66
6634,0.3417,1,0,1,69
6634,0.3443,1,0,1,70
6634,0.3855,1,0,1,73
6634,0.3944,1,0,1,74
6634,0.4189,0,1,1,78
6634,0.3842,1,0,1,79
6634,0.3468,1,0,1,82
6634,0.361,1,0,1,83
6634,0.3711,1,0,1,84
6634,0.3443,1,0,1,85
6634,0.486,1,1,1,87
6634,0.4615,1,1,1,88
6634,0.4438,1,0,1,90
6634,0.4856,1,1,1,91
6634,0.4773,1,1,1,92
6634,0.3191,1,1,1,93
6634,0.3924,0,1,1,94
6634,0.6836,1,1,1,95
6634,0.5215,1,1,1,97
6634,0.4322,1,0,1,100
6634,0.4968,1,0,1,101
6634,0.3356,1,0,1,103
6634,0.3377,1,0,1,106
6634,0.2819,1,0,1,108
6634,0.6345,1,1,1,109
6634,0.578,1,1,1,110
6634,0.525,1,0,1,111
6634,0.4288,0,1,1,112
6634,0.5751,1,1,1,113
6634,0.4367,1,1,1,114
6634,0.5534,1,1,1,117
6634,0.4194,1,1,1,119
6634,0.4365,1,1,1,120
6634,0.513,1,1,1,121
6634,0.4308,1,0,1,122
6634,0.4617,1,1,1,125
6634,0.4125,1,0,1,127
6634,0.4844,1,1,1,1
6634,0.4706,1,0,1,2
6634,0.3844,0,1,1,4
6634,0.4,1,1,1,5
6634,0.3873,1,0,1,6
6634,0.4839,1,1,1,7
6634,0.4843,1,1,1,10
6634,0.3627,1,0,1,12
6634,0.5599,1,0,1,13
6634,0.4458,1,1,1,16
6634,0.4201,1,1,1,17
6634,0.3948,1,1,1,18
6634,0.4431,1,1,1,19
6634,0.4329,1,1,1,21
6634,0.3736,1,0,1,24
6634,0.3441,1,1,1,25
6634,0.3696,1,0,1,26
6634,0.3772,1,0,1,27
6634,0.4769,1,0,1,28
6634,0.477,1,0,1,33
6634,0.5445,1,0,1,34
6634,0.4387,1,0,1,36
6634,0.4431,1,0,1,38
6634,0.5178,1,1,1,40
6634,0.5451,1,1,1,42
6634,0.4424,1,0,1,43
6634,0.3623,1,1,1,44
6634,0.4678,1,0,1,46
6634,0.4202,1,0,1,48
6634,0.451,1,1,1,50
6634,0.4449,1,0,1,52
6634,0.4351,1,0,1,53
6634,0.4523,1,1,1,54
6634,0.4842,1,0,1,55
6634,0.451,0,1,1,56
6634,0.4013,1,0,1,57
6634,0.3957,1,1,1,58
6634,0.5164,1,1,1,59
6634,0.3962,1,0,1,62
6634,0.4294,0,1,1,63
6634,0.4108,1,0,1,64
6634,0.4646,1,1,1,65
6634,0.4663,1,0,1,66
6634,0.3874,1,0,1,68
6634,0.4865,1,0,1,73
6634,0.4767,1,1,1,74
6634,0.4546,1,0,1,75
6634,0.4444,1,0,1,76
6634,0.4495,1,1,1,77
6634,0.4305,1,0,1,78
6634,0.5334,1,1,1,79
6634,0.5391,1,0,1,80
6634,0.5249,1,0,1,81
6634,0.4826,1,0,1,82
6634,0.5371,1,1,1,83
6634,0.5013,1,0,1,85
6634,0.5292,1,1,1,88
6634,0.5118,1,1,1,89
6634,0.544,1,1,1,90
6634,0.5122,1,0,1,91
6634,0.6047,1,1,1,93
6634,0.5702,1,1,1,94
6634,0.4816,1,1,1,99
6634,0.4958,0,1,1,103
6634,0.5035,1,1,1,105
6634,0.3963,1,1,1,108
6634,0.4622,1,0,1,109
6634,0.458,1,0,1,110
6634,0.445,1,1,1,112
6634,0.4853,1,0,1,113
6634,0.5862,1,1,1,114
6634,0.6131,1,0,1,115
6634,0.5115,1,0,1,116
6634,0.5636,1,1,1,118
6634,0.4392,1,0,1,119
6634,0.6338,1,1,1,120
6634,0.4901,1,1,1,121
6634,0.5922,1,1,1,123
6634,0.5803,1,0,1,126
6634,0.6326,1,1,1,127
6634,0.6719,1,0,1,0
6634,0.5707,1,1,1,2
6634,0.4833,1,1,1,3
6634,0.5,1,0,1,4
6634,0.5187,1,1,1,5
6634,0.5451,1,1,1,6
6634,0.7495,1,1,1,7
6634,0.5146,1,1,1,10
6634,0.574,1,0,1,11
6634,0.5426,1,1,1,12
6634,0.5166,1,1,1,14
6634,0.5308,1,1,1,15
6634,0.4657,1,0,1,16
6634,0.5597,1,0,1,17
6634,0.4709,1,0,1,26
6634,0.4731,1,0,1,27
6634,0.461,0,1,1,28
6634,0.4601,1,0,1,30
6634,0.51,1,0,1,33
6634,0.5207,1,1,1,34
6634,0.5606,1,0,1,36
6634,0.5141,1,0,1,37
6634,0.5473,1,1,1,39
6634,0.5738,1,1,1,40
6634,0.8352,1,0,1,42
6634,0.8414,1,1,1,44
6634,0.5291,1,1,1,45
6634,0.558,1,1,1,49
6634,0.539,1,0,1,50
6634,0.6793,1,1,1,52
6634,0.4606,1,0,1,53
6634,0.4686,1,0,1,55
6634,0.4043,1,0,1,56
6634,0.5861,1,1,1,57
6634,0.4981,1,0,1,58
6634,0.5826,1,0,1,59
6634,0.5426,1,1,1,61
6634,0.6121,1,1,1,63
6634,0.7668,1,0,1,65
6634,0.5083,1,0,1,67
6634,0.4755,0,1,1,68
6634,0.5268,1,0,1,70
6634,0.5052,1,0,1,72
6634,0.4726,1,0,1,73
6634,0.496,1,0,1,77
6634,0.6809,1,1,1,78
6634,0.5439,1,0,1,79
6634,0.5685,1,1,1,80
6634,0.4706,1,1,1,81
6634,0.6595,1,1,1,82
6634,0.5796,1,1,1,83
6634,0.5378,1,1,1,84
6634,0.6633,1,1,1,86
6634,0.5013,1,0,1,87
6634,0.6838,1,0,1,88
6634,0.534,1,0,1,91
6634,0.5766,1,1,1,92
6634,0.4945,1,0,1,93
6634,0.4811,1,1,1,94
6634,0.5027,0,1,1,95
6634,0.4128,1,0,1,96
6634,0.5374,1,0,1,99
6634,0.5042,1,0,1,100
6634,0.4936,1,0,1,101
6634,0.5404,1,1,1,103
6634,0.4372,1,0,1,105
6634,0.8331,1,1,1,106
6634,0.5155,1,1,1,107
6634,0.5019,1,0,1,108
6634,0.4863,0,1,1,109
6634,0.5707,1,1,1,110
6634,0.5237,1,1,1,111
6634,0.5931,1,1,1,113
6634,0.5396,1,1,1,114
6634,0.5064,1,0,1,116
6634,0.5346,1,1,1,117
6634,0.5041,1,1,1,118
6634,0.5351,1,0,1,119
6634,0.6596,1,0,1,125
6634,0.5939,1,0,1,126
6844,0.628,1,1,1,1
6844,0.399,1,1,1,2
6844,0.496,1,1,1,3
6844,0.38,1,1,1,4
6844,0.352,1,0,1,5
6844,0.471,1,0,1,8
6844,0.433,1,0,1,9
6844,0.369,0,1,1,11
6844,0.515,1,0,1,13
6844,0.462,0,1,1,14
6844,0.598,1,1,1,16
6844,0.47,1,0,1,18
6844,0.539,1,1,1,19
6844,0.524,1,1,1,20
6844,0.447,1,0,1,23
6844,0.372,1,0,1,25
6844,0.539,1,1,1,26
6844,0.471,1,0,1,27
6844,0.475,1,0,1,29
6844,0.41,1,0,1,30
6844,0.507,1,1,1,31
6844,0.416,1,0,1,32
6844,0.558,1,1,1,33
6844,0.445,1,0,1,34
6844,0.481,1,0,1,35
6844,0.561,1,1,1,36
6844,0.604,1,1,1,38
6844,0.561,1,1,1,43
6844,0.539,1,1,1,46
6844,0.505,1,1,1,49
6844,0.516,1,0,1,50
6844,0.492,1,0,1,53
6844,0.413,1,1,1,54
6844,0.45,1,0,1,55
6844,0.462,1,1,1,56
6844,0.432,1,0,1,57
6844,0.418,1,0,1,58
6844,0.447,1,1,1,62
6844,0.424,1,0,1,63
6844,0.398,1,0,1,66
6844,0.446,1,0,1,67
6844,0.412,0,1,1,68
6844,0.392,1,0,1,69
6844,0.587,1,0,1,70
6844,0.448,1,1,1,71
6844,0.475,1,0,1,73
6844,0.535,1,1,1,74
6844,0.628,1,1,1,75
6844,0.534,1,0,1,77
6844,0.447,1,1,1,79
6844,0.687,1,1,1,80
6844,0.479,1,1,1,82
6844,0.63,1,1,1,84
6844,0.509,1,1,1,85
6844,0.444,1,0,1,86
6844,0.432,1,1,1,88
6844,0.49,1,0,1,89
6844,0.441,1,1,1,90
6844,0.477,1,0,1,91
6844,0.465,1,0,1,93
6844,0.425,1,0,1,94
6844,0.447,1,0,1,95
6844,0.367,1,0,1,96
6844,0.562,1,1,1,99
6844,0.506,1,1,1,100
6844,0.566,1,1,1,102
6844,0.425,1,1,1,103
6844,0.464,1,0,1,104
6844,0.532,0,1,1,105
6844,0.718,1,0,1,106
6844,0.458,1,1,1,108
6844,0.503,1,0,1,109
6844,0.378,1,0,1,111
6844,0.54,1,1,1,112
6844,0.586,1,1,1,113
6844,0.639,1,0,1,114
6844,0.56,1,1,1,115
6844,0.502,1,1,1,116
6844,0.398,1,0,1,117
6844,0.651,1,0,1,119
6844,0.509,1,0,1,124
6844,0.4,1,0,1,125
6844,0.401,1,0,1,2
6844,0.398,1,0,1,3
6844,0.488,1,0,1,6
6844,0.705,1,1,1,7
6844,0.543,1,1,1,8
6844,0.427,1,1,1,9
6844,0.417,1,0,1,10
6844,0.633,1,1,1,11
6844,0.482,1,0,1,12
6844,0.508,1,1,1,13
6844,0.502,1,1,1,14
6844,0.428,1,1,1,15
6844,0.58,1,0,1,17
6844,0.51,1,1,1,19
6844,0.554,0,0,1,20
6844,0.517,1,0,1,21
6844,0.458,1,0,1,22
6844,0.516,1,1,1,24
6844,0.47,1,0,1,25
6844,0.431,1,0,1,26
6844,0.517,1,0,1,28
6844,0.495,1,0,1,29
6844,0.423,0,1,1,30
6844,0.481,1,1,1,31
6844,0.497,1,0,1,32
6844,0.463,1,0,1,35
6844,0.472,1,1,1,37
6844,0.518,1,1,1,38
6844,0.558,1,0,1,39
6844,0.471,1,0,1,40
6844,0.65,1,1,1,41
6844,0.451,1,1,1,42
6844,0.361,1,0,1,43
6844,0.445,1,1,1,50
6844,0.497,1,0,1,52
6844,0.526,0,1,1,53
6844,0.543,1,1,1,54
6844,0.488,1,1,1,59
6844,0.512,1,0,1,60
6844,0.506,1,0,1,61
6844,0.492,1,1,1,62
6844,0.482,1,1,1,63
6844,0.391,1,1,1,64
6844,0.445,1,0,1,66
6844,0.519,1,1,1,67
6844,0.316,1,0,1,68
6844,0.408,1,1,1,69
6844,0.473,1,0,1,70
6844,0.473,1,1,1,71
6844,0.469,1,1,1,72
6844,0.416,1,0,1,74
6844,0.399,1,1,1,75
6844,0.508,1,1,1,76
6844,0.402,1,0,1,77
6844,0.448,0,1,1,79
6844,0.475,1,1,1,82
6844,0.499,1,0,1,83
6844,0.558,1,1,1,84
6844,0.486,1,1,1,85
6844,0.443,1,0,1,89
6844,0.518,1,0,1,92
6844,0.429,1,0,1,93
6844,0.441,1,1,1,95
6844,0.433,1,0,1,96
6844,0.453,1,1,1,99
6844,0.469,0,1,1,101
6844,0.473,1,0,1,103
6844,0.493,1,0,1,104
6844,0.564,1,1,1,105
6844,0.466,1,0,1,106
6844,0.379,1,0,1,107
6844,0.436,1,0,1,108
6844,0.61,1,1,1,109
6844,0.409,1,0,1,111
6844,0.408,1,1,1,113
6844,0.518,1,1,1,114
6844,0.45,1,0,1,115
6844,0.451,1,1,1,116
6844,0.605,1,1,1,118
6844,0.404,1,0,1,119
6844,0.514,1,0,1,124
6844,0.377,1,0,1,126
6844,0.385,1,0,1,127
6844,0.576,1,1,1,0
6844,0.477,1,0,1,2
6844,0.477,1,0,1,3
6844,0.365,1,0,1,4
6844,0.732,1,1,1,6
6844,0.44,1,0,1,7
6844,0.486,1,0,1,9
6844,0.542,1,0,1,11
6844,0.611,1,1,1,12
6844,0.401,1,1,1,14
6844,0.586,1,1,1,16
6844,0.449,1,0,1,18
6844,0.553,1,1,1,20
6844,0.45,1,1,1,21
6844,0.595,1,1,1,23
6844,0.479,1,0,1,24
6844,0.482,1,1,1,26
6844,0.518,1,0,1,27
6844,0.515,1,1,1,28
6844,0.462,1,0,1,29
6844,0.497,1,1,1,30
6844,0.422,1,0,1,32
6844,0.497,1,1,1,33
6844,0.492,1,1,1,34
6844,0.438,1,1,1,36
6844,0.447,1,1,1,39
6844,0.551,1,1,1,40
6844,0.474,1,1,1,41
6844,0.497,1,0,1,43
6844,0.395,1,0,1,44
6844,0.404,1,0,1,45
6844,0.554,1,1,1,46
6844,0.607,1,0,1,48
6844,0.535,1,1,1,49
6844,0.703,1,0,1,51
6844,0.535,1,1,1,54
6844,0.486,1,0,1,55
6844,0.471,1,0,1,58
6844,0.423,1,0,1,61
6844,0.497,1,1,1,64
6844,0.442,1,1,1,65
6844,0.494,0,1,1,66
6844,0.524,1,0,1,67
6844,0.458,1,0,1,69
6844,0.485,1,0,1,70
6844,0.442,1,0,1,71
6844,0.583,1,1,1,72
6844,0.509,1,0,1,73
6844,0.438,1,0,1,75
6844,0.534,1,1,1,76
6844,0.411,1,0,1,77
6844,0.54,1,1,1,78
6844,0.476,1,0,1,79
6844,0.5,1,1,1,80
6844,0.488,1,1,1,81
6844,0.434,1,1,1,83
6844,0.465,1,0,1,84
6844,0.399,1,0,1,85
6844,0.582,1,1,1,86
6844,0.644,1,1,1,87
6844,0.502,1,1,1,88
6844,0.404,1,1,1,92
6844,0.445,1,0,1,93
6844,0.568,1,1,1,94
6844,0.422,1,1,1,96
6844,0.412,1,1,1,97
6844,0.437,1,0,1,100
6844,0.521,1,1,1,101
6844,0.45,1,0,1,103
6844,0.409,1,0,1,104
6844,0.47,1,0,1,105
6844,0.766,1,1,1,107
6844,0.435,1,0,1,108
6844,0.494,0,1,1,109
6844,0.431,1,0,1,110
6844,0.449,1,0,1,111
6844,0.424,1,0,1,112
6844,0.641,1,1,1,118
6844,0.492,1,0,1,119
6844,0.453,1,0,1,120
6844,0.45,1,0,1,122
6844,0.511,1,0,1,124
6844,0.532,1,1,1,125
6844,0.586,1,1,1,126
6844,0.667,1,1,1,0
6844,0.421,1,0,1,1
6844,0.535,1,1,1,3
6844,0.534,1,1,1,6
6844,0.521,1,0,1,7
6844,0.63,1,1,1,8
6844,0.438,1,0,1,9
6844,0.478,1,0,1,10
6844,0.451,1,1,1,11
6844,0.514,1,0,1,12
6844,0.475,1,1,1,15
6844,0.401,1,0,1,16
6844,0.398,1,1,1,17
6844,0.509,1,1,1,19
6844,0.457,1,1,1,20
6844,0.308,0,1,1,22
6844,0.462,1,0,1,23
6844,0.393,1,0,1,24
6844,0.4,1,0,1,25
6844,0.414,1,0,1,26
6844,0.451,1,0,1,27
6844,0.435,1,0,1,28
6844,0.385,1,0,1,29
6844,0.54,1,0,1,31
6844,0.652,1,1,1,32
6844,0.675,1,1,1,33
6844,0.592,1,1,1,34
6844,0.69,1,1,1,35
6844,0.633,1,1,1,36
6844,0.515,1,0,1,42
6844,0.468,1,0,1,43
6844,0.457,1,0,1,44
6844,0.573,1,1,1,45
6844,0.687,1,1,1,47
6844,0.547,1,1,1,48
6844,0.505,1,0,1,49
6844,0.631,1,1,1,53
6844,0.553,1,1,1,54
6844,0.66,1,1,1,55
6844,0.626,1,1,1,57
6844,0.537,1,1,1,59
6844,0.503,1,0,1,61
6844,0.471,1,0,1,63
6844,0.41,1,0,1,64
6844,0.514,1,1,1,67
6844,0.545,1,1,1,70
6844,0.475,1,1,1,71
6844,0.42,1,0,1,72
6844,0.47,1,0,1,73
6844,0.568,1,1,1,77
6844,0.425,1,1,1,79
6844,0.473,1,0,1,80
6844,0.545,1,1,1,81
6844,0.401,1,0,1,83
6844,0.538,1,1,1,84
6844,0.496,1,1,1,85
6844,0.445,1,1,1,87
6844,0.525,1,0,1,89
6844,0.497,0,0,1,90
6844,0.466,1,0,1,93
6844,0.468,1,0,1,94
6844,0.571,1,1,1,96
6844,0.706,1,1,1,97
6844,0.492,1,0,1,98
6844,0.437,1,0,1,100
6844,0.442,1,0,1,103
6844,0.484,1,0,1,105
6844,0.441,1,0,1,108
6844,0.433,1,0,1,109
6844,0.428,1,0,1,110
6844,0.418,1,0,1,111
6844,0.515,1,1,1,112
6844,0.51,1,0,1,114
6844,0.385,1,1,1,115
6844,0.546,1,0,1,117
6844,0.384,1,0,1,118
6844,0.607,1,1,1,119
6844,0.545,1,1,1,120
6844,0.492,1,0,1,121
6844,0.728,1,1,1,122
6844,0.591,1,1,1,123
6844,0.481,1,0,1,124
6844,0.642,1,1,1,125
6844,0.512,1,1,1,127
6844,0.763,1,1,1,0
6844,0.514,0,1,1,1
6844,0.443,1,0,1,2
6844,0.482,1,0,1,3
6844,0.622,1,1,1,4
6844,0.5,1,1,1,7
6844,0.583,1,1,1,9
6844,0.474,1,0,1,10
6844,0.517,1,1,1,12
6844,0.48,1,1,1,13
6844,0.424,1,0,1,14
6844,0.45,0,1,1,16
6844,0.414,1,1,1,18
6844,0.46,1,0,1,20
6844,0.591,1,1,1,23
6844,0.502,1,0,1,24
6844,0.421,1,0,1,25
6844,0.634,1,1,1,26
6844,0.556,1,1,1,29
6844,0.458,1,1,1,30
6844,0.631,1,1,1,31
6844,0.514,1,0,1,32
6844,0.534,1,1,1,34
6844,0.509,1,0,1,37
6844,0.634,1,1,1,40
6844,0.602,1,1,1,41
6844,0.506,1,1,1,44
6844,0.436,1,1,1,45
6844,0.475,1,0,1,46
6844,0.43,1,0,1,47
6844,0.423,1,0,1,49
6844,0.428,1,0,1,50
6844,0.492,1,0,1,52
6844,0.509,1,1,1,54
6844,0.502,1,1,1,55
6844,0.456,1,1,1,56
6844,0.419,1,1,1,57
6844,0.522,1,0,1,59
6844,0.419,1,0,1,61
6844,0.424,1,0,1,62
6844,0.393,1,0,1,63
6844,0.38,1,0,1,64
6844,0.536,1,1,1,65
6844,0.432,1,1,1,68
6844,0.433,1,0,1,70
6844,0.698,1,1,1,73
6844,0.468,1,0,1,74
6844,0.515,1,1,1,75
6844,0.384,1,0,1,77
6844,0.377,1,0,1,80
6844,0.412,1,0,1,81
6844,0.518,1,1,1,82
6844,0.375,1,0,1,83
6844,0.365,1,0,1,84
6844,0.472,1,0,1,85
6844,0.548,1,1,1,88
6844,0.4,1,0,1,90
6844,0.387,1,1,1,92
6844,0.485,1,1,1,94
6844,0.322,1,1,1,95
6844,0.432,1,0,1,96
6844,0.383,1,0,1,97
6844,0.724,1,1,1,98
6844,0.519,1,0,1,99
6844,0.559,1,1,1,101
6844,0.387,1,1,1,103
6844,0.421,1,1,1,104
6844,0.48,1,0,1,106
6844,0.418,1,1,1,107
6844,0.493,1,0,1,109
6844,0.631,1,0,1,113
6844,0.377,1,0,1,115
6844,0.473,1,0,1,116
6844,0.576,0,1,1,117
6844,0.62,1,1,1,118
6844,0.355,1,1,1,119
6844,0.372,1,0,1,120
6844,0.313,1,0,1,121
6844,0.375,1,0,1,123
6844,0.418,1,0,1,125
6844,0.519,1,1,1,1
6844,0.543,1,1,1,2
6844,0.522,1,1,1,3
6844,0.5,1,0,1,4
6844,0.42,1,0,1,5
6844,0.364,1,1,1,6
6844,0.392,1,0,1,7
6844,0.425,1,0,1,10
6844,0.36,1,0,1,11
6844,0.592,1,1,1,13
6844,0.356,1,1,1,14
6844,0.422,1,0,1,19
6844,0.435,1,0,1,20
6844,0.431,1,0,1,21
6844,0.4,1,0,1,22
6844,0.516,0,1,1,23
6844,0.517,1,1,1,25
6844,0.45,1,0,1,28
6844,0.414,1,0,1,30
6844,0.382,1,0,1,32
6844,0.512,1,1,1,34
6844,0.518,1,0,1,36
6844,0.423,1,0,1,37
6844,0.517,1,0,1,39
6844,0.577,1,0,1,40
6844,0.478,1,1,1,42
6844,0.584,1,0,1,44
6844,0.429,1,0,1,45
6844,0.447,1,0,1,47
6844,0.51,1,1,1,49
6844,0.504,0,1,1,50
6844,0.49,1,0,1,52
6844,0.371,1,1,1,53
6844,0.517,1,1,1,55
6844,0.414,1,0,1,56
6844,0.399,1,0,1,57
6844,0.385,1,1,1,58
6844,0.415,1,1,1,60
6844,0.457,1,0,1,62
6844,0.493,1,1,1,65
6844,0.518,1,1,1,66
6844,0.567,1,1,1,69
6844,0.4,1,0,1,70
6844,0.629,1,0,1,71
6844,0.491,1,1,1,73
6844,0.502,1,1,1,74
6844,0.513,1,0,1,75
6844,0.389,1,0,1,78
6844,0.636,1,1,1,79
6844,0.38,1,1,1,80
6844,0.379,0,0,1,82
6844,0.38,1,1,1,83
6844,0.556,1,0,1,84
6844,0.408,1,0,1,86
6844,0.52,1,1,1,87
6844,0.503,1,0,1,90
6844,0.451,1,0,1,92
6844,0.465,1,1,1,93
6844,0.457,1,0,1,95
6844,0.441,1,0,1,97
6844,0.429,1,0,1,98
6844,0.481,1,1,1,99
6844,0.508,1,1,1,100
6844,0.479,1,1,1,104
6844,0.479,1,0,1,105
6844,0.504,1,0,1,106
6844,0.542,1,1,1,108
6844,0.406,1,1,1,109
6844,0.47,1,1,1,110
6844,0.453,1,1,1,111
6844,0.414,1,0,1,112
6844,0.534,1,1,1,113
6844,0.44,1,1,1,114
6844,0.41,0,1,1,115
6844,0.382,1,0,1,117
6844,0.462,1,1,1,118
6844,0.418,1,0,1,119
6844,0.387,1,0,1,120
6844,0.439,1,1,1,122
6844,0.439,1,1,1,124
6844,0.485,1,1,1,125
6844,0.469,1,0,1,126
6844,0.607,1,1,1,127
6844,0.475,1,0,1,1
6844,0.476,1,1,1,3
6844,0.749,1,1,1,6
6844,0.354,1,0,1,7
6844,0.514,1,1,1,8
6844,0.459,1,0,1,9
6844,0.418,1,0,1,10
6844,0.469,1,1,1,11
6844,0.495,1,0,1,12
6844,0.523,1,1,1,13
6844,0.489,1,0,1,14
6844,0.447,1,0,1,15
6844,0.417,1,0,1,16
6844,0.382,1,0,1,17
6844,0.481,1,1,1,20
6844,0.477,1,0,1,24
6844,0.387,1,0,1,25
6844,0.498,1,1,1,27
6844,0.423,1,0,1,28
6844,0.464,1,1,1,32
6844,0.418,1,0,1,33
6844,0.384,1,0,1,34
6844,0.558,1,1,1,37
6844,0.432,1,0,1,38
6844,0.38,1,0,1,39
6844,0.541,1,0,1,40
6844,0.519,1,1,1,41
6844,0.496,1,1,1,42
6844,0.391,1,1,1,45
6844,0.442,1,0,1,46
6844,0.445,1,1,1,49
6844,0.455,1,0,1,50
6844,0.434,0,1,1,52
6844,0.357,1,0,1,53
6844,0.425,1,1,1,54
6844,0.415,1,0,1,55
6844,0.357,1,0,1,56
6844,0.415,1,1,1,57
6844,0.426,1,1,1,58
6844,0.539,1,1,1,59
6844,0.4,1,0,1,61
6844,0.43,1,0,1,62
6844,0.483,1,1,1,64
6844,0.419,1,0,1,65
6844,0.36,1,0,1,66
6844,0.608,1,1,1,67
6844,0.484,1,1,1,68
6844,0.381,1,0,1,69
6844,0.482,1,1,1,70
6844,0.447,1,0,1,72
6844,0.42,1,0,1,73
6844,0.469,1,1,1,75
6844,0.506,0,1,1,77
6844,0.403,1,1,1,79
6844,0.592,1,1,1,82
6844,0.492,1,0,1,84
6844,0.539,1,0,1,88
6844,0.451,1,0,1,90
6844,0.464,1,0,1,92
6844,0.483,1,0,1,93
6844,0.553,1,1,1,94
6844,0.474,1,0,1,96
6844,0.596,1,1,1,97
6844,0.521,1,1,1,99
6844,0.509,1,1,1,101
6844,0.756,1,1,1,102
6844,0.508,1,0,1,103
6844,0.534,0,1,1,104
6844,0.431,1,1,1,106
6844,0.504,1,1,1,107
6844,0.495,1,1,1,109
6844,0.469,1,1,1,110
6844,0.532,1,0,1,111
6844,0.518,1,1,1,113
6844,0.494,1,1,1,114
6844,0.429,1,1,1,115
6844,0.461,1,0,1,116
6844,0.616,1,1,1,117
6844,0.447,0,1,1,118
6844,0.368,1,0,1,119
6844,0.447,1,0,1,121
6844,0.414,1,0,1,122
6844,0.495,1,0,1,123
6844,0.486,1,1,1,127
6844,0.655,1,0,1,1
6844,0.482,1,1,1,3
6844,0.509,1,1,1,4
6844,0.408,1,0,1,6
6844,0.548,1,0,1,7
6844,0.406,1,0,1,10
6844,0.469,1,1,1,11
6844,0.491,1,0,1,12
6844,0.481,1,0,1,14
6844,0.474,1,0,1,16
6844,0.457,1,0,1,17
6844,0.454,1,0,1,18
6844,0.524,1,0,1,19
6844,0.4,1,0,1,20
6844,0.354,0,1,1,21
6844,0.397,1,1,1,23
6844,0.515,1,1,1,24
6844,0.465,1,0,1,25
6844,0.43,1,0,1,26
6844,0.425,1,0,1,28
6844,0.516,1,1,1,31
6844,0.444,1,1,1,33
6844,0.408,1,0,1,34
6844,0.558,1,1,1,37
6844,0.376,1,1,1,38
6844,0.414,1,1,1,39
6844,0.408,1,1,1,41
6844,0.384,1,1,1,42
6844,0.459,1,0,1,43
6844,0.369,1,0,1,44
6844,0.56,1,0,1,45
6844,0.522,1,1,1,46
6844,0.399,1,0,1,47
6844,0.377,1,0,1,48
6844,0.535,1,1,1,50
6844,0.52,1,0,1,52
6844,0.556,1,1,1,53
6844,0.605,1,1,1,57
6844,0.459,1,0,1,60
6844,0.405,1,1,1,62
6844,0.487,0,1,1,63
6844,0.454,1,0,1,64
6844,0.557,1,0,1,67
6844,0.499,1,1,1,68
6844,0.465,1,0,1,69
6844,0.486,1,0,1,70
6844,0.462,1,1,1,72
6844,0.553,1,1,1,73
6844,0.434,1,1,1,74
6844,0.562,1,1,1,75
6844,0.462,1,1,1,76
6844,0.478,0,0,1,77
6844,0.398,0,0,1,78
6844,0.451,0,0,1,79
6844,0.575,1,0,1,80
6844,0.47,0,1,1,82
6844,0.392,1,0,1,84
6844,0.511,1,1,1,85
6844,0.496,1,0,1,87
6844,0.514,1,0,1,89
6844,0.601,1,1,1,90
6844,0.444,1,1,1,91
6844,0.513,1,1,1,94
6844,0.462,1,0,1,95
6844,0.45,1,1,1,96
6844,0.51,1,1,1,97
6844,0.571,1,1,1,99
6844,0.543,1,1,1,100
6844,0.543,1,1,1,101
6844,0.586,1,0,1,102
6844,0.605,1,1,1,106
6844,0.396,1,0,1,107
6844,0.482,1,1,1,110
6844,0.428,1,0,1,112
6844,0.389,0,0,1,113
6844,0.498,1,0,1,117
6844,0.439,1,1,1,118
6844,0.388,1,1,1,119
6844,0.419,1,0,1,120
6844,0.584,1,0,1,121
6844,0.43,1,0,1,122
6844,0.383,1,1,1,124
7624,0.517,1,0,1,0
7624,0.451,1,0,1,1
7624,0.481,1,1,1,2
7624,0.491,1,1,1,3
7624,0.382,1,0,1,5
7624,0.337,1,0,1,6
7624,0.463,1,0,1,7
7624,0.487,1,0,1,8
7624,0.485,1,1,1,9
7624,0.385,1,0,1,11
7624,0.403,1,0,1,12
7624,0.422,1,0,1,15
7624,0.418,1,0,1,19
7624,0.505,1,1,1,20
7624,0.441,1,1,1,21
7624,0.5,1,1,1,23
7624,0.487,1,1,1,24
7624,0.683,1,0,1,26
7624,0.506,1,0,1,27
7624,0.416,1,1,1,28
7624,0.492,1,1,1,32
7624,0.749,1,1,1,33
7624,0.56,1,1,1,34
7624,0.505,1,1,1,37
7624,0.503,1,1,1,38
7624,0.433,1,0,1,39
7624,0.436,1,0,1,41
7624,0.471,1,0,1,43
7624,0.388,1,0,1,44
7624,0.429,1,1,1,45
7624,0.404,1,1,1,46
7624,0.572,1,1,1,48
7624,0.51,1,0,1,49
7624,0.39,1,0,1,51
7624,0.507,1,1,1,52
7624,0.419,1,1,1,53
7624,0.509,1,0,1,55
7624,0.501,1,1,1,56
7624,0.391,1,1,1,58
7624,0.565,1,1,1,59
7624,0.66,1,0,1,60
7624,0.673,1,0,1,61
7624,0.574,1,1,1,62
7624,0.473,1,0,1,64
7624,0.487,1,0,1,65
7624,0.537,1,0,1,66
7624,0.602,1,1,1,67
7624,0.465,1,0,1,71
7624,0.398,1,0,1,73
7624,0.617,1,1,1,76
7624,0.417,1,1,1,77
7624,0.429,1,1,1,79
7624,0.515,1,1,1,80
7624,0.436,1,0,1,81
7624,0.471,1,0,1,82
7624,0.557,1,0,1,83
7624,0.514,1,1,1,84
7624,0.404,1,1,1,88
7624,0.44,1,0,1,89
7624,0.408,1,0,1,90
7624,0.506,1,1,1,91
7624,0.52,1,1,1,93
7624,0.449,1,1,1,94
7624,0.447,1,0,1,97
7624,0.487,1,0,1,102
7624,0.424,1,0,1,103
7624,0.414,1,0,1,104
7624,0.398,1,1,1,105
7624,0.466,1,0,1,108
7624,0.496,1,1,1,110
7624,0.563,1,1,1,111
7624,0.356,1,0,1,112
7624,0.508,1,1,1,113
7624,0.383,1,1,1,114
7624,0.364,1,1,1,115
7624,0.333,0,0,1,116
7624,0.456,1,0,1,117
7624,0.383,0,1,1,120
7624,0.435,1,1,1,121
7624,0.415,1,0,1,122
7624,0.362,1,0,1,123
7624,0.337,1,0,1,124
7624,0.603,1,1,1,125
7624,0.401,1,1,1,127
7624,0.392,1,0,1,2
7624,0.321,1,0,1,3
7624,0.376,1,0,1,5
7624,0.403,0,1,1,6
7624,0.444,1,0,1,7
7624,0.564,1,1,1,12
7624,0.44,1,0,1,13
7624,0.4,1,0,1,14
7624,0.415,1,1,1,15
7624,0.587,1,1,1,18
7624,0.426,1,1,1,19
7624,0.415,1,0,1,20
7624,0.406,1,0,1,21
7624,0.522,1,1,1,24
7624,0.372,1,1,1,25
7624,0.356,1,1,1,26
7624,0.388,1,1,1,27
7624,0.484,1,1,1,28
7624,0.433,0,1,1,30
7624,0.445,1,1,1,31
7624,0.571,1,1,1,34
7624,0.42,1,0,1,35
7624,0.628,1,1,1,36
7624,0.471,1,0,1,39
7624,0.462,0,1,1,40
7624,0.488,1,0,1,41
7624,0.456,1,0,1,45
7624,0.422,1,0,1,48
7624,0.433,1,0,1,49
7624,0.472,1,0,1,50
7624,0.386,1,0,1,52
7624,0.335,0,1,1,53
7624,0.431,1,0,1,54
7624,0.38,1,0,1,55
7624,0.448,1,0,1,57
7624,0.518,1,1,1,58
7624,0.567,1,1,1,59
7624,0.424,1,1,1,60
7624,0.405,1,0,1,61
7624,0.42,0,1,1,62
7624,0.486,1,0,1,63
7624,0.506,1,0,1,64
7624,0.529,1,1,1,65
7624,0.455,1,0,1,66
7624,0.488,1,1,1,67
7624,0.528,1,0,1,68
7624,0.456,1,0,1,69
7624,0.535,1,0,1,70
7624,0.421,1,1,1,72
7624,0.548,1,1,1,75
7624,0.435,1,1,1,76
7624,0.478,1,0,1,77
7624,0.405,1,0,1,81
7624,0.507,1,1,1,82
7624,0.582,1,1,1,83
7624,0.468,1,1,1,84
7624,0.466,1,0,1,86
7624,0.708,1,1,1,89
7624,0.39,1,1,1,91
7624,0.503,1,0,1,92
7624,0.497,1,0,1,94
7624,0.332,1,0,1,95
7624,0.635,1,0,1,96
7624,0.355,1,1,1,97
7624,0.538,1,1,1,98
7624,0.601,1,1,1,100
7624,0.632,1,0,1,101
7624,0.519,1,1,1,102
7624,0.437,1,1,1,103
7624,0.514,1,0,1,107
7624,0.35,1,0,1,109
7624,0.471,0,1,1,111
7624,0.523,1,1,1,112
7624,0.397,1,0,1,113
7624,0.52,1,1,1,114
7624,0.404,1,0,1,115
7624,0.495,1,1,1,117
7624,0.449,1,0,1,118
7624,0.529,1,0,1,119
7624,0.397,1,1,1,120
7624,0.386,0,1,1,121
7624,0.484,1,0,1,123
7624,0.407,1,0,1,127
7624,0.706,1,1,1,0
7624,0.429,1,0,1,2
7624,0.438,1,0,1,3
7624,0.491,1,1,1,4
7624,0.4,1,0,1,7
7624,0.388,1,1,1,8
7624,0.596,1,0,1,9
7624,0.539,1,1,1,11
7624,0.438,1,0,1,12
7624,0.422,1,0,1,13
7624,0.397,1,0,1,14
7624,0.547,1,1,1,15
7624,0.367,1,0,1,16
7624,0.5,1,1,1,18
7624,0.454,1,1,1,19
7624,0.425,1,1,1,20
7624,0.367,1,0,1,21
7624,0.333,0,0,1,26
7624,0.396,1,1,1,29
7624,0.531,1,0,1,30
7624,0.541,1,1,1,32
7624,0.442,1,1,1,35
7624,0.566,1,1,1,37
7624,0.395,1,1,1,39
7624,0.4,1,0,1,40
7624,0.42,1,1,1,44
7624,0.364,0,1,1,45
7624,0.615,1,1,1,46
7624,0.451,1,0,1,47
7624,0.522,1,0,1,49
7624,0.438,1,0,1,50
7624,0.486,1,1,1,51
7624,0.371,1,1,1,52
7624,0.387,0,1,1,53
7624,0.513,1,1,1,55
7624,0.42,1,1,1,56
7624,0.411,1,0,1,57
7624,0.417,1,0,1,58
7624,0.437,1,0,1,59
7624,0.558,1,0,1,60
7624,0.671,1,1,1,61
7624,0.551,1,0,1,62
7624,0.638,1,1,1,65
7624,0.389,1,1,1,67
7624,0.409,1,0,1,68
7624,0.412,1,0,1,72
7624,0.391,1,0,1,74
7624,0.413,1,0,1,75
7624,0.704,1,1,1,77
7624,0.35,1,0,1,78
7624,0.441,1,0,1,79
7624,0.433,1,0,1,80
7624,0.413,1,1,1,81
7624,0.339,0,1,1,82
7624,0.427,1,1,1,83
7624,0.383,1,1,1,85
7624,0.569,1,1,1,90
7624,0.386,1,0,1,91
7624,0.53,1,1,1,92
7624,0.489,1,0,1,94
7624,0.42,1,1,1,96
7624,0.42,1,0,1,98
7624,0.418,1,0,1,99
7624,0.45,1,0,1,100
7624,0.673,1,1,1,101
7624,0.383,1,1,1,102
7624,0.375,0,1,1,103
7624,0.385,1,0,1,106
7624,0.38,1,0,1,107
7624,0.467,1,0,1,108
7624,0.44,1,0,1,109
7624,0.45,1,1,1,110
7624,0.454,1,0,1,111
7624,0.33,1,0,1,114
7624,0.703,1,1,1,115
7624,0.336,1,0,1,117
7624,0.456,1,1,1,118
7624,0.447,1,0,1,119
7624,0.535,1,1,1,120
7624,0.516,1,1,1,121
7624,0.65,1,1,1,122
7624,0.437,1,0,1,123
7624,0.441,1,0,1,125
7624,0.495,1,1,1,127
7624,0.47,1,1,1,2
7624,0.366,1,0,1,4
7624,0.37,1,1,1,5
7624,0.398,0,1,1,7
7624,0.373,1,1,1,8
7624,0.384,1,1,1,9
7624,0.382,1,0,1,10
7624,0.425,1,0,1,11
7624,0.484,1,1,1,12
7624,0.42,1,1,1,13
7624,0.354,1,1,1,14
7624,0.372,1,1,1,15
7624,0.406,0,1,1,16
7624,0.321,1,1,1,17
7624,0.619,1,1,1,19
7624,0.406,1,1,1,20
7624,0.385,1,1,1,21
7624,0.393,0,1,1,22
7624,0.381,1,1,1,24
7624,0.438,1,0,1,25
7624,0.571,1,0,1,26
7624,0.534,1,1,1,27
7624,0.488,1,1,1,28
7624,0.582,1,1,1,29
7624,0.38,1,0,1,31
7624,0.714,1,1,1,32
7624,0.372,1,1,1,33
7624,0.337,1,1,1,34
7624,0.349,0,1,1,35
7624,0.441,1,0,1,36
7624,0.384,1,0,1,37
7624,0.534,1,1,1,38
7624,0.386,1,1,1,39
7624,0.403,1,1,1,40
7624,0.471,1,0,1,41
7624,0.405,1,1,1,43
7624,0.537,1,0,1,44
7624,0.342,1,0,1,46
7624,0.34,1,0,1,47
7624,0.403,1,0,1,48
7624,0.58,1,0,1,49
7624,0.477,1,0,1,50
7624,0.53,1,1,1,53
7624,0.503,1,1,1,54
7624,0.441,1,0,1,55
7624,0.624,1,0,1,57
7624,0.589,1,1,1,58
7624,0.506,1,1,1,59
7624,0.365,1,0,1,61
7624,0.321,1,0,1,62
7624,0.635,1,0,1,64
7624,0.323,1,0,1,65
7624,0.287,0,0,1,66
7624,0.289,1,0,1,67
7624,0.432,0,1,1,69
7624,0.482,1,1,1,70
7624,0.539,1,0,1,71
7624,0.567,1,1,1,74
7624,0.466,1,0,1,75
7624,0.437,1,0,1,76
7624,0.367,1,0,1,77
7624,0.43,1,0,1,83
7624,0.362,1,0,1,84
7624,0.356,0,1,1,86
7624,0.56,1,0,1,87
7624,0.525,1,0,1,88
7624,0.338,0,1,1,90
7624,0.488,1,0,1,93
7624,0.404,1,0,1,94
7624,0.437,1,0,1,97
7624,0.445,1,0,1,99
7624,0.547,1,1,1,100
7624,0.449,1,0,1,105
7624,0.389,1,0,1,106
7624,0.515,1,1,1,107
7624,0.368,1,0,1,108
7624,0.584,1,0,1,109
7624,0.443,1,0,1,115
7624,0.469,1,1,1,117
7624,0.518,1,1,1,118
7624,0.505,1,1,1,120
7624,0.493,1,1,1,122
7624,0.469,1,0,1,123
7624,0.402,1,0,1,125
7624,0.497,1,1,1,1
7624,0.486,1,0,1,3
7624,0.42,1,0,1,4
7624,0.422,1,0,1,6
7624,0.354,1,1,1,9
7624,0.439,1,1,1,10
7624,0.54,1,1,1,11
7624,0.398,0,1,1,13
7624,0.503,1,1,1,14
7624,0.421,1,1,1,16
7624,0.429,1,0,1,17
7624,0.438,1,0,1,18
7624,0.386,1,1,1,19
7624,0.432,0,0,1,22
7624,0.43,1,0,1,24
7624,0.533,1,0,1,26
7624,0.622,1,0,1,28
7624,0.753,1,1,1,29
7624,0.405,1,0,1,30
7624,0.402,1,0,1,34
7624,0.374,0,1,1,35
7624,0.504,1,0,1,36
7624,0.517,1,1,1,37
7624,0.671,1,1,1,38
7624,0.708,1,0,1,39
7624,0.404,1,0,1,41
7624,0.386,0,1,1,43
7624,0.483,1,0,1,44
7624,0.417,1,1,1,46
7624,0.357,0,1,1,47
7624,0.519,1,0,1,48
7624,0.713,1,0,1,51
7624,0.504,1,1,1,53
7624,0.536,1,1,1,54
7624,0.5,1,1,1,57
7624,0.496,1,0,1,59
7624,0.46,1,0,1,61
7624,0.501,1,0,1,62
7624,0.39,1,0,1,63
7624,0.358,1,0,1,66
7624,0.404,1,0,1,69
7624,0.504,1,1,1,70
7624,0.529,1,1,1,71
7624,0.49,1,1,1,72
7624,0.464,1,0,1,73
7624,0.42,0,1,1,74
7624,0.384,1,0,1,75
7624,0.631,1,1,1,77
7624,0.514,1,1,1,78
7624,0.458,1,1,1,79
7624,0.419,1,0,1,83
7624,0.691,1,0,1,84
7624,0.404,1,0,1,85
7624,0.464,1,1,1,86
7624,0.338,1,0,1,89
7624,0.451,1,0,1,90
7624,0.503,1,1,1,91
7624,0.517,1,1,1,92
7624,0.354,1,0,1,93
7624,0.368,1,1,1,94
7624,0.471,1,0,1,96
7624,0.441,1,1,1,99
7624,0.484,1,1,1,100
7624,0.371,1,0,1,102
7624,0.436,1,1,1,103
7624,0.437,1,0,1,105
7624,0.696,1,0,1,107
7624,0.355,1,1,1,108
7624,0.361,0,0,1,110
7624,0.421,1,1,1,111
7624,0.314,0,1,1,112
7624,0.504,1,0,1,113
7624,0.449,1,1,1,114
7624,0.405,0,1,1,115
7624,0.454,1,0,1,116
7624,0.342,0,1,1,117
7624,0.37,1,0,1,118
7624,0.409,1,1,1,119
7624,0.302,1,0,1,120
7624,0.416,1,1,1,121
7624,0.437,1,1,1,122
7624,0.331,0,0,1,123
7624,0.355,1,0,1,125
7624,0.465,1,1,1,127
7624,0.675,1,1,1,0
7624,0.401,1,0,1,1
7624,0.505,1,1,1,3
7624,0.469,1,1,1,4
7624,0.4,1,1,1,5
7624,0.402,1,0,1,7
7624,0.421,1,1,1,8
7624,0.383,0,0,1,9
7624,0.351,0,1,1,10
7624,0.371,1,0,1,11
7624,0.412,1,0,1,12
7624,0.421,1,0,1,14
7624,0.631,1,1,1,15
7624,0.421,1,0,1,16
7624,0.396,1,1,1,17
7624,0.442,1,0,1,18
7624,0.514,1,1,1,20
7624,0.374,1,1,1,21
7624,0.541,1,1,1,22
7624,0.484,1,1,1,23
7624,0.47,1,1,1,24
7624,0.422,1,0,1,25
7624,0.437,1,0,1,26
7624,0.47,1,1,1,28
7624,0.408,1,0,1,29
7624,0.486,1,1,1,30
7624,0.405,1,0,1,34
7624,0.419,0,1,1,35
7624,0.496,1,1,1,36
7624,0.454,1,1,1,37
7624,0.563,1,0,1,38
7624,0.706,1,1,1,39
7624,0.4,1,1,1,41
7624,0.389,1,1,1,44
7624,0.687,1,1,1,45
7624,0.431,1,0,1,46
7624,0.456,1,1,1,47
7624,0.514,1,1,1,49
7624,0.436,1,0,1,51
7624,0.336,0,1,1,53
7624,0.54,1,0,1,55
7624,0.452,1,0,1,56
7624,0.399,1,1,1,60
7624,0.385,1,1,1,61
7624,0.432,1,0,1,64
7624,0.441,1,1,1,66
7624,0.338,1,1,1,67
7624,0.536,1,1,1,68
7624,0.347,1,0,1,69
7624,0.45,1,1,1,70
7624,0.409,1,0,1,71
7624,0.354,0,0,1,72
7624,0.437,1,0,1,74
7624,0.333,1,0,1,75
7624,0.314,1,0,1,76
7624,0.491,1,0,1,77
7624,0.396,1,0,1,82
7624,0.573,1,0,1,84
7624,0.551,1,0,1,85
7624,0.415,1,0,1,86
7624,0.503,1,0,1,88
7624,0.499,1,1,1,89
7624,0.44,1,0,1,90
7624,0.405,0,0,1,91
7624,0.531,0,1,1,94
7624,0.554,1,1,1,95
7624,0.456,1,1,1,97
7624,0.471,1,0,1,98
7624,0.489,1,0,1,99
7624,0.453,1,0,1,101
7624,0.39,1,0,1,104
7624,0.419,1,1,1,106
7624,0.371,1,1,1,107
7624,0.351,1,0,1,108
7624,0.567,1,1,1,110
7624,0.405,1,1,1,111
7624,0.34,1,0,1,113
7624,0.388,1,0,1,114
7624,0.506,1,1,1,116
7624,0.521,1,0,1,118
7624,0.322,0,1,1,121
7624,0.414,1,0,1,122
7624,0.47,1,1,1,123
7624,0.414,1,0,1,125
7624,0.381,1,0,1,1
7624,0.381,1,0,1,2
7624,0.411,1,0,1,5
7624,0.473,1,1,1,6
7624,0.391,1,0,1,8
7624,0.321,1,0,1,9
7624,0.383,0,1,1,10
7624,0.385,1,0,1,12
7624,0.451,1,1,1,13
7624,0.376,1,0,1,14
7624,0.42,0,1,1,16
7624,0.466,1,0,1,17
7624,0.431,1,0,1,18
7624,0.623,1,1,1,19
7624,0.452,1,0,1,20
7624,0.51,1,1,1,21
7624,0.416,1,1,1,23
7624,0.452,1,0,1,25
7624,0.547,1,1,1,28
7624,0.397,0,1,1,31
7624,0.406,1,1,1,32
7624,0.421,1,0,1,33
7624,0.605,1,1,1,37
7624,0.445,1,0,1,38
7624,0.519,1,1,1,39
7624,0.506,1,1,1,41
7624,0.458,1,0,1,43
7624,0.461,1,0,1,44
7624,0.372,1,0,1,45
7624,0.371,1,0,1,46
7624,0.364,1,1,1,47
7624,0.567,1,1,1,49
7624,0.52,1,0,1,52
7624,0.367,1,1,1,54
7624,0.42,0,0,1,55
7624,0.471,1,1,1,58
7624,0.357,1,0,1,60
7624,0.435,1,1,1,62
7624,0.353,1,0,1,63
7624,0.388,1,1,1,64
7624,0.435,1,0,1,65
7624,0.62,1,1,1,66
7624,0.385,1,0,1,67
7624,0.404,1,1,1,68
7624,0.323,0,1,1,69
7624,0.602,1,1,1,70
7624,0.514,1,0,1,71
7624,0.414,1,0,1,72
7624,0.519,1,1,1,74
7624,0.487,1,1,1,75
7624,0.605,1,0,1,77
7624,0.406,1,0,1,80
7624,0.389,1,0,1,81
7624,0.484,1,1,1,83
7624,0.453,1,0,1,84
7624,0.504,1,1,1,86
7624,0.454,1,0,1,87
7624,0.531,1,0,1,88
7624,0.384,1,1,1,91
7624,0.4,1,1,1,92
7624,0.337,1,1,1,93
7624,0.387,1,1,1,96
7624,0.391,1,1,1,97
7624,0.334,1,0,1,99
7624,0.326,0,1,1,100
7624,0.457,0,1,1,102
7624,0.568,1,0,1,103
7624,0.35,1,0,1,104
7624,0.602,1,1,1,106
7624,0.473,1,0,1,108
7624,0.396,1,0,1,109
7624,0.506,1,0,1,111
7624,0.634,1,1,1,113
7624,0.412,0,1,1,114
7624,0.587,1,1,1,115
7624,0.421,1,1,1,116
7624,0.417,1,0,1,117
7624,0.474,1,0,1,118
7624,0.374,1,1,1,119
7624,0.375,1,0,1,120
7624,0.419,1,0,1,121
7624,0.371,1,1,1,122
7624,0.421,1,0,1,125
7624,0.521,1,1,1,127
7624,0.553,1,0,1,0
7624,0.372,1,1,1,1
7624,0.439,1,1,1,2
7624,0.391,1,0,1,3
7624,0.302,1,0,1,4
7624,0.514,1,1,1,6
7624,0.384,1,0,1,7
7624,0.401,0,1,1,10
7624,0.368,1,0,1,11
7624,0.383,1,1,1,13
7624,0.389,1,0,1,14
7624,0.398,1,0,1,16
7624,0.584,1,1,1,17
7624,0.558,1,1,1,18
7624,0.431,1,0,1,19
7624,0.386,1,0,1,20
7624,0.538,1,1,1,21
7624,0.392,1,0,1,22
7624,0.454,0,0,1,23
7624,0.341,1,0,1,24
7624,0.553,1,1,1,25
7624,0.493,1,1,1,26
7624,0.343,1,1,1,28
7624,0.421,1,0,1,29
7624,0.337,1,1,1,30
7624,0.54,1,1,1,31
7624,0.455,1,0,1,32
7624,0.437,1,0,1,34
7624,0.569,1,1,1,35
7624,0.417,1,0,1,36
7624,0.536,1,1,1,37
7624,0.455,1,0,1,38
7624,0.424,1,1,1,39
7624,0.354,1,1,1,40
7624,0.351,1,0,1,43
7624,0.358,1,0,1,44
7624,0.323,1,0,1,45
7624,0.32,1,0,1,46
7624,0.284,0,0,1,47
7624,0.571,1,1,1,50
7624,0.538,1,1,1,51
7624,0.52,1,1,1,54
7624,0.7,1,1,1,55
7624,0.475,1,0,1,56
7624,0.445,1,0,1,58
7624,0.366,1,0,1,59
7624,0.435,1,1,1,60
7624,0.42,1,1,1,62
7624,0.42,0,1,1,63
7624,0.525,1,1,1,64
7624,0.399,1,0,1,65
7624,0.504,1,1,1,66
7624,0.487,1,1,1,67
7624,0.421,1,1,1,68
7624,0.539,1,0,1,69
7624,0.503,1,0,1,72
7624,0.369,1,0,1,73
7624,0.574,1,0,1,76
7624,0.453,1,0,1,77
7624,0.461,1,0,1,79
7624,0.383,1,0,1,82
7624,0.355,1,0,1,83
7624,0.483,0,1,1,84
7624,0.435,1,0,1,85
7624,0.521,1,1,1,86
7624,0.422,1,1,1,89
7624,0.554,1,1,1,90
7624,0.387,0,1,1,95
7624,0.473,1,1,1,96
7624,0.681,1,1,1,97
7624,0.374,1,1,1,98
7624,0.318,1,0,1,99
7624,0.339,1,0,1,102
7624,0.388,1,0,1,104
7624,0.652,1,1,1,105
7624,0.552,1,1,1,107
7624,0.47,1,1,1,109
7624,0.322,0,1,1,112
7624,0.704,1,1,1,114
7624,0.537,1,0,1,116
7624,0.515,1,0,1,118
7624,0.438,1,0,1,119
7624,0.365,1,1,1,120
7624,0.488,1,0,1,127
7756,0.4756,1,0,1,1
7756,0.4229,1,0,1,3
7756,0.3974,1,0,1,5
7756,0.4407,1,0,1,6
7756,0.4895,1,1,1,7
7756,0.5124,1,0,1,9
7756,0.4932,1,1,1,10
7756,0.433,1,1,1,11
7756,0.4745,1,1,1,13
7756,0.3892,1,1,1,14
7756,0.4216,1,0,1,15
7756,0.454,1,1,1,17
7756,0.4071,1,1,1,18
7756,0.3828,1,0,1,20
7756,0.5397,1,0,1,21
7756,0.4553,1,1,1,22
7756,0.4806,0,0,1,23
7756,0.5138,1,1,1,24
7756,0.4284,1,1,1,25
7756,0.3797,1,0,1,26
7756,0.5038,1,1,1,27
7756,0.3373,0,1,1,28
7756,0.4399,1,1,1,29
7756,0.394,1,1,1,32
7756,0.4376,1,1,1,33
7756,0.4213,0,1,1,36
7756,0.5062,1,1,1,37
7756,0.4463,1,1,1,38
7756,0.3778,1,0,1,39
7756,0.4816,1,1,1,40
7756,0.4254,1,1,1,43
7756,0.4296,1,0,1,44
7756,0.5706,1,1,1,45
7756,0.4735,1,1,1,46
7756,0.4644,1,0,1,47
7756,0.484,1,1,1,48
7756,0.3674,1,0,1,50
7756,0.5935,1,0,1,52
7756,0.4306,1,0,1,56
7756,0.5998,1,1,1,57
7756,0.3985,1,0,1,58
7756,0.3452,1,1,1,60
7756,0.3971,1,0,1,61
7756,0.4341,0,1,1,62
7756,0.521,1,0,1,63
7756,0.4951,1,0,1,64
7756,0.4876,1,1,1,65
7756,0.342,1,1,1,66
7756,0.4704,1,1,1,68
7756,0.5219,1,1,1,69
7756,0.4318,1,0,1,70
7756,0.3309,1,0,1,73
7756,0.4789,1,0,1,74
7756,0.4169,1,0,1,78
7756,0.4014,0,0,1,79
7756,0.5166,1,0,1,80
7756,0.3883,1,0,1,82
7756,0.3272,0,1,1,83
7756,0.3898,1,0,1,86
7756,0.3811,1,0,1,88
7756,0.4545,1,0,1,89
7756,0.3722,1,1,1,90
7756,0.4452,1,1,1,91
7756,0.4709,1,1,1,93
7756,0.6624,1,1,1,94
7756,0.4468,0,0,1,95
7756,0.4629,1,1,1,96
7756,0.3894,1,0,1,100
7756,0.4109,1,0,1,101
7756,0.4404,1,0,1,102
7756,0.3429,1,0,1,103
7756,0.3822,1,0,1,106
7756,0.4756,1,1,1,108
7756,0.4101,1,0,1,111
7756,0.3968,1,0,1,112
7756,0.635,1,1,1,114
7756,0.4108,1,0,1,117
7756,0.3886,1,0,1,118
7756,0.3984,1,1,1,120
7756,0.4055,1,0,1,122
7756,0.5921,1,1,1,123
7756,0.5597,1,0,1,124
7756,0.4579,1,1,1,126
7756,0.4352,1,1,1,127
7756,0.4625,1,0,1,0
7756,0.3791,1,0,1,1
7756,0.3814,1,0,1,2
7756,0.3405,1,1,1,5
7756,0.4072,1,0,1,7
7756,0.4453,1,1,1,10
7756,0.3447,1,0,1,11
7756,0.3815,1,0,1,13
7756,0.3339,0,1,1,14
7756,0.3342,1,0,1,15
7756,0.4521,1,1,1,17
7756,0.4082,1,1,1,18
7756,0.4953,1,1,1,21
7756,0.3996,1,0,1,22
7756,0.453,1,1,1,23
7756,0.5045,1,1,1,25
7756,0.3864,1,0,1,27
7756,0.419,1,1,1,28
7756,0.3185,0,1,1,29
7756,0.424,0,0,1,30
7756,0.3848,0,1,1,34
7756,0.3011,1,0,1,35
7756,0.3745,1,0,1,36
7756,0.4252,1,0,1,37
7756,0.4263,1,1,1,38
7756,0.3807,1,0,1,39
7756,0.4438,1,0,1,40
7756,0.4511,1,0,1,42
7756,0.3553,1,1,1,43
7756,0.4674,1,1,1,44
7756,0.3647,1,0,1,45
7756,0.4157,0,1,1,46
7756,0.3407,1,0,1,48
7756,0.4392,1,0,1,51
7756,0.4061,1,1,1,54
7756,0.4161,1,0,1,55
7756,0.3561,1,1,1,56
7756,0.4031,0,1,1,57
7756,0.3759,1,0,1,60
7756,0.4452,0,1,1,61
7756,0.3827,1,1,1,62
7756,0.3597,1,0,1,64
7756,0.5508,1,1,1,65
7756,0.4691,1,0,1,66
7756,0.5104,1,1,1,68
7756,0.4244,1,1,1,69
7756,0.3633,1,1,1,70
7756,0.4593,1,1,1,75
7756,0.3515,1,0,1,77
7756,0.3485,1,0,1,78
7756,0.4539,1,1,1,81
7756,0.5001,0,1,1,82
7756,0.4215,1,1,1,83
7756,0.3683,1,0,1,85
7756,0.4882,1,1,1,86
7756,0.5786,1,0,1,87
7756,0.4417,1,1,1,88
7756,0.5352,1,0,1,89
7756,0.4727,1,1,1,90
7756,0.5167,1,0,1,91
7756,0.4191,1,0,1,92
7756,0.3601,1,0,1,94
7756,0.4765,1,1,1,95
7756,0.3998,0,1,1,97
7756,0.3284,1,0,1,99
7756,0.3393,1,0,1,101
7756,0.3951,1,1,1,102
7756,0.3704,1,0,1,104
7756,0.4208,1,1,1,105
7756,0.3387,1,1,1,106
7756,0.3923,1,1,1,109
7756,0.4175,1,1,1,110
7756,0.315,0,1,1,111
7756,0.5689,1,1,1,112
7756,0.3338,1,0,1,113
7756,0.3792,1,0,1,114
7756,0.3952,1,0,1,117
7756,0.3211,1,0,1,121
7756,0.4907,1,1,1,122
7756,0.3643,1,0,1,123
7756,0.4195,1,0,1,125
7756,0.357,1,0,1,126
7756,0.4231,0,1,1,127
7756,0.5041,1,1,1,0
7756,0.3567,1,1,1,4
7756,0.3439,1,0,1,6
7756,0.357,1,0,1,7
7756,0.4052,0,1,1,9
7756,0.3028,1,0,1,11
7756,0.4727,1,0,1,12
7756,0.4593,1,1,1,13
7756,0.3755,0,1,1,16
7756,0.4184,1,0,1,18
7756,0.4,0,1,1,19
7756,0.389,1,1,1,20
7756,0.3711,1,0,1,21
7756,0.4099,1,0,1,22
7756,0.3659,1,0,1,24
7756,0.4877,1,1,1,25
7756,0.5151,1,0,1,26
7756,0.3525,1,1,1,28
7756,0.3957,1,1,1,29
7756,0.413,1,0,1,32
7756,0.5086,1,1,1,33
7756,0.4614,1,1,1,34
7756,0.4151,1,0,1,35
7756,0.4464,1,1,1,36
7756,0.3881,1,0,1,38
7756,0.5251,1,1,1,39
7756,0.4983,1,0,1,43
7756,0.3941,1,0,1,44
7756,0.3823,1,0,1,45
7756,0.3802,1,1,1,46
7756,0.3435,1,1,1,48
7756,0.3751,1,0,1,50
7756,0.3793,1,0,1,51
7756,0.3387,1,1,1,53
7756,0.7082,1,0,1,55
7756,0.4069,1,0,1,56
7756,0.403,1,1,1,59
7756,0.4893,1,0,1,61
7756,0.5094,1,0,1,62
7756,0.4205,1,0,1,64
7756,0.3725,1,0,1,66
7756,0.5249,1,0,1,68
7756,0.3936,1,1,1,69
7756,0.4331,1,1,1,70
7756,0.3685,1,1,1,71
7756,0.4255,1,1,1,72
7756,0.39,1,1,1,73
7756,0.374,1,0,1,76
7756,0.6602,1,1,1,77
7756,0.3912,1,1,1,78
7756,0.3557,1,0,1,79
7756,0.4256,1,1,1,80
7756,0.4029,1,0,1,81
7756,0.3695,1,1,1,82
7756,0.3307,0,1,1,83
7756,0.3619,1,0,1,84
7756,0.3805,1,0,1,85
7756,0.3808,1,0,1,86
7756,0.3874,1,0,1,87
7756,0.531,1,1,1,91
7756,0.4147,1,0,1,92
7756,0.3994,1,1,1,95
7756,0.3871,1,1,1,96
7756,0.5878,1,1,1,99
7756,0.3941,1,1,1,102
7756,0.5068,1,0,1,103
7756,0.4285,1,1,1,104
7756,0.3505,1,0,1,106
7756,0.4091,1,1,1,107
7756,0.356,1,0,1,109
7756,0.522,1,1,1,111
7756,0.4948,1,0,1,112
7756,0.3619,0,1,1,113
7756,0.3366,0,1,1,114
7756,0.4749,1,1,1,115
7756,0.4105,1,0,1,116
7756,0.3866,1,0,1,117
7756,0.4361,1,1,1,118
7756,0.352,1,0,1,119
7756,0.547,1,1,1,120
7756,0.3834,1,0,1,121
7756,0.3804,1,0,1,125
7756,0.4319,1,0,1,127
7756,0.4529,1,1,1,0
7756,0.3741,1,1,1,1
7756,0.3763,1,1,1,2
7756,0.381,0,0,1,3
7756,0.6136,1,1,1,5
7756,0.3484,1,0,1,6
7756,0.4275,1,1,1,7
7756,0.3192,1,0,1,8
7756,0.3321,1,0,1,9
7756,0.3708,1,1,1,10
7756,0.3683,1,0,1,12
7756,0.6538,1,1,1,13
7756,0.3932,1,1,1,15
7756,0.3945,1,0,1,17
7756,0.3211,1,0,1,18
7756,0.3376,1,0,1,20
7756,0.4195,1,0,1,21
7756,0.3996,1,1,1,23
7756,0.3544,1,0,1,25
7756,0.5038,1,1,1,26
7756,0.3115,1,0,1,27
7756,0.3582,1,0,1,28
7756,0.3176,1,0,1,30
7756,0.4021,1,1,1,31
7756,0.7095,1,1,1,32
7756,0.3773,1,0,1,33
7756,0.4288,1,1,1,34
7756,0.366,1,1,1,35
7756,0.391,1,0,1,36
7756,0.463,1,0,1,37
7756,0.3774,0,1,1,38
7756,0.3923,1,0,1,40
7756,0.4102,1,1,1,41
7756,0.408,1,0,1,43
7756,0.3783,1,0,1,45
7756,0.3536,1,0,1,46
7756,0.4874,1,1,1,50
7756,0.4308,1,1,1,51
7756,0.4049,1,0,1,54
7756,0.3926,1,0,1,57
7756,0.3445,0,1,1,59
7756,0.3757,0,1,1,60
7756,0.3781,1,1,1,61
7756,0.4003,1,0,1,62
7756,0.5832,1,1,1,66
7756,0.3492,0,1,1,67
7756,0.5566,1,1,1,68
7756,0.3598,1,1,1,69
7756,0.4263,1,1,1,70
7756,0.3816,1,0,1,72
7756,0.4388,1,1,1,73
7756,0.4152,1,0,1,75
7756,0.3877,1,1,1,76
7756,0.4499,1,1,1,78
7756,0.3545,1,0,1,79
7756,0.374,1,1,1,80
7756,0.3556,1,0,1,82
7756,0.3703,1,0,1,84
7756,0.3131,1,0,1,86
7756,0.4558,1,1,1,87
7756,0.5876,1,0,1,88
7756,0.4564,1,0,1,89
7756,0.4017,1,0,1,90
7756,0.3879,1,0,1,91
7756,0.3962,1,1,1,95
7756,0.4089,1,0,1,96
7756,0.3487,1,0,1,100
7756,0.4122,1,1,1,101
7756,0.3825,1,0,1,102
7756,0.2866,1,1,1,104
7756,0.3422,1,0,1,105
7756,0.3171,1,0,1,106
7756,0.3737,1,0,1,108
7756,0.4379,1,1,1,110
7756,0.3926,1,0,1,112
7756,0.3581,0,1,1,113
7756,0.5939,1,1,1,116
7756,0.442,1,1,1,117
7756,0.412,1,1,1,118
7756,0.4185,1,1,1,120
7756,0.4511,1,1,1,122
7756,0.3818,1,0,1,125
7756,0.4586,1,0,1,126
7756,0.3695,1,0,1,1
7756,0.4388,1,0,1,2
7756,0.2699,0,0,1,4
7756,0.3891,1,1,1,5
7756,0.3756,1,1,1,6
7756,0.4073,1,1,1,8
7756,0.3941,1,0,1,10
7756,0.3905,1,1,1,11
7756,0.4368,1,1,1,12
7756,0.4063,1,0,1,13
7756,0.326,1,0,1,14
7756,0.3835,1,0,1,19
7756,0.3646,0,1,1,20
7756,0.3738,0,1,1,22
7756,0.3805,1,1,1,23
7756,0.3865,1,0,1,24
7756,0.441,1,0,1,26
7756,0.341,1,0,1,27
7756,0.4696,1,1,1,28
7756,0.3708,1,0,1,29
7756,0.4038,1,1,1,30
7756,0.4633,1,1,1,32
7756,0.4214,1,0,1,33
7756,0.3948,1,0,1,34
7756,0.4076,0,1,1,36
7756,0.4739,1,1,1,37
7756,0.4074,1,0,1,38
7756,0.4368,0,1,1,39
7756,0.618,1,0,1,40
7756,0.4178,1,0,1,43
7756,0.3666,1,0,1,44
7756,0.4001,1,1,1,45
7756,0.4051,1,0,1,48
7756,0.4383,1,1,1,49
7756,0.4871,1,1,1,53
7756,0.4081,1,1,1,54
7756,0.3732,1,1,1,55
7756,0.3167,1,0,1,56
7756,0.353,0,1,1,57
7756,0.3698,1,0,1,58
7756,0.6071,1,1,1,60
7756,0.3997,1,1,1,62
7756,0.4722,1,0,1,63
7756,0.5384,1,1,1,64
7756,0.4334,1,0,1,65
7756,0.5745,1,0,1,67
7756,0.3546,1,0,1,68
7756,0.3403,1,1,1,71
7756,0.4893,1,1,1,72
7756,0.3846,1,1,1,73
7756,0.3829,0,1,1,74
7756,0.3323,1,0,1,76
7756,0.3665,1,1,1,78
7756,0.382,1,0,1,80
7756,0.3049,0,1,1,83
7756,0.3881,1,0,1,84
7756,0.4284,1,0,1,88
7756,0.3815,1,0,1,89
7756,0.569,1,1,1,90
7756,0.3597,0,1,1,92
7756,0.539,1,1,1,93
7756,0.3802,1,0,1,95
7756,0.5728,1,0,1,96
7756,0.3963,1,0,1,97
7756,0.4204,1,0,1,99
7756,0.44,0,1,1,101
7756,0.5056,1,0,1,103
7756,0.3406,1,0,1,105
7756,0.3356,1,0,1,107
7756,0.364,0,1,1,108
7756,0.3835,0,1,1,109
7756,0.5301,1,1,1,110
7756,0.405,1,0,1,111
7756,0.3969,1,0,1,113
7756,0.3412,1,0,1,114
7756,0.5878,1,1,1,115
7756,0.5062,1,0,1,116
7756,0.5213,1,1,1,118
7756,0.3929,1,1,1,119
7756,0.4005,1,0,1,123
7756,0.3241,1,0,1,124
7756,0.5496,1,1,1,126
7756,0.6954,1,1,1,0
7756,0.3828,1,0,1,1
7756,0.3802,1,0,1,2
7756,0.3969,1,0,1,3
7756,0.3372,0,1,1,4
7756,0.5587,1,1,1,5
7756,0.3642,1,0,1,6
7756,0.3801,1,0,1,7
7756,0.3827,1,0,1,9
7756,0.4543,1,0,1,11
7756,0.4157,1,1,1,12
7756,0.5005,1,1,1,13
7756,0.4042,1,0,1,16
7756,0.3924,1,0,1,18
7756,0.6187,1,1,1,19
7756,0.4341,1,1,1,20
7756,0.4823,1,1,1,21
7756,0.3928,1,0,1,25
7756,0.4399,1,0,1,27
7756,0.4136,1,0,1,28
7756,0.4204,1,1,1,31
7756,0.5896,1,0,1,34
7756,0.4161,0,1,1,35
7756,0.5081,1,1,1,36
7756,0.4915,1,1,1,37
7756,0.6079,1,1,1,39
7756,0.3574,1,1,1,40
7756,0.5142,1,1,1,41
7756,0.388,1,0,1,42
7756,0.4248,1,0,1,44
7756,0.3978,1,0,1,45
7756,0.5326,1,1,1,46
7756,0.4507,1,1,1,47
7756,0.4338,1,0,1,48
7756,0.3949,1,0,1,49
7756,0.4179,0,1,1,50
7756,0.4049,1,0,1,53
7756,0.4688,1,0,1,54
7756,0.5234,1,1,1,56
7756,0.662,1,1,1,57
7756,0.3871,0,0,1,58
7756,0.455,0,1,1,59
7756,0.3691,1,0,1,60
7756,0.3313,0,1,1,61
7756,0.4404,1,1,1,63
7756,0.4563,1,0,1,68
7756,0.4172,1,0,1,70
7756,0.3485,1,0,1,71
7756,0.5353,1,1,1,72
7756,0.464,1,0,1,73
7756,0.3324,1,1,1,74
7756,0.375,1,0,1,76
7756,0.3838,1,0,1,78
7756,0.4999,1,0,1,79
7756,0.4887,1,1,1,80
7756,0.5558,1,0,1,81
7756,0.4223,1,0,1,82
7756,0.6023,1,1,1,83
7756,0.5111,1,1,1,84
7756,0.5539,1,1,1,86
7756,0.4407,1,1,1,88
7756,0.4242,1,1,1,89
7756,0.4698,1,0,1,90
7756,0.4151,1,1,1,91
7756,0.3246,1,1,1,92
7756,0.3975,1,0,1,94
7756,0.4326,1,1,1,96
7756,0.3524,1,0,1,97
7756,0.3922,1,0,1,99
7756,0.406,1,0,1,101
7756,0.3812,1,1,1,103
7756,0.4251,1,1,1,104
7756,0.3815,1,0,1,105
7756,0.5226,1,1,1,106
7756,0.5492,1,0,1,107
7756,0.3568,1,0,1,108
7756,0.4399,1,1,1,111
7756,0.3839,1,1,1,113
7756,0.406,1,1,1,117
7756,0.3597,0,1,1,119
7756,0.67,1,0,1,120
7756,0.405,1,0,1,123
7756,0.3592,1,0,1,124
7756,0.3434,0,1,1,127
7756,0.6027,1,1,1,0
7756,0.4623,1,1,1,1
7756,0.3566,0,0,1,2
7756,0.6692,1,1,1,3
7756,0.3208,1,0,1,4
7756,0.4335,1,0,1,5
7756,0.5376,1,0,1,8
7756,0.3994,1,0,1,10
7756,0.4145,1,0,1,12
7756,0.4424,1,0,1,13
7756,0.3794,1,0,1,14
7756,0.4001,1,0,1,16
7756,0.7045,1,0,1,19
7756,0.3602,1,1,1,21
7756,0.4122,1,0,1,22
7756,0.3812,1,1,1,23
7756,0.404,1,0,1,24
7756,0.3842,1,0,1,25
7756,0.4101,1,1,1,27
7756,0.3553,1,0,1,32
7756,0.3031,1,0,1,35
7756,0.4085,1,0,1,36
7756,0.5038,1,1,1,37
7756,0.4337,1,1,1,38
7756,0.5994,1,1,1,39
7756,0.4033,1,1,1,41
7756,0.5432,1,1,1,42
7756,0.5683,1,1,1,43
7756,0.4671,1,1,1,45
7756,0.348,1,0,1,46
7756,0.3313,1,1,1,50
7756,0.4207,1,1,1,52
7756,0.3575,1,0,1,54
7756,0.3475,1,0,1,55
7756,0.3495,1,0,1,56
7756,0.4857,1,1,1,59
7756,0.3986,1,0,1,61
7756,0.3468,1,0,1,62
7756,0.3689,0,1,1,64
7756,0.3804,1,1,1,65
7756,0.3825,1,0,1,66
7756,0.5765,1,1,1,67
7756,0.409,1,0,1,70
7756,0.47,1,1,1,71
7756,0.4439,1,1,1,72
7756,0.4337,1,1,1,73
7756,0.4085,1,0,1,75
7756,0.4092,1,0,1,76
7756,0.7102,1,1,1,77
7756,0.4081,1,0,1,78
7756,0.3399,0,1,1,79
7756,0.6075,1,1,1,80
7756,0.3826,1,0,1,81
7756,0.3158,1,1,1,82
7756,0.3681,1,0,1,83
7756,0.3785,1,1,1,85
7756,0.4049,1,0,1,86
7756,0.3519,1,1,1,87
7756,0.4209,1,0,1,90
7756,0.3618,1,0,1,91
7756,0.4219,1,0,1,93
7756,0.5041,1,1,1,94
7756,0.5312,1,0,1,95
7756,0.4159,1,0,1,97
7756,0.505,1,1,1,98
7756,0.3991,1,1,1,99
7756,0.4194,1,1,1,101
7756,0.3745,1,0,1,102
7756,0.3875,1,1,1,104
7756,0.3872,1,0,1,109
7756,0.3167,1,1,1,110
7756,0.4004,1,0,1,112
7756,0.3905,1,0,1,113
7756,0.3487,1,1,1,114
7756,0.4332,1,1,1,115
7756,0.5325,1,1,1,116
7756,0.3747,1,0,1,117
7756,0.4811,1,1,1,118
7756,0.3756,0,1,1,119
7756,0.3819,1,0,1,120
7756,0.4579,1,1,1,123
7756,0.4266,0,1,1,125
7756,0.4572,1,0,1,126
7756,0.4502,1,1,1,0
7756,0.3834,1,0,1,1
7756,0.4072,1,0,1,2
7756,0.4152,1,1,1,3
7756,0.4053,1,0,1,4
7756,0.4475,1,1,1,7
7756,0.473,1,0,1,9
7756,0.3998,1,0,1,14
7756,0.3599,1,0,1,15
7756,0.4244,1,1,1,16
7756,0.3873,1,0,1,17
7756,0.3543,0,1,1,18
7756,0.5594,1,1,1,19
7756,0.5988,1,1,1,20
7756,0.4744,1,1,1,21
7756,0.6823,1,1,1,22
7756,0.4344,1,0,1,23
7756,0.4394,1,1,1,25
7756,0.4179,1,0,1,26
7756,0.408,1,1,1,30
7756,0.3875,1,0,1,31
7756,0.5172,1,0,1,32
7756,0.3814,1,1,1,33
7756,0.424,1,0,1,36
7756,0.3894,1,1,1,37
7756,0.4691,1,0,1,38
7756,0.4397,1,0,1,39
7756,0.5352,1,1,1,40
7756,0.3669,0,0,1,41
7756,0.4407,1,0,1,42
7756,0.3914,1,0,1,44
7756,0.3982,1,1,1,45
7756,0.4245,1,0,1,48
7756,0.4876,1,1,1,49
7756,0.4435,1,1,1,51
7756,0.367,0,0,1,52
7756,0.3863,1,0,1,54
7756,0.391,1,0,1,55
7756,0.4711,1,1,1,56
7756,0.4405,1,0,1,57
7756,0.3587,1,0,1,59
7756,0.3993,1,1,1,62
7756,0.4416,1,0,1,65
7756,0.4411,0,1,1,66
7756,0.5919,1,1,1,67
7756,0.3697,1,0,1,68
7756,0.3759,1,0,1,69
7756,0.4281,1,1,1,70
7756,0.3812,1,0,1,74
7756,0.3681,1,0,1,75
7756,0.3566,1,0,1,76
7756,0.442,1,0,1,77
7756,0.424,1,0,1,78
7756,0.6237,1,1,1,79
7756,0.4816,1,1,1,80
7756,0.4843,1,0,1,82
7756,0.4737,1,0,1,83
7756,0.4051,1,1,1,84
7756,0.4273,1,1,1,86
7756,0.4344,1,1,1,87
7756,0.4002,1,1,1,88
7756,0.3568,1,0,1,91
7756,0.5354,1,0,1,92
7756,0.3972,1,0,1,93
7756,0.3978,0,1,1,95
7756,0.4078,1,1,1,96
7756,0.4247,1,1,1,98
7756,0.3241,1,1,1,99
7756,0.4054,1,0,1,100
7756,0.4273,1,0,1,102
7756,0.5412,1,0,1,105
7756,0.5056,1,1,1,106
7756,0.3697,1,0,1,107
7756,0.385,1,0,1,109
7756,0.3812,1,1,1,112
7756,0.5091,1,1,1,114
7756,0.3465,1,0,1,115
7756,0.4843,1,1,1,116
7756,0.4893,1,1,1,118
7756,0.5481,1,1,1,119
7756,0.5565,1,1,1,123
7756,0.4253,1,1,1,124
7756,0.3505,1,1,1,126
7768,0.6009,0,0,1,0
7768,0.4746,1,0,1,3
7768,0.3505,1,0,1,4
7768,0.3273,0,1,1,5
7768,0.2768,1,0,1,6
7768,0.2929,0,0,1,10
7768,0.7851,1,0,1,11
7768,0.2931,0,1,1,12
7768,0.4863,1,1,1,14
7768,0.4405,1,0,1,15
7768,0.4418,1,0,1,17
7768,0.4343,1,0,1,19
7768,0.3215,1,0,1,21
7768,0.5016,1,0,1,22
7768,0.5327,1,1,1,23
7768,0.5139,1,1,1,26
7768,0.3828,1,0,1,27
7768,0.5006,1,1,1,28
7768,0.5195,1,1,1,29
7768,0.3802,1,1,1,30
7768,0.3103,1,0,1,32
7768,0.379,1,1,1,33
7768,0.4153,1,0,1,34
7768,0.5156,1,0,1,37
7768,0.5902,1,1,1,38
7768,0.6395,1,1,1,39
7768,0.4454,1,1,1,40
7768,0.4558,1,0,1,41
7768,0.3164,1,1,1,43
7768,0.3692,1,0,1,45
7768,0.3928,1,0,1,46
7768,0.4853,1,1,1,49
7768,0.4317,1,1,1,51
7768,0.3258,1,0,1,52
7768,0.2831,1,1,1,53
7768,0.3917,1,1,1,56
7768,0.3242,0,0,1,59
7768,0.3967,1,0,1,60
7768,0.4337,1,1,1,61
7768,0.2929,1,1,1,62
7768,0.2545,0,1,1,63
7768,0.4253,1,1,1,64
7768,0.446,1,0,1,66
7768,0.3847,1,0,1,68
7768,0.4263,1,1,1,70
7768,0.5241,1,1,1,74
7768,0.526,1,1,1,75
7768,0.3672,1,0,1,76
7768,0.4179,1,0,1,77
7768,0.3105,1,1,1,78
7768,0.4748,1,1,1,79
7768,0.4478,1,0,1,80
7768,0.3101,0,1,1,81
7768,0.4641,1,1,1,82
7768,0.3833,1,0,1,83
7768,0.4493,1,0,1,85
7768,0.44,1,0,1,86
7768,0.4417,1,0,1,87
7768,0.3568,1,0,1,92
7768,0.544,1,1,1,93
7768,0.3341,0,1,1,94
7768,0.3408,1,0,1,95
7768,0.426,1,0,1,98
7768,0.2873,0,1,1,99
7768,0.3397,1,0,1,100
7768,0.6439,1,1,1,101
7768,0.4259,1,1,1,102
7768,0.4523,1,1,1,104
7768,0.4528,1,1,1,105
7768,0.3682,1,0,1,107
7768,0.401,1,1,1,108
7768,0.3421,1,1,1,109
7768,0.3978,1,0,1,111
7768,0.4527,1,0,1,113
7768,0.4935,1,1,1,114
7768,0.4186,1,0,1,115
7768,0.4607,1,1,1,118
7768,0.3614,1,0,1,120
7768,0.2978,1,0,1,123
7768,0.535,1,1,1,124
7768,0.3919,1,1,1,125
7768,0.5221,1,1,1,126
7768,0.5171,1,1,1,1
7768,0.4516,1,1,1,2
7768,0.451,1,1,1,3
7768,0.3359,0,1,1,4
7768,0.4338,1,0,1,5
7768,0.4986,1,0,1,8
7768,0.3836,1,1,1,9
7768,0.413,1,1,1,10
7768,0.5525,1,1,1,11
7768,0.5722,1,0,1,12
7768,0.3937,1,0,1,13
7768,0.5357,1,0,1,14
7768,0.5768,1,0,1,15
7768,0.3683,1,0,1,17
7768,0.4588,1,1,1,21
7768,0.4933,1,1,1,22
7768,0.3501,1,0,1,23
7768,0.5766,1,1,1,24
7768,0.4376,1,1,1,25
7768,0.5522,1,1,1,27
7768,0.4358,1,1,1,29
7768,0.3897,1,1,1,30
7768,0.399,1,1,1,33
7768,0.4098,1,1,1,34
7768,0.4993,1,0,1,35
7768,0.6073,1,1,1,38
7768,0.4458,1,1,1,39
7768,0.4429,1,0,1,41
7768,0.4034,1,0,1,42
7768,0.3926,1,0,1,43
7768,0.4326,1,0,1,45
7768,0.333,1,1,1,46
7768,0.4257,1,1,1,47
7768,0.3685,1,0,1,50
7768,0.445,1,0,1,51
7768,0.3769,1,1,1,52
7768,0.5014,1,0,1,56
7768,0.6811,1,0,1,57
7768,0.3834,0,1,1,59
7768,0.3742,1,0,1,62
7768,0.3708,1,1,1,63
7768,0.5578,1,0,1,65
7768,0.4685,1,0,1,66
7768,0.4435,1,1,1,67
7768,0.4286,1,0,1,68
7768,0.5672,1,1,1,72
7768,0.5443,1,0,1,73
7768,0.5263,1,1,1,75
7768,0.4859,1,1,1,77
7768,0.4861,1,1,1,78
7768,0.3695,1,0,1,80
7768,0.4157,1,0,1,82
7768,0.4422,1,1,1,83
7768,0.5163,1,0,1,84
7768,0.4284,1,1,1,86
7768,0.302,0,0,1,87
7768,0.4079,1,0,1,88
7768,0.4794,1,0,1,89
7768,0.4197,1,0,1,90
7768,0.3263,1,1,1,91
7768,0.3963,1,1,1,92
7768,0.3926,1,0,1,95
7768,0.3424,0,1,1,98
7768,0.41,1,0,1,99
7768,0.5769,1,0,1,100
7768,0.376,1,0,1,101
7768,0.442,1,0,1,102
7768,0.4047,1,0,1,105
7768,0.5242,1,1,1,106
7768,0.4949,1,1,1,107
7768,0.4184,1,0,1,108
7768,0.4905,1,1,1,109
7768,0.5204,1,0,1,110
7768,0.4339,1,0,1,112
7768,0.4466,1,0,1,114
7768,0.5203,1,0,1,115
7768,0.5328,1,1,1,116
7768,0.3923,1,1,1,118
7768,0.5699,1,1,1,120
7768,0.5829,1,1,1,123
7768,0.54990000000000006,1,0,1,124
7768,0.6243,1,1,1,125
7768,0.4201,1,0,1,126
7768,0.3596,1,1,1,127
7768,0.4994,1,1,1,0
7768,0.3835,1,0,1,2
7768,0.5374,1,1,1,3
7768,0.3674,1,0,1,5
7768,0.3084,0,0,1,7
7768,0.5284,1,0,1,9
7768,0.4754,1,0,1,10
7768,0.417,1,0,1,11
7768,0.4302,1,1,1,12
7768,0.2862,1,1,1,13
7768,0.3674,1,1,1,14
7768,0.4581,1,1,1,16
7768,0.5445,1,1,1,17
7768,0.4997,1,0,1,20
7768,0.3163,1,1,1,21
7768,0.3435,1,1,1,22
7768,0.3612,1,0,1,24
7768,0.5329,1,1,1,25
7768,0.3763,0,0,1,27
7768,0.3125,1,0,1,28
7768,0.4426,1,1,1,29
7768,0.5764,1,0,1,31
7768,0.5164,1,1,1,32
7768,0.458,1,1,1,33
7768,0.4616,1,0,1,36
7768,0.4019,1,0,1,37
7768,0.4345,1,0,1,38
7768,0.3586,1,0,1,39
7768,0.3608,1,1,1,41
7768,0.3806,1,1,1,42
7768,0.3797,1,0,1,44
7768,0.3754,1,0,1,45
7768,0.3854,1,0,1,47
7768,0.4655,1,1,1,48
7768,0.4605,1,0,1,53
7768,0.4219,1,1,1,55
7768,0.4583,1,1,1,57
7768,0.4851,1,0,1,58
7768,0.411,1,1,1,59
7768,0.324,1,1,1,60
7768,0.4113,1,0,1,61
7768,0.4071,1,0,1,62
7768,0.4446,1,1,1,63
7768,0.3756,1,1,1,64
7768,0.3238,0,0,1,65
7768,0.5241,1,0,1,66
7768,0.7035,1,1,1,67
7768,0.3494,1,0,1,68
7768,0.3354,1,1,1,70
7768,0.3961,1,1,1,71
7768,0.4229,1,0,1,72
7768,0.4028,1,0,1,73
7768,0.4829,1,1,1,74
7768,0.3478,1,1,1,76
7768,0.4333,1,0,1,77
7768,0.5789,1,0,1,78
7768,0.3853,1,0,1,80
7768,0.4201,1,0,1,83
7768,0.3683,1,1,1,84
7768,0.4878,1,0,1,88
7768,0.3524,1,0,1,89
7768,0.3999,1,1,1,90
7768,0.4249,1,1,1,91
7768,0.3531,1,0,1,92
7768,0.5172,1,1,1,93
7768,0.3273,1,0,1,95
7768,0.3425,1,1,1,96
7768,0.4442,1,1,1,99
7768,0.4498,1,1,1,100
7768,0.354,1,0,1,101
7768,0.3435,1,0,1,104
7768,0.3018,1,0,1,105
7768,0.3872,1,1,1,106
7768,0.3838,1,0,1,107
7768,0.3892,1,0,1,109
7768,0.485,1,1,1,110
7768,0.3666,1,0,1,115
7768,0.3921,1,1,1,118
7768,0.4096,1,1,1,119
7768,0.4742,1,1,1,120
7768,0.3419,1,0,1,122
7768,0.4267,1,1,1,123
7768,0.4388,1,1,1,125
7768,0.438,1,1,1,2
7768,0.5252,1,1,1,3
7768,0.4195,1,1,1,4
7768,0.4186,1,1,1,5
7768,0.4846,1,0,1,6
7768,0.427,1,1,1,7
7768,0.3189,1,1,1,8
7768,0.6096,1,1,1,9
7768,0.3834,1,0,1,10
7768,0.5431,1,1,1,13
7768,0.3997,1,0,1,15
7768,0.6774,1,0,1,16
7768,0.4434,1,0,1,17
7768,0.5842,1,0,1,19
7768,0.4017,1,0,1,20
7768,0.5191,1,1,1,22
7768,0.3994,1,0,1,24
7768,0.4394,1,0,1,25
7768,0.3653,1,0,1,27
7768,0.3986,1,1,1,28
7768,0.4425,1,1,1,29
7768,0.3307,1,1,1,35
7768,0.3438,1,1,1,36
7768,0.4016,1,1,1,37
7768,0.4,1,1,1,39
7768,0.6335,1,0,1,40
7768,0.4353,1,0,1,41
7768,0.3833,1,1,1,42
7768,0.5076,1,0,1,43
7768,0.4923,1,1,1,44
7768,0.4018,1,0,1,45
7768,0.4687,1,0,1,46
7768,0.4182,1,0,1,49
7768,0.6,1,1,1,50
7768,0.3461,1,0,1,51
7768,0.5358,1,0,1,52
7768,0.4825,1,1,1,53
7768,0.4417,1,1,1,55
7768,0.4193,1,0,1,56
7768,0.5353,0,1,1,60
7768,0.4505,1,0,1,61
7768,0.3853,1,1,1,63
7768,0.5237,1,1,1,64
7768,0.3581,1,0,1,65
7768,0.4284,1,1,1,67
7768,0.5,1,0,1,69
7768,0.3911,1,0,1,73
7768,0.5018,1,1,1,74
7768,0.5175,1,0,1,75
7768,0.448,1,1,1,76
7768,0.4184,1,1,1,77
7768,0.4048,1,0,1,78
7768,0.3757,1,0,1,83
7768,0.3247,1,0,1,84
7768,0.3886,1,0,1,86
7768,0.5489,1,0,1,88
7768,0.5113,1,1,1,90
7768,0.4535,1,1,1,91
7768,0.4797,1,1,1,92
7768,0.442,1,0,1,93
7768,0.3303,1,0,1,94
7768,0.4026,1,1,1,95
7768,0.411,1,1,1,98
7768,0.2968,1,1,1,99
7768,0.4201,1,1,1,101
7768,0.3923,1,1,1,102
7768,0.3416,1,1,1,103
7768,0.3008,1,0,1,104
7768,0.527,1,1,1,105
7768,0.3929,1,0,1,106
7768,0.3753,1,0,1,107
7768,0.3972,1,0,1,109
7768,0.4588,1,1,1,112
7768,0.3354,1,0,1,114
7768,0.4405,1,1,1,115
7768,0.3613,1,0,1,117
7768,0.4613,1,1,1,119
7768,0.3434,1,0,1,122
7768,0.4183,1,0,1,123
7768,0.4541,1,0,1,124
7768,0.3271,1,1,1,125
7768,0.2854,0,0,1,126
7768,0.4339,1,0,1,1
7768,0.4694,0,1,1,2
7768,0.4357,1,1,1,4
7768,0.6177,1,1,1,5
7768,0.4892,1,0,1,6
7768,0.4511,1,0,1,7
7768,0.501,1,0,1,8
7768,0.4677,1,1,1,10
7768,0.4695,1,1,1,11
7768,0.6006,1,0,1,12
7768,0.3843,1,0,1,13
7768,0.4696,1,0,1,15
7768,0.5006,1,1,1,16
7768,0.5672,1,1,1,17
7768,0.3507,1,0,1,19
7768,0.3677,1,0,1,20
7768,0.3842,1,0,1,21
7768,0.3851,1,0,1,22
7768,0.624,1,0,1,23
7768,0.4342,1,1,1,24
7768,0.4177,1,1,1,27
7768,0.3514,1,1,1,28
7768,0.3057,1,1,1,30
7768,0.3858,1,1,1,31
7768,0.4745,1,0,1,32
7768,0.5006,1,1,1,33
7768,0.3008,1,1,1,35
7768,0.3337,1,1,1,36
7768,0.484,1,1,1,38
7768,0.5342,1,0,1,40
7768,0.4532,1,0,1,41
7768,0.2862,1,0,1,42
7768,0.4189,1,1,1,43
7768,0.4192,1,1,1,45
7768,0.484,1,1,1,47
7768,0.4169,1,0,1,48
7768,0.3856,1,1,1,49
7768,0.4175,1,0,1,50
7768,0.3121,1,0,1,53
7768,0.4672,1,0,1,55
7768,0.4325,1,0,1,58
7768,0.3839,1,0,1,60
7768,0.4673,1,0,1,61
7768,0.5525,1,1,1,62
7768,0.5834,1,1,1,64
7768,0.6337,1,0,1,66
7768,0.4675,1,1,1,67
7768,0.5361,1,1,1,69
7768,0.4356,1,1,1,70
7768,0.396,1,0,1,71
7768,0.4859,1,0,1,72
7768,0.4673,1,1,1,75
7768,0.3337,1,0,1,76
7768,0.3533,1,1,1,79
7768,0.4359,1,0,1,80
7768,0.2875,1,0,1,81
7768,0.4846,1,0,1,82
7768,0.5695,1,1,1,85
7768,0.4361,1,1,1,88
7768,0.2699,0,0,1,89
7768,0.4677,1,1,1,90
7768,0.4009,1,1,1,92
7768,0.5883,1,1,1,93
7768,0.5068,1,1,1,94
7768,0.436,1,0,1,95
7768,0.4193,1,0,1,96
7768,0.5012,1,1,1,97
7768,0.441,1,1,1,98
7768,0.5079,1,1,1,99
7768,0.4185,1,0,1,100
7768,0.625,1,1,1,104
7768,0.5527,1,1,1,105
7768,0.5661,1,0,1,106
7768,0.3573,1,0,1,110
7768,0.7411,1,0,1,113
7768,0.4615,1,0,1,114
7768,0.5938,1,1,1,115
7768,0.442,1,1,1,118
7768,0.5422,1,1,1,121
7768,0.4683,1,0,1,122
7768,0.3527,1,0,1,124
7768,0.4466,1,0,1,125
7768,0.4264,1,0,1,126
7768,0.4789,1,1,1,127
7768,0.4004,1,0,1,1
7768,0.385,1,1,1,3
7768,0.5525,1,0,1,4
7768,0.4333,1,1,1,6
7768,0.5848,1,1,1,9
7768,0.5058,0,0,1,10
7768,0.6201,1,1,1,11
7768,0.6014,1,1,1,12
7768,0.4468,1,1,1,14
7768,0.5031,1,1,1,15
7768,0.4195,1,0,1,16
7768,0.4369,1,0,1,17
7768,0.4187,1,0,1,19
7768,0.4843,1,1,1,21
7768,0.4732,1,0,1,22
7768,0.5196,1,1,1,23
7768,0.419,1,1,1,24
7768,0.4693,1,0,1,25
7768,0.3589,1,1,1,26
7768,0.4005,1,0,1,28
7768,0.3947,1,1,1,31
7768,0.401,1,0,1,34
7768,0.3502,1,1,1,35
7768,0.3985,1,1,1,36
7768,0.4373,1,1,1,37
7768,0.4526,1,1,1,38
7768,0.5086,1,0,1,39
7768,0.4354,1,0,1,40
7768,0.6149,1,0,1,41
7768,0.5634,1,1,1,42
7768,0.5374,1,1,1,43
7768,0.4178,1,0,1,45
7768,0.3737,1,0,1,47
7768,0.5167,1,0,1,49
7768,0.4507,1,1,1,50
7768,0.4967,1,0,1,51
7768,0.5678,1,0,1,54
7768,0.3671,1,0,1,56
7768,0.4081,1,0,1,57
7768,0.4046,1,0,1,58
7768,0.3513,1,1,1,59
7768,0.4191,1,0,1,60
7768,0.4237,1,0,1,61
7768,0.4255,1,0,1,62
7768,0.3577,1,1,1,64
7768,0.4496,1,1,1,65
7768,0.4644,1,1,1,66
7768,0.7096,1,1,1,67
7768,0.3723,0,1,1,69
7768,0.4477,0,0,1,71
7768,0.5512,1,0,1,75
7768,0.41,1,1,1,76
7768,0.4752,1,1,1,77
7768,0.6242,1,0,1,81
7768,0.4096,1,1,1,82
7768,0.4178,1,0,1,85
7768,0.3442,1,0,1,88
7768,0.4848,1,0,1,89
7768,0.3951,1,0,1,90
7768,0.4861,1,1,1,94
7768,0.505,1,1,1,96
7768,0.4831,1,0,1,97
7768,0.4421,1,0,1,98
7768,0.3678,1,0,1,100
7768,0.3694,1,1,1,101
7768,0.4468,1,1,1,102
7768,0.3828,1,0,1,103
7768,0.4615,1,1,1,104
7768,0.3701,1,1,1,105
7768,0.3551,1,0,1,109
7768,0.5172,1,1,1,110
7768,0.4184,1,0,1,111
7768,0.466,1,1,1,112
7768,0.4264,1,0,1,113
7768,0.2784,0,1,1,114
7768,0.6689,1,1,1,115
7768,0.3486,1,1,1,116
7768,0.4533,1,1,1,117
7768,0.3994,1,0,1,118
7768,0.4477,1,0,1,122
7768,0.2547,1,0,1,126
7768,0.4495,1,1,1,127
7768,0.4491,0,1,1,0
7768,0.6005,1,1,1,1
7768,0.5338,1,0,1,2
7768,0.3996,1,0,1,5
7768,0.4449,1,1,1,6
7768,0.3376,1,0,1,9
7768,0.4148,1,0,1,11
7768,0.4341,1,1,1,12
7768,0.3563,1,0,1,15
7768,0.5147,1,0,1,17
7768,0.6309,1,0,1,18
7768,0.3773,1,1,1,20
7768,0.5192,1,0,1,22
7768,0.4704,1,1,1,26
7768,0.6059,1,1,1,27
7768,0.4021,1,1,1,29
7768,0.4605,1,0,1,30
7768,0.6081,1,1,1,32
7768,0.4093,1,0,1,34
7768,0.599,1,1,1,35
7768,0.549,1,0,1,36
7768,0.5938,1,1,1,37
7768,0.4425,1,1,1,38
7768,0.6931,1,0,1,39
7768,0.4674,1,1,1,40
7768,0.4558,1,0,1,44
7768,0.4182,1,1,1,45
7768,0.4656,1,0,1,46
7768,0.3777,1,0,1,47
7768,0.3768,1,0,1,48
7768,0.4402,1,1,1,52
7768,0.4087,1,0,1,53
7768,0.4186,1,0,1,54
7768,0.3741,1,1,1,57
7768,0.4499,1,1,1,60
7768,0.5918,1,0,1,61
7768,0.5756,1,0,1,64
7768,0.4614,1,1,1,65
7768,0.4453,1,1,1,66
7768,0.4579,1,1,1,67
7768,0.4439,1,1,1,69
7768,0.3946,1,0,1,70
7768,0.3825,1,1,1,72
7768,0.4034,1,1,1,73
7768,0.4089,1,1,1,74
7768,0.5669,1,0,1,75
7768,0.371,1,1,1,76
7768,0.4663,1,0,1,77
7768,0.45,1,1,1,79
7768,0.435,1,0,1,83
7768,0.4635,1,0,1,84
7768,0.6905,1,0,1,85
7768,0.3715,1,1,1,86
7768,0.3499,1,0,1,89
7768,0.5203,1,1,1,91
7768,0.524,1,1,1,93
7768,0.3283,1,1,1,94
7768,0.3859,1,0,1,97
7768,0.4829,1,1,1,98
7768,0.4299,1,1,1,99
7768,0.3701,1,0,1,100
7768,0.3938,1,1,1,101
7768,0.4086,1,0,1,103
7768,0.4552,1,1,1,104
7768,0.6617,1,0,1,105
7768,0.3985,1,0,1,108
7768,0.4406,1,0,1,109
7768,0.3942,1,1,1,110
7768,0.4,1,0,1,111
7768,0.5036,1,0,1,112
7768,0.4094,1,1,1,114
7768,0.5736,1,0,1,116
7768,0.4025,1,0,1,119
7768,0.4278,1,1,1,123
7768,0.4259,1,1,1,124
7768,0.3422,1,0,1,125
7768,0.375,1,0,1,126
7768,0.6123,1,0,1,2
7768,0.4584,1,0,1,4
7768,0.4311,1,1,1,5
7768,0.4268,1,1,1,6
7768,0.5179,1,1,1,7
7768,0.6108,1,0,1,9
7768,0.3699,1,1,1,11
7768,0.4326,1,0,1,12
7768,0.3436,1,0,1,13
7768,0.6601,1,1,1,14
7768,0.4755,1,1,1,15
7768,0.4596,1,1,1,16
7768,0.3768,1,1,1,17
7768,0.3923,1,1,1,21
7768,0.6715,1,1,1,22
7768,0.3764,1,0,1,23
7768,0.4688,1,0,1,24
7768,0.5139,1,1,1,25
7768,0.4712,1,1,1,26
7768,0.3814,1,0,1,27
7768,0.694,1,0,1,28
7768,0.4518,1,1,1,29
7768,0.4441,1,0,1,30
7768,0.3966,1,0,1,33
7768,0.4017,1,0,1,34
7768,0.4681,1,1,1,35
7768,0.335,1,1,1,37
7768,0.5519,1,1,1,38
7768,0.3095,0,1,1,39
7768,0.3253,1,1,1,40
7768,0.4763,1,0,1,41
7768,0.3331,1,1,1,42
7768,0.42,1,0,1,44
7768,0.4125,1,0,1,46
7768,0.3393,0,1,1,47
7768,0.3797,1,1,1,48
7768,0.526,1,1,1,49
7768,0.4152,1,1,1,50
7768,0.5371,1,1,1,51
7768,0.3165,1,0,1,53
7768,0.4689,1,0,1,54
7768,0.4932,1,0,1,55
7768,0.5301,1,0,1,58
7768,0.3033,1,0,1,60
7768,0.3596,1,1,1,63
7768,0.3437,1,1,1,66
7768,0.4173,1,1,1,70
7768,0.4301,1,1,1,73
7768,0.5683,1,0,1,75
7768,0.4605,1,1,1,76
7768,0.3716,1,0,1,80
7768,0.3679,1,0,1,81
7768,0.3373,1,0,1,83
7768,0.4098,1,0,1,84
7768,0.3681,1,1,1,88
7768,0.3148,1,0,1,89
7768,0.3757,1,1,1,90
7768,0.4288,1,1,1,91
7768,0.2688,1,0,1,92
7768,0.2792,1,1,1,93
7768,0.3936,1,0,1,95
7768,0.316,1,1,1,96
7768,0.2595,1,0,1,97
7768,0.4874,1,1,1,98
7768,0.3484,1,0,1,101
7768,0.323,1,0,1,102
7768,0.2975,1,1,1,103
7768,0.4332,1,0,1,104
7768,0.3691,1,0,1,107
7768,0.3411,1,1,1,108
7768,0.3997,1,0,1,109
7768,0.3389,0,1,1,111
7768,0.3557,1,0,1,113
7768,0.387,1,1,1,114
7768,0.3495,1,0,1,115
7768,0.4296,1,0,1,117
7768,0.413,1,0,1,119
7768,0.4053,1,0,1,121
7768,0.4883,1,1,1,122
7768,0.3192,1,0,1,125
7807,0.6055,1,0,1,1
7807,0.6431,1,0,1,7
7807,0.5489,1,1,1,9
7807,0.3799,1,0,1,10
7807,0.4481,1,0,1,14
7807,0.4148,1,0,1,16
7807,0.4349,1,1,1,17
7807,0.4064,1,1,1,18
7807,0.5398,1,1,1,20
7807,0.5064,1,1,1,21
7807,0.4148,1,0,1,26
7807,0.3844,1,0,1,27
7807,0.4815,0,1,1,28
7807,0.5027,1,1,1,29
7807,0.4676,1,0,1,30
7807,0.6234,1,0,1,32
7807,0.3484,1,0,1,33
7807,0.5104,1,1,1,35
7807,0.471,1,0,1,37
7807,0.4359,1,0,1,38
7807,0.4399,1,0,1,39
7807,0.4973,1,1,1,40
7807,0.3909,1,0,1,41
7807,0.6582,1,0,1,42
7807,0.3752,1,0,1,45
7807,0.3659,0,1,1,46
7807,0.2846,0,0,1,47
7807,0.5527,1,0,1,48
7807,0.466,1,1,1,49
7807,0.6565,1,1,1,50
7807,0.4806,1,0,1,51
7807,0.3467,0,1,1,52
7807,0.4737,1,1,1,56
7807,0.4106,1,1,1,57
7807,0.3988,1,0,1,58
7807,0.4434,1,1,1,59
7807,0.4593,1,0,1,62
7807,0.4773,1,1,1,63
7807,0.403,1,1,1,64
7807,0.4989,1,1,1,66
7807,0.4633,1,1,1,67
7807,0.4592,1,1,1,72
7807,0.3817,1,0,1,73
7807,0.4865,1,0,1,76
7807,0.497,1,1,1,77
7807,0.4193,1,1,1,79
7807,0.469,1,0,1,80
7807,0.3919,1,0,1,81
7807,0.492,1,1,1,82
7807,0.4189,1,1,1,83
7807,0.2743,0,1,1,85
7807,0.4403,1,0,1,86
7807,0.5671,1,1,1,87
7807,0.4827,1,0,1,89
7807,0.5122,1,1,1,92
7807,0.5743,1,0,1,93
7807,0.5307,1,1,1,94
7807,0.404,1,1,1,95
7807,0.366,1,0,1,96
7807,0.4736,1,1,1,98
7807,0.3826,1,0,1,99
7807,0.3916,1,0,1,101
7807,0.4203,1,0,1,103
7807,0.3996,1,1,1,104
7807,0.3246,1,1,1,105
7807,0.3739,0,0,1,106
7807,0.4821,1,0,1,108
7807,0.6236,1,1,1,110
7807,0.4061,1,0,1,113
7807,0.6021,1,1,1,115
7807,0.3698,1,1,1,116
7807,0.3771,1,0,1,117
7807,0.3264,0,1,1,118
7807,0.4059,1,1,1,119
7807,0.4581,1,1,1,123
7807,0.5479,1,1,1,124
7807,0.3781,1,1,1,125
7807,0.5218,1,0,1,126
7807,0.4229,1,0,1,127
7807,0.5174,1,1,1,1
7807,0.4594,1,0,1,3
7807,0.5806,1,1,1,4
7807,0.4924,1,1,1,5
7807,0.4435,1,0,1,7
7807,0.4598,1,1,1,8
7807,0.3542,1,1,1,10
7807,0.6191,1,1,1,11
7807,0.383,1,0,1,12
7807,0.342,1,1,1,15
7807,0.4253,1,0,1,17
7807,0.369,1,0,1,18
7807,0.4443,1,0,1,19
7807,0.3708,1,1,1,21
7807,0.4586,1,1,1,22
7807,0.5363,1,1,1,23
7807,0.3335,1,1,1,26
7807,0.3572,1,0,1,28
7807,0.6229,1,0,1,30
7807,0.5309,1,1,1,31
7807,0.4502,1,0,1,33
7807,0.6111,1,1,1,37
7807,0.4854,1,0,1,38
7807,0.3913,1,0,1,39
7807,0.4498,1,1,1,41
7807,0.3587,0,1,1,43
7807,0.4243,1,1,1,45
7807,0.4597,1,1,1,46
7807,0.3654,1,0,1,47
7807,0.7436,1,1,1,49
7807,0.3971,1,1,1,50
7807,0.5007,1,0,1,51
7807,0.4526,1,0,1,52
7807,0.3081,1,0,1,53
7807,0.5083,1,0,1,54
7807,0.5344,1,1,1,57
7807,0.3282,1,0,1,58
7807,0.3415,1,0,1,59
7807,0.494,1,0,1,61
7807,0.5824,1,1,1,63
7807,0.5568,1,1,1,65
7807,0.4416,1,0,1,66
7807,0.5912,1,0,1,67
7807,0.3521,1,0,1,69
7807,0.4729,1,1,1,70
7807,0.4217,1,1,1,72
7807,0.386,1,0,1,75
7807,0.3412,1,1,1,77
7807,0.3954,1,1,1,78
7807,0.2531,0,1,1,79
7807,0.3661,1,0,1,80
7807,0.3362,1,0,1,81
7807,0.3329,1,0,1,83
7807,0.5567,1,1,1,84
7807,0.3187,1,0,1,88
7807,0.3785,1,0,1,89
7807,0.5725,1,1,1,90
7807,0.2976,1,1,1,91
7807,0.4432,1,0,1,92
7807,0.3889,1,1,1,94
7807,0.3502,1,0,1,95
7807,0.5175,1,1,1,97
7807,0.3529,1,1,1,98
7807,0.4755,1,1,1,99
7807,0.3494,1,0,1,100
7807,0.308,0,1,1,103
7807,0.4,1,0,1,104
7807,0.4698,1,0,1,105
7807,0.407,1,0,1,106
7807,0.4434,1,1,1,107
7807,0.4402,1,1,1,108
7807,0.369,1,1,1,111
7807,0.2983,1,1,1,112
7807,0.444,1,0,1,113
7807,0.4209,1,1,1,115
7807,0.4004,1,0,1,117
7807,0.3262,1,1,1,119
7807,0.365,1,0,1,123
7807,0.4199,1,0,1,125
7807,0.3313,1,0,1,126
7807,0.3494,1,1,1,127
7807,0.444,1,1,1,1
7807,0.4164,1,1,1,3
7807,0.3164,0,1,1,5
7807,0.5195,1,1,1,6
7807,0.514,1,1,1,7
7807,0.4456,1,1,1,8
7807,0.7089,1,0,1,11
7807,0.3657,1,1,1,13
7807,0.3125,0,0,1,14
7807,0.3476,1,0,1,16
7807,0.4463,1,1,1,17
7807,0.3501,1,0,1,18
7807,0.4708,1,1,1,19
7807,0.5474,1,1,1,20
7807,0.4861,1,1,1,21
7807,0.4402,1,1,1,29
7807,0.4,1,0,1,30
7807,0.4221,1,1,1,31
7807,0.3829,1,0,1,32
7807,0.5644,1,0,1,33
7807,0.4447,1,1,1,35
7807,0.3952,1,1,1,36
7807,0.3544,1,0,1,38
7807,0.4695,1,0,1,39
7807,0.3158,1,1,1,40
7807,0.3031,1,1,1,44
7807,0.3232,0,1,1,47
7807,0.3966,1,0,1,49
7807,0.3928,1,0,1,50
7807,0.3252,1,0,1,51
7807,0.324,1,0,1,52
7807,0.2862,0,1,1,53
7807,0.4883,1,1,1,54
7807,0.3615,1,0,1,57
7807,0.332,1,0,1,59
7807,0.3702,1,0,1,60
7807,0.3599,1,0,1,61
7807,0.3498,1,0,1,63
7807,0.3592,1,1,1,64
7807,0.3983,0,0,1,65
7807,0.433,1,1,1,66
7807,0.5405,1,1,1,67
7807,0.4024,1,1,1,68
7807,0.4732,1,0,1,72
7807,0.2995,1,1,1,75
7807,0.4591,1,1,1,76
7807,0.3495,1,0,1,78
7807,0.391,1,0,1,79
7807,0.3902,1,1,1,80
7807,0.4084,1,0,1,81
7807,0.465,1,0,1,82
7807,0.3572,1,0,1,83
7807,0.6886,1,1,1,84
7807,0.3838,1,0,1,85
7807,0.4614,1,1,1,86
7807,0.6027,1,1,1,87
7807,0.5647,1,0,1,88
7807,0.4678,1,1,1,89
7807,0.4982,1,1,1,93
7807,0.3408,1,0,1,94
7807,0.2749,1,0,1,95
7807,0.2871,1,0,1,96
7807,0.543,1,1,1,97
7807,0.3906,1,1,1,98
7807,0.3716,1,0,1,99
7807,0.4392,1,1,1,103
7807,0.3241,1,0,1,104
7807,0.4162,1,0,1,106
7807,0.3433,1,0,1,107
7807,0.3124,0,1,1,108
7807,0.3202,0,1,1,109
7807,0.4415,1,1,1,111
7807,0.3703,1,0,1,112
7807,0.3377,1,0,1,113
7807,0.3793,1,1,1,115
7807,0.4569,1,0,1,118
7807,0.461,1,0,1,119
7807,0.4826,1,1,1,120
7807,0.3788,1,0,1,121
7807,0.4274,1,0,1,123
7807,0.5647,1,0,1,124
7807,0.6265,1,1,1,125
7807,0.4957,1,0,1,0
7807,0.4274,0,1,1,1
7807,0.3897,1,1,1,2
7807,0.3808,1,0,1,4
7807,0.3453,1,0,1,6
7807,0.4823,1,1,1,7
7807,0.4495,0,0,1,8
7807,0.4602,1,0,1,9
7807,0.4128,1,1,1,10
7807,0.4918,1,1,1,11
7807,0.5435,1,1,1,12
7807,0.4028,1,1,1,14
7807,0.406,1,0,1,15
7807,0.5023,1,1,1,17
7807,0.4426,1,1,1,18
7807,0.5103,1,1,1,19
7807,0.4489,1,1,1,22
7807,0.4696,1,0,1,24
7807,0.3717,1,0,1,25
7807,0.6272,1,1,1,26
7807,0.3645,1,0,1,27
7807,0.3928,1,1,1,30
7807,0.4267,1,1,1,33
7807,0.3303,1,0,1,34
7807,0.4814,1,1,1,37
7807,0.4337,1,0,1,38
7807,0.3609,1,0,1,41
7807,0.4241,1,1,1,43
7807,0.3027,1,1,1,44
7807,0.2736,1,1,1,45
7807,0.3598,1,0,1,46
7807,0.3202,1,0,1,47
7807,0.2937,1,1,1,49
7807,0.3414,0,1,1,51
7807,0.4738,1,1,1,53
7807,0.4164,1,0,1,54
7807,0.4449,1,0,1,55
7807,0.5544,1,1,1,57
7807,0.4603,1,1,1,58
7807,0.3137,1,1,1,59
7807,0.3183,1,0,1,60
7807,0.3886,1,0,1,61
7807,0.507,1,0,1,62
7807,0.49370000000000003,1,0,1,64
7807,0.3529,1,0,1,65
7807,0.3362,1,0,1,66
7807,0.3388,0,1,1,69
7807,0.4244,0,1,1,71
7807,0.3833,1,0,1,73
7807,0.4738,1,0,1,74
7807,0.342,1,0,1,75
7807,0.4417,1,0,1,76
7807,0.3102,1,0,1,77
7807,0.4898,1,0,1,78
7807,0.495,1,1,1,79
7807,0.5038,1,1,1,80
7807,0.3407,1,0,1,82
7807,0.4275,1,1,1,83
7807,0.3411,1,0,1,88
7807,0.2831,1,1,1,89
7807,0.3585,1,0,1,90
7807,0.3859,1,0,1,91
7807,0.4352,0,1,1,92
7807,0.476,1,1,1,93
7807,0.5535,1,1,1,94
7807,0.4205,1,1,1,98
7807,0.3744,1,0,1,102
7807,0.4981,1,0,1,104
7807,0.2934,1,0,1,105
7807,0.4232,1,0,1,106
7807,0.4103,1,0,1,109
7807,0.45,1,1,1,110
7807,0.4736,1,1,1,111
7807,0.2742,1,0,1,115
7807,0.3893,1,0,1,116
7807,0.6016,1,1,1,117
7807,0.3076,0,1,1,118
7807,0.5797,1,1,1,120
7807,0.4351,1,0,1,121
7807,0.4789,1,1,1,122
7807,0.3259,1,0,1,123
7807,0.3729,1,0,1,124
7807,0.5544,1,1,1,125
7807,0.4404,1,1,1,127
7807,0.4591,1,0,1,0
7807,0.334,1,1,1,3
7807,0.3891,1,1,1,5
7807,0.5813,1,1,1,6
7807,0.4174,1,0,1,7
7807,0.4661,1,0,1,10
7807,0.3035,0,1,1,12
7807,0.4117,1,0,1,13
7807,0.4423,1,1,1,15
7807,0.4386,1,1,1,16
7807,0.3229,1,1,1,17
7807,0.4561,1,1,1,18
7807,0.3355,1,0,1,19
7807,0.6414,1,1,1,23
7807,0.6991,1,1,1,25
7807,0.3939,1,1,1,26
7807,0.3203,1,1,1,27
7807,0.3412,1,0,1,28
7807,0.4226,1,0,1,33
7807,0.7917,1,1,1,36
7807,0.4163,0,0,1,37
7807,0.558,1,1,1,38
7807,0.4653,1,0,1,39
7807,0.4366,1,1,1,40
7807,0.4018,1,1,1,41
7807,0.4096,1,0,1,42
7807,0.3954,1,0,1,44
7807,0.4589,1,1,1,46
7807,0.6219,1,1,1,47
7807,0.3833,1,0,1,48
7807,0.6571,1,0,1,49
7807,0.3726,1,0,1,50
7807,0.4602,1,0,1,51
7807,0.3484,0,1,1,52
7807,0.3502,1,0,1,53
7807,0.6112,1,0,1,55
7807,0.3711,1,1,1,58
7807,0.366,1,0,1,60
7807,0.4415,1,1,1,61
7807,0.6437,1,1,1,62
7807,0.7415,1,1,1,63
7807,0.5308,1,0,1,65
7807,0.3437,1,1,1,66
7807,0.3593,1,1,1,67
7807,0.3263,0,1,1,70
7807,0.4193,1,1,1,71
7807,0.3274,1,1,1,72
7807,0.4087,1,1,1,73
7807,0.4337,1,0,1,74
7807,0.3453,1,0,1,75
7807,0.3433,1,0,1,78
7807,0.36,1,1,1,79
7807,0.5313,1,1,1,80
7807,0.3451,1,1,1,81
7807,0.747,1,0,1,82
7807,0.3827,1,0,1,84
7807,0.4045,1,1,1,86
7807,0.3835,1,0,1,87
7807,0.3961,0,1,1,89
7807,0.5272,1,1,1,90
7807,0.7059,1,1,1,91
7807,0.3938,1,0,1,92
7807,0.415,1,0,1,98
7807,0.4066,1,0,1,100
7807,0.4596,1,1,1,103
7807,0.2811,0,0,1,104
7807,0.459,1,1,1,107
7807,0.7049,1,0,1,110
7807,0.3703,1,0,1,111
7807,0.4132,1,0,1,112
7807,0.4419,1,0,1,114
7807,0.3588,1,0,1,115
7807,0.327,1,0,1,116
7807,0.4501,1,1,1,117
7807,0.4097,1,0,1,118
7807,0.3426,1,1,1,119
7807,0.3934,1,0,1,120
7807,0.3908,0,1,1,121
7807,0.4092,1,0,1,123
7807,0.3317,1,1,1,124
7807,0.4085,1,0,1,125
7807,0.4256,1,0,1,126
7807,0.3929,1,0,1,127
7807,0.3193,1,0,1,1
7807,0.4323,1,0,1,3
7807,0.6104,1,1,1,4
7807,0.3053,1,0,1,5
7807,0.3686,1,0,1,7
7807,0.6287,1,0,1,8
7807,0.4247,1,1,1,10
7807,0.353,1,0,1,12
7807,0.3725,1,0,1,13
7807,0.4342,1,1,1,16
7807,0.3511,1,0,1,17
7807,0.4346,1,1,1,20
7807,0.3336,1,0,1,21
7807,0.4689,1,0,1,22
7807,0.3178,1,1,1,23
7807,0.4271,1,1,1,24
7807,0.469,1,1,1,25
7807,0.376,1,1,1,26
7807,0.4338,1,0,1,27
7807,0.4999,1,1,1,28
7807,0.36870000000000003,1,0,1,29
7807,0.3112,0,1,1,32
7807,0.3734,1,0,1,34
7807,0.3861,0,1,1,36
7807,0.7266,1,1,1,37
7807,0.494,0,1,1,40
7807,0.4511,1,1,1,41
7807,0.5033,1,0,1,42
7807,0.6311,1,1,1,44
7807,0.3461,1,1,1,45
7807,0.4351,1,1,1,47
7807,0.3765,1,0,1,49
7807,0.3489,1,0,1,52
7807,0.3844,1,0,1,54
7807,0.3656,1,1,1,55
7807,0.3117,1,1,1,56
7807,0.2509,1,1,1,58
7807,0.3271,1,0,1,60
7807,0.4672,1,1,1,65
7807,0.3971,1,0,1,67
7807,0.3419,1,0,1,69
7807,0.3333,1,1,1,70
7807,0.5124,1,0,1,71
7807,0.3419,1,0,1,72
7807,0.4033,1,0,1,73
7807,0.4855,0,1,1,74
7807,0.3079,0,1,1,75
7807,0.3338,1,0,1,76
7807,0.3209,1,1,1,77
7807,0.4527,1,0,1,82
7807,0.4613,1,1,1,83
7807,0.3096,1,1,1,84
7807,0.3193,0,1,1,85
7807,0.3627,1,0,1,86
7807,0.3195,1,0,1,87
7807,0.3434,0,1,1,88
7807,0.3475,1,1,1,89
7807,0.4539,1,1,1,90
7807,0.4543,1,0,1,91
7807,0.4975,1,1,1,94
7807,0.4257,1,0,1,95
7807,0.3754,1,1,1,97
7807,0.3835,1,0,1,98
7807,0.4763,1,0,1,99
7807,0.4501,1,1,1,101
7807,0.3326,1,1,1,103
7807,0.3784,1,0,1,104
7807,0.4824,1,1,1,105
7807,0.3239,1,0,1,107
7807,0.578,1,0,1,108
7807,0.4703,1,0,1,109
7807,0.3245,1,0,1,110
7807,0.2698,1,0,1,112
7807,0.4167,1,1,1,113
7807,0.3107,1,1,1,114
7807,0.2841,1,0,1,115
7807,0.4199,1,0,1,117
7807,0.3653,1,1,1,121
7807,0.4661,1,1,1,123
7807,0.3175,1,0,1,124
7807,0.3594,1,0,1,125
7807,0.7504,1,1,1,0
7807,0.797,1,0,1,1
7807,0.4069,1,1,1,3
7807,0.6489,1,1,1,4
7807,0.4166,1,0,1,5
7807,0.3596,1,0,1,8
7807,0.316,1,1,1,9
7807,0.4102,1,0,1,10
7807,0.3197,1,0,1,11
7807,0.3862,1,0,1,13
7807,0.3599,0,1,1,14
7807,0.321,1,0,1,16
7807,0.4249,1,0,1,17
7807,0.3619,1,1,1,18
7807,0.4436,1,1,1,20
7807,0.3382,0,1,1,24
7807,0.4795,1,1,1,25
7807,0.3935,1,0,1,29
7807,0.441,1,1,1,30
7807,0.507,1,0,1,32
7807,0.5482,1,1,1,33
7807,0.5442,1,1,1,34
7807,0.3626,1,0,1,37
7807,0.5079,1,1,1,38
7807,0.4914,1,1,1,40
7807,0.492,1,1,1,41
7807,0.4912,1,1,1,43
7807,0.3539,0,1,1,44
7807,0.4241,1,1,1,45
7807,0.5869,1,0,1,47
7807,0.3535,1,0,1,48
7807,0.3746,1,0,1,50
7807,0.4056,1,0,1,51
7807,0.5331,1,1,1,52
7807,0.4727,1,1,1,53
7807,0.3762,1,0,1,54
7807,0.426,1,0,1,55
7807,0.4674,1,1,1,57
7807,0.4007,1,0,1,58
7807,0.5603,1,0,1,59
7807,0.3524,1,0,1,61
7807,0.3388,1,0,1,62
7807,0.4995,1,0,1,64
7807,0.3922,1,1,1,65
7807,0.4069,1,0,1,66
7807,0.3917,1,1,1,67
7807,0.3328,1,0,1,69
7807,0.6368,1,1,1,71
7807,0.3579,1,0,1,76
7807,0.4599,1,1,1,78
7807,0.3896,1,1,1,79
7807,0.3382,1,0,1,80
7807,0.473,1,1,1,81
7807,0.4212,1,1,1,82
7807,0.3329,1,0,1,83
7807,0.5335,1,1,1,84
7807,0.3659,1,0,1,85
7807,0.4258,1,0,1,86
7807,0.4033,1,1,1,88
7807,0.2939,1,0,1,89
7807,0.3423,1,0,1,90
7807,0.4031,1,0,1,91
7807,0.3704,1,0,1,92
7807,0.4122,1,1,1,93
7807,0.2605,1,0,1,95
7807,0.3622,1,0,1,98
7807,0.4467,1,0,1,99
7807,0.3145,1,1,1,100
7807,0.3593,1,0,1,101
7807,0.451,1,1,1,104
7807,0.3604,1,1,1,106
7807,0.2876,0,0,1,110
7807,0.4091,1,0,1,111
7807,0.5817,1,1,1,112
7807,0.5257,1,1,1,113
7807,0.4111,1,0,1,114
7807,0.3567,1,1,1,116
7807,0.3202,1,1,1,117
7807,0.3244,1,1,1,118
7807,0.3272,1,0,1,119
7807,0.4332,1,1,1,120
7807,0.3606,1,0,1,121
7807,0.3841,1,1,1,122
7807,0.265,1,1,1,126
7807,0.3666,1,1,1,2
7807,0.4241,1,0,1,4
7807,0.3694,1,0,1,5
7807,0.3567,1,0,1,6
7807,0.3827,0,1,1,8
7807,0.3541,1,0,1,9
7807,0.3746,0,1,1,11
7807,0.3099,1,0,1,12
7807,0.4275,1,1,1,13
7807,0.4931,1,0,1,16
7807,0.7413,1,1,1,17
7807,0.3746,1,0,1,19
7807,0.3325,1,0,1,25
7807,0.3811,1,1,1,26
7807,0.2995,1,0,1,27
7807,0.4003,1,1,1,28
7807,0.4195,1,1,1,29
7807,0.4248,0,1,1,30
7807,0.4081,1,0,1,32
7807,0.4512,1,1,1,33
7807,0.4079,0,1,1,34
7807,0.3576,1,1,1,36
7807,0.3435,0,1,1,39
7807,0.4417,1,1,1,40
7807,0.3628,1,0,1,41
7807,0.3535,1,0,1,42
7807,0.411,1,1,1,44
7807,0.3721,1,0,1,45
7807,0.4198,1,1,1,46
7807,0.3726,1,0,1,47
7807,0.388,1,0,1,50
7807,0.3577,1,0,1,53
7807,0.3408,1,0,1,54
7807,0.3073,1,0,1,56
7807,0.3752,1,1,1,58
7807,0.3575,1,0,1,60
7807,0.6911,1,0,1,62
7807,0.3302,1,1,1,65
7807,0.4834,1,0,1,66
7807,0.2994,0,0,1,67
7807,0.405,0,1,1,71
7807,0.4912,1,1,1,72
7807,0.374,1,1,1,73
7807,0.3664,1,0,1,74
7807,0.3805,1,1,1,76
7807,0.3622,1,0,1,77
7807,0.4387,0,1,1,78
7807,0.3841,1,0,1,79
7807,0.4587,1,1,1,80
7807,0.3503,1,0,1,81
7807,0.3494,1,1,1,82
7807,0.5268,1,1,1,83
7807,0.4859,1,1,1,85
7807,0.348,1,0,1,87
7807,0.3764,1,0,1,88
7807,0.3076,1,0,1,89
7807,0.4488,1,1,1,91
7807,0.3101,0,1,1,92
7807,0.3968,1,0,1,93
7807,0.3706,1,0,1,94
7807,0.4321,1,1,1,96
7807,0.3258,1,1,1,97
7807,0.3903,1,0,1,99
7807,0.4256,1,1,1,100
7807,0.4146,1,0,1,101
7807,0.3098,0,1,1,102
7807,0.3821,1,0,1,103
7807,0.3464,1,0,1,106
7807,0.3699,1,0,1,107
7807,0.4491,1,1,1,108
7807,0.3968,1,1,1,110
7807,0.3207,1,0,1,112
7807,0.3587,1,0,1,115
7807,0.3202,1,1,1,116
7807,0.4454,1,1,1,117
7807,0.3575,0,1,1,118
7807,0.3275,1,0,1,120
7807,0.3676,1,1,1,121
7807,0.691,1,1,1,122
7807,0.4703,1,1,1,123
7807,0.2712,0,1,1,124
7807,0.358,1,0,1,126
7807,0.3945,1,0,1,127
7813,0.438,1,1,1,0
7813,0.459,1,0,1,1
7813,0.39,1,0,1,2
7813,0.398,1,1,1,4
7813,0.321,1,0,1,5
7813,0.395,1,0,1,7
7813,0.342,1,0,1,9
7813,0.417,1,1,1,11
7813,0.36,1,0,1,13
7813,0.327,1,0,1,14
7813,0.358,1,0,1,15
7813,0.329,0,1,1,16
7813,0.319,1,0,1,17
7813,0.468,1,1,1,18
7813,0.408,1,1,1,19
7813,0.467,1,0,1,20
7813,0.374,1,0,1,21
7813,0.329,1,0,1,22
7813,0.291,1,1,1,23
7813,0.303,1,1,1,24
7813,0.341,1,0,1,25
7813,0.367,1,0,1,26
7813,0.283,1,1,1,27
7813,0.424,1,1,1,28
7813,0.434,1,1,1,30
7813,0.357,0,1,1,31
7813,0.459,1,1,1,34
7813,0.402,1,0,1,35
7813,0.626,0,0,1,36
7813,0.434,0,1,1,37
7813,0.408,1,0,1,39
7813,0.694,1,1,1,42
7813,0.487,1,1,1,43
7813,0.375,1,0,1,44
7813,0.401,1,0,1,48
7813,0.374,1,1,1,49
7813,0.473,1,0,1,51
7813,0.47,1,1,1,54
7813,0.491,1,1,1,55
7813,0.349,1,0,1,56
7813,0.34,1,0,1,58
7813,0.37,1,0,1,59
7813,0.353,1,0,1,60
7813,0.416,1,1,1,61
7813,0.46,1,1,1,62
7813,0.402,1,1,1,63
7813,0.424,1,0,1,66
7813,0.44,1,0,1,69
7813,0.357,1,0,1,70
7813,0.376,1,1,1,72
7813,0.475,1,1,1,73
7813,0.419,1,1,1,74
7813,0.32,1,1,1,75
7813,0.405,1,1,1,77
7813,0.351,1,1,1,81
7813,0.353,1,1,1,82
7813,0.35,0,0,1,83
7813,0.368,1,0,1,87
7813,0.408,1,0,1,88
7813,0.366,1,0,1,89
7813,0.383,1,1,1,90
7813,0.326,1,0,1,91
7813,0.435,1,1,1,92
7813,0.521,1,0,1,93
7813,0.45,1,1,1,94
7813,0.44,1,0,1,100
7813,0.418,1,1,1,101
7813,0.404,1,0,1,102
7813,0.415,1,0,1,103
7813,0.419,1,1,1,104
7813,0.392,1,0,1,105
7813,0.565,1,1,1,106
7813,0.359,1,1,1,108
7813,0.376,1,1,1,109
7813,0.54,1,1,1,110
7813,0.441,1,0,1,111
7813,0.385,1,0,1,112
7813,0.36,1,1,1,113
7813,0.423,1,0,1,115
7813,0.366,1,0,1,116
7813,0.433,1,1,1,120
7813,0.405,1,0,1,121
7813,0.48,1,1,1,124
7813,0.403,1,1,1,125
7813,0.423,1,1,1,1
7813,0.42,1,1,1,2
7813,0.466,1,0,1,3
7813,0.372,1,0,1,4
7813,0.339,1,0,1,6
7813,0.53,1,1,1,7
7813,0.403,1,1,1,8
7813,0.376,1,0,1,9
7813,0.362,1,0,1,11
7813,0.434,1,1,1,12
7813,0.375,1,0,1,13
7813,0.494,1,1,1,15
7813,0.353,1,0,1,17
7813,0.343,1,0,1,18
7813,0.391,0,1,1,19
7813,0.373,1,0,1,20
7813,0.606,1,1,1,21
7813,0.371,1,0,1,22
7813,0.4,1,1,1,23
7813,0.383,1,0,1,24
7813,0.541,1,0,1,25
7813,0.392,1,1,1,26
7813,0.402,1,1,1,27
7813,0.41,1,1,1,29
7813,0.592,1,1,1,32
7813,0.585,1,0,1,33
7813,0.486,1,1,1,35
7813,0.463,1,0,1,36
7813,0.32,1,0,1,37
7813,0.587,1,1,1,39
7813,0.318,1,0,1,40
7813,0.385,1,1,1,42
7813,0.418,1,0,1,44
7813,0.375,1,0,1,45
7813,0.441,1,0,1,46
7813,0.375,1,0,1,47
7813,0.425,1,1,1,49
7813,0.392,0,1,1,50
7813,0.408,1,1,1,51
7813,0.377,1,1,1,52
7813,0.442,1,0,1,53
7813,0.319,1,0,1,54
7813,0.372,1,1,1,56
7813,0.409,1,0,1,57
7813,0.453,1,1,1,61
7813,0.32,1,0,1,63
7813,0.435,1,1,1,66
7813,0.478,1,1,1,67
7813,0.384,1,0,1,69
7813,0.324,1,0,1,71
7813,0.456,1,0,1,73
7813,0.425,1,1,1,74
7813,0.319,1,0,1,75
7813,0.391,1,0,1,76
7813,0.472,1,1,1,78
7813,0.342,1,1,1,79
7813,0.319,1,0,1,82
7813,0.419,1,0,1,84
7813,0.422,1,1,1,85
7813,0.369,1,1,1,86
7813,0.384,0,1,1,88
7813,0.538,1,1,1,91
7813,0.463,1,1,1,92
7813,0.373,1,0,1,93
7813,0.52,1,1,1,94
7813,0.495,1,1,1,95
7813,0.317,1,0,1,97
7813,0.359,1,0,1,99
7813,0.408,1,0,1,100
7813,0.443,1,1,1,101
7813,0.288,1,0,1,102
7813,0.36,1,0,1,103
7813,0.351,1,1,1,105
7813,0.357,1,1,1,107
7813,0.578,1,0,1,108
7813,0.307,0,1,1,109
7813,0.373,1,0,1,110
7813,0.448,1,0,1,111
7813,0.392,0,1,1,118
7813,0.354,1,1,1,120
7813,0.359,0,1,1,121
7813,0.404,1,0,1,126
7813,0.356,1,0,1,127
7813,0.471,1,1,1,0
7813,0.324,1,1,1,1
7813,0.386,1,1,1,2
7813,0.339,1,0,1,4
7813,0.368,1,1,1,5
7813,0.359,1,0,1,6
7813,0.387,1,0,1,7
7813,0.447,1,1,1,8
7813,0.427,1,1,1,9
7813,0.36,1,0,1,10
7813,0.342,1,0,1,12
7813,0.483,1,1,1,13
7813,0.396,1,0,1,14
7813,0.333,1,0,1,17
7813,0.456,1,1,1,18
7813,0.36,0,1,1,20
7813,0.47,1,1,1,21
7813,0.491,1,1,1,25
7813,0.421,1,0,1,31
7813,0.378,1,0,1,32
7813,0.331,1,1,1,33
7813,0.391,1,1,1,35
7813,0.647,1,1,1,36
7813,0.437,1,1,1,37
7813,0.387,1,0,1,38
7813,0.539,1,0,1,40
7813,0.396,0,1,1,42
7813,0.499,1,1,1,43
7813,0.55,0,0,1,44
7813,0.39,1,0,1,45
7813,0.534,1,1,1,46
7813,0.384,1,0,1,47
7813,0.355,1,1,1,48
7813,0.372,1,1,1,49
7813,0.437,1,1,1,52
7813,0.456,1,1,1,53
7813,0.378,1,1,1,55
7813,0.317,1,0,1,56
7813,0.375,1,0,1,57
7813,0.375,1,0,1,59
7813,0.319,1,0,1,60
7813,0.459,1,1,1,62
7813,0.54,1,0,1,64
7813,0.455,1,0,1,65
7813,0.412,1,0,1,71
7813,0.323,1,0,1,72
7813,0.566,1,0,1,73
7813,0.375,1,0,1,75
7813,0.337,1,0,1,79
7813,0.369,1,0,1,80
7813,0.368,1,1,1,81
7813,0.32,1,0,1,83
7813,0.326,1,1,1,84
7813,0.463,1,0,1,85
7813,0.396,0,1,1,86
7813,0.383,1,0,1,87
7813,0.325,1,0,1,89
7813,0.457,1,0,1,90
7813,0.677,1,1,1,91
7813,0.474,1,1,1,92
7813,0.336,1,1,1,93
7813,0.375,1,0,1,94
7813,0.427,1,1,1,96
7813,0.421,1,0,1,98
7813,0.401,1,1,1,99
7813,0.41,1,0,1,103
7813,0.338,1,0,1,105
7813,0.396,1,1,1,108
7813,0.333,1,0,1,109
7813,0.393,1,1,1,111
7813,0.424,1,1,1,112
7813,0.363,1,0,1,113
7813,0.404,1,1,1,114
7813,0.315,1,0,1,115
7813,0.411,1,1,1,116
7813,0.376,1,1,1,117
7813,0.433,1,0,1,118
7813,0.393,1,1,1,119
7813,0.36,1,0,1,121
7813,0.358,1,1,1,122
7813,0.38,1,0,1,123
7813,0.359,1,1,1,124
7813,0.338,1,0,1,126
7813,0.384,1,1,1,127
7813,0.49,1,0,1,0
7813,0.458,1,1,1,3
7813,0.3,1,0,1,5
7813,0.323,1,0,1,6
7813,0.454,1,1,1,10
7813,0.376,1,1,1,11
7813,0.363,1,1,1,12
7813,0.546,1,1,1,13
7813,0.316,1,1,1,16
7813,0.409,1,1,1,17
7813,0.501,1,1,1,19
7813,0.458,1,1,1,20
7813,0.375,0,0,1,22
7813,0.335,1,0,1,23
7813,0.386,1,1,1,26
7813,0.441,1,1,1,28
7813,0.427,1,0,1,29
7813,0.303,1,0,1,31
7813,0.433,1,1,1,32
7813,0.369,1,1,1,33
7813,0.303,1,1,1,34
7813,0.434,1,0,1,35
7813,0.412,1,0,1,36
7813,0.371,1,0,1,37
7813,0.34,1,0,1,38
7813,0.519,1,0,1,39
7813,0.324,1,1,1,41
7813,0.383,1,1,1,42
7813,0.475,1,1,1,45
7813,0.303,1,0,1,47
7813,0.484,1,1,1,48
7813,0.404,1,0,1,49
7813,0.367,1,1,1,51
7813,0.341,1,1,1,52
7813,0.501,1,1,1,53
7813,0.37,1,1,1,54
7813,0.41,1,0,1,56
7813,0.375,1,0,1,57
7813,0.388,1,0,1,59
7813,0.364,1,1,1,62
7813,0.293,1,0,1,65
7813,0.292,0,1,1,66
7813,0.411,1,1,1,67
7813,0.6,1,0,1,68
7813,0.452,0,1,1,69
7813,0.416,1,0,1,72
7813,0.46,1,1,1,73
7813,0.404,1,0,1,75
7813,0.411,1,0,1,77
7813,0.444,1,1,1,78
7813,0.406,1,1,1,79
7813,0.334,1,0,1,80
7813,0.414,1,0,1,83
7813,0.362,1,1,1,84
7813,0.355,1,0,1,86
7813,0.376,1,1,1,87
7813,0.306,0,1,1,88
7813,0.375,1,1,1,89
7813,0.53,1,1,1,90
7813,0.403,1,0,1,91
7813,0.337,1,0,1,92
7813,0.376,1,1,1,94
7813,0.425,1,0,1,95
7813,0.541,1,0,1,96
7813,0.487,1,1,1,97
7813,0.345,1,0,1,98
7813,0.336,1,0,1,99
7813,0.413,1,1,1,100
7813,0.365,1,0,1,101
7813,0.328,1,0,1,102
7813,0.366,0,1,1,104
7813,0.334,1,0,1,105
7813,0.369,1,0,1,106
7813,0.387,1,0,1,107
7813,0.36,1,1,1,108
7813,0.383,1,0,1,114
7813,0.443,0,1,1,115
7813,0.37,1,0,1,117
7813,0.486,1,1,1,119
7813,0.501,1,1,1,122
7813,0.409,1,0,1,123
7813,0.368,1,0,1,124
7813,0.377,1,0,1,127
7813,0.442,1,0,1,0
7813,0.291,1,0,1,4
7813,0.318,1,0,1,6
7813,0.483,1,1,1,7
7813,0.465,1,1,1,8
7813,0.41,1,0,1,9
7813,0.345,1,1,1,10
7813,0.324,1,1,1,12
7813,0.44,1,1,1,14
7813,0.36,1,0,1,15
7813,0.404,1,0,1,20
7813,0.391,1,0,1,21
7813,0.425,1,0,1,23
7813,0.304,1,0,1,24
7813,0.409,1,1,1,25
7813,0.37,1,1,1,26
7813,0.42,1,1,1,28
7813,0.43,1,0,1,29
7813,0.404,1,1,1,31
7813,0.346,1,1,1,32
7813,0.342,1,0,1,37
7813,0.459,1,0,1,38
7813,0.342,1,0,1,39
7813,0.352,1,0,1,40
7813,0.618,1,1,1,41
7813,0.461,1,0,1,43
7813,0.364,1,0,1,44
7813,0.321,1,1,1,46
7813,0.41,1,0,1,47
7813,0.377,1,1,1,49
7813,0.373,1,0,1,50
7813,0.521,1,1,1,51
7813,0.39,1,1,1,52
7813,0.337,1,1,1,53
7813,0.491,1,1,1,54
7813,0.412,1,0,1,56
7813,0.339,1,0,1,57
7813,0.319,0,1,1,59
7813,0.366,1,1,1,61
7813,0.493,1,1,1,62
7813,0.518,1,1,1,63
7813,0.376,1,1,1,65
7813,0.387,1,1,1,66
7813,0.418,1,0,1,67
7813,0.378,1,1,1,68
7813,0.339,1,0,1,69
7813,0.37,1,0,1,71
7813,0.332,1,0,1,72
7813,0.292,1,0,1,74
7813,0.517,1,1,1,75
7813,0.532,1,1,1,76
7813,0.462,1,1,1,77
7813,0.344,1,0,1,80
7813,0.479,1,1,1,82
7813,0.36,1,0,1,83
7813,0.319,1,0,1,84
7813,0.448,1,1,1,85
7813,0.453,1,1,1,86
7813,0.376,1,0,1,87
7813,0.319,1,0,1,88
7813,0.305,1,1,1,89
7813,0.306,1,0,1,91
7813,0.371,0,0,1,97
7813,0.375,1,1,1,100
7813,0.452,1,0,1,101
7813,0.392,1,1,1,102
7813,0.375,1,0,1,103
7813,0.468,1,1,1,104
7813,0.335,1,0,1,105
7813,0.313,1,1,1,106
7813,0.349,1,1,1,108
7813,0.524,1,1,1,109
7813,0.439,1,0,1,110
7813,0.424,1,0,1,111
7813,0.497,1,0,1,112
7813,0.399,1,1,1,113
7813,0.461,1,1,1,114
7813,0.38,1,0,1,122
7813,0.383,1,0,1,124
7813,0.359,1,1,1,125
7813,0.397,1,0,1,126
7813,0.446,1,1,1,127
7813,0.324,1,0,1,1
7813,0.341,1,0,1,4
7813,0.352,1,0,1,6
7813,0.373,0,0,1,7
7813,0.3,1,0,1,8
7813,0.333,1,0,1,10
7813,0.376,1,1,1,11
7813,0.309,1,1,1,12
7813,0.388,1,1,1,13
7813,0.395,1,0,1,14
7813,0.409,1,0,1,16
7813,0.424,1,0,1,17
7813,0.58,1,1,1,18
7813,0.34,1,1,1,19
7813,0.309,1,1,1,20
7813,0.377,1,0,1,21
7813,0.377,1,1,1,22
7813,0.363,1,0,1,23
7813,0.336,1,0,1,25
7813,0.319,1,0,1,26
7813,0.572,1,0,1,29
7813,0.438,1,1,1,30
7813,0.324,1,0,1,31
7813,0.356,1,0,1,32
7813,0.416,1,1,1,33
7813,0.352,1,1,1,34
7813,0.37,1,1,1,35
7813,0.316,1,1,1,36
7813,0.431,1,0,1,38
7813,0.37,1,1,1,42
7813,0.339,1,1,1,44
7813,0.437,1,1,1,45
7813,0.37,1,0,1,46
7813,0.464,1,1,1,47
7813,0.479,1,1,1,48
7813,0.36,1,1,1,49
7813,0.401,1,0,1,50
7813,0.419,1,1,1,52
7813,0.403,0,0,1,53
7813,0.401,1,1,1,54
7813,0.386,1,0,1,56
7813,0.453,1,1,1,59
7813,0.546,1,0,1,60
7813,0.336,1,0,1,61
7813,0.403,1,0,1,62
7813,0.365,1,1,1,63
7813,0.483,1,1,1,64
7813,0.376,1,0,1,65
7813,0.388,1,0,1,66
7813,0.339,1,1,1,68
7813,0.437,1,1,1,69
7813,0.671,1,1,1,73
7813,0.442,1,1,1,74
7813,0.447,1,0,1,76
7813,0.411,1,1,1,77
7813,0.696,1,0,1,78
7813,0.678,1,1,1,80
7813,0.375,1,1,1,83
7813,0.64,1,0,1,84
7813,0.416,1,0,1,85
7813,0.478,1,0,1,87
7813,0.406,1,1,1,89
7813,0.45,1,1,1,93
7813,0.338,1,0,1,94
7813,0.451,1,1,1,95
7813,0.575,1,0,1,97
7813,0.507,1,0,1,98
7813,0.342,1,1,1,99
7813,0.307,1,0,1,102
7813,0.401,1,1,1,105
7813,0.479,1,0,1,106
7813,0.37,1,0,1,107
7813,0.446,1,1,1,109
7813,0.336,1,0,1,110
7813,0.408,1,1,1,113
7813,0.415,1,0,1,116
7813,0.369,1,0,1,117
7813,0.538,1,1,1,119
7813,0.37,1,0,1,123
7813,0.516,1,1,1,124
7813,0.442,1,1,1,125
7813,0.492,1,1,1,126
7813,0.415,1,1,1,127
7813,0.67,1,1,1,3
7813,0.374,1,1,1,4
7813,0.459,1,1,1,5
7813,0.32,1,1,1,7
7813,0.287,1,1,1,8
7813,0.359,1,1,1,10
7813,0.36,1,0,1,12
7813,0.37,1,0,1,13
7813,0.559,1,1,1,14
7813,0.467,1,1,1,16
7813,0.339,1,1,1,18
7813,0.348,1,0,1,20
7813,0.43,1,1,1,21
7813,0.509,1,1,1,22
7813,0.525,1,1,1,23
7813,0.343,1,0,1,24
7813,0.427,1,1,1,25
7813,0.375,1,0,1,27
7813,0.369,1,0,1,28
7813,0.394,1,1,1,29
7813,0.461,1,1,1,31
7813,0.4,1,0,1,32
7813,0.37,1,0,1,33
7813,0.451,1,1,1,35
7813,0.617,1,1,1,37
7813,0.443,1,1,1,38
7813,0.378,1,0,1,39
7813,0.404,1,1,1,40
7813,0.445,1,0,1,43
7813,0.417,1,1,1,44
7813,0.454,1,1,1,45
7813,0.361,1,0,1,46
7813,0.384,1,0,1,49
7813,0.376,1,0,1,50
7813,0.394,1,1,1,51
7813,0.355,1,0,1,52
7813,0.37,1,0,1,53
7813,0.407,1,1,1,54
7813,0.359,1,1,1,56
7813,0.393,1,0,1,57
7813,0.41,1,1,1,58
7813,0.36,1,0,1,62
7813,0.46,1,1,1,63
7813,0.336,1,0,1,66
7813,0.36,1,0,1,68
7813,0.34,1,1,1,70
7813,0.388,1,0,1,71
7813,0.36,1,1,1,72
7813,0.417,1,0,1,75
7813,0.387,1,0,1,76
7813,0.474,1,0,1,77
7813,0.462,0,1,1,78
7813,0.467,1,0,1,80
7813,0.426,1,0,1,82
7813,0.619,1,0,1,84
7813,0.369,1,0,1,86
7813,0.487,1,1,1,87
7813,0.521,1,1,1,88
7813,0.37,1,0,1,89
7813,0.359,1,0,1,91
7813,0.598,1,0,1,93
7813,0.476,1,1,1,95
7813,0.426,1,1,1,97
7813,0.43,1,0,1,99
7813,0.46,1,1,1,101
7813,0.442,1,1,1,102
7813,0.443,1,0,1,103
7813,0.328,1,1,1,104
7813,0.376,1,0,1,105
7813,0.478,1,1,1,106
7813,0.343,1,0,1,108
7813,0.603,1,0,1,109
7813,0.366,1,0,1,111
7813,0.676,1,0,1,112
7813,0.463,1,1,1,114
7813,0.46,1,0,1,115
7813,0.372,1,0,1,117
7813,0.528,1,1,1,119
7813,0.436,1,0,1,121
7813,0.331,0,1,1,122
7813,0.519,1,1,1,124
7813,0.431,1,0,1,125
7813,0.442,1,0,1,126
7813,0.459,1,1,1,127
7813,0.376,1,0,1,3
7813,0.357,1,0,1,5
7813,0.421,1,0,1,6
7813,0.408,1,0,1,7
7813,0.342,1,1,1,9
7813,0.394,1,0,1,11
7813,0.442,1,1,1,12
7813,0.337,1,0,1,13
7813,0.365,1,0,1,15
7813,0.364,1,1,1,16
7813,0.392,0,0,1,18
7813,0.386,1,0,1,19
7813,0.553,1,1,1,20
7813,0.303,1,0,1,24
7813,0.419,1,1,1,25
7813,0.393,1,0,1,26
7813,0.369,1,0,1,28
7813,0.338,1,0,1,29
7813,0.394,1,1,1,30
7813,0.318,1,0,1,31
7813,0.402,1,0,1,32
7813,0.353,1,0,1,34
7813,0.518,1,1,1,36
7813,0.443,1,1,1,37
7813,0.437,1,1,1,41
7813,0.367,1,0,1,42
7813,0.484,1,1,1,44
7813,0.402,1,0,1,46
7813,0.42,1,1,1,48
7813,0.408,1,1,1,49
7813,0.395,1,0,1,50
7813,0.592,1,1,1,51
7813,0.427,1,1,1,52
7813,0.389,1,1,1,53
7813,0.391,1,1,1,56
7813,0.337,1,1,1,57
7813,0.447,1,1,1,58
7813,0.584,1,0,1,59
7813,0.377,1,0,1,61
7813,0.409,1,0,1,63
7813,0.336,1,0,1,64
7813,0.416,1,0,1,67
7813,0.574,1,0,1,68
7813,0.432,1,1,1,69
7813,0.464,1,1,1,71
7813,0.442,1,1,1,72
7813,0.327,1,0,1,73
7813,0.435,1,1,1,74
7813,0.394,1,0,1,75
7813,0.483,1,0,1,76
7813,0.478,1,1,1,77
7813,0.395,1,1,1,79
7813,0.379,0,1,1,81
7813,0.471,1,1,1,82
7813,0.42,1,0,1,83
7813,0.428,1,1,1,84
7813,0.501,1,1,1,86
7813,0.425,1,1,1,87
7813,0.455,1,1,1,88
7813,0.402,1,1,1,89
7813,0.41,1,0,1,90
7813,0.411,1,0,1,93
7813,0.383,0,1,1,97
7813,0.646,1,1,1,98
7813,0.426,1,0,1,100
7813,0.624,1,1,1,101
7813,0.629,1,1,1,102
7813,0.493,1,0,1,105
7813,0.431,1,1,1,106
7813,0.376,1,1,1,107
7813,0.704,1,1,1,108
7813,0.416,1,0,1,113
7813,0.33,1,0,1,114
7813,0.378,1,0,1,115
7813,0.303,1,0,1,117
7813,0.303,1,0,1,118
7813,0.508,1,1,1,119
7813,0.35,1,1,1,120
7813,0.484,1,0,1,121
7813,0.411,1,0,1,123
7813,0.279,0,1,1,124
7813,0.458,1,1,1,125
7813,0.329,1,0,1,126
7828,0.4239,1,0,1,0
7828,0.3852,1,1,1,1
7828,0.3995,1,1,1,3
7828,0.4019,1,0,1,4
7828,0.3569,1,0,1,5
7828,0.4195,1,0,1,8
7828,0.414,1,0,1,9
7828,0.5431,1,1,1,12
7828,0.4065,0,1,1,13
7828,0.5062,1,1,1,14
7828,0.4186,1,0,1,15
7828,0.4474,1,1,1,17
7828,0.368,1,0,1,18
7828,0.4185,1,1,1,19
7828,0.4227,1,1,1,20
7828,0.4199,1,1,1,22
7828,0.4425,1,1,1,23
7828,0.39,1,0,1,24
7828,0.4107,1,0,1,27
7828,0.5219,1,1,1,28
7828,0.5389,1,1,1,29
7828,0.4628,1,1,1,30
7828,0.5291,1,0,1,31
7828,0.4497,1,0,1,32
7828,0.4173,1,0,1,33
7828,0.3782,1,0,1,34
7828,0.514,1,1,1,37
7828,0.5061,1,1,1,38
7828,0.485,1,1,1,41
7828,0.5418,1,1,1,43
7828,0.4919,1,0,1,47
7828,0.4597,1,0,1,48
7828,0.3962,0,1,1,50
7828,0.4949,1,1,1,51
7828,0.4128,1,0,1,52
7828,0.4114,1,0,1,53
7828,0.3837,1,0,1,54
7828,0.4325,1,0,1,56
7828,0.4853,1,1,1,57
7828,0.4783,1,1,1,58
7828,0.4951,1,1,1,59
7828,0.4519,1,0,1,60
7828,0.4731,1,1,1,62
7828,0.4378,1,0,1,65
7828,0.4394,1,0,1,66
7828,0.4795,1,1,1,67
7828,0.4067,1,0,1,69
7828,0.5717,1,1,1,71
7828,0.4324,1,0,1,73
7828,0.429,1,0,1,76
7828,0.4397,1,1,1,78
7828,0.4019,1,0,1,79
7828,0.3732,1,1,1,80
7828,0.4005,1,0,1,82
7828,0.3959,1,1,1,83
7828,0.495,1,1,1,84
7828,0.4006,1,0,1,86
7828,0.4992,1,1,1,88
7828,0.4512,1,0,1,89
7828,0.5182,1,1,1,90
7828,0.4229,1,0,1,92
7828,0.4317,1,0,1,95
7828,0.3627,1,1,1,97
7828,0.4089,1,0,1,98
7828,0.4545,1,1,1,99
7828,0.4724,1,1,1,100
7828,0.4806,1,0,1,101
7828,0.4459,1,0,1,104
7828,0.4124,1,0,1,105
7828,0.4432,1,0,1,109
7828,0.3894,1,0,1,110
7828,0.4517,1,0,1,111
7828,0.647,1,1,1,112
7828,0.4233,1,1,1,113
7828,0.4749,1,1,1,114
7828,0.422,1,1,1,116
7828,0.4953,1,1,1,117
7828,0.493,1,1,1,118
7828,0.4233,1,1,1,119
7828,0.4629,1,0,1,120
7828,0.4248,1,0,1,121
7828,0.4654,1,1,1,122
7828,0.4271,1,0,1,124
7828,0.441,1,0,1,127
7828,0.3807,1,0,1,2
7828,0.3983,1,0,1,3
7828,0.3899,1,0,1,5
7828,0.4388,1,0,1,7
7828,0.4624,1,1,1,9
7828,0.4846,1,1,1,14
7828,0.365,1,0,1,15
7828,0.389,0,1,1,16
7828,0.453,1,1,1,20
7828,0.4623,1,1,1,21
7828,0.4248,1,1,1,22
7828,0.5064,1,1,1,27
7828,0.471,1,1,1,29
7828,0.4164,1,0,1,30
7828,0.4567,1,0,1,31
7828,0.4515,1,1,1,32
7828,0.4627,1,1,1,33
7828,0.3801,1,1,1,37
7828,0.5624,1,1,1,38
7828,0.416,1,1,1,39
7828,0.4765,1,0,1,40
7828,0.3814,1,1,1,41
7828,0.3531,1,0,1,42
7828,0.4409,1,0,1,43
7828,0.3506,1,0,1,44
7828,0.3657,1,0,1,45
7828,0.3709,1,1,1,46
7828,0.384,1,1,1,48
7828,0.385,1,0,1,49
7828,0.4186,1,0,1,51
7828,0.3334,1,0,1,52
7828,0.4489,1,1,1,53
7828,0.3789,1,1,1,55
7828,0.4739,1,1,1,56
7828,0.36870000000000003,1,0,1,57
7828,0.458,1,1,1,58
7828,0.4589,1,1,1,60
7828,0.4011,1,0,1,62
7828,0.4023,1,0,1,65
7828,0.3863,1,1,1,67
7828,0.4674,1,0,1,68
7828,0.4518,1,1,1,69
7828,0.3988,1,0,1,70
7828,0.4512,1,1,1,71
7828,0.4284,1,1,1,72
7828,0.4417,1,1,1,74
7828,0.4455,1,0,1,75
7828,0.5809,1,1,1,77
7828,0.4892,1,1,1,78
7828,0.5633,1,1,1,79
7828,0.4117,1,1,1,80
7828,0.4164,1,1,1,84
7828,0.4561,1,0,1,85
7828,0.397,1,0,1,87
7828,0.3934,1,0,1,88
7828,0.4087,1,0,1,89
7828,0.3955,1,0,1,90
7828,0.3756,1,0,1,91
7828,0.3918,1,1,1,93
7828,0.3658,1,0,1,94
7828,0.4143,1,1,1,95
7828,0.4966,1,1,1,96
7828,0.403,1,0,1,98
7828,0.4523,1,1,1,99
7828,0.4249,1,0,1,100
7828,0.4968,1,1,1,101
7828,0.381,1,1,1,102
7828,0.3703,1,0,1,103
7828,0.3735,1,0,1,104
7828,0.4687,1,1,1,106
7828,0.4456,1,0,1,107
7828,0.5016,1,1,1,108
7828,0.5466,1,0,1,109
7828,0.4963,1,1,1,111
7828,0.3974,1,0,1,113
7828,0.3906,1,0,1,114
7828,0.3791,1,0,1,118
7828,0.5297,1,1,1,120
7828,0.6806,1,0,1,122
7828,0.4425,1,0,1,123
7828,0.4009,1,0,1,124
7828,0.4571,1,1,1,125
7828,0.4806,1,0,1,126
7828,0.4057,1,0,1,127
7828,0.4254,0,1,1,0
7828,0.3963,1,1,1,2
7828,0.3711,1,1,1,3
7828,0.4483,1,1,1,4
7828,0.4502,1,0,1,11
7828,0.5672,1,1,1,12
7828,0.413,1,0,1,14
7828,0.2839,1,0,1,15
7828,0.4254,1,0,1,16
7828,0.3897,1,0,1,19
7828,0.3647,1,0,1,20
7828,0.3735,1,0,1,21
7828,0.3902,1,0,1,22
7828,0.4183,1,1,1,23
7828,0.4066,1,0,1,25
7828,0.3565,1,0,1,26
7828,0.4725,1,1,1,28
7828,0.4286,1,0,1,29
7828,0.3869,0,1,1,30
7828,0.4235,1,1,1,31
7828,0.413,1,0,1,33
7828,0.4626,1,1,1,34
7828,0.3891,1,0,1,36
7828,0.4555,1,1,1,37
7828,0.388,1,0,1,40
7828,0.3772,1,0,1,41
7828,0.6083,1,1,1,42
7828,0.4382,1,0,1,43
7828,0.4606,1,1,1,44
7828,0.4985,1,1,1,45
7828,0.3976,1,0,1,46
7828,0.4997,1,1,1,47
7828,0.4326,1,0,1,48
7828,0.414,1,0,1,49
7828,0.4951,1,0,1,50
7828,0.49,1,0,1,51
7828,0.4596,1,0,1,53
7828,0.4987,1,0,1,55
7828,0.4521,1,1,1,56
7828,0.5149,1,0,1,57
7828,0.4845,1,1,1,58
7828,0.5904,1,1,1,59
7828,0.4798,1,0,1,60
7828,0.4737,1,0,1,61
7828,0.4603,1,0,1,62
7828,0.3831,1,0,1,63
7828,0.4307,1,1,1,64
7828,0.4627,1,1,1,65
7828,0.4303,1,0,1,67
7828,0.3637,1,1,1,68
7828,0.5304,1,1,1,69
7828,0.3905,1,0,1,71
7828,0.4492,1,1,1,72
7828,0.484,1,1,1,76
7828,0.4016,1,1,1,82
7828,0.2739,0,1,1,83
7828,0.4187,0,1,1,84
7828,0.5064,1,1,1,85
7828,0.5131,1,1,1,86
7828,0.4847,1,1,1,87
7828,0.4359,1,1,1,88
7828,0.4809,1,1,1,91
7828,0.4011,1,0,1,92
7828,0.4347,1,0,1,95
7828,0.4983,1,1,1,98
7828,0.4182,1,0,1,99
7828,0.4893,1,0,1,100
7828,0.4349,1,1,1,101
7828,0.5333,1,0,1,105
7828,0.442,0,1,1,106
7828,0.3851,1,0,1,107
7828,0.4114,1,0,1,109
7828,0.4011,1,1,1,110
7828,0.5069,1,1,1,112
7828,0.4802,1,1,1,113
7828,0.4337,1,0,1,114
7828,0.3787,1,0,1,115
7828,0.39,1,0,1,117
7828,0.5964,1,1,1,118
7828,0.4626,1,1,1,120
7828,0.5267,1,1,1,123
7828,0.4321,1,0,1,124
7828,0.472,1,1,1,126
7828,0.5009,1,1,1,2
7828,0.4042,1,1,1,3
7828,0.402,1,0,1,4
7828,0.4197,1,0,1,7
7828,0.4894,1,0,1,8
7828,0.6724,1,1,1,10
7828,0.3685,1,0,1,11
7828,0.3706,1,0,1,12
7828,0.3619,1,0,1,14
7828,0.4038,1,0,1,15
7828,0.3794,1,0,1,16
7828,0.6178,1,1,1,17
7828,0.435,1,0,1,18
7828,0.429,1,1,1,20
7828,0.3859,1,0,1,22
7828,0.421,1,1,1,25
7828,0.4017,1,0,1,26
7828,0.4179,1,1,1,27
7828,0.4532,1,1,1,30
7828,0.4478,1,0,1,31
7828,0.4074,0,1,1,33
7828,0.3921,1,1,1,34
7828,0.3408,1,0,1,35
7828,0.3343,1,1,1,36
7828,0.3486,1,0,1,37
7828,0.409,1,0,1,38
7828,0.5634,1,1,1,39
7828,0.3414,1,0,1,41
7828,0.4304,1,0,1,42
7828,0.3895,1,0,1,43
7828,0.4042,1,1,1,45
7828,0.5297,1,1,1,46
7828,0.4358,1,1,1,47
7828,0.4296,1,0,1,48
7828,0.4739,1,0,1,49
7828,0.3861,1,0,1,50
7828,0.5542,1,1,1,52
7828,0.4266,0,1,1,54
7828,0.4883,1,1,1,55
7828,0.4837,1,1,1,57
7828,0.4144,1,1,1,59
7828,0.4645,1,1,1,60
7828,0.4568,1,1,1,61
7828,0.4868,1,0,1,62
7828,0.4835,1,1,1,64
7828,0.4114,1,1,1,67
7828,0.4803,1,0,1,70
7828,0.4066,1,0,1,71
7828,0.3814,1,0,1,72
7828,0.4517,1,0,1,74
7828,0.4233,1,0,1,75
7828,0.4715,1,1,1,76
7828,0.402,1,0,1,77
7828,0.414,1,0,1,78
7828,0.3966,1,0,1,79
7828,0.5309,1,1,1,80
7828,0.3783,1,1,1,81
7828,0.5231,1,1,1,82
7828,0.4241,1,1,1,83
7828,0.4087,1,0,1,87
7828,0.355,1,0,1,88
7828,0.4119,0,1,1,89
7828,0.3803,1,0,1,90
7828,0.3899,1,0,1,91
7828,0.4398,1,1,1,94
7828,0.4125,1,0,1,96
7828,0.5115,1,1,1,97
7828,0.4793,1,1,1,98
7828,0.358,1,1,1,100
7828,0.3381,0,1,1,104
7828,0.4965,0,0,1,105
7828,0.449,1,0,1,107
7828,0.4352,1,0,1,110
7828,0.5001,1,1,1,111
7828,0.4244,1,1,1,112
7828,0.4743,1,1,1,113
7828,0.3806,1,0,1,114
7828,0.4699,1,1,1,115
7828,0.4671,1,0,1,116
7828,0.469,1,0,1,117
7828,0.4512,1,1,1,120
7828,0.4697,1,1,1,123
7828,0.336,1,0,1,127
7828,0.4006,1,0,1,2
7828,0.3997,1,0,1,3
7828,0.2899,1,0,1,4
7828,0.4001,1,1,1,5
7828,0.5006,1,1,1,6
7828,0.4896,1,1,1,7
7828,0.3833,1,0,1,9
7828,0.411,1,0,1,10
7828,0.468,1,1,1,11
7828,0.4066,1,1,1,12
7828,0.4208,1,0,1,14
7828,0.402,1,0,1,15
7828,0.4286,0,1,1,17
7828,0.5458,1,1,1,18
7828,0.4457,1,1,1,21
7828,0.4207,1,0,1,24
7828,0.412,1,0,1,25
7828,0.5531,1,1,1,29
7828,0.6367,1,1,1,30
7828,0.445,1,0,1,33
7828,0.411,1,0,1,35
7828,0.4869,1,0,1,40
7828,0.5542,1,1,1,41
7828,0.5076,1,1,1,43
7828,0.4713,1,0,1,44
7828,0.3837,1,0,1,45
7828,0.4782,1,0,1,46
7828,0.4476,1,0,1,47
7828,0.4533,1,1,1,48
7828,0.4433,1,1,1,49
7828,0.5589,1,1,1,54
7828,0.4924,1,0,1,55
7828,0.5066,1,1,1,56
7828,0.4686,1,0,1,57
7828,0.4348,1,0,1,58
7828,0.456,1,0,1,60
7828,0.3953,1,0,1,61
7828,0.5524,1,1,1,62
7828,0.456,1,1,1,63
7828,0.5399,1,1,1,64
7828,0.3652,1,0,1,65
7828,0.5194,1,1,1,67
7828,0.3872,1,0,1,68
7828,0.6419,1,0,1,69
7828,0.4742,1,0,1,70
7828,0.5335,1,1,1,71
7828,0.4697,1,0,1,72
7828,0.4386,1,0,1,73
7828,0.4402,1,0,1,74
7828,0.4968,1,1,1,76
7828,0.5144,1,1,1,79
7828,0.3969,1,0,1,80
7828,0.4524,1,1,1,81
7828,0.5502,1,1,1,84
7828,0.4788,1,0,1,85
7828,0.3967,1,1,1,86
7828,0.4077,1,0,1,89
7828,0.397,1,1,1,90
7828,0.408,1,0,1,91
7828,0.5841,1,1,1,92
7828,0.3786,1,1,1,93
7828,0.3842,1,0,1,95
7828,0.3635,1,1,1,96
7828,0.3428,1,1,1,97
7828,0.2925,0,1,1,98
7828,0.3339,1,0,1,99
7828,0.4295,1,0,1,100
7828,0.4466,1,1,1,101
7828,0.3953,0,1,1,102
7828,0.507,1,1,1,105
7828,0.4781,1,1,1,106
7828,0.49,1,1,1,109
7828,0.4496,1,1,1,112
7828,0.3636,1,0,1,114
7828,0.4721,1,0,1,115
7828,0.4069,1,0,1,116
7828,0.4139,1,0,1,117
7828,0.3982,1,0,1,118
7828,0.4004,1,0,1,120
7828,0.5288,1,1,1,122
7828,0.4394,1,1,1,123
7828,0.4344,1,0,1,124
7828,0.3942,1,1,1,127
7828,0.4844,1,1,1,0
7828,0.4255,1,1,1,1
7828,0.3621,1,1,1,3
7828,0.3748,1,1,1,4
7828,0.368,1,0,1,5
7828,0.3856,1,1,1,9
7828,0.4161,1,0,1,10
7828,0.4002,0,1,1,11
7828,0.3623,1,1,1,13
7828,0.315,1,0,1,14
7828,0.3619,1,1,1,15
7828,0.3839,1,0,1,16
7828,0.3676,1,0,1,17
7828,0.3427,1,0,1,18
7828,0.3304,1,0,1,19
7828,0.4207,1,1,1,21
7828,0.3793,1,1,1,22
7828,0.4512,1,1,1,24
7828,0.4563,1,1,1,25
7828,0.5003,1,1,1,30
7828,0.6627,1,1,1,33
7828,0.4679,1,0,1,34
7828,0.3731,1,0,1,35
7828,0.4115,1,1,1,36
7828,0.3656,0,0,1,37
7828,0.3637,1,0,1,38
7828,0.4233,1,1,1,40
7828,0.4072,1,1,1,41
7828,0.3845,1,0,1,43
7828,0.4083,0,1,1,44
7828,0.3738,1,1,1,46
7828,0.341,1,0,1,47
7828,0.3572,1,0,1,48
7828,0.4367,1,1,1,49
7828,0.4055,1,1,1,50
7828,0.4289,1,1,1,52
7828,0.4017,1,0,1,53
7828,0.3759,1,0,1,56
7828,0.38,1,0,1,61
7828,0.5732,1,0,1,63
7828,0.5556,1,1,1,65
7828,0.4019,1,0,1,66
7828,0.4185,1,0,1,68
7828,0.3606,1,0,1,69
7828,0.4995,1,1,1,70
7828,0.4902,1,1,1,71
7828,0.4584,1,1,1,72
7828,0.48,1,1,1,73
7828,0.3965,1,0,1,74
7828,0.4334,1,0,1,75
7828,0.4177,1,0,1,76
7828,0.3748,1,0,1,78
7828,0.3852,1,1,1,79
7828,0.4231,1,1,1,80
7828,0.4364,1,0,1,81
7828,0.4637,1,1,1,84
7828,0.4492,1,1,1,85
7828,0.3683,1,0,1,86
7828,0.3681,1,1,1,88
7828,0.4788,1,1,1,89
7828,0.4304,1,0,1,91
7828,0.3515,1,0,1,92
7828,0.3836,1,0,1,93
7828,0.4967,1,1,1,94
7828,0.3832,1,0,1,96
7828,0.4468,1,0,1,98
7828,0.3641,1,1,1,99
7828,0.3767,1,1,1,100
7828,0.3843,1,0,1,101
7828,0.3393,1,0,1,102
7828,0.3761,0,1,1,105
7828,0.3233,1,1,1,106
7828,0.4455,1,1,1,107
7828,0.3963,1,0,1,108
7828,0.4303,1,0,1,109
7828,0.5127,1,1,1,111
7828,0.3185,1,0,1,112
7828,0.34,1,0,1,114
7828,0.342,0,0,1,115
7828,0.3756,1,0,1,116
7828,0.3805,1,0,1,121
7828,0.5627,1,1,1,122
7828,0.3736,1,1,1,123
7828,0.3577,1,0,1,124
7828,0.418,1,0,1,0
7828,0.3363,1,1,1,1
7828,0.3467,1,0,1,2
7828,0.3743,1,0,1,3
7828,0.3845,1,0,1,6
7828,0.3342,1,0,1,7
7828,0.391,1,0,1,8
7828,0.4689,0,1,1,9
7828,0.5623,1,1,1,11
7828,0.3683,1,0,1,12
7828,0.3403,1,0,1,13
7828,0.4701,1,1,1,14
7828,0.3614,1,1,1,15
7828,0.4728,1,1,1,16
7828,0.4053,1,0,1,18
7828,0.3404,1,0,1,19
7828,0.3856,1,1,1,20
7828,0.413,1,0,1,22
7828,0.5117,1,1,1,23
7828,0.3748,1,0,1,25
7828,0.5056,1,1,1,27
7828,0.5076,1,1,1,28
7828,0.4677,1,1,1,30
7828,0.4075,1,1,1,31
7828,0.3858,1,0,1,32
7828,0.5131,1,0,1,33
7828,0.4826,1,1,1,35
7828,0.4243,1,1,1,38
7828,0.3908,1,0,1,39
7828,0.4906,1,1,1,41
7828,0.4157,1,1,1,43
7828,0.3954,1,0,1,45
7828,0.663,1,1,1,46
7828,0.4483,1,1,1,47
7828,0.4486,1,1,1,49
7828,0.3638,1,0,1,50
7828,0.3813,1,0,1,51
7828,0.3153,1,0,1,54
7828,0.3466,1,1,1,56
7828,0.3646,0,0,1,57
7828,0.4298,1,1,1,58
7828,0.3801,1,0,1,59
7828,0.3704,1,1,1,60
7828,0.3224,1,0,1,61
7828,0.4645,1,1,1,62
7828,0.4012,1,0,1,63
7828,0.4022,1,0,1,65
7828,0.3651,1,0,1,66
7828,0.4021,0,1,1,67
7828,0.4422,1,1,1,68
7828,0.3928,0,0,1,69
7828,0.4359,1,1,1,70
7828,0.3591,1,0,1,72
7828,0.3981,1,1,1,74
7828,0.3547,1,0,1,75
7828,0.5684,1,1,1,76
7828,0.3684,1,0,1,78
7828,0.4461,1,0,1,79
7828,0.4819,1,0,1,82
7828,0.3636,1,1,1,83
7828,0.4904,1,1,1,84
7828,0.4149,1,1,1,86
7828,0.3965,1,1,1,88
7828,0.5868,1,0,1,90
7828,0.3955,1,1,1,93
7828,0.4131,1,1,1,94
7828,0.408,1,0,1,95
7828,0.4477,1,0,1,96
7828,0.3801,1,0,1,102
7828,0.2917,0,1,1,103
7828,0.4066,1,1,1,105
7828,0.3961,1,0,1,107
7828,0.3986,1,0,1,110
7828,0.3852,1,1,1,112
7828,0.4023,1,0,1,113
7828,0.3743,1,0,1,114
7828,0.4513,1,1,1,116
7828,0.3973,1,0,1,117
7828,0.4296,1,0,1,118
7828,0.4122,1,0,1,119
7828,0.4558,1,1,1,121
7828,0.4134,1,1,1,123
7828,0.3756,1,1,1,124
7828,0.4501,1,1,1,126
7828,0.4254,1,1,1,1
7828,0.3671,1,0,1,3
7828,0.4157,1,0,1,8
7828,0.3629,1,0,1,12
7828,0.3814,1,1,1,13
7828,0.4272,1,1,1,14
7828,0.4294,1,0,1,15
7828,0.4848,1,1,1,16
7828,0.3641,1,0,1,17
7828,0.4517,1,1,1,18
7828,0.4004,1,0,1,19
7828,0.3557,1,1,1,20
7828,0.3955,1,1,1,21
7828,0.3879,1,0,1,22
7828,0.4455,1,0,1,23
7828,0.3803,1,0,1,24
7828,0.4574,1,1,1,27
7828,0.4272,1,1,1,29
7828,0.3997,1,0,1,30
7828,0.3837,1,0,1,31
7828,0.4678,1,1,1,32
7828,0.4356,1,0,1,34
7828,0.6327,1,1,1,35
7828,0.396,1,1,1,36
7828,0.3857,1,0,1,37
7828,0.3841,1,1,1,38
7828,0.4478,1,0,1,39
7828,0.3819,1,1,1,40
7828,0.48,1,0,1,41
7828,0.4146,1,1,1,42
7828,0.6304,1,0,1,43
7828,0.4801,1,1,1,44
7828,0.4152,1,0,1,45
7828,0.4416,1,1,1,47
7828,0.3643,1,0,1,48
7828,0.4656,1,1,1,50
7828,0.4971,1,0,1,51
7828,0.4244,1,0,1,52
7828,0.4814,1,1,1,53
7828,0.386,1,0,1,54
7828,0.4284,1,0,1,55
7828,0.4002,1,0,1,56
7828,0.3672,1,0,1,58
7828,0.3959,1,0,1,59
7828,0.5734,1,0,1,60
7828,0.4355,1,1,1,61
7828,0.446,1,1,1,62
7828,0.4714,1,1,1,69
7828,0.3989,1,1,1,70
7828,0.3976,1,1,1,71
7828,0.3829,1,0,1,72
7828,0.4297,0,1,1,73
7828,0.3297,1,1,1,74
7828,0.3635,1,0,1,75
7828,0.3731,1,0,1,76
7828,0.3811,1,0,1,77
7828,0.5262,1,1,1,79
7828,0.5232,1,1,1,80
7828,0.4509,1,1,1,82
7828,0.4663,1,1,1,83
7828,0.4329,1,0,1,86
7828,0.4077,1,0,1,87
7828,0.4127,1,1,1,88
7828,0.3872,1,0,1,89
7828,0.3646,1,0,1,92
7828,0.5302,1,1,1,94
7828,0.3638,1,1,1,96
7828,0.4513,1,0,1,97
7828,0.4224,1,0,1,98
7828,0.6626,1,0,1,99
7828,0.3656,0,1,1,102
7828,0.385,1,0,1,103
7828,0.38,1,0,1,106
7828,0.3443,1,1,1,107
7828,0.3592,1,1,1,108
7828,0.4124,1,0,1,109
7828,0.4412,1,1,1,113
7828,0.4694,1,1,1,116
7828,0.4184,1,1,1,118
7828,0.4216,1,1,1,121
7828,0.498,1,1,1,123
7828,0.3505,1,0,1,124
7828,0.3963,1,1,1,125
7828,0.4034,1,0,1,127
7840,0.758,1,0,1,0
7840,0.545,1,1,1,1
7840,0.585,1,1,1,2
7840,0.498,1,0,1,3
7840,0.524,1,1,1,4
7840,0.428,1,1,1,7
7840,0.593,1,1,1,8
7840,0.42,1,1,1,9
7840,0.561,1,0,1,10
7840,0.525,1,0,1,12
7840,0.417,1,0,1,13
7840,0.466,1,1,1,14
7840,0.569,1,1,1,15
7840,0.467,1,0,1,16
7840,0.428,1,1,1,17
7840,0.593,1,1,1,18
7840,0.421,0,1,1,19
7840,0.838,1,1,1,21
7840,0.401,1,0,1,22
7840,0.751,1,0,1,23
7840,0.402,1,0,1,25
7840,0.47,1,0,1,26
7840,0.459,1,0,1,27
7840,0.755,1,1,1,30
7840,0.577,1,0,1,31
7840,0.495,1,0,1,32
7840,0.533,1,0,1,33
7840,0.474,1,0,1,34
7840,0.534,1,0,1,35
7840,0.418,1,0,1,37
7840,0.324,1,0,1,38
7840,0.5,1,1,1,42
7840,0.462,1,0,1,43
7840,0.43,1,0,1,49
7840,0.43,1,1,1,50
7840,0.585,1,1,1,51
7840,0.506,1,0,1,52
7840,0.453,1,0,1,53
7840,0.465,1,1,1,54
7840,0.534,1,1,1,55
7840,0.427,0,0,1,56
7840,0.528,0,1,1,57
7840,0.518,1,0,1,60
7840,0.534,1,1,1,61
7840,0.423,1,0,1,62
7840,0.585,1,0,1,63
7840,0.695,1,1,1,65
7840,0.475,1,1,1,66
7840,0.637,1,1,1,67
7840,0.557,1,0,1,70
7840,0.423,1,1,1,71
7840,0.498,1,0,1,72
7840,0.564,1,1,1,73
7840,0.636,1,1,1,74
7840,0.466,1,0,1,75
7840,0.462,1,0,1,76
7840,0.586,1,1,1,78
7840,0.5,1,1,1,80
7840,0.539,1,1,1,82
7840,0.373,1,0,1,84
7840,0.54,1,0,1,85
7840,0.626,1,0,1,86
7840,0.536,1,0,1,88
7840,0.5,1,0,1,89
7840,0.625,1,1,1,91
7840,0.58,1,1,1,92
7840,0.494,1,1,1,96
7840,0.942,1,0,1,99
7840,0.508,1,1,1,100
7840,0.438,1,1,1,101
7840,0.535,1,0,1,104
7840,0.493,1,0,1,106
7840,0.992,1,1,1,107
7840,0.408,1,1,1,109
7840,0.461,1,1,1,110
7840,0.551,0,1,1,112
7840,0.538,1,0,1,114
7840,0.434,1,0,1,115
7840,0.41,1,0,1,116
7840,0.457,1,1,1,121
7840,0.845,1,0,1,123
7840,0.56,1,1,1,126
7840,0.507,1,1,1,127
7840,0.663,1,1,1,0
7840,0.433,1,0,1,1
7840,0.407,1,1,1,2
7840,0.437,1,0,1,3
7840,0.872,1,1,1,4
7840,0.39,1,0,1,5
7840,0.461,1,1,1,6
7840,0.46,1,0,1,9
7840,0.507,1,1,1,10
7840,0.428,1,0,1,11
7840,0.572,1,0,1,13
7840,0.893,1,1,1,15
7840,0.493,1,0,1,16
7840,0.463,1,1,1,17
7840,0.739,1,0,1,18
7840,0.662,1,1,1,21
7840,0.692,1,1,1,23
7840,0.485,1,1,1,25
7840,0.508,1,0,1,31
7840,0.624,1,1,1,33
7840,0.6,1,0,1,34
7840,0.62,1,1,1,36
7840,0.685,1,1,1,38
7840,0.522,0,1,1,39
7840,0.641,1,0,1,40
7840,0.44,1,1,1,41
7840,0.607,1,0,1,42
7840,0.56,1,1,1,43
7840,0.523,1,0,1,46
7840,0.5,1,0,1,47
7840,0.573,1,1,1,48
7840,0.725,1,0,1,51
7840,0.633,1,0,1,53
7840,0.493,1,0,1,54
7840,0.713,1,1,1,55
7840,0.651,1,1,1,59
7840,0.585,1,1,1,60
7840,0.565,1,0,1,62
7840,0.64,1,1,1,63
7840,0.76,1,1,1,64
7840,1.059,1,0,1,65
7840,0.372,1,0,1,67
7840,0.493,1,0,1,68
7840,0.507,1,1,1,70
7840,0.96,1,1,1,71
7840,0.514,1,1,1,72
7840,0.663,0,1,1,74
7840,0.607,1,0,1,76
7840,0.452,1,0,1,77
7840,0.502,1,1,1,78
7840,0.46,1,0,1,79
7840,0.54,1,1,1,80
7840,0.71,1,0,1,81
7840,0.46,1,0,1,84
7840,1.131,1,1,1,91
7840,0.493,1,1,1,92
7840,0.59,1,0,1,94
7840,0.461,1,0,1,95
7840,0.527,1,0,1,96
7840,0.493,0,1,1,97
7840,0.599,1,0,1,98
7840,1.126,1,1,1,100
7840,0.574,1,0,1,101
7840,0.54,1,1,1,102
7840,0.398,1,0,1,103
7840,0.44,1,0,1,104
7840,0.455,1,0,1,105
7840,0.492,1,0,1,106
7840,0.623,1,1,1,107
7840,0.64,1,0,1,108
7840,0.759,1,1,1,110
7840,0.735,1,1,1,113
7840,0.698,1,1,1,114
7840,0.645,1,0,1,115
7840,0.626,1,1,1,116
7840,0.461,1,0,1,117
7840,0.369,1,0,1,119
7840,0.452,1,0,1,120
7840,0.434,1,1,1,121
7840,0.53,1,1,1,123
7840,0.491,1,0,1,125
7840,0.759,1,0,1,127
7840,0.564,1,0,1,0
7840,0.6,1,1,1,2
7840,0.597,0,1,1,3
7840,1.052,1,0,1,7
7840,0.632,1,0,1,10
7840,0.633,1,1,1,11
7840,0.417,1,1,1,12
7840,0.568,1,0,1,13
7840,0.478,1,0,1,14
7840,0.501,1,0,1,15
7840,0.47,1,0,1,17
7840,1.05,1,0,1,19
7840,0.603,1,0,1,22
7840,0.484,1,0,1,26
7840,0.551,1,0,1,30
7840,0.603,1,1,1,31
7840,0.74,1,0,1,32
7840,0.46,1,0,1,34
7840,0.55,1,0,1,35
7840,0.61,1,0,1,36
7840,0.691,1,0,1,39
7840,0.541,1,1,1,40
7840,0.391,1,0,1,41
7840,0.448,1,1,1,42
7840,0.504,1,0,1,43
7840,0.535,1,1,1,44
7840,0.52,1,1,1,45
7840,0.562,1,0,1,46
7840,0.66,1,1,1,47
7840,0.494,1,0,1,48
7840,0.455,1,0,1,49
7840,0.771,1,1,1,51
7840,0.652,1,1,1,52
7840,0.518,1,0,1,53
7840,0.467,1,1,1,56
7840,0.644,1,0,1,57
7840,0.52,1,1,1,58
7840,0.671,1,1,1,61
7840,0.722,1,1,1,62
7840,0.432,1,0,1,64
7840,0.63,1,0,1,66
7840,0.532,1,0,1,67
7840,0.509,0,1,1,68
7840,0.598,1,0,1,69
7840,0.498,1,1,1,70
7840,0.395,1,0,1,71
7840,0.557,1,0,1,72
7840,0.442,1,0,1,73
7840,0.575,1,1,1,75
7840,0.506,1,0,1,76
7840,0.572,1,1,1,79
7840,0.761,1,1,1,80
7840,0.657,1,1,1,81
7840,0.572,1,0,1,82
7840,0.872,1,1,1,83
7840,0.532,1,0,1,86
7840,0.594,1,1,1,87
7840,0.462,1,0,1,89
7840,0.474,1,1,1,91
7840,0.573,1,0,1,92
7840,0.405,1,0,1,94
7840,0.466,1,1,1,95
7840,0.495,1,0,1,96
7840,0.548,1,1,1,97
7840,0.619,1,1,1,99
7840,0.531,1,0,1,102
7840,0.595,1,1,1,103
7840,0.654,1,1,1,104
7840,0.522,1,0,1,106
7840,0.639,1,1,1,107
7840,0.555,1,1,1,111
7840,0.649,1,1,1,112
7840,0.387,1,0,1,114
7840,0.391,1,1,1,115
7840,0.529,1,1,1,117
7840,0.581,1,1,1,118
7840,0.55,1,1,1,119
7840,0.519,1,1,1,122
7840,0.601,1,1,1,124
7840,0.439,1,1,1,0
7840,0.461,1,1,1,1
7840,0.454,1,1,1,3
7840,0.491,1,1,1,5
7840,0.496,1,1,1,7
7840,0.46,1,0,1,10
7840,0.534,1,1,1,11
7840,0.556,1,1,1,12
7840,0.494,1,1,1,13
7840,0.663,1,1,1,14
7840,0.459,1,0,1,15
7840,0.428,1,0,1,16
7840,0.422,1,0,1,17
7840,0.4,1,0,1,19
7840,0.526,1,0,1,20
7840,0.532,1,1,1,21
7840,0.871,1,1,1,26
7840,0.556,1,1,1,27
7840,0.428,1,0,1,28
7840,0.45,1,0,1,29
7840,0.461,1,0,1,30
7840,0.5,1,1,1,32
7840,0.476,1,0,1,33
7840,0.62,1,1,1,34
7840,0.684,1,1,1,35
7840,0.529,1,0,1,36
7840,0.533,1,0,1,38
7840,0.595,1,1,1,39
7840,0.593,1,1,1,40
7840,0.493,1,0,1,43
7840,0.473,1,0,1,45
7840,0.539,1,0,1,46
7840,0.353,1,1,1,48
7840,0.534,1,1,1,49
7840,0.452,1,0,1,51
7840,0.452,1,0,1,52
7840,0.411,1,0,1,53
7840,0.507,1,1,1,54
7840,1.081,1,1,1,55
7840,0.395,1,0,1,56
7840,0.596,1,1,1,57
7840,0.428,1,0,1,59
7840,0.408,1,0,1,61
7840,0.521,1,1,1,63
7840,0.658,1,1,1,65
7840,0.775,1,0,1,66
7840,0.453,1,0,1,67
7840,0.494,1,1,1,68
7840,0.338,1,0,1,69
7840,0.361,1,1,1,70
7840,0.507,1,0,1,71
7840,0.472,1,0,1,74
7840,1.1,1,0,1,75
7840,0.556,1,1,1,76
7840,0.432,1,0,1,77
7840,0.359,0,1,1,78
7840,0.594,1,0,1,79
7840,0.682,0,0,1,80
7840,0.521,1,1,1,83
7840,0.5,1,0,1,85
7840,0.705,1,1,1,86
7840,0.527,1,1,1,87
7840,0.527,1,0,1,92
7840,0.43,1,1,1,93
7840,0.459,1,0,1,95
7840,0.462,1,0,1,96
7840,0.657,1,1,1,99
7840,0.972,1,0,1,100
7840,0.497,0,1,1,101
7840,0.737,1,0,1,103
7840,0.441,1,1,1,105
7840,0.473,1,0,1,106
7840,0.409,1,1,1,109
7840,0.561,1,0,1,110
7840,0.749,1,0,1,114
7840,0.401,1,0,1,115
7840,0.539,1,1,1,116
7840,0.554,1,1,1,119
7840,0.952,1,1,1,121
7840,0.618,1,1,1,122
7840,0.833,1,0,1,123
7840,0.516,1,0,1,124
7840,0.976,1,1,1,125
7840,0.588,1,1,1,127
7840,0.942,1,0,1,0
7840,0.43,1,0,1,2
7840,0.433,1,0,1,4
7840,0.472,1,0,1,5
7840,0.478,1,0,1,8
7840,0.901,1,0,1,9
7840,0.4,1,0,1,10
7840,0.402,1,0,1,11
7840,0.539,1,1,1,12
7840,0.402,1,0,1,14
7840,0.467,1,0,1,15
7840,0.454,1,1,1,19
7840,0.505,1,1,1,21
7840,0.452,1,0,1,22
7840,0.518,1,1,1,24
7840,0.961,1,0,1,27
7840,0.418,1,1,1,29
7840,0.531,1,0,1,30
7840,1.086,1,1,1,31
7840,0.565,1,0,1,32
7840,0.735,1,0,1,34
7840,0.565,1,1,1,35
7840,0.453,1,0,1,36
7840,0.423,1,0,1,38
7840,0.331,1,1,1,39
7840,0.334,1,1,1,40
7840,0.454,1,0,1,42
7840,0.431,1,1,1,43
7840,0.341,1,0,1,44
7840,0.387,0,1,1,46
7840,0.429,1,1,1,48
7840,0.567,1,1,1,50
7840,0.364,1,0,1,52
7840,0.498,1,1,1,53
7840,0.436,1,1,1,54
7840,0.483,1,0,1,56
7840,0.511,1,0,1,57
7840,0.564,1,1,1,58
7840,0.451,1,1,1,59
7840,0.631,1,1,1,61
7840,0.395,1,1,1,63
7840,0.486,1,0,1,66
7840,0.364,1,1,1,67
7840,0.75,1,1,1,69
7840,0.587,1,1,1,70
7840,0.587,1,0,1,71
7840,0.501,1,0,1,72
7840,0.636,1,0,1,74
7840,0.564,1,1,1,75
7840,0.634,1,1,1,77
7840,0.877,1,1,1,78
7840,0.652,1,0,1,79
7840,0.434,1,0,1,80
7840,0.43,1,1,1,81
7840,0.419,1,0,1,82
7840,0.563,1,1,1,83
7840,0.616,1,1,1,86
7840,0.507,1,0,1,87
7840,0.497,1,0,1,89
7840,0.592,1,1,1,90
7840,0.518,1,1,1,93
7840,0.387,1,0,1,94
7840,0.42,1,0,1,95
7840,0.501,1,1,1,96
7840,0.722,1,0,1,97
7840,0.487,1,1,1,100
7840,0.585,1,1,1,101
7840,0.619,1,1,1,102
7840,0.785,1,1,1,103
7840,0.754,1,0,1,104
7840,0.472,1,0,1,105
7840,0.587,1,0,1,107
7840,0.685,1,1,1,109
7840,0.42,1,0,1,113
7840,0.418,1,0,1,114
7840,0.401,0,1,1,116
7840,0.352,1,0,1,117
7840,0.468,1,0,1,121
7840,0.424,1,1,1,122
7840,0.401,1,1,1,123
7840,0.404,1,0,1,124
7840,0.401,0,1,1,125
7840,0.831,0,1,1,0
7840,0.496,0,0,1,1
7840,0.55,1,0,1,2
7840,0.451,1,0,1,3
7840,0.488,1,1,1,4
7840,0.535,1,1,1,5
7840,0.853,1,0,1,7
7840,1.018,1,1,1,9
7840,0.669,1,0,1,10
7840,0.752,1,0,1,11
7840,0.703,1,0,1,12
7840,1.067,1,0,1,13
7840,0.786,1,0,1,14
7840,1.101,1,1,1,15
7840,0.531,1,0,1,16
7840,0.551,1,1,1,19
7840,0.401,1,0,1,20
7840,0.588,1,1,1,21
7840,0.465,1,0,1,22
7840,0.99,1,1,1,23
7840,0.501,1,1,1,24
7840,0.553,1,0,1,26
7840,0.401,1,0,1,27
7840,0.531,1,1,1,28
7840,0.651,1,1,1,29
7840,0.521,0,1,1,30
7840,0.401,1,0,1,31
7840,0.423,1,0,1,32
7840,0.401,1,0,1,33
7840,0.487,1,1,1,34
7840,0.262,0,0,1,36
7840,0.388,1,0,1,37
7840,0.401,1,0,1,38
7840,0.401,1,0,1,39
7840,0.667,1,1,1,41
7840,0.601,1,1,1,42
7840,0.334,1,0,1,45
7840,0.466,1,1,1,47
7840,0.65,1,1,1,48
7840,0.398,1,0,1,52
7840,0.551,1,0,1,53
7840,0.519,1,1,1,54
7840,0.454,1,0,1,55
7840,0.493,1,1,1,58
7840,0.531,1,1,1,61
7840,1.119,1,0,1,62
7840,0.506,1,0,1,63
7840,0.448,1,1,1,66
7840,0.468,1,0,1,67
7840,0.418,1,0,1,68
7840,0.398,1,1,1,70
7840,0.534,1,1,1,71
7840,0.486,1,0,1,72
7840,0.564,1,1,1,75
7840,0.487,1,1,1,77
7840,0.485,0,1,1,79
7840,0.434,1,0,1,83
7840,0.48,1,1,1,85
7840,0.569,1,1,1,86
7840,0.823,1,1,1,87
7840,0.751,1,1,1,89
7840,0.635,1,1,1,90
7840,0.703,1,1,1,92
7840,0.635,1,1,1,93
7840,0.91,1,0,1,96
7840,0.535,1,0,1,98
7840,0.431,1,1,1,103
7840,0.644,1,1,1,105
7840,0.381,1,1,1,106
7840,0.498,1,0,1,107
7840,0.404,1,0,1,110
7840,0.599,1,1,1,111
7840,0.535,1,1,1,112
7840,0.52,1,0,1,113
7840,0.665,1,1,1,114
7840,0.682,1,0,1,117
7840,0.504,1,0,1,118
7840,0.697,1,0,1,120
7840,0.74,1,1,1,121
7840,0.668,1,1,1,124
7840,0.553,1,0,1,125
7840,0.707,1,1,1,0
7840,0.445,1,1,1,1
7840,0.566,1,1,1,2
7840,0.666,1,0,1,3
7840,0.454,0,1,1,4
7840,0.449,1,0,1,7
7840,0.551,1,0,1,9
7840,0.465,1,0,1,12
7840,0.508,1,0,1,13
7840,0.819,1,0,1,14
7840,0.535,1,1,1,16
7840,0.535,1,0,1,17
7840,0.449,1,0,1,18
7840,0.567,1,1,1,19
7840,0.421,0,1,1,22
7840,0.516,1,1,1,23
7840,0.452,1,0,1,25
7840,0.593,1,0,1,28
7840,0.652,1,1,1,30
7840,0.702,1,1,1,31
7840,0.631,1,0,1,32
7840,0.588,1,1,1,33
7840,0.468,1,0,1,37
7840,0.52,1,0,1,39
7840,0.434,1,0,1,40
7840,0.619,1,1,1,41
7840,0.547,1,1,1,43
7840,0.641,1,1,1,45
7840,0.486,1,0,1,46
7840,0.488,1,1,1,47
7840,0.487,1,0,1,49
7840,0.384,1,1,1,51
7840,0.52,1,1,1,53
7840,0.452,1,0,1,54
7840,0.647,0,1,1,56
7840,0.569,1,1,1,57
7840,0.62,1,0,1,58
7840,0.722,1,1,1,59
7840,0.534,1,0,1,61
7840,0.615,1,0,1,62
7840,0.542,1,0,1,63
7840,0.665,1,0,1,66
7840,0.517,1,0,1,67
7840,0.654,1,1,1,68
7840,0.589,1,1,1,69
7840,0.454,1,0,1,72
7840,0.486,1,0,1,73
7840,0.432,1,1,1,74
7840,0.652,1,1,1,75
7840,0.423,1,0,1,76
7840,0.604,1,1,1,79
7840,0.987,1,0,1,80
7840,0.589,1,1,1,81
7840,0.587,1,1,1,82
7840,0.62,1,1,1,83
7840,0.523,1,0,1,84
7840,0.528,1,0,1,87
7840,0.447,1,0,1,90
7840,0.633,1,0,1,91
7840,0.416,1,0,1,92
7840,0.534,1,1,1,94
7840,0.5,1,1,1,95
7840,0.552,1,0,1,96
7840,0.532,1,0,1,98
7840,0.787,1,1,1,99
7840,0.555,1,1,1,100
7840,0.535,1,1,1,101
7840,0.453,1,1,1,102
7840,0.551,1,0,1,106
7840,0.519,1,0,1,108
7840,0.494,1,1,1,109
7840,0.471,1,1,1,114
7840,0.451,1,0,1,118
7840,0.567,1,0,1,119
7840,0.785,1,1,1,120
7840,0.487,1,1,1,121
7840,0.707,1,0,1,122
7840,0.672,1,1,1,123
7840,0.652,1,1,1,124
7840,0.498,1,0,1,125
7840,0.454,1,1,1,126
7840,0.498,1,0,1,127
7840,0.617,1,1,1,1
7840,0.555,1,0,1,3
7840,0.551,1,1,1,4
7840,0.497,1,0,1,5
7840,0.888,1,1,1,7
7840,0.431,1,0,1,8
7840,0.687,1,1,1,9
7840,0.567,1,0,1,10
7840,0.585,1,0,1,11
7840,0.931,1,1,1,12
7840,0.93,1,1,1,17
7840,0.52,1,0,1,18
7840,0.598,1,1,1,19
7840,0.589,1,0,1,20
7840,0.562,1,1,1,21
7840,0.456,1,1,1,22
7840,0.575,1,1,1,23
7840,0.521,1,0,1,24
7840,0.567,1,0,1,26
7840,0.842,1,0,1,32
7840,0.966,1,1,1,35
7840,0.617,1,0,1,38
7840,0.557,1,1,1,39
7840,0.464,1,0,1,40
7840,0.534,1,0,1,41
7840,0.523,1,0,1,43
7840,0.62,1,1,1,44
7840,0.504,1,1,1,45
7840,0.571,1,0,1,46
7840,0.564,1,0,1,48
7840,0.687,1,1,1,49
7840,0.498,1,0,1,50
7840,0.755,1,1,1,51
7840,0.583,1,1,1,52
7840,0.573,1,1,1,53
7840,0.352,1,1,1,55
7840,0.864,1,0,1,56
7840,0.785,1,0,1,57
7840,0.5,1,1,1,58
7840,0.5,1,0,1,60
7840,0.431,1,0,1,62
7840,0.899,1,1,1,63
7840,0.901,0,1,1,64
7840,0.787,1,0,1,65
7840,0.706,1,0,1,66
7840,0.849,1,0,1,67
7840,0.551,1,0,1,69
7840,0.932,1,1,1,74
7840,0.832,1,0,1,75
7840,0.801,1,0,1,76
7840,0.884,1,0,1,77
7840,0.799,1,1,1,78
7840,0.698,1,0,1,79
7840,0.569,1,0,1,80
7840,0.619,1,1,1,81
7840,0.537,1,0,1,82
7840,0.722,1,1,1,84
7840,0.821,1,0,1,86
7840,0.535,1,1,1,88
7840,0.499,1,0,1,90
7840,0.401,1,1,1,92
7840,0.402,1,1,1,93
7840,0.65,1,1,1,95
7840,0.535,1,1,1,96
7840,0.595,1,0,1,97
7840,0.554,1,1,1,98
7840,0.467,1,1,1,101
7840,0.485,0,1,1,102
7840,0.564,1,0,1,103
7840,0.468,1,0,1,104
7840,0.63,1,1,1,107
7840,0.521,1,0,1,108
7840,0.553,1,0,1,110
7840,0.535,1,1,1,112
7840,0.594,1,0,1,115
7840,0.598,1,0,1,117
7840,0.598,1,1,1,119
7840,0.434,1,0,1,121
7840,0.552,1,0,1,122
7840,0.434,1,1,1,125
7840,0.551,1,1,1,126
7924,0.5298,1,0,1,0
7924,0.4454,1,1,1,2
7924,0.4747,1,1,1,3
7924,0.4642,1,0,1,4
7924,0.4555,1,0,1,5
7924,0.4,1,0,1,6
7924,0.5362,1,1,1,7
7924,0.4826,1,1,1,8
7924,0.4179,1,1,1,9
7924,0.4471,1,1,1,14
7924,0.4123,1,0,1,16
7924,0.4693,1,1,1,17
7924,0.4361,1,0,1,20
7924,0.3798,1,0,1,21
7924,0.4019,1,1,1,23
7924,0.3856,1,0,1,24
7924,0.5026,1,1,1,29
7924,0.429,1,1,1,31
7924,0.3518,1,0,1,34
7924,0.4025,1,1,1,36
7924,0.4455,1,0,1,37
7924,0.4035,1,1,1,38
7924,0.4686,1,0,1,39
7924,0.4282,1,0,1,41
7924,0.4498,1,1,1,42
7924,0.5155,1,1,1,44
7924,0.4062,1,0,1,46
7924,0.5469,1,1,1,48
7924,0.3818,1,0,1,49
7924,0.6271,1,1,1,51
7924,0.7118,1,1,1,52
7924,0.4089,1,1,1,53
7924,0.3807,1,0,1,54
7924,0.3669,1,0,1,57
7924,0.5022,1,0,1,58
7924,0.4717,1,0,1,59
7924,0.4421,1,1,1,60
7924,0.4185,1,1,1,61
7924,0.4879,1,1,1,62
7924,0.5726,1,0,1,63
7924,0.5415,1,1,1,65
7924,0.5304,1,1,1,66
7924,0.5262,1,1,1,67
7924,0.3783,1,0,1,68
7924,0.449,1,0,1,69
7924,0.3928,1,0,1,71
7924,0.4955,1,1,1,72
7924,0.434,1,0,1,73
7924,0.4369,1,0,1,76
7924,0.4025,1,1,1,79
7924,0.372,1,0,1,80
7924,0.3678,1,0,1,81
7924,0.3305,1,1,1,83
7924,0.4467,1,1,1,85
7924,0.3418,1,0,1,86
7924,0.3541,0,1,1,89
7924,0.3865,1,0,1,90
7924,0.609,1,0,1,91
7924,0.5675,1,1,1,92
7924,0.5842,1,1,1,93
7924,0.5265,1,1,1,94
7924,0.5087,1,1,1,95
7924,0.562,1,0,1,96
7924,0.5239,1,1,1,97
7924,0.5478,1,0,1,99
7924,0.5597,1,0,1,101
7924,0.4513,1,0,1,102
7924,0.4562,1,0,1,103
7924,0.3888,1,0,1,104
7924,0.5215,1,0,1,106
7924,0.4221,1,0,1,109
7924,0.4993,1,1,1,110
7924,0.6364,1,1,1,111
7924,0.4455,1,0,1,112
7924,0.4886,1,1,1,114
7924,0.5548,1,0,1,115
7924,0.6525,1,1,1,117
7924,0.4595,1,0,1,119
7924,0.4736,1,0,1,121
7924,0.4191,1,0,1,122
7924,0.4343,1,1,1,123
7924,0.4876,1,1,1,125
7924,0.4981,1,1,1,126
7924,0.5581,1,1,1,127
7924,0.6701,1,0,1,0
7924,0.4798,1,0,1,2
7924,0.5261,1,0,1,5
7924,0.5337,1,1,1,6
7924,0.5853,1,1,1,7
7924,0.4513,1,0,1,8
7924,0.3861,1,0,1,12
7924,0.494,1,0,1,14
7924,0.4857,1,1,1,15
7924,0.446,1,1,1,16
7924,0.551,1,1,1,18
7924,0.4724,1,0,1,19
7924,0.4524,1,1,1,20
7924,0.5022,1,1,1,21
7924,0.4887,1,1,1,22
7924,0.3799,1,0,1,24
7924,0.5694,1,0,1,25
7924,0.4244,1,1,1,26
7924,0.4862,1,1,1,27
7924,0.3978,1,1,1,28
7924,0.4774,1,1,1,29
7924,0.4798,1,0,1,30
7924,0.4506,1,1,1,33
7924,0.4362,1,1,1,35
7924,0.3761,1,0,1,36
7924,0.4345,1,0,1,37
7924,0.4389,1,0,1,41
7924,0.5665,1,1,1,42
7924,0.5924,1,0,1,45
7924,0.5363,1,1,1,46
7924,0.4661,1,0,1,47
7924,0.5969,1,1,1,48
7924,0.5065,1,0,1,50
7924,0.739,1,1,1,53
7924,0.6497,1,0,1,54
7924,0.4633,1,0,1,55
7924,0.7185,1,1,1,56
7924,0.4522,1,0,1,58
7924,0.5178,1,0,1,59
7924,0.471,1,0,1,60
7924,0.5558,1,1,1,61
7924,0.5775,1,0,1,62
7924,0.6276,1,1,1,64
7924,0.4254,1,0,1,66
7924,0.6247,1,1,1,67
7924,0.4918,1,0,1,68
7924,0.4637,1,1,1,70
7924,0.5582,1,0,1,73
7924,0.5555,1,1,1,75
7924,0.6208,1,0,1,76
7924,0.4484,1,0,1,79
7924,0.5129,1,0,1,83
7924,0.5186,1,1,1,84
7924,0.558,1,1,1,86
7924,0.6343,1,1,1,87
7924,0.5267,1,0,1,88
7924,0.6169,1,0,1,89
7924,0.4605,1,0,1,90
7924,0.5983,1,1,1,92
7924,0.6218,1,1,1,93
7924,0.5746,1,1,1,94
7924,0.5786,1,1,1,96
7924,0.5515,1,0,1,97
7924,0.5153,1,0,1,98
7924,0.6396,1,0,1,101
7924,0.4326,1,0,1,102
7924,0.501,1,0,1,105
7924,0.5791,1,1,1,106
7924,0.5987,1,0,1,107
7924,0.7362,1,1,1,109
7924,0.5455,1,1,1,111
7924,0.6684,1,1,1,113
7924,0.5766,1,1,1,115
7924,0.4103,1,1,1,116
7924,0.4316,1,1,1,117
7924,0.4421,1,0,1,118
7924,0.4259,1,1,1,120
7924,0.513,1,1,1,121
7924,0.4869,1,0,1,122
7924,0.4424,1,0,1,123
7924,0.5285,1,1,1,124
7924,0.5575,1,0,1,125
7924,0.6622,1,0,1,126
7924,0.5986,1,1,1,127
7924,0.6404,1,1,1,1
7924,0.4516,1,0,1,2
7924,0.5086,1,1,1,3
7924,0.4415,1,0,1,6
7924,0.4815,1,0,1,9
7924,0.4634,1,0,1,10
7924,0.5195,1,1,1,11
7924,0.3936,0,1,1,13
7924,0.5717,1,0,1,15
7924,0.5262,1,1,1,17
7924,0.4875,1,0,1,18
7924,0.4279,1,1,1,21
7924,0.4859,1,0,1,22
7924,0.462,1,0,1,26
7924,0.4776,1,0,1,27
7924,0.5005,1,1,1,28
7924,0.4891,1,1,1,30
7924,0.487,1,1,1,31
7924,0.5702,1,0,1,33
7924,0.624,1,1,1,34
7924,0.5155,1,0,1,35
7924,0.589,1,0,1,36
7924,0.5386,1,1,1,37
7924,0.5641,1,1,1,38
7924,0.437,1,1,1,39
7924,0.4564,1,1,1,40
7924,0.5262,1,0,1,43
7924,0.5155,1,0,1,44
7924,0.4656,1,0,1,47
7924,0.4534,1,1,1,49
7924,0.5646,1,0,1,51
7924,0.437,1,0,1,52
7924,0.4647,1,0,1,53
7924,0.4933,1,0,1,54
7924,0.4648,1,1,1,55
7924,0.4592,1,1,1,57
7924,0.6228,1,1,1,58
7924,0.4397,1,0,1,60
7924,0.5225,1,0,1,62
7924,0.6385,1,1,1,63
7924,0.6554,1,1,1,64
7924,0.4729,1,0,1,65
7924,0.7227,1,1,1,67
7924,0.6913,1,1,1,70
7924,0.5009,1,1,1,71
7924,0.4942,1,1,1,72
7924,0.5253,1,1,1,73
7924,0.5259,1,1,1,75
7924,0.4836,1,0,1,76
7924,0.5057,1,0,1,78
7924,0.5049,1,1,1,80
7924,0.5429,1,1,1,81
7924,0.583,1,0,1,82
7924,0.5189,1,0,1,83
7924,0.5477,1,1,1,84
7924,0.4604,1,0,1,87
7924,0.6254,1,1,1,88
7924,0.5434,1,1,1,89
7924,0.4627,1,0,1,90
7924,0.5179,1,0,1,91
7924,0.6212,1,1,1,93
7924,0.6541,1,0,1,94
7924,0.7497,1,0,1,95
7924,0.5646,1,0,1,97
7924,0.6037,1,0,1,98
7924,0.7152,1,0,1,99
7924,0.6309,1,1,1,101
7924,0.4992,1,0,1,104
7924,0.5195,1,1,1,107
7924,0.5658,1,0,1,110
7924,0.6306,1,0,1,111
7924,0.4735,1,0,1,113
7924,0.4752,1,1,1,114
7924,0.533,1,1,1,115
7924,0.4945,1,0,1,116
7924,0.5186,1,1,1,118
7924,0.4854,1,0,1,119
7924,0.5869,1,1,1,122
7924,0.4972,1,1,1,123
7924,0.4542,1,0,1,124
7924,0.4052,1,0,1,125
7924,0.5616,1,1,1,126
7924,0.4477,1,1,1,127
7924,0.6211,1,1,1,0
7924,0.5051,1,1,1,1
7924,0.4043,1,0,1,2
7924,0.4084,1,0,1,3
7924,0.4598,1,0,1,4
7924,0.3843,1,0,1,5
7924,0.4093,1,0,1,6
7924,0.4657,1,1,1,7
7924,0.5382,1,1,1,8
7924,0.3972,1,0,1,12
7924,0.4943,1,1,1,13
7924,0.4396,1,0,1,14
7924,0.466,1,1,1,15
7924,0.4278,1,0,1,16
7924,0.3694,1,0,1,17
7924,0.6214,1,0,1,18
7924,0.44,1,1,1,20
7924,0.5038,1,0,1,23
7924,0.4481,1,0,1,24
7924,0.4428,1,0,1,25
7924,0.4772,1,1,1,26
7924,0.5004,1,1,1,27
7924,0.4597,1,1,1,28
7924,0.3906,1,0,1,32
7924,0.4202,1,0,1,33
7924,0.5107,1,1,1,34
7924,0.5178,1,1,1,35
7924,0.461,1,1,1,37
7924,0.4872,1,1,1,39
7924,0.5395,1,1,1,40
7924,0.4943,1,1,1,42
7924,0.4563,1,0,1,44
7924,0.4465,1,0,1,45
7924,0.5213,1,1,1,46
7924,0.5131,1,1,1,48
7924,0.4725,1,0,1,49
7924,0.4171,1,0,1,51
7924,0.413,1,0,1,52
7924,0.5023,1,1,1,53
7924,0.4007,1,1,1,54
7924,0.4289,1,0,1,55
7924,0.4652,1,0,1,56
7924,0.4406,1,0,1,57
7924,0.3616,1,0,1,59
7924,0.4146,1,0,1,60
7924,0.3821,1,1,1,63
7924,0.45,1,1,1,64
7924,0.3693,1,0,1,65
7924,0.4578,1,0,1,67
7924,0.4116,1,1,1,68
7924,0.4281,1,0,1,69
7924,0.5492,1,1,1,70
7924,0.4605,1,1,1,71
7924,0.3884,1,0,1,72
7924,0.4755,1,1,1,73
7924,0.45,1,1,1,76
7924,0.5419,1,1,1,77
7924,0.5587,1,1,1,79
7924,0.3821,1,1,1,80
7924,0.537,1,0,1,81
7924,0.4117,1,0,1,83
7924,0.4037,1,0,1,85
7924,0.6003,1,0,1,86
7924,0.443,1,1,1,88
7924,0.3977,1,1,1,93
7924,0.5049,1,1,1,95
7924,0.408,1,0,1,96
7924,0.5306,1,1,1,97
7924,0.454,1,0,1,101
7924,0.6012,1,1,1,102
7924,0.4824,1,0,1,105
7924,0.4307,1,0,1,107
7924,0.4929,1,1,1,108
7924,0.4086,1,0,1,109
7924,0.4538,1,1,1,110
7924,0.447,1,0,1,115
7924,0.457,1,1,1,117
7924,0.6761,1,1,1,118
7924,0.3582,1,1,1,120
7924,0.427,1,0,1,121
7924,0.4764,1,1,1,122
7924,0.4657,1,1,1,123
7924,0.5283,1,0,1,126
7924,0.6055,1,1,1,0
7924,0.4412,1,0,1,1
7924,0.5372,1,1,1,2
7924,0.5756,1,1,1,3
7924,0.4688,1,0,1,6
7924,0.4916,1,0,1,8
7924,0.5653,1,1,1,9
7924,0.513,1,0,1,10
7924,0.4485,1,1,1,11
7924,0.5115,1,1,1,12
7924,0.4826,1,0,1,14
7924,0.4921,1,1,1,15
7924,0.443,1,1,1,17
7924,0.4771,1,1,1,18
7924,0.4117,1,1,1,19
7924,0.4296,1,0,1,20
7924,0.3925,1,0,1,23
7924,0.5545,1,1,1,24
7924,0.3635,1,0,1,27
7924,0.5049,1,1,1,28
7924,0.4271,1,1,1,31
7924,0.3811,1,0,1,32
7924,0.3937,1,0,1,33
7924,0.5399,1,1,1,34
7924,0.4904,1,1,1,36
7924,0.4002,1,1,1,37
7924,0.3938,1,0,1,40
7924,0.5085,1,0,1,41
7924,0.4148,1,0,1,44
7924,0.4758,1,0,1,45
7924,0.4856,1,0,1,47
7924,0.4915,1,0,1,48
7924,0.5129,1,1,1,49
7924,0.502,1,1,1,50
7924,0.4598,1,1,1,51
7924,0.5875,1,1,1,53
7924,0.4155,1,0,1,54
7924,0.4482,1,0,1,55
7924,0.4975,1,1,1,56
7924,0.4678,1,1,1,60
7924,0.5656,1,1,1,62
7924,0.5491,1,0,1,63
7924,0.4559,1,0,1,64
7924,0.5922,1,1,1,65
7924,0.5409,1,0,1,66
7924,0.4387,1,0,1,67
7924,0.6748,1,1,1,68
7924,0.484,1,0,1,69
7924,0.4273,1,0,1,70
7924,0.4294,1,0,1,71
7924,0.6573,1,1,1,73
7924,0.4941,1,0,1,74
7924,0.5271,1,1,1,76
7924,0.5247,1,1,1,78
7924,0.5238,1,0,1,79
7924,0.4528,1,0,1,80
7924,0.4654,1,0,1,83
7924,0.4266,1,0,1,84
7924,0.6358,1,1,1,85
7924,0.4415,1,0,1,87
7924,0.5289,1,1,1,88
7924,0.539,1,1,1,89
7924,0.5157,1,1,1,92
7924,0.413,1,0,1,93
7924,0.4608,1,0,1,94
7924,0.5297,1,1,1,95
7924,0.6058,1,1,1,97
7924,0.4428,1,0,1,98
7924,0.617,1,0,1,101
7924,0.6729,1,1,1,104
7924,0.4495,1,0,1,106
7924,0.453,1,0,1,107
7924,0.4482,1,1,1,108
7924,0.5137,1,1,1,109
7924,0.5881,1,0,1,111
7924,0.5219,1,0,1,112
7924,0.587,1,1,1,113
7924,0.5883,1,1,1,114
7924,0.6805,1,1,1,115
7924,0.5673,1,1,1,119
7924,0.4446,1,0,1,120
7924,0.4318,1,1,1,123
7924,0.6112,1,0,1,125
7924,0.4861,1,0,1,127
7924,0.772,1,1,1,0
7924,0.4614,1,1,1,1
7924,0.4482,1,1,1,3
7924,0.5557,1,1,1,4
7924,0.4911,1,0,1,5
7924,0.4826,1,0,1,6
7924,0.5164,1,1,1,8
7924,0.3762,1,0,1,10
7924,0.4444,1,1,1,11
7924,0.3853,1,0,1,13
7924,0.5278,1,1,1,16
7924,0.45,1,1,1,18
7924,0.4308,1,0,1,19
7924,0.4169,1,1,1,20
7924,0.4493,1,1,1,22
7924,0.4395,1,0,1,23
7924,0.5416,1,0,1,24
7924,0.6157,1,1,1,25
7924,0.4699,1,0,1,28
7924,0.4473,1,0,1,30
7924,0.5442,1,0,1,31
7924,0.4482,1,0,1,33
7924,0.5278,1,1,1,34
7924,0.4369,1,0,1,36
7924,0.4568,1,0,1,37
7924,0.4748,1,0,1,38
7924,0.4606,1,0,1,40
7924,0.4483,1,1,1,41
7924,0.4548,1,1,1,43
7924,0.5141,1,0,1,44
7924,0.5676,1,1,1,45
7924,0.45,1,0,1,46
7924,0.5451,1,1,1,47
7924,0.4126,1,0,1,48
7924,0.5793,1,1,1,49
7924,0.5318,1,0,1,50
7924,0.4964,1,0,1,53
7924,0.4513,1,0,1,54
7924,0.4583,1,0,1,57
7924,0.4563,1,1,1,58
7924,0.4269,1,0,1,60
7924,0.5013,1,0,1,61
7924,0.5186,1,1,1,63
7924,0.4616,1,1,1,64
7924,0.4561,1,1,1,65
7924,0.4357,1,0,1,67
7924,0.4503,1,0,1,69
7924,0.4034,1,0,1,70
7924,0.6943,1,1,1,71
7924,0.5749,1,1,1,72
7924,0.4796,1,0,1,73
7924,0.567,1,0,1,74
7924,0.5295,1,1,1,75
7924,0.4535,1,1,1,76
7924,0.4629,1,1,1,78
7924,0.6067,1,1,1,79
7924,0.4188,1,0,1,81
7924,0.4941,1,0,1,83
7924,0.4598,1,0,1,84
7924,0.5453,1,1,1,85
7924,0.4861,1,1,1,86
7924,0.6366,1,1,1,87
7924,0.4361,1,0,1,88
7924,0.4377,1,1,1,90
7924,0.3944,1,1,1,91
7924,0.4277,1,0,1,92
7924,0.5048,1,1,1,95
7924,0.4394,1,0,1,96
7924,0.4314,1,0,1,97
7924,0.5766,1,1,1,100
7924,0.6206,1,1,1,101
7924,0.5425,1,1,1,103
7924,0.5269,1,1,1,104
7924,0.5004,1,0,1,105
7924,0.4462,1,0,1,107
7924,0.5345,1,1,1,109
7924,0.5323,1,0,1,110
7924,0.4154,1,1,1,111
7924,0.6408,1,1,1,113
7924,0.5292,1,1,1,114
7924,0.5664,1,1,1,115
7924,0.5164,1,0,1,117
7924,0.6325,1,0,1,118
7924,0.5252,1,0,1,119
7924,0.4823,1,1,1,6
7924,0.4175,1,1,1,7
7924,0.5361,1,1,1,8
7924,0.4384,1,1,1,13
7924,0.4949,1,1,1,14
7924,0.4092,1,0,1,15
7924,0.4165,1,0,1,16
7924,0.4663,1,1,1,17
7924,0.4476,1,1,1,18
7924,0.4576,1,1,1,20
7924,0.6367,1,1,1,21
7924,0.3549,1,1,1,22
7924,0.3859,1,0,1,23
7924,0.4794,1,1,1,24
7924,0.4041,1,0,1,25
7924,0.403,1,0,1,26
7924,0.5059,1,0,1,27
7924,0.6188,1,1,1,28
7924,0.4298,1,0,1,29
7924,0.5315,1,1,1,31
7924,0.4929,1,0,1,33
7924,0.4069,1,0,1,34
7924,0.4318,1,0,1,35
7924,0.418,1,0,1,36
7924,0.3821,1,0,1,37
7924,0.4918,1,1,1,38
7924,0.4898,1,0,1,39
7924,0.424,1,0,1,40
7924,0.3927,1,1,1,42
7924,0.4641,1,0,1,43
7924,0.5957,1,1,1,44
7924,0.4371,1,0,1,45
7924,0.4292,1,0,1,46
7924,0.4598,1,1,1,47
7924,0.526,1,0,1,49
7924,0.4358,1,1,1,53
7924,0.5293,1,1,1,57
7924,0.5817,1,0,1,58
7924,0.779,1,1,1,59
7924,0.5859,1,1,1,60
7924,0.53,1,1,1,61
7924,0.4832,1,0,1,62
7924,0.5012,1,0,1,63
7924,0.5509,1,0,1,64
7924,0.46,1,1,1,65
7924,0.3849,1,1,1,66
7924,0.4343,1,1,1,67
7924,0.5285,1,1,1,68
7924,0.3751,1,0,1,69
7924,0.4235,1,1,1,70
7924,0.4019,1,0,1,73
7924,0.5182,1,1,1,74
7924,0.3891,1,1,1,75
7924,0.391,1,0,1,79
7924,0.403,1,1,1,80
7924,0.4419,1,0,1,82
7924,0.4738,1,0,1,85
7924,0.4677,1,0,1,86
7924,0.402,1,0,1,87
7924,0.3861,1,0,1,88
7924,0.3605,1,1,1,89
7924,0.4399,1,1,1,90
7924,0.3548,1,0,1,91
7924,0.3788,1,0,1,94
7924,0.3879,1,0,1,97
7924,0.3724,1,0,1,98
7924,0.4558,1,1,1,99
7924,0.4479,1,0,1,103
7924,0.3975,1,0,1,104
7924,0.4267,1,0,1,106
7924,0.4307,1,1,1,107
7924,0.4443,1,1,1,108
7924,0.3912,1,0,1,109
7924,0.3489,1,0,1,111
7924,0.4027,1,0,1,112
7924,0.4193,1,1,1,113
7924,0.405,1,1,1,114
7924,0.3607,1,0,1,116
7924,0.4231,1,1,1,117
7924,0.5544,1,1,1,118
7924,0.3934,1,0,1,121
7924,0.4222,1,1,1,123
7924,0.6613,1,1,1,124
7924,0.3753,1,1,1,127
7924,0.3584,1,0,1,0
7924,0.4274,1,0,1,1
7924,0.379,1,0,1,2
7924,0.4411,1,0,1,4
7924,0.3375,1,0,1,5
7924,0.3464,1,0,1,6
7924,0.3696,0,1,1,8
7924,0.519,1,1,1,9
7924,0.3509,1,0,1,10
7924,0.4642,1,1,1,11
7924,0.3822,1,0,1,13
7924,0.4924,1,1,1,14
7924,0.4861,1,1,1,15
7924,0.5533,1,1,1,17
7924,0.4609,1,0,1,19
7924,0.649,1,1,1,20
7924,0.3916,1,0,1,21
7924,0.5321,1,0,1,22
7924,0.3702,1,0,1,25
7924,0.6933,1,1,1,26
7924,0.4442,1,1,1,28
7924,0.452,1,1,1,29
7924,0.5076,1,0,1,31
7924,0.5745,1,1,1,32
7924,0.4122,1,0,1,37
7924,0.4965,1,0,1,40
7924,0.5134,1,0,1,41
7924,0.6071,1,1,1,42
7924,0.5238,1,1,1,43
7924,0.4974,1,1,1,44
7924,0.5177,1,0,1,47
7924,0.59,1,1,1,49
7924,0.5484,1,0,1,51
7924,0.5237,1,0,1,52
7924,0.5227,1,0,1,54
7924,0.47,1,1,1,56
7924,0.4315,1,0,1,57
7924,0.3754,1,1,1,58
7924,0.3617,1,0,1,60
7924,0.5623,1,1,1,64
7924,0.56,1,1,1,66
7924,0.4518,1,1,1,68
7924,0.5868,1,0,1,69
7924,0.5424,1,0,1,70
7924,0.5104,1,1,1,71
7924,0.4556,1,0,1,73
7924,0.3659,1,0,1,74
7924,0.6946,1,0,1,75
7924,0.4264,1,0,1,77
7924,0.4164,1,0,1,78
7924,0.5289,1,1,1,81
7924,0.3682,1,1,1,83
7924,0.5798,1,1,1,84
7924,0.4867,1,1,1,86
7924,0.5717,1,1,1,88
7924,0.5648,1,1,1,89
7924,0.3965,1,0,1,92
7924,0.5808,1,1,1,93
7924,0.4402,1,0,1,94
7924,0.4229,1,0,1,96
7924,0.5024,1,1,1,97
7924,0.4303,1,0,1,98
7924,0.497,1,1,1,99
7924,0.4412,1,1,1,101
7924,0.7084,1,1,1,102
7924,0.5872,1,0,1,103
7924,0.5794,1,0,1,105
7924,0.5247,1,1,1,106
7924,0.5817,1,0,1,108
7924,0.5317,1,0,1,109
7924,0.475,1,1,1,110
7924,0.4077,1,0,1,111
7924,0.5164,1,1,1,113
7924,0.6767,1,0,1,114
7924,0.4675,1,0,1,115
7924,0.6196,1,1,1,116
7924,0.4865,1,0,1,117
7924,0.5301,1,1,1,118
7924,0.4406,1,1,1,120
7924,0.5148,1,1,1,121
7924,0.4691,1,1,1,123
7924,0.4117,1,0,1,124
7924,0.507,1,1,1,125
7924,0.6373,1,1,1,126
7939,0.466,1,0,1,4
7939,0.495,1,1,1,5
7939,0.484,1,0,1,6
7939,0.678,1,0,1,7
7939,0.578,1,1,1,8
7939,0.516,1,0,1,9
7939,0.491,1,0,1,10
7939,0.538,1,0,1,11
7939,0.444,1,1,1,13
7939,0.471,1,1,1,14
7939,0.792,1,1,1,16
7939,0.484,1,0,1,18
7939,0.652,1,1,1,19
7939,0.454,1,1,1,21
7939,0.595,1,1,1,24
7939,0.534,1,1,1,26
7939,0.434,1,0,1,27
7939,0.577,1,0,1,28
7939,0.508,1,0,1,29
7939,0.576,1,1,1,30
7939,0.467,1,0,1,31
7939,0.422,1,0,1,32
7939,0.474,1,0,1,33
7939,0.499,1,1,1,34
7939,0.494,1,0,1,36
7939,0.46,1,0,1,37
7939,0.576,1,0,1,39
7939,0.551,1,1,1,41
7939,0.751,1,0,1,42
7939,0.438,1,0,1,43
7939,0.495,1,1,1,44
7939,0.52,1,1,1,45
7939,0.571,1,1,1,47
7939,0.42,1,1,1,48
7939,0.556,1,0,1,52
7939,0.682,1,1,1,53
7939,0.671,1,1,1,54
7939,0.431,1,0,1,56
7939,0.48,1,0,1,57
7939,0.569,1,1,1,59
7939,0.587,1,0,1,60
7939,0.449,1,1,1,61
7939,0.501,1,1,1,62
7939,0.551,1,0,1,63
7939,0.441,1,0,1,64
7939,0.558,1,0,1,67
7939,0.566,1,0,1,68
7939,0.662,1,1,1,71
7939,0.603,1,1,1,72
7939,0.351,1,0,1,73
7939,0.475,1,0,1,75
7939,0.429,1,0,1,78
7939,0.577,1,1,1,80
7939,0.421,1,1,1,81
7939,0.454,1,1,1,82
7939,0.526,1,1,1,84
7939,0.452,1,0,1,85
7939,0.468,1,1,1,86
7939,0.427,1,1,1,87
7939,0.439,1,1,1,88
7939,0.433,1,1,1,93
7939,0.453,1,0,1,95
7939,0.444,1,0,1,97
7939,0.403,1,0,1,98
7939,0.5,1,0,1,100
7939,0.501,1,1,1,101
7939,0.436,1,0,1,102
7939,0.577,1,1,1,103
7939,0.511,1,1,1,104
7939,0.557,1,1,1,105
7939,0.537,1,1,1,106
7939,0.512,1,1,1,107
7939,0.528,1,1,1,108
7939,0.541,1,0,1,109
7939,0.437,1,0,1,111
7939,0.437,1,0,1,112
7939,0.427,1,0,1,114
7939,0.633,1,1,1,117
7939,0.527,1,0,1,119
7939,0.626,1,0,1,120
7939,0.618,1,1,1,121
7939,0.49,1,1,1,123
7939,0.443,1,0,1,124
7939,0.495,1,1,1,127
7939,0.744,1,1,1,0
7939,0.488,1,0,1,1
7939,0.501,1,1,1,2
7939,0.454,1,1,1,3
7939,0.411,1,0,1,4
7939,0.423,1,0,1,5
7939,0.463,1,0,1,6
7939,0.42,1,0,1,8
7939,0.501,1,1,1,10
7939,0.504,1,1,1,11
7939,0.431,1,0,1,12
7939,0.416,1,1,1,13
7939,0.512,1,1,1,15
7939,0.712,1,0,1,17
7939,0.461,1,1,1,19
7939,0.484,1,0,1,20
7939,0.428,1,0,1,22
7939,0.651,1,1,1,23
7939,0.528,1,0,1,24
7939,0.529,1,0,1,25
7939,0.529,1,1,1,26
7939,0.483,1,0,1,27
7939,0.437,1,0,1,28
7939,0.531,1,0,1,29
7939,0.41,1,0,1,31
7939,0.472,1,0,1,33
7939,0.586,1,1,1,34
7939,0.422,1,0,1,35
7939,0.682,1,0,1,36
7939,0.5,1,1,1,37
7939,0.429,1,1,1,39
7939,0.526,1,1,1,40
7939,0.451,1,0,1,42
7939,0.601,1,0,1,44
7939,0.544,1,1,1,45
7939,0.494,1,0,1,46
7939,0.464,1,1,1,47
7939,0.444,1,0,1,49
7939,0.559,1,1,1,51
7939,0.536,1,0,1,53
7939,0.481,1,0,1,54
7939,0.51,1,1,1,56
7939,0.512,1,1,1,57
7939,0.511,1,0,1,59
7939,0.519,1,1,1,60
7939,0.453,1,0,1,61
7939,0.484,1,0,1,62
7939,0.442,1,0,1,63
7939,0.554,1,1,1,65
7939,0.465,1,0,1,66
7939,0.47,1,0,1,67
7939,0.437,1,1,1,69
7939,0.465,1,1,1,70
7939,0.399,1,0,1,71
7939,0.5,1,1,1,72
7939,0.526,1,1,1,73
7939,0.527,1,1,1,74
7939,0.628,1,1,1,82
7939,0.652,1,0,1,83
7939,0.479,1,0,1,84
7939,0.487,1,1,1,89
7939,0.412,1,0,1,90
7939,0.518,1,1,1,91
7939,0.461,1,0,1,93
7939,0.513,1,1,1,94
7939,0.512,1,1,1,96
7939,0.467,1,0,1,99
7939,0.413,1,0,1,101
7939,0.561,1,1,1,102
7939,0.42,1,1,1,103
7939,0.487,1,1,1,104
7939,0.478,1,0,1,107
7939,0.471,1,1,1,110
7939,0.376,1,1,1,111
7939,0.394,0,1,1,112
7939,0.535,1,1,1,114
7939,0.662,1,1,1,115
7939,0.426,1,1,1,117
7939,0.373,1,1,1,120
7939,0.427,1,0,1,123
7939,0.376,1,0,1,125
7939,0.412,1,1,1,126
7939,0.445,1,0,1,127
7939,0.684,1,1,1,1
7939,0.516,1,1,1,2
7939,0.433,1,0,1,4
7939,0.401,1,1,1,5
7939,0.401,1,0,1,6
7939,0.4,1,1,1,8
7939,0.368,1,1,1,9
7939,0.371,1,1,1,10
7939,0.4,1,0,1,11
7939,0.379,1,0,1,13
7939,0.42,1,0,1,14
7939,0.444,1,1,1,15
7939,0.476,1,1,1,16
7939,0.537,1,0,1,18
7939,0.405,1,0,1,22
7939,0.47,1,0,1,23
7939,0.443,1,0,1,24
7939,0.423,1,1,1,26
7939,0.532,1,1,1,27
7939,0.421,1,1,1,28
7939,0.438,1,0,1,29
7939,0.484,1,0,1,30
7939,0.555,1,0,1,32
7939,0.426,1,0,1,33
7939,0.454,1,0,1,34
7939,0.421,1,1,1,35
7939,0.504,1,1,1,36
7939,0.541,1,1,1,37
7939,0.51,1,0,1,39
7939,0.485,1,1,1,40
7939,0.52,1,1,1,41
7939,0.433,1,0,1,42
7939,0.532,1,1,1,44
7939,0.644,1,1,1,47
7939,0.49,1,1,1,48
7939,0.426,1,1,1,49
7939,0.533,1,0,1,50
7939,0.391,1,0,1,53
7939,0.545,1,1,1,54
7939,0.435,1,0,1,55
7939,0.493,1,0,1,58
7939,0.745,1,0,1,60
7939,0.438,1,0,1,61
7939,0.555,1,1,1,63
7939,0.455,1,0,1,64
7939,0.524,1,1,1,65
7939,0.418,1,0,1,66
7939,0.523,1,1,1,68
7939,0.51,1,0,1,70
7939,0.413,1,1,1,71
7939,0.438,1,1,1,72
7939,0.501,1,1,1,74
7939,0.478,1,0,1,75
7939,0.51,1,1,1,78
7939,0.425,1,1,1,79
7939,0.518,1,1,1,83
7939,0.459,1,1,1,85
7939,0.379,1,0,1,88
7939,0.513,1,1,1,89
7939,0.384,1,1,1,92
7939,0.618,1,0,1,94
7939,0.454,1,0,1,95
7939,0.361,1,0,1,96
7939,0.388,1,0,1,97
7939,0.518,1,1,1,98
7939,0.459,1,1,1,100
7939,0.577,1,0,1,101
7939,0.482,1,1,1,102
7939,0.685,1,0,1,103
7939,0.435,1,0,1,105
7939,0.447,1,0,1,106
7939,0.726,1,0,1,107
7939,0.619,1,1,1,109
7939,0.394,1,1,1,111
7939,0.413,1,1,1,113
7939,0.433,1,1,1,115
7939,0.458,1,1,1,116
7939,0.467,1,1,1,120
7939,0.428,1,0,1,121
7939,0.51,1,0,1,124
7939,0.436,1,0,1,125
7939,0.442,1,0,1,126
7939,0.445,1,0,1,127
7939,0.577,1,0,1,1
7939,0.491,1,0,1,2
7939,0.573,1,1,1,5
7939,0.445,1,1,1,6
7939,0.396,1,1,1,8
7939,0.446,1,1,1,9
7939,0.496,1,1,1,10
7939,0.425,1,1,1,11
7939,0.415,0,0,1,12
7939,0.451,1,0,1,14
7939,0.428,1,0,1,19
7939,0.379,1,1,1,22
7939,0.391,1,1,1,23
7939,0.379,1,1,1,24
7939,0.384,1,0,1,25
7939,0.434,1,1,1,27
7939,0.412,1,0,1,30
7939,0.394,1,0,1,31
7939,0.442,1,0,1,33
7939,0.612,1,0,1,35
7939,0.407,1,1,1,36
7939,0.45,1,1,1,37
7939,0.401,1,0,1,38
7939,0.395,1,0,1,39
7939,0.792,1,0,1,40
7939,0.444,1,0,1,42
7939,0.495,1,1,1,43
7939,0.468,1,1,1,46
7939,0.684,1,0,1,47
7939,0.662,1,1,1,48
7939,0.413,1,0,1,49
7939,0.45,1,1,1,53
7939,0.567,1,0,1,54
7939,0.462,1,0,1,55
7939,0.388,1,0,1,59
7939,0.534,1,1,1,60
7939,0.524,1,1,1,61
7939,0.501,1,0,1,62
7939,0.468,1,1,1,63
7939,0.467,1,0,1,64
7939,0.404,1,0,1,66
7939,0.459,1,0,1,67
7939,0.434,1,1,1,68
7939,0.493,1,1,1,69
7939,0.593,1,1,1,70
7939,0.46,1,0,1,71
7939,0.518,1,1,1,72
7939,0.458,1,0,1,75
7939,0.438,1,0,1,77
7939,0.595,1,1,1,79
7939,0.504,1,1,1,80
7939,0.451,1,0,1,81
7939,0.484,1,1,1,82
7939,0.463,1,0,1,85
7939,0.434,1,1,1,86
7939,0.493,1,1,1,90
7939,0.484,1,1,1,91
7939,0.472,1,0,1,97
7939,0.412,1,0,1,98
7939,0.423,1,0,1,99
7939,0.561,1,0,1,100
7939,0.389,1,0,1,102
7939,0.444,1,0,1,104
7939,0.477,1,1,1,105
7939,0.418,1,0,1,108
7939,0.512,1,1,1,109
7939,0.417,1,0,1,110
7939,0.516,1,1,1,111
7939,0.397,1,1,1,113
7939,0.5,1,0,1,114
7939,0.554,1,1,1,115
7939,0.347,1,0,1,116
7939,0.404,1,1,1,117
7939,0.371,0,1,1,118
7939,0.554,1,1,1,119
7939,0.528,1,0,1,120
7939,0.445,1,1,1,122
7939,0.364,1,0,1,123
7939,0.354,1,0,1,124
7939,0.763,1,1,1,125
7939,0.421,0,0,1,126
7939,0.446,1,0,1,1
7939,0.476,1,1,1,3
7939,0.422,1,0,1,4
7939,0.438,1,1,1,6
7939,0.541,1,1,1,8
7939,0.422,1,1,1,9
7939,0.527,1,1,1,10
7939,0.425,1,1,1,12
7939,0.394,1,1,1,13
7939,0.546,1,0,1,14
7939,0.4,1,1,1,15
7939,0.412,1,0,1,16
7939,0.55,1,1,1,17
7939,0.47,1,0,1,18
7939,0.459,1,0,1,20
7939,0.632,1,1,1,21
7939,0.544,1,1,1,22
7939,0.369,1,1,1,23
7939,0.462,1,0,1,24
7939,0.471,1,1,1,25
7939,0.433,1,1,1,27
7939,0.387,1,0,1,28
7939,0.501,1,0,1,30
7939,0.511,1,1,1,33
7939,0.443,1,1,1,34
7939,0.368,1,0,1,35
7939,0.528,1,1,1,36
7939,0.371,1,0,1,38
7939,0.433,1,0,1,40
7939,0.37,1,0,1,42
7939,0.384,1,0,1,44
7939,0.443,1,0,1,46
7939,0.378,1,0,1,47
7939,0.488,1,0,1,49
7939,0.462,1,0,1,52
7939,0.505,1,1,1,53
7939,0.494,1,1,1,54
7939,0.412,1,0,1,55
7939,0.483,1,0,1,58
7939,0.355,1,0,1,59
7939,0.468,1,0,1,61
7939,0.422,1,1,1,63
7939,0.39,0,1,1,65
7939,0.401,1,0,1,66
7939,0.413,1,1,1,67
7939,0.367,1,1,1,68
7939,0.491,1,1,1,71
7939,0.405,1,1,1,72
7939,0.46,1,1,1,73
7939,0.484,1,1,1,76
7939,0.369,1,1,1,77
7939,0.379,1,0,1,79
7939,0.686,1,1,1,81
7939,0.415,1,0,1,82
7939,0.392,1,0,1,84
7939,0.403,1,0,1,85
7939,0.532,1,1,1,86
7939,0.395,1,0,1,88
7939,0.388,1,1,1,91
7939,0.404,1,0,1,96
7939,0.451,1,0,1,99
7939,0.462,1,0,1,100
7939,0.406,1,0,1,101
7939,0.453,1,1,1,103
7939,0.468,1,1,1,105
7939,0.503,1,1,1,106
7939,0.464,1,0,1,108
7939,0.518,1,1,1,109
7939,0.494,1,0,1,112
7939,0.367,1,0,1,114
7939,0.533,1,1,1,115
7939,0.394,1,1,1,117
7939,0.484,1,0,1,119
7939,0.47,1,1,1,120
7939,0.434,1,0,1,121
7939,0.416,1,0,1,122
7939,0.428,1,0,1,123
7939,0.47,1,0,1,124
7939,0.445,1,1,1,125
7939,0.367,1,0,1,126
7939,0.519,1,1,1,127
7939,0.5,1,1,1,2
7939,0.428,1,0,1,3
7939,0.477,1,0,1,4
7939,0.399,1,1,1,5
7939,0.483,1,1,1,6
7939,0.619,1,0,1,7
7939,0.446,1,0,1,8
7939,0.4,1,1,1,9
7939,0.444,1,0,1,10
7939,0.435,1,1,1,11
7939,0.444,1,1,1,12
7939,0.48,1,0,1,13
7939,0.504,1,0,1,15
7939,0.44,0,1,1,19
7939,0.378,1,0,1,23
7939,0.602,1,1,1,26
7939,0.493,1,1,1,27
7939,0.491,1,0,1,28
7939,0.442,1,0,1,29
7939,0.455,1,0,1,30
7939,0.537,1,1,1,32
7939,0.471,1,1,1,33
7939,0.563,1,1,1,36
7939,0.525,1,1,1,37
7939,0.542,1,1,1,39
7939,0.479,1,1,1,40
7939,0.495,1,1,1,41
7939,0.429,1,0,1,42
7939,0.477,1,1,1,43
7939,0.401,1,0,1,45
7939,0.525,1,1,1,46
7939,0.795,1,1,1,48
7939,0.404,1,0,1,49
7939,0.585,1,0,1,51
7939,0.475,1,0,1,52
7939,0.437,1,0,1,53
7939,0.443,1,1,1,54
7939,0.388,1,0,1,57
7939,0.369,1,0,1,58
7939,0.491,1,0,1,59
7939,0.426,1,0,1,61
7939,0.435,1,1,1,62
7939,0.447,1,0,1,63
7939,0.454,1,0,1,64
7939,0.426,1,0,1,65
7939,0.471,1,0,1,67
7939,0.419,1,0,1,68
7939,0.467,1,1,1,69
7939,0.571,1,1,1,70
7939,0.454,1,0,1,72
7939,0.421,1,0,1,73
7939,0.482,1,1,1,74
7939,0.437,1,0,1,76
7939,0.418,1,0,1,78
7939,0.518,1,1,1,79
7939,0.409,1,1,1,82
7939,0.56,1,1,1,85
7939,0.448,1,0,1,87
7939,0.513,1,0,1,90
7939,0.518,1,1,1,91
7939,0.57,1,1,1,93
7939,0.421,1,0,1,98
7939,0.442,1,1,1,99
7939,0.505,1,1,1,100
7939,0.623,1,1,1,102
7939,0.476,1,0,1,103
7939,0.405,1,0,1,104
7939,0.63,1,0,1,105
7939,0.388,1,0,1,106
7939,0.676,1,1,1,108
7939,0.477,1,1,1,109
7939,0.459,1,1,1,112
7939,0.465,1,0,1,113
7939,0.439,1,0,1,114
7939,0.545,1,1,1,115
7939,0.378,1,0,1,117
7939,0.496,1,1,1,119
7939,0.42,1,1,1,120
7939,0.496,1,0,1,121
7939,0.531,1,1,1,123
7939,0.648,1,1,1,124
7939,0.536,1,0,1,126
7939,0.428,1,1,1,127
7939,0.789,1,1,1,0
7939,0.429,1,0,1,4
7939,0.364,1,1,1,5
7939,0.463,1,1,1,9
7939,0.441,1,1,1,10
7939,0.443,1,1,1,12
7939,0.472,1,0,1,13
7939,0.421,1,0,1,16
7939,0.46,1,0,1,17
7939,0.578,1,0,1,19
7939,0.469,1,1,1,20
7939,0.429,1,0,1,21
7939,0.404,1,1,1,24
7939,0.434,1,0,1,25
7939,0.403,1,0,1,28
7939,0.46,1,1,1,29
7939,0.47,1,1,1,30
7939,0.528,1,1,1,32
7939,0.417,1,0,1,33
7939,0.427,1,0,1,34
7939,0.501,1,1,1,35
7939,0.451,1,0,1,36
7939,0.479,1,1,1,37
7939,0.546,1,1,1,41
7939,0.424,1,1,1,43
7939,0.387,1,1,1,45
7939,0.404,1,1,1,47
7939,0.484,1,0,1,48
7939,0.473,1,1,1,49
7939,0.346,0,1,1,51
7939,0.471,1,0,1,53
7939,0.39,1,0,1,55
7939,0.405,1,0,1,57
7939,0.378,1,1,1,59
7939,0.404,1,1,1,60
7939,0.463,1,1,1,61
7939,0.522,1,1,1,62
7939,0.429,1,0,1,63
7939,0.421,1,0,1,65
7939,0.44,1,0,1,66
7939,0.527,1,0,1,67
7939,0.545,1,1,1,69
7939,0.521,1,1,1,72
7939,0.476,1,0,1,73
7939,0.755,1,0,1,74
7939,0.446,1,0,1,75
7939,0.413,1,0,1,79
7939,0.391,1,0,1,80
7939,0.445,1,1,1,81
7939,0.296,1,0,1,82
7939,0.371,1,0,1,84
7939,0.41,1,0,1,85
7939,0.453,1,1,1,86
7939,0.51,1,1,1,87
7939,0.412,1,0,1,88
7939,0.434,1,0,1,91
7939,0.485,1,1,1,92
7939,0.354,1,1,1,93
7939,0.4,1,0,1,94
7939,0.426,1,0,1,95
7939,0.473,1,1,1,96
7939,0.401,1,0,1,97
7939,0.471,1,0,1,98
7939,0.445,1,1,1,99
7939,0.451,1,1,1,101
7939,0.411,1,1,1,102
7939,0.383,1,0,1,103
7939,0.379,1,0,1,107
7939,0.521,1,1,1,109
7939,0.461,1,0,1,110
7939,0.474,1,1,1,112
7939,0.32,1,0,1,113
7939,0.533,1,1,1,114
7939,0.323,1,0,1,116
7939,0.412,0,1,1,117
7939,0.311,1,0,1,120
7939,0.3,0,1,1,121
7939,0.33,1,0,1,122
7939,0.355,1,1,1,123
7939,0.606,1,0,1,124
7939,0.455,1,1,1,125
7939,0.397,1,1,1,126
7939,0.498,1,1,1,127
7939,0.434,1,0,1,1
7939,0.41,1,0,1,2
7939,0.432,1,1,1,3
7939,0.581,1,0,1,4
7939,0.38,1,1,1,5
7939,0.336,1,1,1,6
7939,0.389,1,1,1,7
7939,0.493,1,1,1,8
7939,0.433,1,0,1,9
7939,0.4,1,1,1,10
7939,0.401,1,1,1,13
7939,0.368,1,0,1,14
7939,0.437,1,0,1,18
7939,0.417,1,1,1,19
7939,0.438,1,0,1,22
7939,0.338,1,0,1,23
7939,0.397,1,1,1,24
7939,0.435,1,0,1,25
7939,0.376,1,0,1,26
7939,0.366,1,1,1,27
7939,0.441,1,0,1,28
7939,0.399,1,0,1,29
7939,0.345,1,1,1,30
7939,0.443,1,1,1,33
7939,0.422,1,0,1,34
7939,0.489,1,1,1,36
7939,0.451,1,0,1,37
7939,0.433,1,0,1,38
7939,0.381,1,1,1,39
7939,0.379,1,0,1,41
7939,0.468,1,1,1,42
7939,0.35,1,1,1,43
7939,0.393,1,0,1,45
7939,0.492,1,1,1,47
7939,0.401,1,0,1,48
7939,0.417,1,1,1,49
7939,0.484,1,0,1,50
7939,0.42,1,0,1,53
7939,0.365,1,0,1,56
7939,0.395,1,0,1,57
7939,0.392,1,0,1,58
7939,0.412,1,0,1,60
7939,0.367,1,1,1,61
7939,0.438,1,1,1,62
7939,0.479,1,0,1,64
7939,0.468,1,1,1,65
7939,0.665,1,1,1,67
7939,0.416,1,0,1,68
7939,0.426,1,0,1,69
7939,0.531,1,1,1,70
7939,0.493,0,1,1,72
7939,0.404,1,1,1,73
7939,0.592,1,1,1,74
7939,0.445,1,1,1,75
7939,0.408,1,0,1,76
7939,0.494,1,1,1,77
7939,0.417,1,0,1,79
7939,0.389,1,0,1,80
7939,0.561,1,1,1,81
7939,0.435,1,1,1,83
7939,0.432,1,1,1,84
7939,0.443,1,1,1,85
7939,0.528,1,0,1,86
7939,0.384,1,1,1,87
7939,0.406,0,0,1,90
7939,0.359,1,0,1,91
7939,0.588,1,1,1,94
7939,0.46,1,0,1,96
7939,0.537,1,1,1,99
7939,0.736,1,1,1,101
7939,0.522,1,0,1,104
7939,0.475,1,1,1,106
7939,0.68,1,1,1,107
7939,0.4,1,0,1,108
7939,0.533,1,1,1,110
7939,0.538,1,1,1,111
7939,0.429,1,0,1,112
7939,0.426,1,0,1,113
7939,0.405,1,0,1,123
7939,0.36,1,0,1,124
7939,0.373,1,1,1,125
7939,0.412,1,0,1,127
8026,0.581,1,0,1,0
8026,0.399,1,1,1,2
8026,0.435,1,0,1,5
8026,0.58,1,1,1,6
8026,0.583,1,1,1,7
8026,0.467,1,1,1,10
8026,0.435,1,0,1,11
8026,0.419,1,0,1,13
8026,0.35,1,0,1,14
8026,0.48,1,1,1,15
8026,0.499,1,1,1,16
8026,0.484,1,0,1,18
8026,0.447,1,1,1,19
8026,0.618,1,0,1,20
8026,0.446,1,0,1,21
8026,0.566,1,0,1,22
8026,0.467,1,1,1,25
8026,0.466,1,1,1,27
8026,0.415,1,0,1,29
8026,0.382,1,1,1,30
8026,0.385,1,0,1,32
8026,0.356,1,1,1,33
8026,0.356,0,1,1,34
8026,0.602,1,1,1,35
8026,0.585,1,0,1,37
8026,0.383,1,0,1,38
8026,0.401,1,0,1,39
8026,0.514,1,1,1,44
8026,0.365,1,1,1,46
8026,0.446,1,1,1,48
8026,0.436,1,0,1,49
8026,0.383,1,0,1,50
8026,0.483,1,0,1,51
8026,0.447,0,1,1,52
8026,0.534,1,1,1,53
8026,0.651,1,1,1,54
8026,0.484,1,1,1,55
8026,0.502,1,0,1,56
8026,0.478,1,0,1,57
8026,0.486,1,1,1,58
8026,0.518,1,1,1,59
8026,0.381,0,1,1,60
8026,0.535,1,0,1,61
8026,0.405,1,1,1,62
8026,0.45,1,1,1,64
8026,0.481,1,0,1,66
8026,0.463,1,1,1,69
8026,0.483,1,0,1,70
8026,0.47,1,1,1,73
8026,0.363,1,0,1,74
8026,0.433,1,0,1,75
8026,0.386,1,1,1,78
8026,0.596,1,1,1,79
8026,0.613,1,0,1,80
8026,0.538,1,1,1,83
8026,0.352,0,1,1,85
8026,0.565,1,0,1,87
8026,0.83,1,1,1,88
8026,0.467,1,1,1,89
8026,0.459,1,0,1,90
8026,0.434,1,0,1,91
8026,0.466,1,0,1,92
8026,0.436,1,0,1,93
8026,0.369,1,0,1,95
8026,0.406,1,0,1,98
8026,0.449,1,0,1,99
8026,0.475,1,0,1,100
8026,0.384,1,0,1,104
8026,0.448,1,0,1,109
8026,0.48,1,1,1,110
8026,0.501,1,1,1,111
8026,0.449,1,1,1,113
8026,0.403,1,0,1,114
8026,0.369,1,1,1,115
8026,0.295,0,1,1,117
8026,0.396,1,1,1,118
8026,0.486,1,0,1,119
8026,0.383,1,0,1,120
8026,0.385,1,1,1,121
8026,0.73,1,1,1,123
8026,0.414,1,0,1,124
8026,0.512,1,1,1,125
8026,0.461,1,0,1,126
8026,0.397,1,0,1,1
8026,0.4,1,0,1,2
8026,0.502,1,1,1,4
8026,0.351,1,1,1,5
8026,0.413,1,0,1,7
8026,0.419,1,1,1,8
8026,0.389,1,0,1,9
8026,0.447,1,0,1,11
8026,0.486,1,1,1,12
8026,0.452,1,1,1,14
8026,0.362,1,0,1,15
8026,0.489,1,1,1,21
8026,0.388,1,0,1,22
8026,0.363,1,1,1,23
8026,0.448,1,0,1,25
8026,0.597,1,1,1,27
8026,0.479,1,1,1,30
8026,0.452,1,1,1,32
8026,0.451,1,0,1,33
8026,0.471,1,1,1,34
8026,0.403,1,0,1,35
8026,0.384,1,0,1,37
8026,0.463,1,1,1,40
8026,0.403,1,0,1,41
8026,0.801,1,1,1,43
8026,0.498,1,1,1,46
8026,0.367,1,0,1,47
8026,0.504,1,1,1,50
8026,0.402,1,0,1,51
8026,0.602,1,0,1,52
8026,0.348,1,1,1,53
8026,0.317,1,1,1,54
8026,0.464,1,0,1,55
8026,0.437,1,1,1,56
8026,0.327,0,0,1,57
8026,0.536,1,1,1,58
8026,0.513,1,0,1,59
8026,0.552,1,0,1,60
8026,0.453,1,1,1,64
8026,0.379,1,0,1,65
8026,0.481,1,1,1,66
8026,0.516,1,1,1,67
8026,0.567,1,1,1,68
8026,0.579,1,0,1,69
8026,0.415,1,0,1,70
8026,0.485,1,0,1,71
8026,0.587,1,1,1,72
8026,0.45,1,1,1,73
8026,0.53,1,0,1,74
8026,0.417,1,0,1,75
8026,0.601,1,0,1,77
8026,0.416,1,0,1,78
8026,0.416,1,1,1,79
8026,0.569,1,1,1,83
8026,0.45,1,1,1,84
8026,0.415,1,0,1,86
8026,0.563,1,1,1,87
8026,0.469,1,0,1,88
8026,0.549,1,0,1,89
8026,0.579,1,1,1,90
8026,0.351,1,1,1,91
8026,0.549,1,1,1,92
8026,0.449,1,0,1,95
8026,0.643,1,1,1,96
8026,0.464,1,1,1,97
8026,0.43,1,0,1,98
8026,0.52,1,0,1,100
8026,0.451,1,1,1,101
8026,0.48,1,0,1,102
8026,0.529,1,1,1,103
8026,0.531,1,0,1,105
8026,0.766,1,0,1,106
8026,0.417,1,0,1,108
8026,0.414,0,1,1,111
8026,0.567,1,1,1,114
8026,0.504,1,0,1,116
8026,0.463,1,0,1,118
8026,0.562,1,1,1,119
8026,0.484,1,1,1,120
8026,0.5,1,1,1,121
8026,0.379,1,0,1,123
8026,0.414,1,0,1,125
8026,0.529,0,0,1,0
8026,0.604,1,0,1,1
8026,0.399,1,0,1,4
8026,0.499,1,0,1,5
8026,0.479,1,1,1,6
8026,0.398,0,1,1,8
8026,0.462,1,0,1,9
8026,0.453,1,1,1,10
8026,0.496,1,0,1,11
8026,0.411,1,0,1,14
8026,0.604,1,1,1,19
8026,0.384,1,0,1,21
8026,0.4,1,0,1,22
8026,0.4,1,0,1,23
8026,0.331,0,1,1,25
8026,0.452,1,0,1,28
8026,0.664,1,1,1,29
8026,0.419,1,0,1,30
8026,0.451,1,0,1,31
8026,0.483,1,0,1,32
8026,0.482,1,1,1,33
8026,0.751,1,1,1,34
8026,0.433,1,1,1,35
8026,0.683,1,0,1,37
8026,0.553,1,1,1,39
8026,0.419,1,0,1,40
8026,0.468,1,0,1,41
8026,0.548,1,1,1,42
8026,0.466,1,0,1,44
8026,0.509,1,1,1,47
8026,0.446,1,0,1,51
8026,0.387,1,0,1,53
8026,0.401,1,0,1,54
8026,0.783,1,1,1,56
8026,0.419,1,1,1,59
8026,0.367,1,0,1,62
8026,0.613,1,1,1,63
8026,0.496,1,1,1,64
8026,0.482,1,1,1,65
8026,0.346,1,0,1,66
8026,0.462,1,1,1,68
8026,0.651,1,1,1,69
8026,0.464,1,0,1,70
8026,0.55,1,0,1,71
8026,0.382,1,0,1,72
8026,0.564,1,1,1,73
8026,0.482,1,1,1,74
8026,0.52,1,1,1,75
8026,0.503,1,0,1,76
8026,0.529,1,1,1,77
8026,0.516,1,1,1,78
8026,0.451,1,1,1,79
8026,0.436,1,0,1,80
8026,0.508,1,1,1,81
8026,0.448,1,1,1,86
8026,0.298,0,1,1,87
8026,0.412,1,0,1,88
8026,0.449,1,0,1,90
8026,0.381,1,1,1,91
8026,0.387,1,0,1,92
8026,0.58,1,1,1,93
8026,0.536,1,1,1,95
8026,0.43,1,0,1,96
8026,0.435,1,0,1,97
8026,0.549,1,0,1,98
8026,0.45,1,0,1,100
8026,0.497,1,1,1,101
8026,0.565,1,1,1,102
8026,0.498,0,1,1,104
8026,0.353,1,1,1,106
8026,0.517,1,1,1,107
8026,0.517,1,0,1,108
8026,0.415,1,0,1,109
8026,0.801,1,0,1,110
8026,0.438,1,0,1,114
8026,0.451,1,1,1,115
8026,0.597,1,0,1,116
8026,0.338,0,1,1,117
8026,0.445,1,1,1,118
8026,0.436,1,0,1,119
8026,0.715,1,0,1,120
8026,0.466,0,1,1,123
8026,0.668,1,1,1,124
8026,0.652,1,0,1,0
8026,0.397,1,1,1,1
8026,0.479,1,0,1,2
8026,0.401,1,0,1,3
8026,0.435,1,0,1,4
8026,0.383,1,0,1,5
8026,0.464,1,1,1,6
8026,0.333,0,1,1,7
8026,0.362,1,0,1,8
8026,0.351,1,0,1,11
8026,0.367,1,0,1,12
8026,0.454,1,0,1,16
8026,0.433,1,0,1,17
8026,0.436,0,1,1,18
8026,0.401,1,1,1,21
8026,0.385,1,1,1,23
8026,0.416,1,1,1,24
8026,0.439,1,1,1,28
8026,0.496,1,1,1,29
8026,0.37,1,0,1,30
8026,0.384,1,0,1,31
8026,0.418,1,1,1,33
8026,0.438,1,0,1,34
8026,0.395,1,0,1,35
8026,0.4,1,0,1,38
8026,0.329,1,0,1,40
8026,0.453,1,1,1,42
8026,0.445,1,0,1,43
8026,0.568,1,1,1,45
8026,0.348,1,0,1,46
8026,0.577,1,1,1,47
8026,0.299,1,1,1,48
8026,0.628,1,1,1,50
8026,0.354,1,0,1,51
8026,0.433,1,0,1,52
8026,0.369,1,0,1,53
8026,0.4,1,0,1,54
8026,0.386,1,1,1,56
8026,0.402,1,0,1,57
8026,0.353,1,0,1,59
8026,0.679,1,1,1,60
8026,0.665,1,1,1,61
8026,0.533,1,1,1,62
8026,0.331,1,0,1,63
8026,0.332,1,0,1,65
8026,0.365,1,0,1,67
8026,0.381,1,1,1,68
8026,0.799,1,1,1,72
8026,0.333,0,1,1,73
8026,0.402,1,1,1,75
8026,0.437,1,0,1,76
8026,0.343,0,1,1,77
8026,0.385,0,0,1,78
8026,0.367,1,0,1,80
8026,0.617,1,1,1,84
8026,0.536,1,0,1,85
8026,0.65,1,0,1,86
8026,0.433,1,1,1,90
8026,0.463,0,0,1,91
8026,0.449,1,0,1,93
8026,0.448,0,1,1,94
8026,0.737,1,0,1,99
8026,0.512,1,1,1,100
8026,0.58,1,0,1,106
8026,0.452,1,1,1,107
8026,0.386,1,0,1,108
8026,0.268,0,0,1,109
8026,0.448,0,1,1,111
8026,0.634,1,1,1,112
8026,0.5,1,1,1,113
8026,0.451,1,1,1,114
8026,0.451,1,1,1,115
8026,0.453,1,1,1,116
8026,0.417,1,1,1,117
8026,0.741,1,1,1,118
8026,0.48,1,0,1,119
8026,0.445,1,1,1,120
8026,0.474,1,1,1,123
8026,0.515,1,0,1,125
8026,0.688,1,1,1,126
8026,0.586,1,0,1,3
8026,0.35,1,0,1,4
8026,0.4,0,1,1,6
8026,0.466,1,1,1,7
8026,0.564,1,0,1,8
8026,0.384,1,1,1,9
8026,0.449,1,1,1,10
8026,0.415,1,0,1,11
8026,0.386,1,0,1,13
8026,0.695,1,0,1,14
8026,0.547,1,1,1,15
8026,0.619,1,0,1,16
8026,0.603,1,1,1,19
8026,0.418,0,1,1,20
8026,0.437,0,0,1,21
8026,0.352,1,1,1,22
8026,0.534,1,0,1,25
8026,0.431,1,0,1,27
8026,0.561,1,1,1,28
8026,0.466,1,1,1,29
8026,0.416,1,1,1,30
8026,0.549,1,1,1,31
8026,0.618,1,0,1,33
8026,0.503,1,1,1,35
8026,0.432,1,1,1,37
8026,0.629,1,0,1,39
8026,0.434,1,0,1,40
8026,0.533,1,1,1,45
8026,0.5,1,0,1,47
8026,0.498,1,0,1,52
8026,0.466,1,0,1,53
8026,0.512,1,1,1,56
8026,0.413,1,0,1,57
8026,0.496,1,0,1,59
8026,0.451,1,0,1,60
8026,0.6,1,0,1,61
8026,0.551,1,0,1,62
8026,0.497,1,1,1,63
8026,0.467,1,1,1,64
8026,0.576,1,1,1,65
8026,0.583,1,1,1,66
8026,0.472,1,0,1,67
8026,0.534,1,0,1,68
8026,0.431,0,0,1,69
8026,0.528,1,1,1,71
8026,0.496,1,0,1,73
8026,0.462,1,1,1,74
8026,0.484,1,1,1,75
8026,0.383,1,1,1,76
8026,0.467,1,1,1,77
8026,0.253,0,1,1,78
8026,0.37,1,1,1,82
8026,0.518,1,0,1,88
8026,0.429,0,1,1,89
8026,0.433,1,1,1,90
8026,0.364,1,0,1,91
8026,0.466,1,0,1,92
8026,0.484,1,0,1,95
8026,0.401,1,0,1,96
8026,0.383,1,0,1,97
8026,0.546,1,1,1,99
8026,0.348,0,0,1,101
8026,0.417,0,0,1,102
8026,0.549,1,0,1,103
8026,0.482,1,1,1,104
8026,0.366,0,1,1,105
8026,0.487,1,1,1,109
8026,0.453,1,0,1,110
8026,0.386,1,1,1,111
8026,0.371,1,0,1,112
8026,0.385,1,0,1,113
8026,0.383,1,1,1,115
8026,0.386,1,0,1,117
8026,0.466,1,0,1,118
8026,0.447,0,0,1,120
8026,0.479,1,0,1,123
8026,0.67,1,1,1,126
8026,0.517,1,1,1,127
8026,0.567,1,0,1,0
8026,0.399,1,1,1,1
8026,0.354,1,0,1,4
8026,0.452,1,0,1,6
8026,0.513,1,1,1,9
8026,0.4,1,0,1,10
8026,0.4,1,0,1,11
8026,0.513,1,1,1,12
8026,0.533,1,1,1,13
8026,0.414,1,0,1,14
8026,0.533,1,0,1,15
8026,0.483,1,0,1,16
8026,0.445,1,1,1,17
8026,0.336,1,0,1,20
8026,0.419,1,0,1,21
8026,0.412,1,1,1,22
8026,0.4,1,1,1,23
8026,0.426,1,0,1,24
8026,0.545,1,0,1,26
8026,0.469,1,1,1,27
8026,0.534,1,1,1,28
8026,0.419,1,1,1,29
8026,0.438,1,0,1,30
8026,0.396,1,1,1,32
8026,0.445,1,0,1,33
8026,0.428,1,1,1,34
8026,0.483,1,1,1,35
8026,0.414,1,0,1,38
8026,0.337,1,1,1,39
8026,0.402,1,0,1,41
8026,0.485,1,0,1,43
8026,0.431,1,1,1,46
8026,0.401,1,1,1,47
8026,0.402,1,1,1,48
8026,0.352,1,0,1,49
8026,0.383,1,1,1,51
8026,0.401,1,1,1,52
8026,0.463,1,0,1,53
8026,0.399,1,0,1,56
8026,0.457,1,1,1,57
8026,0.453,1,0,1,58
8026,0.266,1,0,1,67
8026,0.416,1,1,1,68
8026,0.319,1,0,1,69
8026,0.362,0,0,1,71
8026,0.517,1,1,1,73
8026,0.428,1,0,1,74
8026,0.369,1,1,1,75
8026,0.468,1,1,1,76
8026,0.364,1,1,1,78
8026,0.45,1,1,1,79
8026,0.466,1,1,1,80
8026,0.366,0,1,1,83
8026,0.546,1,1,1,85
8026,0.518,1,1,1,90
8026,0.463,1,0,1,91
8026,0.519,1,1,1,92
8026,0.43,1,0,1,93
8026,0.483,1,0,1,95
8026,0.585,1,1,1,96
8026,0.479,1,0,1,97
8026,0.445,1,0,1,99
8026,0.418,1,1,1,101
8026,0.383,1,1,1,102
8026,0.479,1,0,1,103
8026,0.649,0,1,1,105
8026,0.433,1,0,1,107
8026,0.399,1,0,1,108
8026,0.401,1,1,1,109
8026,0.43,1,0,1,110
8026,0.446,1,1,1,112
8026,0.535,0,1,1,113
8026,0.584,1,0,1,114
8026,0.411,0,0,1,116
8026,0.449,1,0,1,117
8026,0.416,1,0,1,119
8026,0.467,1,0,1,120
8026,0.447,1,0,1,122
8026,0.419,1,0,1,123
8026,0.509,1,1,1,124
8026,0.433,1,1,1,125
8026,0.401,1,1,1,126
8026,0.753,1,1,1,0
8026,0.785,1,0,1,1
8026,0.433,1,1,1,2
8026,0.299,0,0,1,4
8026,0.366,1,0,1,7
8026,0.518,1,1,1,9
8026,0.393,1,0,1,10
8026,0.264,0,1,1,13
8026,0.411,1,0,1,14
8026,0.403,1,0,1,15
8026,0.399,1,0,1,19
8026,0.396,0,1,1,20
8026,0.586,1,0,1,21
8026,0.402,1,1,1,22
8026,0.416,1,0,1,24
8026,0.419,1,1,1,25
8026,0.587,1,1,1,32
8026,0.495,1,0,1,33
8026,0.452,1,0,1,35
8026,0.434,1,0,1,37
8026,0.55,1,1,1,39
8026,0.576,1,1,1,42
8026,0.536,1,0,1,43
8026,0.551,1,1,1,44
8026,0.465,1,1,1,45
8026,0.419,1,1,1,46
8026,0.367,1,1,1,47
8026,0.446,1,0,1,50
8026,0.393,1,1,1,55
8026,0.418,1,1,1,57
8026,0.403,1,1,1,60
8026,0.397,0,1,1,62
8026,0.4,1,0,1,64
8026,0.421,1,1,1,65
8026,0.516,1,1,1,66
8026,0.453,1,0,1,67
8026,0.469,1,1,1,68
8026,0.4,1,0,1,70
8026,0.336,1,1,1,71
8026,0.448,1,1,1,73
8026,0.378,1,0,1,76
8026,0.285,0,0,1,79
8026,0.43,1,0,1,81
8026,0.596,1,1,1,82
8026,0.369,1,0,1,83
8026,0.532,1,0,1,84
8026,0.513,1,1,1,85
8026,0.466,1,1,1,86
8026,0.346,1,0,1,87
8026,0.37,1,1,1,88
8026,0.398,1,0,1,90
8026,0.433,1,0,1,91
8026,0.396,0,1,1,92
8026,0.396,1,0,1,95
8026,0.387,1,1,1,96
8026,0.416,1,0,1,97
8026,0.688,1,1,1,98
8026,0.401,1,0,1,99
8026,0.331,0,1,1,100
8026,0.534,1,0,1,102
8026,0.646,1,1,1,103
8026,0.448,1,1,1,104
8026,0.376,1,0,1,105
8026,0.498,1,1,1,106
8026,0.447,1,0,1,108
8026,0.384,0,0,1,109
8026,0.743,1,0,1,112
8026,0.709,1,1,1,113
8026,0.52,1,0,1,114
8026,0.482,1,0,1,115
8026,0.498,1,0,1,116
8026,0.513,1,1,1,117
8026,0.586,1,1,1,119
8026,0.58,1,0,1,120
8026,0.469,1,0,1,121
8026,0.52,1,0,1,123
8026,0.646,1,1,1,124
8026,0.47,0,0,1,125
8026,0.436,1,0,1,126
8026,0.447,1,1,1,127
8026,0.614,1,0,1,0
8026,0.613,1,1,1,6
8026,0.398,1,0,1,8
8026,0.486,1,1,1,10
8026,0.334,1,1,1,11
8026,0.462,1,0,1,13
8026,0.462,1,0,1,15
8026,0.426,1,1,1,16
8026,0.437,1,0,1,19
8026,0.45,1,0,1,20
8026,0.564,1,1,1,21
8026,0.427,1,0,1,23
8026,0.399,1,0,1,24
8026,0.4,1,0,1,26
8026,0.45,1,1,1,28
8026,0.683,1,0,1,33
8026,0.466,1,0,1,37
8026,0.536,1,1,1,40
8026,0.502,1,1,1,41
8026,0.402,1,0,1,42
8026,0.696,1,0,1,45
8026,0.38,1,1,1,46
8026,0.548,1,1,1,47
8026,0.448,1,1,1,49
8026,0.433,1,1,1,51
8026,0.504,1,0,1,52
8026,0.485,1,0,1,53
8026,0.432,1,1,1,54
8026,0.483,1,1,1,55
8026,0.4,0,1,1,56
8026,0.396,1,1,1,58
8026,0.448,1,0,1,60
8026,0.428,1,1,1,61
8026,0.403,1,0,1,62
8026,0.451,1,1,1,66
8026,0.482,1,0,1,68
8026,0.68,1,0,1,69
8026,0.403,1,1,1,70
8026,0.382,1,0,1,71
8026,0.451,1,0,1,72
8026,0.4,1,0,1,73
8026,0.396,1,1,1,74
8026,0.385,1,0,1,75
8026,0.452,1,0,1,76
8026,0.384,1,0,1,77
8026,0.441,0,1,1,78
8026,0.547,1,1,1,79
8026,0.418,1,1,1,80
8026,0.433,1,1,1,81
8026,0.498,1,1,1,82
8026,0.718,1,1,1,84
8026,0.553,1,0,1,85
8026,0.586,1,1,1,86
8026,0.398,1,1,1,87
8026,0.699,1,0,1,88
8026,0.431,1,1,1,90
8026,0.663,1,1,1,91
8026,0.482,1,1,1,92
8026,0.415,0,1,1,94
8026,0.6,1,1,1,95
8026,0.449,0,1,1,100
8026,0.45,1,1,1,101
8026,0.463,1,0,1,102
8026,0.397,1,0,1,104
8026,0.359,1,0,1,106
8026,0.312,1,1,1,108
8026,0.533,1,1,1,110
8026,0.387,1,1,1,111
8026,0.436,1,0,1,112
8026,0.4,1,0,1,114
8026,0.363,1,0,1,115
8026,0.349,1,0,1,116
8026,0.468,1,0,1,117
8026,0.615,1,0,1,118
8026,0.416,1,0,1,121
8026,0.464,1,0,1,122
8026,0.478,1,1,1,126
8026,0.469,1,1,1,127
808,0.6025,1,0,1,1
808,0.5239,1,0,1,3
808,0.5602,1,0,1,4
808,0.4518,1,1,1,5
808,0.5206,1,1,1,6
808,0.4975,1,0,1,7
808,0.4429,1,1,1,9
808,0.4871,1,1,1,10
808,0.5051,1,1,1,11
808,0.6029,1,1,1,13
808,0.6244,1,1,1,14
808,0.5385,1,0,1,15
808,0.4823,1,1,1,20
808,0.5097,1,1,1,22
808,0.4481,1,0,1,25
808,0.4577,1,0,1,27
808,0.4938,1,1,1,29
808,0.6032,1,1,1,30
808,0.5776,1,1,1,34
808,0.5947,1,1,1,37
808,0.5054,1,0,1,38
808,0.4497,1,1,1,39
808,0.5565,1,0,1,41
808,0.5209,1,0,1,44
808,0.7249,1,0,1,46
808,0.691,1,1,1,47
808,0.5537,1,1,1,48
808,0.4882,1,0,1,52
808,0.4705,1,0,1,54
808,0.5205,1,1,1,56
808,0.5049,1,0,1,57
808,0.5012,1,0,1,58
808,0.5707,1,1,1,61
808,0.4461,1,1,1,63
808,0.6089,1,0,1,64
808,0.46,1,0,1,65
808,0.4916,1,1,1,66
808,0.5587,1,0,1,67
808,0.5168,1,1,1,68
808,0.5501,1,0,1,69
808,0.4861,1,0,1,70
808,0.5077,1,0,1,71
808,0.5048,1,0,1,72
808,0.4704,1,0,1,73
808,0.4914,1,1,1,74
808,0.5549,1,1,1,77
808,0.5248,1,1,1,80
808,0.5061,1,0,1,81
808,0.7336,1,1,1,82
808,0.5202,1,0,1,84
808,0.4454,1,0,1,86
808,0.548,1,1,1,87
808,0.465,1,0,1,88
808,0.4416,1,0,1,89
808,0.571,1,0,1,90
808,0.7135,1,0,1,92
808,0.4341,1,0,1,94
808,0.5034,1,1,1,95
808,0.5037,1,1,1,96
808,0.374,1,0,1,97
808,0.5492,1,1,1,98
808,0.4691,1,1,1,100
808,0.5084,1,0,1,101
808,0.521,1,0,1,102
808,0.4718,1,0,1,103
808,0.4975,1,0,1,105
808,0.3939,1,1,1,108
808,0.487,1,1,1,109
808,0.4733,1,1,1,110
808,0.5193,1,1,1,113
808,0.4998,1,1,1,114
808,0.4199,0,0,1,115
808,0.5073,1,0,1,117
808,0.5761,1,1,1,118
808,0.6236,1,0,1,119
808,0.5409,1,0,1,121
808,0.4669,1,0,1,122
808,0.5744,1,1,1,123
808,0.6713,1,1,1,124
808,0.485,1,1,1,125
808,0.5568,1,1,1,126
808,0.6089,1,0,1,127
808,0.5234,1,1,1,0
808,0.4218,1,0,1,1
808,0.443,1,1,1,2
808,0.4316,1,0,1,3
808,0.3883,1,0,1,5
808,0.4033,1,1,1,9
808,0.3662,1,0,1,10
808,0.3924,1,1,1,11
808,0.375,1,0,1,13
808,0.4617,1,1,1,14
808,0.3808,1,1,1,18
808,0.4386,1,1,1,19
808,0.428,1,1,1,20
808,0.469,1,0,1,21
808,0.5146,1,1,1,22
808,0.5083,1,1,1,23
808,0.3872,1,1,1,24
808,0.4496,1,1,1,26
808,0.3667,1,0,1,28
808,0.3762,1,0,1,29
808,0.4682,1,1,1,30
808,0.3737,1,1,1,31
808,0.417,1,0,1,32
808,0.4194,1,1,1,34
808,0.4072,1,1,1,35
808,0.4048,1,1,1,37
808,0.465,1,0,1,38
808,0.5164,1,1,1,40
808,0.5884,1,1,1,41
808,0.4579,1,0,1,42
808,0.4085,1,1,1,43
808,0.4894,1,1,1,45
808,0.4598,1,1,1,47
808,0.5156,1,0,1,48
808,0.4616,1,1,1,51
808,0.5822,1,0,1,52
808,0.4739,1,0,1,53
808,0.4818,1,0,1,56
808,0.4479,0,0,1,59
808,0.4748,1,1,1,60
808,0.4652,1,1,1,63
808,0.5487,1,0,1,64
808,0.7584,1,1,1,66
808,0.5718,1,0,1,67
808,0.521,1,0,1,68
808,0.5259,1,1,1,71
808,0.5052,1,1,1,72
808,0.4502,1,0,1,73
808,0.3862,1,0,1,74
808,0.6756,1,0,1,75
808,0.3694,1,0,1,76
808,0.4234,0,1,1,79
808,0.5294,1,1,1,80
808,0.3895,1,1,1,82
808,0.3815,1,0,1,84
808,0.5205,1,0,1,85
808,0.4902,1,0,1,86
808,0.547,1,1,1,88
808,0.4054,1,1,1,89
808,0.5031,1,1,1,90
808,0.4625,1,0,1,91
808,0.475,1,0,1,92
808,0.3861,1,1,1,94
808,0.504,1,1,1,96
808,0.4253,1,0,1,97
808,0.3476,0,1,1,99
808,0.4009,1,0,1,100
808,0.3901,1,0,1,101
808,0.4745,1,0,1,102
808,0.5575,1,1,1,103
808,0.4566,1,1,1,106
808,0.515,1,1,1,111
808,0.4025,1,0,1,113
808,0.3871,1,0,1,114
808,0.4367,1,0,1,115
808,0.5829,1,0,1,117
808,0.4209,1,0,1,118
808,0.3942,1,0,1,119
808,0.5276,1,1,1,121
808,0.709,1,0,1,122
808,0.487,1,0,1,123
808,0.5903,1,0,1,124
808,0.4815,1,1,1,125
808,0.4704,0,0,1,127
808,0.5841,1,0,1,0
808,0.4375,1,1,1,3
808,0.4314,1,0,1,4
808,0.5886,1,0,1,5
808,0.6438,1,0,1,7
808,0.5736,1,0,1,9
808,0.5226,1,0,1,10
808,0.574,1,1,1,12
808,0.6202,1,0,1,13
808,0.5328,1,1,1,14
808,0.573,1,1,1,15
808,0.4563,1,1,1,16
808,0.4617,1,1,1,17
808,0.4762,1,0,1,18
808,0.4619,1,1,1,20
808,0.5108,1,0,1,21
808,0.4517,1,0,1,22
808,0.4387,1,0,1,23
808,0.439,1,0,1,24
808,0.4936,1,1,1,26
808,0.3901,1,1,1,28
808,0.4736,1,1,1,29
808,0.5405,1,1,1,30
808,0.4661,1,0,1,31
808,0.5694,1,1,1,35
808,0.7977,1,0,1,36
808,0.4541,1,0,1,37
808,0.3762,1,1,1,39
808,0.4405,1,0,1,41
808,0.5838,1,0,1,43
808,0.4679,1,0,1,44
808,0.3995,1,1,1,45
808,0.4348,1,0,1,46
808,0.4812,1,0,1,49
808,0.4571,0,0,1,50
808,0.4946,1,1,1,51
808,0.3749,1,1,1,52
808,0.4562,1,1,1,53
808,0.5184,1,0,1,54
808,0.4411,1,0,1,56
808,0.465,1,1,1,57
808,0.3856,1,1,1,58
808,0.5328,1,0,1,59
808,0.4078,1,1,1,60
808,0.4019,1,0,1,61
808,0.4573,1,1,1,63
808,0.4245,1,1,1,64
808,0.3819,1,0,1,66
808,0.3871,1,0,1,67
808,0.3681,1,0,1,68
808,0.345,1,1,1,70
808,0.5034,1,1,1,71
808,0.44,1,1,1,72
808,0.4421,1,1,1,73
808,0.3985,1,0,1,74
808,0.5963,1,0,1,75
808,0.384,1,0,1,76
808,0.4244,1,0,1,77
808,0.4046,1,0,1,78
808,0.4659,0,1,1,79
808,0.7065,1,1,1,84
808,0.6472,1,0,1,86
808,0.4919,1,0,1,89
808,0.4147,1,1,1,90
808,0.4308,1,0,1,92
808,0.5205,1,0,1,94
808,0.4257,1,1,1,95
808,0.4538,1,1,1,96
808,0.4041,1,1,1,97
808,0.3746,1,0,1,98
808,0.4538,1,1,1,100
808,0.3577,1,0,1,101
808,0.3318,1,0,1,102
808,0.3879,1,1,1,104
808,0.408,1,0,1,105
808,0.488,1,1,1,107
808,0.4573,1,1,1,112
808,0.4318,1,1,1,121
808,0.6758,1,1,1,124
808,0.4287,1,1,1,125
808,0.761,1,0,1,0
808,0.4197,1,0,1,1
808,0.5271,1,1,1,2
808,0.4599,1,1,1,3
808,0.4257,1,0,1,4
808,0.3985,1,1,1,5
808,0.4742,1,1,1,6
808,0.5063,1,1,1,8
808,0.4224,1,0,1,10
808,0.4489,1,1,1,11
808,0.4997,0,1,1,12
808,0.4613,1,0,1,13
808,0.5872,1,1,1,14
808,0.3871,1,1,1,15
808,0.4914,1,0,1,16
808,0.4559,1,0,1,17
808,0.4529,1,0,1,18
808,0.5489,1,1,1,19
808,0.548,1,1,1,21
808,0.3996,1,0,1,22
808,0.4935,1,0,1,23
808,0.4477,1,0,1,26
808,0.4044,1,0,1,28
808,0.4985,1,1,1,29
808,0.4586,1,1,1,32
808,0.5192,1,1,1,33
808,0.3747,1,1,1,34
808,0.6037,1,1,1,37
808,0.4452,1,0,1,40
808,0.4992,1,1,1,41
808,0.3756,1,0,1,44
808,0.4201,1,1,1,45
808,0.5072,1,1,1,49
808,0.433,1,1,1,51
808,0.393,1,1,1,53
808,0.4485,0,0,1,54
808,0.3972,1,0,1,56
808,0.5819,1,1,1,57
808,0.4548,1,0,1,58
808,0.4407,1,0,1,59
808,0.5369,1,1,1,61
808,0.5695,1,0,1,63
808,0.5064,1,1,1,65
808,0.4204,1,1,1,66
808,0.421,1,0,1,70
808,0.4161,1,1,1,71
808,0.5054,1,0,1,73
808,0.4812,1,1,1,74
808,0.7079,1,0,1,76
808,0.414,1,1,1,77
808,0.467,1,0,1,78
808,0.4254,1,1,1,81
808,0.4367,1,0,1,83
808,0.3916,1,0,1,85
808,0.4296,1,0,1,89
808,0.4741,1,1,1,90
808,0.4242,1,0,1,91
808,0.4642,1,1,1,92
808,0.5273,1,0,1,93
808,0.4422,1,1,1,94
808,0.4262,1,0,1,95
808,0.5568,1,1,1,97
808,0.4482,1,0,1,98
808,0.5257,1,0,1,100
808,0.6822,1,1,1,101
808,0.4425,1,0,1,102
808,0.4243,1,0,1,103
808,0.5242,1,1,1,106
808,0.3922,1,0,1,107
808,0.4486,1,1,1,109
808,0.4584,1,0,1,110
808,0.4507,1,0,1,112
808,0.4606,1,0,1,113
808,0.5564,1,0,1,114
808,0.5765,1,0,1,116
808,0.5747,1,1,1,118
808,0.4694,1,0,1,120
808,0.4415,1,1,1,121
808,0.6034,1,1,1,122
808,0.4257,1,1,1,123
808,0.4469,1,0,1,124
808,0.4554,1,1,1,126
808,0.4375,1,1,1,127
808,0.4986,1,0,1,0
808,0.5969,1,1,1,1
808,0.445,1,1,1,2
808,0.3527,1,0,1,4
808,0.4067,1,0,1,6
808,0.443,1,0,1,9
808,0.5078,1,0,1,12
808,0.388,1,0,1,14
808,0.5049,1,0,1,15
808,0.4411,1,0,1,18
808,0.4868,1,0,1,20
808,0.4099,1,0,1,23
808,0.4077,1,0,1,24
808,0.6051,1,1,1,27
808,0.3936,1,1,1,30
808,0.4369,1,1,1,31
808,0.482,1,1,1,33
808,0.3815,1,0,1,34
808,0.4583,1,1,1,35
808,0.4871,1,1,1,36
808,0.4548,1,1,1,37
808,0.4215,1,0,1,38
808,0.4417,1,1,1,39
808,0.525,1,0,1,40
808,0.4202,1,1,1,42
808,0.3407,1,1,1,43
808,0.5012,1,0,1,45
808,0.3659,1,0,1,46
808,0.3592,1,1,1,47
808,0.4084,1,0,1,48
808,0.4376,1,0,1,49
808,0.3557,1,0,1,50
808,0.4051,1,0,1,51
808,0.3766,1,0,1,52
808,0.3426,1,1,1,53
808,0.4913,1,1,1,54
808,0.4201,1,1,1,56
808,0.5217,1,1,1,57
808,0.4382,1,1,1,60
808,0.4265,1,1,1,61
808,0.3671,1,0,1,62
808,0.5137,1,0,1,63
808,0.4574,1,1,1,65
808,0.3613,1,0,1,67
808,0.5845,1,1,1,68
808,0.4397,1,1,1,71
808,0.3641,1,1,1,72
808,0.5202,1,1,1,73
808,0.5883,1,1,1,74
808,0.441,1,1,1,76
808,0.4282,1,0,1,81
808,0.4359,1,0,1,82
808,0.4069,1,0,1,83
808,0.4419,1,0,1,84
808,0.4772,0,1,1,85
808,0.4232,1,1,1,86
808,0.5255,1,0,1,88
808,0.3873,1,0,1,89
808,0.4313,1,0,1,90
808,0.5317,1,1,1,91
808,0.4738,1,1,1,92
808,0.4545,1,1,1,94
808,0.4471,1,0,1,96
808,0.5378,1,0,1,97
808,0.3416,1,0,1,98
808,0.5142,1,1,1,99
808,0.6155,1,0,1,100
808,0.461,1,0,1,101
808,0.4547,1,1,1,102
808,0.4638,1,1,1,107
808,0.3974,0,1,1,108
808,0.3904,1,0,1,110
808,0.4203,1,0,1,111
808,0.4327,1,1,1,112
808,0.5518,1,0,1,113
808,0.4381,1,0,1,114
808,0.3738,1,1,1,116
808,0.4366,1,1,1,117
808,0.3416,1,1,1,118
808,0.429,1,1,1,119
808,0.4483,1,0,1,123
808,0.3798,1,0,1,124
808,0.3499,1,1,1,125
808,0.4132,1,1,1,126
808,0.4496,1,0,1,1
808,0.7367,1,1,1,3
808,0.5996,1,0,1,4
808,0.5148,1,1,1,5
808,0.5013,1,0,1,6
808,0.5088,1,1,1,12
808,0.4271,1,1,1,13
808,0.5169,1,1,1,15
808,0.4827,1,1,1,16
808,0.3928,1,0,1,17
808,0.4534,0,0,1,19
808,0.4801,1,0,1,20
808,0.5714,1,0,1,22
808,0.5199,1,0,1,23
808,0.3627,1,1,1,24
808,0.4271,1,0,1,25
808,0.3863,1,0,1,26
808,0.4158,0,1,1,27
808,0.4561,1,0,1,28
808,0.43120000000000003,1,0,1,29
808,0.4302,1,1,1,31
808,0.3718,1,0,1,33
808,0.3929,1,1,1,34
808,0.4153,1,1,1,41
808,0.3706,1,1,1,42
808,0.3585,1,0,1,43
808,0.427,1,1,1,44
808,0.3869,1,1,1,46
808,0.432,1,0,1,47
808,0.3819,1,1,1,48
808,0.5138,1,1,1,49
808,0.3426,1,0,1,50
808,0.3414,1,1,1,51
808,0.4151,1,1,1,53
808,0.4411,1,0,1,54
808,0.5312,1,1,1,55
808,0.4401,1,1,1,56
808,0.4428,1,0,1,59
808,0.5752,1,1,1,60
808,0.4713,1,0,1,62
808,0.3931,0,1,1,63
808,0.4143,1,1,1,64
808,0.4481,1,0,1,65
808,0.3912,1,0,1,66
808,0.4752,1,0,1,67
808,0.4428,1,0,1,68
808,0.4428,1,1,1,69
808,0.3821,1,0,1,71
808,0.5032,1,0,1,75
808,0.5245,1,1,1,76
808,0.387,1,0,1,78
808,0.5343,1,0,1,80
808,0.4142,1,0,1,83
808,0.4096,1,1,1,84
808,0.4169,1,1,1,85
808,0.5974,1,0,1,86
808,0.4088,0,1,1,88
808,0.4605,1,1,1,89
808,0.5058,1,0,1,90
808,0.4527,0,0,1,91
808,0.4919,1,1,1,92
808,0.4737,1,1,1,93
808,0.4655,1,0,1,94
808,0.5815,1,1,1,95
808,0.4792,0,0,1,96
808,0.5913,1,0,1,98
808,0.4656,1,1,1,99
808,0.4265,1,0,1,100
808,0.4069,1,1,1,103
808,0.6418,1,0,1,104
808,0.5099,1,1,1,105
808,0.3702,1,1,1,106
808,0.4834,1,0,1,107
808,0.5025,1,1,1,108
808,0.4836,1,0,1,109
808,0.5149,1,1,1,110
808,0.5432,1,1,1,111
808,0.3492,1,1,1,113
808,0.4862,1,1,1,118
808,0.5675,1,0,1,119
808,0.5574,1,1,1,121
808,0.7483,1,0,1,123
808,0.4938,1,1,1,0
808,0.5754,1,1,1,3
808,0.4434,1,0,1,4
808,0.4051,1,0,1,5
808,0.4647,1,1,1,6
808,0.3764,1,0,1,7
808,0.396,1,0,1,8
808,0.3909,1,1,1,9
808,0.3255,0,1,1,11
808,0.4899,1,1,1,13
808,0.4251,1,1,1,15
808,0.3604,1,0,1,16
808,0.3912,1,0,1,18
808,0.3983,1,1,1,19
808,0.5374,1,1,1,20
808,0.4103,1,0,1,21
808,0.3439,1,0,1,22
808,0.3906,1,0,1,23
808,0.4704,1,0,1,24
808,0.3874,1,0,1,25
808,0.3804,1,1,1,26
808,0.4155,1,0,1,28
808,0.3743,1,1,1,31
808,0.4657,1,0,1,33
808,0.3639,1,0,1,34
808,0.476,1,1,1,36
808,0.4538,1,1,1,37
808,0.4373,1,0,1,40
808,0.3994,1,1,1,44
808,0.4742,1,0,1,47
808,0.409,1,0,1,48
808,0.3875,1,0,1,50
808,0.3923,0,1,1,52
808,0.4706,1,1,1,53
808,0.8044,1,1,1,54
808,0.4035,1,1,1,55
808,0.4094,1,0,1,60
808,0.5922,1,0,1,61
808,0.4781,1,0,1,62
808,0.3896,1,0,1,63
808,0.4156,1,1,1,64
808,0.487,1,1,1,66
808,0.441,1,1,1,67
808,0.3581,1,1,1,68
808,0.5918,1,1,1,70
808,0.5159,1,1,1,72
808,0.535,1,1,1,73
808,0.4213,1,1,1,74
808,0.3863,1,1,1,75
808,0.3571,1,1,1,77
808,0.3532,1,0,1,78
808,0.3705,1,0,1,79
808,0.3439,1,0,1,80
808,0.492,1,1,1,82
808,0.4284,1,1,1,83
808,0.4165,1,1,1,84
808,0.4907,1,1,1,85
808,0.4899,1,0,1,86
808,0.3589,1,0,1,88
808,0.5928,1,0,1,89
808,0.4477,1,1,1,90
808,0.4364,1,1,1,94
808,0.57,1,0,1,96
808,0.3972,1,1,1,97
808,0.4333,1,0,1,99
808,0.4424,1,0,1,100
808,0.4474,1,0,1,101
808,0.4329,1,0,1,103
808,0.432,1,1,1,104
808,0.4913,1,1,1,105
808,0.4917,1,1,1,108
808,0.4534,1,1,1,109
808,0.4314,1,0,1,110
808,0.3563,1,0,1,111
808,0.4272,1,1,1,112
808,0.3664,1,0,1,113
808,0.3651,1,1,1,114
808,0.4102,1,0,1,116
808,0.3912,1,0,1,118
808,0.4771,1,1,1,120
808,0.5766,1,0,1,123
808,0.4707,1,0,1,124
808,0.5335,1,0,1,125
808,0.4601,1,0,1,127
808,0.4633,1,0,1,1
808,0.565,1,1,1,3
808,0.4921,1,1,1,4
808,0.3981,1,0,1,7
808,0.4707,1,1,1,9
808,0.4012,1,1,1,11
808,0.386,1,1,1,13
808,0.4492,1,1,1,17
808,0.3819,1,0,1,19
808,0.4029,1,0,1,20
808,0.3535,1,1,1,21
808,0.4229,1,1,1,23
808,0.4844,1,0,1,24
808,0.4422,0,0,1,25
808,0.6668,1,1,1,26
808,0.3874,1,0,1,28
808,0.3863,1,0,1,29
808,0.5908,1,1,1,32
808,0.4007,1,0,1,33
808,0.4002,1,0,1,35
808,0.3866,1,0,1,37
808,0.4597,1,1,1,40
808,0.4645,1,1,1,41
808,0.5028,1,1,1,42
808,0.4426,1,0,1,44
808,0.357,1,0,1,45
808,0.4084,1,1,1,46
808,0.643,1,1,1,47
808,0.4163,1,1,1,49
808,0.5911,1,1,1,50
808,0.5577,1,0,1,51
808,0.4406,1,0,1,52
808,0.4253,1,1,1,53
808,0.4116,1,1,1,54
808,0.5099,1,0,1,56
808,0.405,1,0,1,57
808,0.3911,1,1,1,60
808,0.5206,1,1,1,62
808,0.4248,1,1,1,63
808,0.3736,1,1,1,64
808,0.4271,1,0,1,66
808,0.4666,1,1,1,68
808,0.4091,1,0,1,69
808,0.3964,1,0,1,70
808,0.5088,1,0,1,71
808,0.6988,1,0,1,73
808,0.428,1,0,1,74
808,0.4886,1,0,1,75
808,0.4257,1,1,1,76
808,0.6079,1,1,1,77
808,0.3707,1,1,1,78
808,0.4046,1,0,1,80
808,0.4255,1,1,1,81
808,0.4907,1,1,1,82
808,0.4485,1,0,1,83
808,0.4205,1,0,1,84
808,0.4093,1,0,1,85
808,0.4234,1,0,1,86
808,0.4611,1,0,1,87
808,0.4753,1,1,1,89
808,0.399,1,0,1,90
808,0.3544,1,0,1,92
808,0.3979,1,0,1,94
808,0.4702,1,1,1,95
808,0.4413,1,1,1,96
808,0.5389,1,0,1,97
808,0.3618,0,1,1,103
808,0.4697,1,1,1,104
808,0.4703,1,0,1,106
808,0.4308,0,1,1,108
808,0.4924,1,0,1,109
808,0.4378,1,0,1,110
808,0.3605,1,1,1,112
808,0.4053,1,0,1,113
808,0.4987,1,0,1,117
808,0.3483,1,0,1,118
808,0.4657,1,1,1,119
808,0.525,1,1,1,120
808,0.4229,1,1,1,122
808,0.5243,1,1,1,123
808,0.3879,1,1,1,124
808,0.415,1,0,1,125
808,0.4323,1,1,1,126
808,0.6158,1,0,1,127
810,0.7189,1,1,1,1
810,0.3578,1,1,1,3
810,0.3573,1,0,1,5
810,0.3634,1,0,1,6
810,0.3857,1,0,1,7
810,0.3545,1,1,1,12
810,0.5568,1,1,1,13
810,0.4224,1,1,1,14
810,0.4147,1,0,1,15
810,0.3092,1,0,1,17
810,0.3126,1,1,1,18
810,0.3459,1,0,1,19
810,0.3344,1,0,1,21
810,0.4282,0,1,1,22
810,0.5301,0,0,1,23
810,0.2953,1,1,1,25
810,0.6702,1,0,1,27
810,0.3908,1,0,1,28
810,0.4329,1,0,1,30
810,0.3201,0,1,1,31
810,0.372,1,0,1,32
810,0.3999,0,0,1,34
810,0.4566,0,1,1,36
810,0.5074,1,0,1,38
810,0.364,1,0,1,39
810,0.3205,1,0,1,40
810,0.3092,1,0,1,41
810,0.3209,1,0,1,42
810,0.3385,0,1,1,44
810,0.4328,1,0,1,46
810,0.4121,1,1,1,48
810,0.4361,1,0,1,49
810,0.2693,1,0,1,50
810,0.4168,1,1,1,53
810,0.3376,1,1,1,54
810,0.3707,1,1,1,56
810,0.4854,1,0,1,58
810,0.3545,1,1,1,59
810,0.3385,0,0,1,60
810,0.3669,0,1,1,62
810,0.3912,1,0,1,65
810,0.388,1,1,1,68
810,0.3839,1,0,1,70
810,0.3329,1,1,1,73
810,0.4227,1,1,1,74
810,0.3088,1,0,1,75
810,0.3457,1,0,1,76
810,0.4852,1,1,1,77
810,0.5025,1,1,1,78
810,0.4056,1,1,1,79
810,0.3893,1,1,1,80
810,0.4107,1,1,1,82
810,0.3769,1,0,1,83
810,0.3252,1,0,1,84
810,0.4698,1,1,1,85
810,0.3429,1,0,1,87
810,0.4779,1,1,1,88
810,0.4127,1,1,1,89
810,0.387,1,1,1,90
810,0.3233,1,1,1,91
810,0.371,1,0,1,94
810,0.346,1,0,1,95
810,0.4073,1,1,1,98
810,0.4048,1,0,1,99
810,0.3053,1,0,1,100
810,0.3215,0,0,1,101
810,0.3901,1,1,1,103
810,0.4018,1,1,1,105
810,0.5588,1,1,1,106
810,0.3638,1,0,1,107
810,0.4575,1,1,1,108
810,0.4187,1,1,1,111
810,0.5694,1,1,1,113
810,0.4586,1,1,1,115
810,0.5254,0,1,1,116
810,0.3944,1,0,1,118
810,0.4063,1,0,1,120
810,0.393,1,0,1,121
810,0.3087,1,0,1,122
810,0.3812,1,0,1,123
810,0.453,0,1,1,127
810,0.3864,1,1,1,0
810,0.4059,1,1,1,1
810,0.3528,1,0,1,2
810,0.3766,1,1,1,3
810,0.3407,1,1,1,4
810,0.4173,1,1,1,9
810,0.3705,1,0,1,10
810,0.4805,1,0,1,11
810,0.4461,1,1,1,13
810,0.3975,1,1,1,14
810,0.4037,1,0,1,18
810,0.4954,1,1,1,19
810,0.4157,0,0,1,20
810,0.725,1,0,1,21
810,0.3469,1,1,1,24
810,0.3724,1,1,1,25
810,0.5271,1,1,1,29
810,0.535,1,1,1,32
810,0.6928,1,1,1,33
810,0.4727,1,1,1,34
810,0.4584,1,1,1,35
810,0.4248,1,1,1,36
810,0.4587,1,1,1,37
810,0.7474,1,1,1,38
810,0.4614,1,1,1,39
810,0.4801,1,1,1,40
810,0.461,1,1,1,41
810,0.4834,1,1,1,43
810,0.4367,1,0,1,44
810,0.3406,1,1,1,45
810,0.4051,1,0,1,46
810,0.4682,1,0,1,48
810,0.4134,1,1,1,49
810,0.454,1,1,1,50
810,0.4931,1,1,1,52
810,0.4158,1,0,1,55
810,0.3849,1,0,1,56
810,0.3949,1,0,1,57
810,0.3435,1,0,1,60
810,0.4646,1,0,1,61
810,0.3891,1,0,1,63
810,0.3937,1,0,1,65
810,0.3465,1,0,1,66
810,0.3229,1,0,1,67
810,0.4302,1,1,1,68
810,0.3337,1,0,1,69
810,0.6046,1,1,1,72
810,0.4109,1,0,1,73
810,0.5295,1,1,1,75
810,0.3905,1,0,1,76
810,0.3656,1,1,1,78
810,0.4327,1,1,1,79
810,0.4576,0,0,1,80
810,0.4823,1,0,1,81
810,0.4219,1,0,1,82
810,0.4614,1,0,1,83
810,0.4327,0,1,1,84
810,0.6462,1,0,1,85
810,0.3892,1,0,1,86
810,0.5839,1,1,1,88
810,0.4493,1,0,1,89
810,0.5804,1,0,1,91
810,0.633,1,1,1,92
810,0.3843,0,1,1,93
810,0.4536,1,0,1,95
810,0.5018,1,1,1,96
810,0.5678,0,0,1,97
810,0.5807,1,1,1,100
810,0.3993,1,1,1,101
810,0.4474,1,0,1,102
810,0.4175,1,0,1,104
810,0.7448,1,0,1,105
810,0.4225,1,0,1,106
810,0.3763,1,0,1,109
810,0.2746,1,0,1,110
810,0.2652,0,1,1,111
810,0.4487,1,1,1,112
810,0.4752,1,0,1,113
810,0.3829,1,0,1,117
810,0.3787,1,0,1,119
810,0.4873,1,0,1,123
810,0.6076,1,1,1,124
810,0.477,1,0,1,126
810,0.5565,1,0,1,0
810,0.3633,1,0,1,1
810,0.3211,1,0,1,2
810,0.3567,1,0,1,3
810,0.5257,1,0,1,4
810,0.3109,1,1,1,6
810,0.4119,0,1,1,7
810,0.4523,1,1,1,9
810,0.7482,1,0,1,10
810,0.5352,1,1,1,11
810,0.5322,1,1,1,13
810,0.5033,1,1,1,14
810,0.4496,1,0,1,17
810,0.4884,1,1,1,18
810,0.3498,1,0,1,23
810,0.5428,0,1,1,25
810,0.3753,1,0,1,28
810,0.4526,1,0,1,29
810,0.3902,1,0,1,30
810,0.5269,0,1,1,31
810,0.3415,1,0,1,32
810,0.539,1,1,1,33
810,0.3421,1,0,1,34
810,0.5023,1,0,1,35
810,0.4904,1,1,1,36
810,0.4264,1,1,1,37
810,0.3694,1,1,1,38
810,0.4653,1,0,1,40
810,0.5256,1,1,1,43
810,0.3531,1,0,1,45
810,0.3875,1,0,1,48
810,0.4503,1,0,1,49
810,0.5421,1,1,1,51
810,0.5675,1,0,1,53
810,0.412,1,0,1,55
810,0.3853,1,1,1,61
810,0.4595,1,0,1,62
810,0.4595,1,1,1,63
810,0.4456,1,0,1,66
810,0.3423,1,0,1,68
810,0.4444,1,0,1,69
810,0.4769,0,0,1,71
810,0.4043,0,0,1,72
810,0.4768,0,0,1,73
810,0.4087,1,0,1,74
810,0.4633,1,1,1,75
810,0.4379,1,1,1,78
810,0.4897,1,1,1,79
810,0.5255,1,1,1,80
810,0.4371,0,1,1,81
810,0.4755,1,1,1,83
810,0.3764,1,0,1,84
810,0.3919,1,1,1,87
810,0.447,1,1,1,89
810,0.6184,1,1,1,90
810,0.4306,1,0,1,91
810,0.4124,1,0,1,92
810,0.4179,0,1,1,93
810,0.3337,1,0,1,95
810,0.6172,1,1,1,96
810,0.4786,1,1,1,97
810,0.5876,1,0,1,99
810,0.4305,1,0,1,101
810,0.4791,1,1,1,102
810,0.4908,1,0,1,103
810,0.4128,1,1,1,104
810,0.5026,1,1,1,105
810,0.5675,1,1,1,107
810,0.3876,1,0,1,108
810,0.8042,1,1,1,109
810,0.4982,1,1,1,110
810,0.4411,1,0,1,111
810,0.5309,1,1,1,112
810,0.4164,1,1,1,113
810,0.3862,1,1,1,115
810,0.4957,1,1,1,116
810,0.3954,0,0,1,118
810,0.4718,1,0,1,119
810,0.5256,0,1,1,120
810,0.4541,0,0,1,123
810,0.4501,0,1,1,124
810,0.6282,1,0,1,125
810,0.4693,1,0,1,127
810,0.5683,1,1,1,0
810,0.4101,1,1,1,2
810,0.4428,1,1,1,5
810,0.3342,1,0,1,6
810,0.363,1,1,1,7
810,0.5735,0,1,1,8
810,0.492,1,1,1,10
810,0.4743,1,1,1,11
810,0.445,1,0,1,14
810,0.4947,1,1,1,15
810,0.4313,1,0,1,17
810,0.4646,1,1,1,18
810,0.4393,1,0,1,19
810,0.4317,1,1,1,20
810,0.4837,1,0,1,21
810,0.4281,1,1,1,23
810,0.3715,1,0,1,27
810,0.3954,1,0,1,28
810,0.3796,1,0,1,29
810,0.3894,1,0,1,31
810,0.3693,1,0,1,34
810,0.3547,0,1,1,37
810,0.5747,1,0,1,40
810,0.3831,1,1,1,41
810,0.5054,1,1,1,42
810,0.41,1,1,1,45
810,0.3797,1,1,1,47
810,0.3661,1,0,1,48
810,0.3747,1,0,1,49
810,0.3577,1,0,1,50
810,0.3862,1,1,1,51
810,0.4253,1,1,1,52
810,0.3947,1,1,1,53
810,0.4117,1,0,1,54
810,0.3751,1,0,1,55
810,0.4677,1,0,1,56
810,0.6458,1,1,1,57
810,0.421,1,1,1,58
810,0.5393,1,1,1,60
810,0.4401,1,0,1,61
810,0.4288,1,0,1,62
810,0.5598,1,1,1,63
810,0.4208,1,0,1,64
810,0.4584,1,0,1,65
810,0.449,0,1,1,66
810,0.6242,1,1,1,68
810,0.4241,1,0,1,69
810,0.4749,1,0,1,71
810,0.6825,0,1,1,74
810,0.5649,1,0,1,75
810,0.6504,0,1,1,76
810,0.5295,1,0,1,77
810,0.5027,1,0,1,79
810,0.5191,0,1,1,81
810,0.3844,1,0,1,82
810,0.4854,1,0,1,83
810,0.4849,1,0,1,85
810,0.6432,1,0,1,86
810,0.7306,0,1,1,87
810,0.7836,1,0,1,89
810,0.5082,1,0,1,91
810,0.7659,1,1,1,93
810,0.5907,0,1,1,98
810,0.5257,1,1,1,99
810,0.7404,1,0,1,100
810,0.5802,1,0,1,101
810,0.7728,1,0,1,102
810,0.4651,1,0,1,103
810,0.7432,0,1,1,106
810,0.5382,1,0,1,107
810,0.789,0,1,1,109
810,0.5911,1,1,1,111
810,0.5971,1,1,1,112
810,0.691,1,0,1,113
810,0.6035,1,1,1,114
810,0.7941,1,0,1,115
810,0.7558,1,1,1,117
810,0.5291,1,0,1,118
810,0.6723,1,0,1,120
810,0.5175,1,1,1,123
810,0.5722,1,0,1,125
810,0.4373,1,1,1,127
810,0.4578,1,0,1,0
810,0.3507,0,1,1,1
810,0.594,1,0,1,2
810,0.4803,1,0,1,3
810,0.3796,1,0,1,4
810,0.373,1,0,1,5
810,0.4029,1,0,1,9
810,0.3812,1,0,1,10
810,0.4142,1,1,1,11
810,0.3763,1,1,1,12
810,0.44,0,1,1,16
810,0.4925,1,1,1,17
810,0.3972,1,0,1,18
810,0.3822,1,1,1,19
810,0.5463,1,1,1,20
810,0.4094,1,0,1,21
810,0.4295,0,0,1,22
810,0.6152,1,1,1,23
810,0.4293,0,1,1,24
810,0.5055,1,0,1,25
810,0.3712,1,0,1,27
810,0.4282,1,0,1,30
810,0.5322,1,1,1,31
810,0.7497,1,0,1,33
810,0.5789,1,1,1,34
810,0.5826,0,0,1,35
810,0.522,1,1,1,37
810,0.348,1,0,1,40
810,0.3332,1,0,1,41
810,0.3768,1,0,1,43
810,0.5268,1,0,1,46
810,0.477,1,0,1,47
810,0.4285,1,1,1,48
810,0.4067,0,1,1,50
810,0.5258,1,0,1,51
810,0.4211,1,1,1,53
810,0.6542,1,1,1,54
810,0.3199,1,0,1,57
810,0.3933,1,1,1,58
810,0.4993,1,1,1,59
810,0.3829,1,0,1,62
810,0.3875,0,1,1,64
810,0.4444,1,0,1,65
810,0.3817,1,0,1,66
810,0.3704,1,0,1,67
810,0.4609,1,0,1,70
810,0.4076,0,1,1,71
810,0.5146,1,0,1,72
810,0.3955,1,1,1,73
810,0.5812,1,1,1,74
810,0.5624,1,0,1,75
810,0.4167,0,1,1,77
810,0.3678,1,1,1,79
810,0.4274,1,0,1,80
810,0.441,1,0,1,81
810,0.3615,1,0,1,83
810,0.4782,1,1,1,84
810,0.3082,1,0,1,86
810,0.4033,1,1,1,89
810,0.4073,0,1,1,90
810,0.3659,1,0,1,93
810,0.4119,1,1,1,94
810,0.4521,1,0,1,95
810,0.4106,1,0,1,98
810,0.4271,0,0,1,99
810,0.3428,1,1,1,100
810,0.333,0,1,1,102
810,0.4671,1,1,1,103
810,0.4927,0,1,1,104
810,0.6553,1,1,1,105
810,0.4056,1,0,1,106
810,0.3784,1,0,1,108
810,0.4462,1,0,1,109
810,0.3627,1,1,1,114
810,0.4891,1,1,1,115
810,0.3911,1,0,1,116
810,0.3893,1,0,1,117
810,0.4217,1,1,1,118
810,0.4451,1,1,1,120
810,0.407,1,1,1,122
810,0.3911,1,1,1,123
810,0.4297,0,1,1,124
810,0.4432,1,1,1,126
810,0.4515,1,1,1,127
810,0.4303,1,0,1,1
810,0.359,1,1,1,2
810,0.388,1,1,1,3
810,0.4257,1,1,1,5
810,0.4005,1,1,1,6
810,0.3857,0,0,1,7
810,0.4115,1,0,1,8
810,0.3878,1,1,1,9
810,0.3998,1,1,1,10
810,0.4001,0,1,1,11
810,0.4819,1,1,1,12
810,0.3991,1,0,1,13
810,0.4134,1,0,1,14
810,0.5689,1,1,1,16
810,0.419,1,0,1,20
810,0.4954,1,1,1,23
810,0.5289,1,0,1,24
810,0.5085,1,1,1,25
810,0.4252,1,1,1,27
810,0.4675,1,0,1,28
810,0.6371,1,0,1,29
810,0.4731,1,1,1,30
810,0.6394,1,0,1,31
810,0.6387,1,1,1,33
810,0.5006,0,1,1,34
810,0.5465,1,1,1,35
810,0.3508,1,0,1,37
810,0.3773,1,0,1,40
810,0.3785,1,0,1,42
810,0.5325,1,1,1,43
810,0.5357,1,0,1,44
810,0.4727,1,1,1,45
810,0.4732,1,0,1,46
810,0.5495,1,1,1,48
810,0.4202,1,0,1,50
810,0.4085,1,1,1,51
810,0.3555,1,0,1,53
810,0.4197,1,1,1,54
810,0.4172,1,1,1,55
810,0.3894,1,1,1,57
810,0.4709,1,0,1,59
810,0.4082,1,1,1,60
810,0.3855,1,0,1,62
810,0.5787,1,1,1,64
810,0.3916,1,0,1,65
810,0.4017,1,0,1,66
810,0.4729,1,0,1,68
810,0.4367,1,1,1,71
810,0.4326,1,0,1,73
810,0.4485,1,1,1,75
810,0.5236,1,1,1,76
810,0.4876,1,1,1,77
810,0.4182,1,1,1,78
810,0.5036,1,0,1,79
810,0.5621,1,1,1,80
810,0.5368,0,0,1,81
810,0.4743,1,0,1,83
810,0.3584,1,0,1,89
810,0.3731,1,0,1,90
810,0.4037,1,0,1,91
810,0.4715,1,1,1,93
810,0.4209,1,0,1,95
810,0.4705,1,1,1,98
810,0.4074,0,1,1,99
810,0.4668,1,0,1,100
810,0.4615,1,0,1,101
810,0.369,1,1,1,102
810,0.3585,1,0,1,104
810,0.3568,1,1,1,105
810,0.5076,1,0,1,106
810,0.441,1,1,1,107
810,0.4023,1,1,1,108
810,0.3881,1,0,1,109
810,0.4564,1,1,1,111
810,0.3639,1,1,1,114
810,0.3812,1,0,1,115
810,0.4105,1,1,1,116
810,0.446,1,0,1,117
810,0.431,1,0,1,119
810,0.3427,1,0,1,123
810,0.3655,1,0,1,124
810,0.4263,1,0,1,125
810,0.4204,1,1,1,127
810,0.4765,1,1,1,0
810,0.4918,1,1,1,3
810,0.3608,1,0,1,4
810,0.3767,1,1,1,5
810,0.4098,1,0,1,6
810,0.4366,1,0,1,7
810,0.4562,1,1,1,8
810,0.4211,1,1,1,9
810,0.3909,1,0,1,10
810,0.3363,1,1,1,11
810,0.3166,0,0,1,14
810,0.2799,0,0,1,15
810,0.5339,1,1,1,16
810,0.4691,0,1,1,17
810,0.4047,1,0,1,19
810,0.4609,1,0,1,20
810,0.4817,1,1,1,21
810,0.452,1,0,1,25
810,0.4478,1,0,1,27
810,0.4425,1,1,1,28
810,0.4758,1,1,1,29
810,0.4797,1,0,1,31
810,0.6546,1,0,1,33
810,0.4583,1,1,1,34
810,0.4176,1,0,1,35
810,0.4462,1,0,1,37
810,0.4363,0,1,1,39
810,0.5042,1,1,1,40
810,0.383,0,1,1,41
810,0.4353,1,0,1,43
810,0.4318,1,0,1,45
810,0.599,1,1,1,46
810,0.4207,1,1,1,48
810,0.4621,1,1,1,51
810,0.3894,1,0,1,54
810,0.4374,1,0,1,55
810,0.5307,1,1,1,57
810,0.4239,1,1,1,60
810,0.5116,1,0,1,61
810,0.4737,1,0,1,62
810,0.4413,1,0,1,64
810,0.4267,1,1,1,65
810,0.4502,1,0,1,66
810,0.4238,1,1,1,69
810,0.5728,1,1,1,71
810,0.3959,0,1,1,72
810,0.4661,0,0,1,73
810,0.3585,1,1,1,74
810,0.4084,1,0,1,76
810,0.5162,1,0,1,80
810,0.3961,1,0,1,81
810,0.4972,1,1,1,83
810,0.4548,1,0,1,84
810,0.3515,1,0,1,85
810,0.331,1,0,1,86
810,0.4165,1,1,1,87
810,0.4194,0,1,1,89
810,0.4754,1,0,1,90
810,0.3728,1,1,1,91
810,0.4011,1,0,1,92
810,0.4666,1,1,1,94
810,0.4345,1,1,1,95
810,0.4639,1,1,1,96
810,0.3823,1,1,1,97
810,0.5174,1,1,1,99
810,0.4367,1,0,1,100
810,0.3459,1,0,1,102
810,0.3301,1,1,1,103
810,0.4524,1,1,1,104
810,0.3996,1,1,1,106
810,0.4404,1,1,1,108
810,0.423,1,1,1,109
810,0.2845,1,0,1,110
810,0.4356,0,1,1,113
810,0.4231,1,0,1,114
810,0.402,1,0,1,115
810,0.4633,1,0,1,117
810,0.4231,1,0,1,118
810,0.4821,0,0,1,119
810,0.3778,1,0,1,122
810,0.3121,1,0,1,123
810,0.3359,1,0,1,124
810,0.444,1,1,1,126
810,0.5609,1,1,1,0
810,0.3569,1,1,1,1
810,0.5437,1,0,1,3
810,0.4248,1,0,1,4
810,0.3925,1,1,1,5
810,0.4219,1,0,1,6
810,0.407,1,0,1,7
810,0.4229,1,0,1,8
810,0.4341,1,1,1,12
810,0.4014,1,1,1,13
810,0.5014,0,0,1,16
810,0.5383,1,1,1,17
810,0.4241,0,0,1,19
810,0.364,1,0,1,20
810,0.4224,1,0,1,21
810,0.544,1,1,1,24
810,0.358,0,1,1,25
810,0.4488,1,0,1,26
810,0.4544,1,0,1,27
810,0.4231,1,1,1,28
810,0.4904,1,1,1,29
810,0.4087,1,0,1,31
810,0.4926,1,1,1,32
810,0.3976,1,0,1,33
810,0.4233,1,0,1,38
810,0.4797,1,1,1,39
810,0.3824,1,0,1,40
810,0.5645,1,1,1,41
810,0.3376,1,0,1,43
810,0.4561,1,1,1,44
810,0.493,1,1,1,45
810,0.3723,1,1,1,47
810,0.4792,1,1,1,49
810,0.704,0,1,1,51
810,0.3885,0,1,1,52
810,0.5919,1,1,1,53
810,0.4118,1,0,1,54
810,0.681,0,1,1,55
810,0.4543,1,0,1,57
810,0.4487,0,1,1,58
810,0.4975,0,0,1,59
810,0.5207,1,1,1,61
810,0.3756,1,1,1,62
810,0.3776,1,1,1,66
810,0.4414,0,1,1,67
810,0.4218,1,1,1,68
810,0.3427,0,0,1,69
810,0.4268,1,0,1,70
810,0.3764,1,0,1,73
810,0.5075,0,1,1,77
810,0.4288,1,0,1,79
810,0.4752,1,1,1,80
810,0.4533,0,1,1,81
810,0.3983,1,0,1,82
810,0.3864,1,1,1,84
810,0.4625,1,0,1,85
810,0.4716,1,1,1,86
810,0.4266,1,0,1,87
810,0.5485,1,0,1,88
810,0.5151,1,0,1,92
810,0.4503,1,1,1,93
810,0.5959,0,0,1,96
810,0.4393,1,1,1,99
810,0.7917,1,1,1,101
810,0.5586,1,1,1,102
810,0.5344,1,0,1,103
810,0.5387,0,0,1,104
810,0.5209,1,1,1,105
810,0.5916,1,0,1,106
810,0.7941,0,0,1,107
810,0.6531,1,0,1,108
810,0.4565,1,0,1,109
810,0.4208,1,0,1,110
810,0.4262,0,1,1,111
810,0.5526,1,1,1,112
810,0.6177,0,1,1,114
810,0.3531,1,0,1,116
810,0.5983,0,0,1,117
810,0.504,1,1,1,122
810,0.4948,1,0,1,123
810,0.4005,1,0,1,124
810,0.5371,1,0,1,127
8308,1.013,1,0,1,0
8308,0.588,1,1,1,1
8308,0.523,1,1,1,2
8308,0.597,1,0,1,3
8308,0.695,1,0,1,5
8308,0.664,1,1,1,6
8308,0.52,1,1,1,9
8308,0.613,1,0,1,10
8308,0.576,1,0,1,11
8308,0.406,1,0,1,13
8308,0.503,1,0,1,14
8308,0.579,1,0,1,16
8308,0.389,1,1,1,17
8308,0.539,0,1,1,18
8308,0.623,1,0,1,19
8308,0.575,1,1,1,20
8308,0.598,1,1,1,25
8308,0.678,1,1,1,26
8308,0.588,1,1,1,27
8308,0.522,1,0,1,28
8308,0.887,1,1,1,30
8308,0.927,1,0,1,33
8308,0.52,1,0,1,34
8308,0.698,1,1,1,35
8308,0.5,0,0,1,36
8308,0.538,1,0,1,39
8308,0.778,1,0,1,40
8308,0.488,1,0,1,42
8308,0.523,1,1,1,43
8308,0.697,1,1,1,45
8308,0.76,1,1,1,47
8308,0.604,1,0,1,48
8308,0.42,1,0,1,49
8308,0.778,1,1,1,51
8308,0.921,1,0,1,52
8308,0.499,1,1,1,53
8308,0.45,1,1,1,54
8308,0.452,1,1,1,55
8308,0.652,1,1,1,57
8308,0.603,1,0,1,58
8308,0.697,1,1,1,59
8308,0.528,1,1,1,61
8308,0.408,1,0,1,62
8308,0.57,1,0,1,63
8308,0.679,1,1,1,64
8308,0.562,1,1,1,65
8308,0.387,1,1,1,66
8308,0.602,1,1,1,67
8308,0.79,1,0,1,68
8308,0.434,1,0,1,71
8308,0.493,0,1,1,72
8308,0.521,1,0,1,76
8308,0.453,1,1,1,77
8308,0.555,1,0,1,79
8308,0.677,1,1,1,80
8308,0.634,1,1,1,82
8308,0.557,1,0,1,83
8308,0.403,1,0,1,84
8308,0.403,1,1,1,85
8308,0.507,1,0,1,88
8308,0.405,1,0,1,89
8308,0.47,1,1,1,94
8308,0.427,1,1,1,95
8308,0.388,1,0,1,96
8308,0.38,0,1,1,97
8308,0.469,1,0,1,98
8308,0.432,1,1,1,99
8308,0.526,1,1,1,101
8308,0.521,1,0,1,105
8308,0.952,1,1,1,107
8308,0.687,1,1,1,108
8308,0.586,1,0,1,110
8308,0.891,1,0,1,113
8308,0.415,1,1,1,114
8308,1.101,1,0,1,115
8308,0.747,1,1,1,119
8308,0.598,1,0,1,120
8308,0.52,1,0,1,122
8308,0.612,1,1,1,123
8308,0.529,1,0,1,126
8308,0.455,1,1,1,3
8308,0.574,1,1,1,9
8308,0.44,1,0,1,11
8308,0.388,1,0,1,12
8308,0.588,0,1,1,13
8308,0.421,1,0,1,19
8308,0.554,1,1,1,20
8308,0.461,1,1,1,21
8308,0.464,1,0,1,22
8308,0.418,1,0,1,24
8308,0.436,1,0,1,25
8308,0.534,1,1,1,26
8308,0.43,1,0,1,29
8308,0.471,1,1,1,30
8308,0.45,1,1,1,31
8308,0.47,1,1,1,34
8308,0.521,1,0,1,35
8308,0.481,1,1,1,38
8308,1.053,1,1,1,41
8308,0.587,1,1,1,42
8308,0.471,1,0,1,43
8308,0.441,1,1,1,44
8308,0.449,1,0,1,45
8308,0.809,1,0,1,46
8308,0.473,1,0,1,48
8308,0.506,1,0,1,49
8308,0.447,1,1,1,50
8308,0.394,1,0,1,52
8308,0.435,1,0,1,53
8308,0.421,1,1,1,54
8308,0.435,1,0,1,55
8308,0.452,1,0,1,56
8308,0.455,1,0,1,60
8308,0.377,1,0,1,61
8308,0.426,1,0,1,62
8308,0.429,0,1,1,63
8308,0.422,0,0,1,64
8308,0.404,1,0,1,66
8308,0.636,1,1,1,68
8308,0.498,1,0,1,69
8308,0.788,1,1,1,70
8308,0.433,1,1,1,72
8308,0.519,1,0,1,74
8308,0.452,1,0,1,76
8308,0.766,1,1,1,77
8308,0.504,1,1,1,78
8308,0.509,0,0,1,79
8308,0.523,1,0,1,80
8308,0.454,1,1,1,81
8308,0.497,1,0,1,82
8308,0.539,1,1,1,84
8308,0.512,1,0,1,86
8308,0.643,1,1,1,87
8308,0.581,1,1,1,89
8308,0.849,1,0,1,90
8308,0.515,1,1,1,91
8308,0.548,1,1,1,93
8308,0.493,1,1,1,95
8308,0.522,1,1,1,96
8308,0.486,1,0,1,97
8308,0.591,1,1,1,98
8308,0.589,1,1,1,99
8308,0.548,1,0,1,100
8308,0.681,1,1,1,102
8308,0.789,1,1,1,103
8308,0.557,1,1,1,105
8308,0.722,1,0,1,107
8308,0.636,1,0,1,109
8308,0.628,1,1,1,112
8308,0.615,1,0,1,113
8308,0.722,1,0,1,114
8308,0.437,1,0,1,115
8308,1.022,1,1,1,117
8308,0.697,1,0,1,118
8308,0.513,1,0,1,120
8308,0.638,0,1,1,121
8308,0.607,1,1,1,122
8308,0.982,1,0,1,123
8308,0.908,1,1,1,124
8308,0.54,1,0,1,125
8308,0.736,1,1,1,126
8308,0.652,1,1,1,127
8308,0.537,0,0,1,5
8308,0.569,1,1,1,6
8308,0.644,1,0,1,9
8308,0.549,1,1,1,10
8308,0.57,1,0,1,12
8308,0.588,1,0,1,14
8308,0.82,1,0,1,15
8308,0.514,1,0,1,19
8308,0.503,1,0,1,20
8308,0.481,1,1,1,21
8308,0.804,1,1,1,22
8308,0.524,1,1,1,23
8308,0.455,1,1,1,24
8308,0.535,1,0,1,25
8308,0.47,1,1,1,27
8308,0.37,1,1,1,28
8308,0.454,1,0,1,30
8308,0.591,1,0,1,31
8308,0.521,1,0,1,32
8308,0.671,0,1,1,34
8308,0.571,1,1,1,36
8308,0.403,1,0,1,37
8308,0.422,1,0,1,39
8308,0.503,1,0,1,40
8308,0.438,0,1,1,43
8308,0.772,1,0,1,45
8308,0.441,1,0,1,46
8308,0.565,1,0,1,50
8308,1.002,1,0,1,57
8308,0.63,1,1,1,58
8308,0.705,1,1,1,60
8308,0.487,1,1,1,61
8308,0.444,1,0,1,62
8308,0.508,1,1,1,65
8308,0.732,1,1,1,66
8308,0.87,1,1,1,67
8308,0.605,1,0,1,69
8308,0.555,1,1,1,71
8308,0.372,1,0,1,72
8308,0.388,1,1,1,73
8308,0.641,1,0,1,75
8308,0.426,1,0,1,76
8308,0.473,1,1,1,77
8308,0.47,1,1,1,78
8308,0.369,1,1,1,80
8308,0.451,1,0,1,81
8308,0.739,1,1,1,82
8308,0.57,1,1,1,83
8308,0.393,1,0,1,84
8308,0.408,1,0,1,85
8308,0.459,1,1,1,86
8308,0.585,1,1,1,87
8308,0.437,1,0,1,90
8308,0.532,1,1,1,91
8308,0.579,1,1,1,93
8308,0.456,1,0,1,94
8308,0.42,1,0,1,95
8308,0.686,1,1,1,97
8308,0.604,1,1,1,98
8308,0.506,1,1,1,99
8308,0.481,1,0,1,100
8308,0.401,1,0,1,101
8308,0.492,1,0,1,102
8308,0.427,1,0,1,103
8308,0.512,1,1,1,106
8308,0.611,1,0,1,107
8308,0.437,1,0,1,108
8308,0.439,1,1,1,109
8308,0.512,1,1,1,111
8308,0.603,0,1,1,112
8308,0.683,1,0,1,113
8308,0.635,1,0,1,116
8308,0.394,1,0,1,117
8308,1.005,1,1,1,118
8308,0.49,1,1,1,119
8308,0.591,1,1,1,120
8308,0.73,0,1,1,121
8308,0.505,1,0,1,122
8308,0.425,1,0,1,123
8308,0.553,1,0,1,126
8308,0.779,1,1,1,127
8308,0.684,1,1,1,0
8308,0.474,1,0,1,3
8308,0.405,1,0,1,4
8308,0.513,1,1,1,7
8308,0.392,1,0,1,8
8308,0.679,1,1,1,9
8308,0.618,1,1,1,10
8308,0.488,1,1,1,11
8308,0.403,1,0,1,12
8308,0.353,1,0,1,13
8308,0.437,1,1,1,16
8308,0.325,1,0,1,17
8308,0.403,1,1,1,19
8308,0.805,1,0,1,20
8308,0.814,1,0,1,24
8308,0.71,1,0,1,25
8308,0.488,1,1,1,26
8308,0.353,1,0,1,27
8308,0.657,1,0,1,30
8308,0.453,1,0,1,31
8308,0.489,1,1,1,33
8308,0.77,1,1,1,34
8308,0.655,1,1,1,35
8308,0.464,1,0,1,39
8308,0.465,1,1,1,40
8308,0.475,1,0,1,43
8308,0.631,1,1,1,44
8308,0.383,1,0,1,45
8308,0.488,1,0,1,46
8308,0.527,1,0,1,48
8308,0.467,1,1,1,49
8308,0.417,1,0,1,51
8308,0.419,1,0,1,52
8308,0.556,1,1,1,53
8308,0.403,1,1,1,54
8308,0.377,1,0,1,55
8308,0.474,1,0,1,59
8308,0.473,1,1,1,60
8308,0.406,1,0,1,61
8308,0.52,1,0,1,62
8308,0.606,1,1,1,64
8308,0.505,1,1,1,66
8308,0.521,1,0,1,67
8308,0.418,1,0,1,68
8308,0.537,0,1,1,70
8308,0.847,1,0,1,72
8308,0.507,1,1,1,77
8308,0.448,0,0,1,80
8308,0.545,1,0,1,81
8308,0.554,1,1,1,82
8308,0.409,1,0,1,86
8308,0.389,1,1,1,87
8308,0.462,1,0,1,88
8308,0.502,1,0,1,89
8308,0.439,1,1,1,91
8308,0.354,1,0,1,92
8308,0.354,1,1,1,94
8308,0.604,1,1,1,95
8308,0.584,1,1,1,96
8308,0.483,1,0,1,97
8308,0.471,1,0,1,98
8308,0.437,1,0,1,99
8308,0.48,1,0,1,100
8308,0.569,1,1,1,102
8308,0.579,1,1,1,103
8308,0.421,1,1,1,104
8308,0.502,1,1,1,107
8308,0.488,1,0,1,108
8308,0.439,1,1,1,109
8308,1.03,1,0,1,110
8308,0.525,1,0,1,111
8308,0.754,1,1,1,112
8308,0.457,1,1,1,114
8308,0.504,1,1,1,115
8308,0.489,0,1,1,116
8308,0.488,1,1,1,117
8308,0.458,0,0,1,119
8308,0.503,1,1,1,121
8308,0.617,1,0,1,122
8308,0.532,1,1,1,123
8308,0.604,1,0,1,124
8308,0.731,1,1,1,125
8308,0.779,1,1,1,126
8308,0.462,1,1,1,127
8308,0.622,1,1,1,2
8308,0.47,1,0,1,3
8308,0.652,1,0,1,4
8308,0.431,1,0,1,8
8308,0.455,1,1,1,9
8308,0.472,1,1,1,10
8308,0.44,1,1,1,16
8308,0.586,1,1,1,17
8308,0.453,1,0,1,20
8308,0.771,1,0,1,22
8308,0.374,1,0,1,24
8308,0.53,1,1,1,25
8308,0.404,1,1,1,26
8308,0.666,1,0,1,27
8308,0.422,1,0,1,29
8308,0.665,1,1,1,30
8308,0.532,1,0,1,31
8308,0.388,1,0,1,32
8308,0.468,1,1,1,35
8308,0.744,1,1,1,37
8308,0.447,1,0,1,38
8308,0.487,1,1,1,39
8308,0.373,1,1,1,40
8308,0.403,1,1,1,41
8308,0.503,1,0,1,42
8308,0.354,1,1,1,43
8308,0.464,1,0,1,45
8308,0.523,1,0,1,46
8308,1.051,1,0,1,47
8308,0.403,1,0,1,48
8308,0.334,1,0,1,50
8308,0.865,1,1,1,51
8308,0.436,1,0,1,53
8308,0.457,1,0,1,54
8308,0.72,1,0,1,57
8308,0.397,1,1,1,58
8308,0.555,1,0,1,59
8308,0.522,1,1,1,60
8308,0.819,1,1,1,61
8308,0.921,1,1,1,63
8308,0.561,1,1,1,66
8308,0.57,1,0,1,67
8308,0.456,1,0,1,68
8308,0.479,1,1,1,69
8308,0.577,1,0,1,70
8308,0.506,1,1,1,72
8308,0.837,1,1,1,74
8308,0.577,1,1,1,75
8308,0.654,1,0,1,76
8308,0.521,1,0,1,77
8308,0.431,1,1,1,78
8308,0.671,1,0,1,79
8308,0.527,1,1,1,81
8308,0.905,1,1,1,83
8308,0.492,1,1,1,84
8308,0.617,1,0,1,85
8308,0.474,1,1,1,86
8308,0.56,1,1,1,88
8308,0.577,1,0,1,89
8308,0.46,0,1,1,91
8308,0.625,1,0,1,92
8308,0.422,1,0,1,97
8308,0.772,1,0,1,99
8308,0.442,1,0,1,100
8308,0.379,1,1,1,101
8308,0.62,1,1,1,102
8308,0.505,1,1,1,105
8308,0.412,1,0,1,106
8308,0.404,1,0,1,109
8308,0.488,1,1,1,110
8308,0.52,1,1,1,111
8308,0.602,1,0,1,113
8308,0.393,1,0,1,114
8308,0.613,1,1,1,115
8308,0.371,1,1,1,116
8308,0.54,1,0,1,117
8308,0.367,0,1,1,118
8308,0.526,1,0,1,119
8308,0.502,1,0,1,120
8308,0.582,1,1,1,122
8308,0.571,1,0,1,123
8308,0.831,1,1,1,125
8308,0.531,1,0,1,126
8308,0.283,1,1,1,110
8308,0.713,1,1,1,3
8308,0.321,0,0,1,5
8308,0.613,1,1,1,6
8308,0.474,1,1,1,7
8308,0.403,1,1,1,8
8308,0.552,1,0,1,10
8308,0.456,1,1,1,11
8308,0.38,1,0,1,12
8308,0.518,1,1,1,14
8308,0.572,1,1,1,16
8308,0.438,1,0,1,17
8308,0.437,1,0,1,21
8308,0.504,0,0,1,22
8308,0.428,1,0,1,24
8308,0.354,1,1,1,25
8308,0.507,1,1,1,27
8308,0.503,1,1,1,28
8308,0.492,1,0,1,31
8308,0.502,0,0,1,32
8308,0.771,1,1,1,33
8308,0.47,1,1,1,34
8308,0.607,1,1,1,35
8308,0.708,1,0,1,36
8308,0.854,1,0,1,38
8308,0.682,1,1,1,39
8308,0.878,1,1,1,40
8308,0.469,1,0,1,42
8308,0.464,1,1,1,44
8308,0.643,1,1,1,45
8308,0.516,1,0,1,47
8308,0.61,1,1,1,49
8308,0.436,1,1,1,51
8308,0.457,1,1,1,54
8308,0.538,1,0,1,55
8308,0.452,1,0,1,56
8308,0.656,1,0,1,57
8308,0.588,1,1,1,58
8308,0.574,1,1,1,59
8308,0.636,1,1,1,60
8308,0.85,1,0,1,61
8308,0.754,1,0,1,62
8308,0.407,1,0,1,63
8308,0.47,1,0,1,64
8308,0.619,1,0,1,65
8308,0.454,1,1,1,66
8308,0.811,1,1,1,68
8308,0.352,1,1,1,69
8308,0.492,1,0,1,70
8308,0.615,1,0,1,72
8308,0.492,1,0,1,73
8308,0.554,1,0,1,74
8308,0.474,1,1,1,78
8308,0.682,1,0,1,79
8308,0.564,1,0,1,82
8308,0.648,1,1,1,83
8308,0.637,1,1,1,84
8308,0.611,1,1,1,85
8308,0.496,1,0,1,87
8308,0.488,1,1,1,93
8308,0.426,1,1,1,95
8308,0.47,1,0,1,97
8308,0.603,1,0,1,98
8308,0.437,1,1,1,100
8308,0.458,1,1,1,101
8308,0.485,1,1,1,102
8308,0.335,1,0,1,103
8308,0.522,1,1,1,105
8308,0.369,0,1,1,106
8308,0.551,1,0,1,107
8308,0.572,1,1,1,108
8308,0.518,1,0,1,109
8308,0.454,1,0,1,111
8308,0.492,1,1,1,112
8308,0.421,1,0,1,115
8308,0.444,1,0,1,116
8308,0.604,1,0,1,117
8308,0.448,1,1,1,120
8308,0.57,1,1,1,121
8308,0.647,1,0,1,122
8308,0.36,1,0,1,123
8308,0.422,1,0,1,124
8308,0.653,1,1,1,127
8308,0.321,0,1,1,3
8308,0.397,1,0,1,5
8308,0.469,1,1,1,11
8308,0.721,1,1,1,13
8308,0.436,1,0,1,15
8308,0.42,1,0,1,17
8308,0.604,1,1,1,19
8308,0.5,1,1,1,21
8308,0.659,1,1,1,23
8308,0.458,1,0,1,24
8308,0.456,1,0,1,26
8308,0.525,1,0,1,27
8308,0.446,1,1,1,29
8308,0.286,1,1,1,30
8308,0.42,1,1,1,31
8308,0.555,1,0,1,33
8308,0.807,1,1,1,34
8308,0.518,1,1,1,35
8308,0.601,1,1,1,36
8308,0.471,1,0,1,37
8308,0.631,1,1,1,38
8308,0.649,1,1,1,39
8308,0.405,1,1,1,41
8308,0.42,1,1,1,42
8308,0.423,0,0,1,44
8308,0.404,1,1,1,47
8308,0.453,1,1,1,48
8308,0.473,1,1,1,49
8308,0.442,1,0,1,51
8308,0.686,1,0,1,52
8308,0.388,1,1,1,53
8308,0.537,0,1,1,55
8308,0.589,1,1,1,57
8308,0.72,1,0,1,59
8308,0.615,1,1,1,60
8308,1.037,0,0,1,61
8308,0.632,1,1,1,62
8308,0.597,1,0,1,65
8308,0.602,1,0,1,67
8308,0.805,1,0,1,68
8308,0.672,1,0,1,70
8308,0.554,1,1,1,71
8308,0.453,1,1,1,72
8308,0.389,1,0,1,73
8308,0.622,1,1,1,74
8308,0.388,1,0,1,80
8308,0.78,1,1,1,81
8308,0.67,0,0,1,82
8308,0.622,1,0,1,85
8308,0.427,1,0,1,86
8308,0.888,1,1,1,87
8308,0.572,1,1,1,88
8308,0.677,1,0,1,89
8308,0.486,1,0,1,92
8308,0.813,1,0,1,95
8308,1.122,0,0,1,96
8308,0.604,1,0,1,97
8308,0.543,1,1,1,100
8308,0.52,1,1,1,101
8308,0.777,1,1,1,103
8308,0.515,1,0,1,104
8308,0.653,1,0,1,105
8308,0.419,1,1,1,106
8308,0.599,1,0,1,107
8308,0.523,1,1,1,108
8308,0.849,1,0,1,109
8308,0.617,1,0,1,110
8308,0.468,1,0,1,113
8308,0.574,1,0,1,114
8308,0.537,1,0,1,115
8308,0.446,1,0,1,116
8308,0.587,1,0,1,117
8308,0.47,1,1,1,119
8308,0.637,1,1,1,120
8308,0.487,1,0,1,121
8308,0.487,0,0,1,123
8308,0.631,1,1,1,124
8308,0.552,1,1,1,125
8308,0.613,1,0,1,126
8311,0.54,1,0,1,0
8311,0.407,1,0,1,1
8311,0.361,1,0,1,2
8311,0.414,1,1,1,3
8311,0.375,1,1,1,5
8311,0.483,1,0,1,6
8311,0.448,1,0,1,8
8311,0.414,1,0,1,9
8311,0.567,0,0,1,10
8311,0.505,1,1,1,14
8311,0.446,1,1,1,15
8311,0.391,1,1,1,16
8311,0.43,1,0,1,17
8311,0.43,1,0,1,19
8311,0.387,1,1,1,20
8311,0.372,1,1,1,21
8311,0.38,1,0,1,22
8311,0.365,1,1,1,23
8311,0.334,0,1,1,24
8311,0.543,1,1,1,26
8311,0.482,1,0,1,27
8311,0.499,1,0,1,28
8311,0.396,1,0,1,29
8311,0.41,1,0,1,30
8311,0.624,1,0,1,34
8311,0.399,1,1,1,35
8311,0.489,1,1,1,36
8311,0.426,1,1,1,37
8311,0.456,1,1,1,38
8311,0.447,1,0,1,39
8311,0.707,1,0,1,40
8311,0.622,1,1,1,42
8311,0.586,1,1,1,46
8311,0.487,1,0,1,49
8311,0.52,1,1,1,50
8311,0.485,1,0,1,53
8311,0.471,1,0,1,55
8311,0.449,1,1,1,56
8311,0.447,1,0,1,58
8311,0.525,1,1,1,59
8311,0.458,0,0,1,60
8311,0.541,1,1,1,61
8311,0.573,1,1,1,62
8311,0.628,1,0,1,64
8311,0.411,0,1,1,67
8311,0.53,1,0,1,69
8311,0.484,1,1,1,70
8311,0.471,1,0,1,72
8311,0.484,1,1,1,73
8311,0.484,1,1,1,74
8311,0.419,1,1,1,75
8311,0.516,1,1,1,78
8311,0.43,1,0,1,79
8311,0.394,1,1,1,80
8311,0.451,0,1,1,81
8311,0.458,1,1,1,82
8311,0.546,1,1,1,87
8311,0.471,0,0,1,88
8311,0.578,1,1,1,89
8311,0.389,1,1,1,91
8311,0.702,1,1,1,92
8311,0.502,1,0,1,93
8311,0.729,1,1,1,94
8311,0.513,1,0,1,97
8311,0.541,1,0,1,99
8311,0.544,0,1,1,100
8311,0.405,1,0,1,101
8311,0.446,1,0,1,102
8311,0.504,0,1,1,103
8311,0.527,1,0,1,104
8311,0.387,1,0,1,106
8311,0.656,1,1,1,108
8311,0.741,1,0,1,111
8311,0.464,1,0,1,112
8311,0.439,0,0,1,113
8311,0.542,1,0,1,114
8311,0.443,1,0,1,115
8311,0.539,1,0,1,117
8311,0.39,1,0,1,120
8311,0.562,1,1,1,121
8311,0.442,1,1,1,123
8311,0.443,1,0,1,125
8311,0.622,0,1,1,0
8311,0.426,0,1,1,5
8311,0.611,1,1,1,6
8311,0.65,1,0,1,12
8311,0.454,1,1,1,13
8311,0.475,1,1,1,14
8311,0.346,1,1,1,15
8311,0.361,1,0,1,17
8311,0.368,0,0,1,18
8311,0.415,1,1,1,19
8311,0.463,1,0,1,21
8311,0.622,1,1,1,23
8311,0.616,1,0,1,24
8311,0.402,1,0,1,27
8311,0.345,1,1,1,28
8311,0.538,1,1,1,29
8311,0.432,1,0,1,30
8311,0.466,1,1,1,31
8311,0.471,1,0,1,32
8311,0.38,1,0,1,33
8311,0.374,1,1,1,34
8311,0.387,1,1,1,35
8311,0.465,1,0,1,36
8311,0.47,1,0,1,37
8311,0.338,1,0,1,38
8311,0.353,0,1,1,40
8311,0.463,1,0,1,41
8311,0.376,1,1,1,42
8311,0.426,1,0,1,44
8311,0.548,1,0,1,49
8311,0.44,1,1,1,50
8311,0.395,1,0,1,51
8311,0.334,1,0,1,53
8311,0.456,1,1,1,55
8311,0.497,1,0,1,56
8311,0.432,1,0,1,58
8311,0.499,1,1,1,59
8311,0.541,1,1,1,60
8311,0.44,0,0,1,61
8311,0.456,1,0,1,62
8311,0.392,1,0,1,63
8311,0.414,1,1,1,64
8311,0.364,1,0,1,65
8311,0.687,1,1,1,67
8311,0.707,1,0,1,70
8311,0.539,1,0,1,75
8311,0.574,1,1,1,76
8311,0.405,1,0,1,78
8311,0.366,1,1,1,80
8311,0.339,1,1,1,81
8311,0.48,1,1,1,82
8311,0.367,1,1,1,83
8311,0.459,1,1,1,84
8311,0.404,1,0,1,86
8311,0.368,0,1,1,87
8311,0.419,1,1,1,88
8311,0.472,1,1,1,89
8311,0.443,1,1,1,90
8311,0.456,1,1,1,92
8311,0.492,1,0,1,93
8311,0.455,1,0,1,94
8311,0.388,1,0,1,96
8311,0.39,1,0,1,97
8311,0.428,1,0,1,98
8311,0.396,1,1,1,99
8311,0.576,1,0,1,100
8311,0.433,0,0,1,101
8311,0.508,1,1,1,102
8311,0.484,1,0,1,103
8311,0.508,1,0,1,104
8311,0.479,1,1,1,106
8311,0.451,1,1,1,107
8311,0.425,1,1,1,108
8311,0.451,1,1,1,111
8311,0.432,1,1,1,112
8311,0.483,1,0,1,113
8311,0.538,1,1,1,116
8311,0.648,1,0,1,118
8311,0.736,1,0,1,119
8311,0.435,1,1,1,120
8311,0.43,1,0,1,121
8311,0.337,1,0,1,122
8311,0.38,1,1,1,123
8311,0.396,1,0,1,125
8311,0.39,1,0,1,1
8311,0.446,1,0,1,2
8311,0.416,1,1,1,5
8311,0.622,1,1,1,6
8311,0.53,1,1,1,9
8311,0.592,1,1,1,10
8311,0.363,1,1,1,12
8311,0.433,0,1,1,13
8311,0.539,1,0,1,14
8311,0.589,1,0,1,15
8311,0.48,1,1,1,16
8311,0.454,1,1,1,17
8311,0.504,1,1,1,20
8311,0.525,1,1,1,22
8311,0.593,1,0,1,23
8311,0.429,1,1,1,24
8311,0.391,1,1,1,25
8311,0.313,1,0,1,28
8311,0.51,1,1,1,29
8311,0.332,1,0,1,31
8311,0.418,1,0,1,32
8311,0.334,1,1,1,33
8311,0.39,1,1,1,34
8311,0.436,1,0,1,36
8311,0.715,1,0,1,37
8311,0.604,1,0,1,39
8311,0.405,1,0,1,40
8311,0.402,1,1,1,41
8311,0.528,1,1,1,42
8311,0.555,1,1,1,44
8311,0.393,1,1,1,45
8311,0.474,1,1,1,46
8311,0.469,1,0,1,49
8311,0.404,1,0,1,50
8311,0.405,1,0,1,52
8311,0.366,1,0,1,53
8311,0.449,1,0,1,55
8311,0.424,1,0,1,56
8311,0.575,1,0,1,57
8311,0.671,1,0,1,58
8311,0.431,1,0,1,60
8311,0.423,0,1,1,61
8311,0.482,1,1,1,62
8311,0.483,1,1,1,63
8311,0.467,1,0,1,65
8311,0.493,1,1,1,66
8311,0.428,1,1,1,67
8311,0.385,1,0,1,68
8311,0.581,1,1,1,69
8311,0.447,1,1,1,70
8311,0.373,1,1,1,74
8311,0.591,1,0,1,75
8311,0.438,1,0,1,77
8311,0.506,1,0,1,79
8311,0.529,1,1,1,81
8311,0.41,1,0,1,86
8311,0.607,1,0,1,88
8311,0.446,0,1,1,89
8311,0.395,1,0,1,92
8311,0.597,1,1,1,93
8311,0.35,1,0,1,97
8311,0.434,0,1,1,98
8311,0.504,1,0,1,99
8311,0.508,1,0,1,100
8311,0.457,1,1,1,101
8311,0.361,1,0,1,103
8311,0.474,1,1,1,104
8311,0.417,1,1,1,105
8311,0.334,1,0,1,109
8311,0.417,1,0,1,111
8311,0.436,1,0,1,112
8311,0.391,1,0,1,113
8311,0.426,1,1,1,114
8311,0.475,1,1,1,116
8311,0.482,1,0,1,117
8311,0.392,1,0,1,118
8311,0.487,1,1,1,119
8311,0.681,1,1,1,120
8311,0.567,1,1,1,121
8311,0.594,1,0,1,122
8311,0.477,1,0,1,125
8311,0.433,1,1,1,126
8311,0.375,0,0,1,1
8311,0.405,1,0,1,2
8311,0.388,1,0,1,3
8311,0.379,1,0,1,5
8311,0.308,1,0,1,6
8311,0.364,1,1,1,10
8311,0.318,1,0,1,12
8311,0.3,1,1,1,13
8311,0.289,0,1,1,14
8311,0.427,1,0,1,16
8311,0.54,1,0,1,17
8311,0.386,1,0,1,18
8311,0.4,1,1,1,19
8311,0.646,1,1,1,20
8311,0.316,1,1,1,21
8311,0.489,1,0,1,24
8311,0.549,1,1,1,25
8311,0.407,1,1,1,26
8311,0.556,1,1,1,28
8311,0.446,1,0,1,31
8311,0.496,1,1,1,33
8311,0.462,1,1,1,35
8311,0.501,1,1,1,37
8311,0.583,1,1,1,38
8311,0.391,1,1,1,39
8311,0.439,1,1,1,41
8311,0.375,1,0,1,42
8311,0.298,0,1,1,43
8311,0.371,0,0,1,44
8311,0.451,1,0,1,46
8311,0.371,1,1,1,48
8311,0.427,1,0,1,49
8311,0.381,0,0,1,50
8311,0.388,1,1,1,53
8311,0.488,1,0,1,56
8311,0.349,1,0,1,57
8311,0.51,1,1,1,60
8311,0.367,0,1,1,61
8311,0.514,1,1,1,62
8311,0.34,0,1,1,64
8311,0.471,1,1,1,66
8311,0.418,1,0,1,67
8311,0.479,1,1,1,68
8311,0.404,1,1,1,69
8311,0.348,0,0,1,71
8311,0.428,1,0,1,72
8311,0.522,1,0,1,73
8311,0.368,1,0,1,75
8311,0.491,1,0,1,77
8311,0.341,1,0,1,79
8311,0.366,1,0,1,80
8311,0.364,1,1,1,81
8311,0.497,1,0,1,83
8311,0.417,1,0,1,84
8311,0.334,1,1,1,85
8311,0.391,1,1,1,86
8311,0.44,1,1,1,87
8311,0.59,1,0,1,89
8311,0.59,1,0,1,90
8311,0.463,1,0,1,91
8311,0.352,1,1,1,92
8311,0.51,1,0,1,94
8311,0.481,1,1,1,96
8311,0.535,0,1,1,97
8311,0.519,1,0,1,98
8311,0.362,1,1,1,100
8311,0.532,1,1,1,101
8311,0.513,1,1,1,102
8311,0.591,1,0,1,103
8311,0.445,1,1,1,104
8311,0.311,1,1,1,106
8311,0.424,1,0,1,108
8311,0.404,1,0,1,109
8311,0.415,1,1,1,110
8311,0.459,1,0,1,111
8311,0.432,1,1,1,112
8311,0.338,1,0,1,116
8311,0.345,0,1,1,117
8311,0.507,1,0,1,118
8311,0.317,0,1,1,119
8311,0.437,1,1,1,121
8311,0.482,1,0,1,122
8311,0.392,1,0,1,124
8311,0.286,1,0,1,127
8311,0.627,1,0,1,0
8311,0.43,1,0,1,1
8311,0.37,1,0,1,2
8311,0.367,1,0,1,5
8311,0.417,1,0,1,7
8311,0.378,1,0,1,8
8311,0.321,1,1,1,9
8311,0.45,1,0,1,11
8311,0.349,1,1,1,17
8311,0.338,1,1,1,18
8311,0.496,1,0,1,19
8311,0.437,1,0,1,20
8311,0.49,0,1,1,22
8311,0.358,1,0,1,25
8311,0.391,1,0,1,26
8311,0.348,1,0,1,27
8311,0.334,1,0,1,28
8311,0.345,0,1,1,29
8311,0.401,1,1,1,31
8311,0.395,1,1,1,32
8311,0.464,1,1,1,33
8311,0.537,1,1,1,34
8311,0.467,1,0,1,35
8311,0.482,1,1,1,36
8311,0.529,1,0,1,38
8311,0.416,1,1,1,40
8311,0.342,1,1,1,41
8311,0.367,1,1,1,42
8311,0.481,1,1,1,44
8311,0.347,1,0,1,46
8311,0.356,0,1,1,47
8311,0.423,1,1,1,48
8311,0.374,1,0,1,49
8311,0.379,1,1,1,50
8311,0.514,1,1,1,52
8311,0.435,0,0,1,53
8311,0.634,1,0,1,54
8311,0.311,0,1,1,55
8311,0.521,1,0,1,58
8311,0.465,1,1,1,59
8311,0.485,1,1,1,60
8311,0.336,1,1,1,61
8311,0.701,1,1,1,64
8311,0.375,1,0,1,66
8311,0.312,1,1,1,67
8311,0.377,1,0,1,68
8311,0.613,1,0,1,70
8311,0.473,1,0,1,71
8311,0.683,1,0,1,73
8311,0.431,1,0,1,74
8311,0.681,1,1,1,77
8311,0.365,1,0,1,78
8311,0.383,1,1,1,79
8311,0.447,1,1,1,81
8311,0.352,0,0,1,82
8311,0.34,1,1,1,83
8311,0.346,0,1,1,84
8311,0.405,0,1,1,85
8311,0.461,1,0,1,86
8311,0.445,1,1,1,87
8311,0.431,1,1,1,88
8311,0.361,0,1,1,90
8311,0.444,1,0,1,91
8311,0.421,1,0,1,92
8311,0.506,1,1,1,93
8311,0.307,1,0,1,94
8311,0.456,1,0,1,96
8311,0.398,1,1,1,98
8311,0.411,0,1,1,99
8311,0.717,1,1,1,100
8311,0.406,1,0,1,102
8311,0.45,0,0,1,103
8311,0.498,1,0,1,104
8311,0.417,1,0,1,106
8311,0.435,0,1,1,109
8311,0.38,1,0,1,110
8311,0.368,1,0,1,111
8311,0.554,1,1,1,114
8311,0.657,1,0,1,117
8311,0.552,0,1,1,120
8311,0.55,1,1,1,121
8311,0.532,1,1,1,122
8311,0.516,1,0,1,123
8311,0.446,1,0,1,124
8311,0.372,1,0,1,0
8311,0.343,1,0,1,2
8311,0.345,1,0,1,3
8311,0.484,1,1,1,4
8311,0.383,1,1,1,7
8311,0.643,1,1,1,8
8311,0.439,1,1,1,9
8311,0.38,1,0,1,10
8311,0.484,1,1,1,11
8311,0.362,1,1,1,12
8311,0.457,1,0,1,14
8311,0.425,1,1,1,15
8311,0.492,1,1,1,16
8311,0.499,0,0,1,17
8311,0.492,0,1,1,19
8311,0.384,1,0,1,20
8311,0.313,1,1,1,21
8311,0.35,1,1,1,22
8311,0.446,0,0,1,24
8311,0.385,1,0,1,25
8311,0.41,1,1,1,27
8311,0.399,0,0,1,29
8311,0.404,1,0,1,30
8311,0.485,1,1,1,31
8311,0.356,1,1,1,32
8311,0.589,1,0,1,33
8311,0.53,1,1,1,34
8311,0.476,1,0,1,36
8311,0.52,1,1,1,41
8311,0.501,1,1,1,42
8311,0.431,0,1,1,43
8311,0.428,1,1,1,46
8311,0.357,1,1,1,47
8311,0.444,1,0,1,48
8311,0.367,1,0,1,49
8311,0.556,1,0,1,51
8311,0.807,1,1,1,53
8311,0.59,1,1,1,54
8311,0.458,1,0,1,55
8311,0.419,1,0,1,56
8311,0.556,1,0,1,57
8311,0.418,1,1,1,59
8311,0.648,1,1,1,61
8311,0.523,1,1,1,62
8311,0.427,1,0,1,63
8311,0.513,1,0,1,67
8311,0.449,1,1,1,68
8311,0.522,1,0,1,70
8311,0.669,1,1,1,72
8311,0.473,1,1,1,73
8311,0.405,1,0,1,78
8311,0.385,1,0,1,81
8311,0.31,0,0,1,83
8311,0.389,0,1,1,86
8311,0.501,1,0,1,87
8311,0.426,1,0,1,88
8311,0.432,1,0,1,89
8311,0.499,1,1,1,90
8311,0.287,1,0,1,93
8311,0.378,1,1,1,94
8311,0.341,1,1,1,95
8311,0.457,1,1,1,97
8311,0.349,1,0,1,100
8311,0.359,1,1,1,101
8311,0.418,1,0,1,102
8311,0.342,0,0,1,104
8311,0.51,1,1,1,105
8311,0.431,1,1,1,107
8311,0.363,1,0,1,110
8311,0.401,1,0,1,111
8311,0.446,1,0,1,112
8311,0.388,1,0,1,114
8311,0.398,1,0,1,115
8311,0.379,1,0,1,117
8311,0.404,1,0,1,118
8311,0.358,1,1,1,119
8311,0.363,1,1,1,122
8311,0.362,1,0,1,123
8311,0.424,1,0,1,124
8311,0.581,1,1,1,125
8311,0.731,1,1,1,126
8311,0.493,0,1,1,127
8311,0.561,1,1,1,0
8311,0.34,1,1,1,1
8311,0.39,1,1,1,2
8311,0.314,1,0,1,3
8311,0.401,1,1,1,4
8311,0.353,0,1,1,5
8311,0.395,1,0,1,7
8311,0.34,1,1,1,8
8311,0.363,1,0,1,10
8311,0.42,1,0,1,11
8311,0.455,1,1,1,13
8311,0.389,1,1,1,14
8311,0.44,1,0,1,15
8311,0.415,1,0,1,16
8311,0.422,0,0,1,20
8311,0.432,1,1,1,23
8311,0.374,0,1,1,24
8311,0.51,1,1,1,26
8311,0.379,1,0,1,30
8311,0.609,1,1,1,31
8311,0.51,1,0,1,32
8311,0.509,0,1,1,34
8311,0.462,0,0,1,35
8311,0.389,1,1,1,37
8311,0.576,1,0,1,38
8311,0.437,1,0,1,39
8311,0.379,0,1,1,41
8311,0.508,1,0,1,42
8311,0.487,1,1,1,43
8311,0.419,1,0,1,45
8311,0.422,1,0,1,47
8311,0.334,1,0,1,48
8311,0.373,1,0,1,51
8311,0.372,1,0,1,54
8311,0.432,1,0,1,56
8311,0.427,1,0,1,57
8311,0.475,1,0,1,59
8311,0.591,1,0,1,60
8311,0.395,1,1,1,61
8311,0.454,1,0,1,62
8311,0.449,0,1,1,66
8311,0.439,1,1,1,67
8311,0.37,1,0,1,68
8311,0.523,1,1,1,69
8311,0.455,0,1,1,70
8311,0.446,1,0,1,71
8311,0.493,1,0,1,72
8311,0.721,1,1,1,73
8311,0.822,1,1,1,74
8311,0.459,1,1,1,75
8311,0.452,1,0,1,78
8311,0.321,1,1,1,79
8311,0.401,1,0,1,81
8311,0.384,1,0,1,82
8311,0.395,1,1,1,84
8311,0.381,1,0,1,85
8311,0.385,0,1,1,87
8311,0.39,1,0,1,88
8311,0.556,1,1,1,89
8311,0.679,1,1,1,90
8311,0.46,1,0,1,91
8311,0.423,0,1,1,93
8311,0.631,1,1,1,98
8311,0.405,1,0,1,100
8311,0.325,1,1,1,101
8311,0.401,1,1,1,102
8311,0.543,1,0,1,105
8311,0.476,1,0,1,106
8311,0.436,1,1,1,107
8311,0.287,1,0,1,108
8311,0.472,1,1,1,110
8311,0.398,1,0,1,112
8311,0.325,1,1,1,113
8311,0.471,1,0,1,115
8311,0.58,1,1,1,116
8311,0.556,1,1,1,117
8311,0.369,0,1,1,119
8311,0.626,1,1,1,120
8311,0.702,1,0,1,121
8311,0.453,1,1,1,122
8311,0.503,1,0,1,123
8311,0.418,1,1,1,126
8311,0.417,1,0,1,127
8311,0.433,1,0,1,0
8311,0.444,0,1,1,2
8311,0.394,1,1,1,6
8311,0.372,1,1,1,7
8311,0.398,1,0,1,8
8311,0.394,1,1,1,10
8311,0.463,1,1,1,11
8311,0.34,1,0,1,12
8311,0.464,1,1,1,14
8311,0.551,1,0,1,15
8311,0.378,1,0,1,17
8311,0.442,1,1,1,18
8311,0.501,1,0,1,20
8311,0.322,1,1,1,21
8311,0.289,0,1,1,22
8311,0.311,1,0,1,23
8311,0.372,1,0,1,24
8311,0.317,1,1,1,25
8311,0.347,1,1,1,26
8311,0.521,1,0,1,29
8311,0.434,1,0,1,31
8311,0.405,1,0,1,33
8311,0.367,1,0,1,35
8311,0.525,1,1,1,36
8311,0.399,1,1,1,37
8311,0.487,1,1,1,38
8311,0.36,1,1,1,40
8311,0.417,1,0,1,42
8311,0.427,0,1,1,43
8311,0.392,1,1,1,45
8311,0.4,1,1,1,46
8311,0.369,1,0,1,47
8311,0.515,1,1,1,48
8311,0.461,1,0,1,49
8311,0.43,1,0,1,52
8311,0.436,1,0,1,53
8311,0.363,1,1,1,54
8311,0.427,1,0,1,56
8311,0.487,1,0,1,60
8311,0.417,0,0,1,61
8311,0.488,1,1,1,63
8311,0.51,1,1,1,65
8311,0.605,1,0,1,67
8311,0.389,1,0,1,68
8311,0.39,1,0,1,70
8311,0.369,1,0,1,71
8311,0.36,0,1,1,72
8311,0.417,1,1,1,73
8311,0.351,1,1,1,74
8311,0.412,1,1,1,75
8311,0.396,0,0,1,76
8311,0.45,1,0,1,77
8311,0.319,1,0,1,78
8311,0.347,1,1,1,80
8311,0.609,1,1,1,82
8311,0.525,1,1,1,83
8311,0.473,1,1,1,85
8311,0.305,1,0,1,88
8311,0.319,1,0,1,89
8311,0.394,1,0,1,92
8311,0.384,1,0,1,94
8311,0.446,0,1,1,96
8311,0.629,1,0,1,99
8311,0.539,1,0,1,100
8311,0.363,1,0,1,101
8311,0.509,1,0,1,102
8311,0.412,1,1,1,103
8311,0.307,1,0,1,104
8311,0.438,1,0,1,107
8311,0.334,1,0,1,109
8311,0.356,0,1,1,112
8311,0.362,1,1,1,113
8311,0.434,1,1,1,115
8311,0.393,1,1,1,116
8311,0.366,1,1,1,117
8311,0.369,1,1,1,118
8311,0.382,1,0,1,119
8311,0.38,1,1,1,120
8311,0.333,1,1,1,121
8311,0.336,1,1,1,122
8311,0.283,0,1,1,123
8311,0.588,1,0,1,125
8311,0.427,0,0,1,127
833,0.5503,1,0,1,1
833,0.4219,1,0,1,2
833,0.5221,1,1,1,3
833,0.5588,1,1,1,4
833,0.5569,1,1,1,6
833,0.5658,1,0,1,7
833,0.5482,1,1,1,8
833,0.5861,1,1,1,11
833,0.4883,1,0,1,12
833,0.4656,1,1,1,13
833,0.42790000000000006,1,0,1,14
833,0.4262,1,1,1,15
833,0.4217999999999999,1,1,1,17
833,0.4817,1,0,1,19
833,0.6113,1,0,1,22
833,0.4781,1,0,1,24
833,0.3963,1,0,1,25
833,0.4254,1,0,1,27
833,0.6355999999999999,1,1,1,28
833,0.3882,1,0,1,29
833,0.4375,1,0,1,30
833,0.5419,1,1,1,31
833,0.4655,1,0,1,33
833,0.4338999999999999,1,0,1,34
833,0.4613,1,0,1,35
833,0.3782,1,0,1,36
833,0.5447,1,1,1,37
833,0.4779,1,1,1,38
833,0.4666,1,0,1,39
833,0.5673,1,0,1,43
833,0.4504,1,1,1,45
833,0.4617,1,0,1,46
833,0.4153,1,0,1,47
833,0.46420000000000006,1,1,1,48
833,0.4608,1,0,1,49
833,0.42790000000000006,1,1,1,51
833,0.5704,1,1,1,55
833,0.6449,1,1,1,56
833,0.4737,1,1,1,57
833,0.4655,1,1,1,60
833,0.4903,1,0,1,61
833,0.6309,1,0,1,63
833,0.6995,1,0,1,67
833,0.4703000000000001,1,1,1,68
833,0.506,1,1,1,70
833,0.4385,1,0,1,72
833,0.459,1,1,1,73
833,0.4333,1,0,1,74
833,0.4477,0,1,1,75
833,0.5041,1,0,1,77
833,0.5023,1,1,1,78
833,0.5105,0,1,1,81
833,0.4097,1,0,1,83
833,0.4983999999999999,1,0,1,85
833,0.4841,1,0,1,86
833,0.5056,1,0,1,87
833,0.4473,1,1,1,88
833,0.4288,1,1,1,90
833,0.4753,1,1,1,93
833,0.5271,1,1,1,95
833,0.6104999999999999,0,1,1,96
833,0.4745,1,1,1,97
833,0.3824,1,0,1,98
833,0.4389,1,0,1,99
833,0.5802,1,0,1,103
833,0.569,1,1,1,104
833,0.6263,1,0,1,106
833,0.5263,1,0,1,108
833,0.55,1,1,1,110
833,0.5381,1,1,1,111
833,0.4204,1,0,1,113
833,0.4747,1,1,1,117
833,0.5745,1,0,1,119
833,0.5013,1,1,1,120
833,0.5266,1,1,1,121
833,0.4031,1,0,1,122
833,0.7051,1,1,1,124
833,0.6061,1,1,1,126
833,0.5051,1,0,1,127
833,0.5041,1,1,1,0
833,0.5295,1,1,1,2
833,0.4358999999999999,1,1,1,3
833,0.4649,1,0,1,4
833,0.5195,1,1,1,5
833,0.4951,1,0,1,6
833,0.4676,1,0,1,7
833,0.491,1,0,1,8
833,0.5101,1,1,1,12
833,0.5599,1,0,1,14
833,0.4741,1,0,1,15
833,0.4851,1,0,1,16
833,0.5215,1,1,1,17
833,0.4269,1,0,1,19
833,0.6913,1,1,1,20
833,0.4357,1,0,1,21
833,0.5273,1,1,1,22
833,0.4477,1,0,1,25
833,0.7289,1,1,1,26
833,0.5327,1,1,1,31
833,0.502,1,0,1,33
833,0.4991,1,0,1,36
833,0.4596,1,0,1,37
833,0.4979,1,1,1,38
833,0.5162,1,1,1,39
833,0.5013,1,1,1,40
833,0.4881,1,1,1,42
833,0.5228,1,0,1,44
833,0.4583,1,1,1,47
833,0.4945,1,0,1,48
833,0.5267,0,1,1,51
833,0.5602,1,1,1,52
833,0.4674,1,0,1,53
833,0.4752,1,1,1,54
833,0.5872,1,0,1,55
833,0.5096,1,1,1,56
833,0.4659,1,1,1,57
833,0.485,1,0,1,58
833,0.5273,1,0,1,59
833,0.4497,1,0,1,60
833,0.7845,1,1,1,61
833,0.5195,1,1,1,63
833,0.5103,1,1,1,68
833,0.4479,1,0,1,70
833,0.5187,1,1,1,73
833,0.4875,1,1,1,74
833,0.5893,1,1,1,76
833,0.4597,1,0,1,77
833,0.5097,1,1,1,79
833,0.4454,1,1,1,80
833,0.4341,1,0,1,81
833,0.3921,1,0,1,82
833,0.533,1,1,1,83
833,0.4241,1,0,1,84
833,0.4305,1,0,1,85
833,0.4348,1,0,1,86
833,0.5528,1,1,1,89
833,0.4221,1,0,1,90
833,0.4261,1,0,1,93
833,0.4345,1,1,1,94
833,0.4456,1,0,1,95
833,0.4486,1,1,1,96
833,0.4348999999999999,1,0,1,98
833,0.4668,1,0,1,99
833,0.4608,1,0,1,100
833,0.4225,1,0,1,102
833,0.564,1,0,1,103
833,0.4909,1,0,1,104
833,0.4713000000000001,1,1,1,105
833,0.5013,1,1,1,106
833,0.5042,1,1,1,108
833,0.5602,1,1,1,109
833,0.4214,1,0,1,111
833,0.5253,1,1,1,112
833,0.41480000000000006,1,1,1,113
833,0.5909,1,1,1,114
833,0.5326,1,0,1,115
833,0.411,1,1,1,116
833,0.5874,1,1,1,118
833,0.4951,1,1,1,119
833,0.4072,1,0,1,121
833,0.4623,0,0,1,123
833,0.384,1,0,1,124
833,0.4032,1,0,1,125
833,0.5323,1,0,1,1
833,0.4468,1,0,1,2
833,0.5893,1,1,1,3
833,0.5652,1,1,1,5
833,0.4729,1,1,1,7
833,0.4691,1,0,1,10
833,0.6379,1,1,1,11
833,0.4671,1,1,1,12
833,0.5723,1,0,1,14
833,0.6801,1,1,1,15
833,0.5558,1,0,1,16
833,0.4746,1,0,1,17
833,0.4689,1,0,1,18
833,0.5337,0,1,1,19
833,0.5328,1,1,1,20
833,0.6848,1,1,1,21
833,0.767,1,0,1,23
833,0.4401000000000001,1,0,1,24
833,0.4824000000000001,1,1,1,25
833,0.6375,1,0,1,26
833,0.4452,1,0,1,29
833,0.5016,1,1,1,31
833,0.5339,1,1,1,33
833,0.4771,1,1,1,34
833,0.4987,1,0,1,37
833,0.5091,1,0,1,38
833,0.4623,1,0,1,41
833,0.4709,1,0,1,43
833,0.6517,1,1,1,46
833,0.4824,1,1,1,48
833,0.4656,1,1,1,49
833,0.3712,1,1,1,50
833,0.369,1,0,1,51
833,0.4952,1,0,1,54
833,0.4206,1,0,1,56
833,0.4322,1,0,1,57
833,0.3397,1,0,1,58
833,0.5796,1,1,1,59
833,0.6089,1,0,1,61
833,0.5376,1,1,1,62
833,0.5351,1,1,1,63
833,0.4645,1,1,1,64
833,0.5038,1,1,1,66
833,0.58,1,0,1,67
833,0.5995,1,1,1,68
833,0.4336,1,1,1,69
833,0.5531,1,1,1,70
833,0.5092,1,1,1,71
833,0.457,1,0,1,72
833,0.4698,1,0,1,78
833,0.6499,1,0,1,79
833,0.4659,1,0,1,80
833,0.4947,1,1,1,83
833,0.4336,1,0,1,85
833,0.5042,1,1,1,86
833,0.6865,1,1,1,89
833,0.5202,1,0,1,91
833,0.5067,1,1,1,92
833,0.7397,1,1,1,93
833,0.7612,1,0,1,94
833,0.4533,0,1,1,96
833,0.54,1,0,1,97
833,0.7595,0,0,1,98
833,0.474,1,0,1,100
833,0.4835,1,0,1,102
833,0.4683000000000001,1,1,1,106
833,0.5173,1,0,1,108
833,0.4049,1,0,1,115
833,0.4106,1,1,1,116
833,0.4876,1,0,1,117
833,0.4538,1,1,1,118
833,0.3905,1,0,1,119
833,0.4396,1,1,1,120
833,0.4023,1,1,1,121
833,0.4804000000000001,1,0,1,122
833,0.3174,1,0,1,123
833,0.5021,1,1,1,125
833,0.43500000000000005,1,0,1,126
833,0.4504,1,1,1,127
833,0.3823,1,0,1,4
833,0.4576,1,1,1,5
833,0.4787,1,0,1,6
833,0.5151,1,1,1,7
833,0.4214,1,0,1,8
833,0.5728,1,1,1,12
833,0.5707,1,1,1,13
833,0.4378,1,0,1,14
833,0.3995,1,1,1,15
833,0.4459999999999999,1,1,1,16
833,0.3994,0,0,1,17
833,0.5274,1,0,1,18
833,0.4431,1,0,1,19
833,0.4101,0,1,1,22
833,0.374,1,0,1,23
833,0.4178,1,0,1,24
833,0.4896,1,1,1,25
833,0.4318999999999999,0,1,1,29
833,0.4165,0,1,1,30
833,0.4721,1,0,1,31
833,0.4575,1,1,1,32
833,0.4785,1,0,1,33
833,0.3829,1,0,1,36
833,0.4234,1,0,1,37
833,0.3648,1,0,1,39
833,0.5342,1,1,1,41
833,0.4678,1,1,1,44
833,0.4232,1,1,1,45
833,0.6024999999999999,1,0,1,46
833,0.3826000000000001,1,1,1,47
833,0.4059,1,1,1,48
833,0.4067,1,1,1,49
833,0.5934,0,1,1,50
833,0.4659,1,0,1,53
833,0.45210000000000006,1,0,1,54
833,0.4233,1,1,1,55
833,0.4494,1,0,1,57
833,0.5778,1,0,1,61
833,0.3948,1,0,1,66
833,0.4841,1,1,1,67
833,0.4442,1,1,1,68
833,0.4005,1,1,1,69
833,0.3798,1,0,1,70
833,0.4316,1,0,1,71
833,0.4054,0,1,1,73
833,0.4118,1,1,1,77
833,0.4,1,1,1,78
833,0.4402,1,0,1,79
833,0.4902,1,0,1,83
833,0.40370000000000006,1,1,1,85
833,0.4259,1,0,1,86
833,0.4179,0,1,1,87
833,0.632,0,1,1,88
833,0.6061,1,1,1,89
833,0.4936,1,1,1,91
833,0.5217,1,0,1,94
833,0.5185,1,1,1,95
833,0.4244,1,0,1,96
833,0.3777,1,0,1,97
833,0.3704,0,0,1,98
833,0.41480000000000006,1,1,1,100
833,0.4102,1,1,1,101
833,0.4701,1,0,1,102
833,0.4498,1,1,1,103
833,0.47430000000000005,1,0,1,105
833,0.3812,1,0,1,107
833,0.3976,1,1,1,108
833,0.4384,1,1,1,109
833,0.5104,1,1,1,111
833,0.4346,1,0,1,112
833,0.4331,1,0,1,114
833,0.46620000000000006,1,0,1,116
833,0.4059,1,0,1,117
833,0.3806,1,0,1,118
833,0.4085,1,0,1,120
833,0.395,0,0,1,122
833,0.43120000000000003,1,1,1,123
833,0.4115,1,1,1,124
833,0.4334,1,0,1,125
833,0.4338,1,0,1,126
833,0.6102,1,1,1,0
833,0.5192,1,1,1,2
833,0.5354,1,1,1,3
833,0.4441000000000001,1,0,1,5
833,0.5363,1,0,1,6
833,0.4164,0,1,1,7
833,0.4383,1,1,1,8
833,0.4292,1,0,1,9
833,0.4396,1,1,1,10
833,0.4352,1,1,1,11
833,0.4631,1,0,1,14
833,0.358,1,1,1,18
833,0.4329,1,1,1,19
833,0.411,1,0,1,20
833,0.4046,1,0,1,21
833,0.5382,1,1,1,22
833,0.5179,1,1,1,23
833,0.501,1,0,1,27
833,0.3923,1,0,1,29
833,0.5051,1,0,1,30
833,0.4553,1,0,1,31
833,0.5308,1,1,1,32
833,0.4122,1,1,1,33
833,0.4027,0,0,1,34
833,0.559,1,0,1,35
833,0.4521,1,1,1,37
833,0.4347,1,0,1,38
833,0.4135,1,1,1,40
833,0.5151,0,1,1,42
833,0.4668,1,1,1,45
833,0.4649,1,1,1,47
833,0.4446,1,1,1,49
833,0.474,0,1,1,50
833,0.4421,1,0,1,51
833,0.4494,1,0,1,52
833,0.3535,1,1,1,55
833,0.4936,1,0,1,57
833,0.4313,1,1,1,59
833,0.4976,1,0,1,61
833,0.406,1,1,1,63
833,0.3982,1,0,1,66
833,0.5783,1,1,1,68
833,0.5048,1,1,1,70
833,0.432,1,0,1,71
833,0.3993,1,0,1,72
833,0.5002,1,0,1,73
833,0.379,1,0,1,74
833,0.51,1,1,1,76
833,0.5106,1,0,1,77
833,0.4459999999999999,1,0,1,78
833,0.4569,1,0,1,79
833,0.5096,1,0,1,81
833,0.4362,1,0,1,83
833,0.4205,0,0,1,84
833,0.5073,1,1,1,86
833,0.5722,1,0,1,89
833,0.4364,1,1,1,91
833,0.4003,1,0,1,92
833,0.4002,1,0,1,93
833,0.4014,1,0,1,96
833,0.393,1,1,1,99
833,0.4693000000000001,1,1,1,100
833,0.4358999999999999,1,0,1,102
833,0.433,0,1,1,103
833,0.4107,1,1,1,105
833,0.4774000000000001,1,1,1,108
833,0.509,1,1,1,109
833,0.4285,1,1,1,110
833,0.4676,1,1,1,111
833,0.3695,1,0,1,112
833,0.39970000000000006,1,0,1,115
833,0.3904,1,0,1,116
833,0.5349,1,1,1,117
833,0.4681,1,1,1,118
833,0.4136,1,0,1,120
833,0.4148,0,0,1,121
833,0.3641,1,0,1,122
833,0.4808,1,1,1,124
833,0.4033,1,0,1,125
833,0.5042,1,0,1,126
833,0.4111,0,0,1,127
833,0.703,1,1,1,0
833,0.4153,1,0,1,1
833,0.3777,1,0,1,2
833,0.4239,1,1,1,4
833,0.435,1,1,1,6
833,0.4344,1,0,1,8
833,0.6212,1,1,1,9
833,0.4656,1,1,1,11
833,0.35540000000000005,1,0,1,12
833,0.4664,1,0,1,14
833,0.3771,1,0,1,19
833,0.401,1,0,1,21
833,0.5006,1,1,1,22
833,0.4319,1,1,1,23
833,0.4336,1,1,1,24
833,0.4215,1,0,1,26
833,0.46620000000000006,1,1,1,28
833,0.4836,1,1,1,29
833,0.5156,1,1,1,32
833,0.512,1,1,1,33
833,0.4778,1,0,1,34
833,0.4476,1,0,1,35
833,0.4043,1,0,1,37
833,0.4395,1,0,1,38
833,0.3536,0,0,1,39
833,0.4618,1,0,1,40
833,0.4097,0,1,1,41
833,0.4207999999999999,1,1,1,42
833,0.3802,1,1,1,43
833,0.4585,1,1,1,45
833,0.589,1,1,1,46
833,0.5057,1,1,1,47
833,0.5055,1,1,1,49
833,0.3996,1,0,1,50
833,0.499,0,1,1,52
833,0.4596,1,0,1,53
833,0.4838,1,0,1,54
833,0.4457,1,0,1,55
833,0.4887,1,1,1,56
833,0.4467,1,1,1,57
833,0.43600000000000005,1,0,1,61
833,0.4207,1,0,1,64
833,0.5765,1,1,1,65
833,0.4467,1,0,1,66
833,0.4019,1,0,1,69
833,0.5107,1,0,1,73
833,0.4876,1,0,1,74
833,0.4862999999999999,1,1,1,75
833,0.522,1,1,1,78
833,0.4761,1,0,1,79
833,0.5293,1,1,1,80
833,0.4124,1,0,1,81
833,0.3449,1,0,1,83
833,0.44300000000000006,1,1,1,84
833,0.384,1,0,1,85
833,0.3918,1,0,1,86
833,0.4108,1,1,1,87
833,0.3365,1,0,1,88
833,0.4816,1,1,1,90
833,0.4212,1,1,1,92
833,0.4696,1,1,1,93
833,0.4302,1,0,1,94
833,0.4107,0,1,1,95
833,0.3708,1,1,1,96
833,0.3801,1,1,1,100
833,0.4679,1,0,1,102
833,0.5732,1,1,1,104
833,0.3358,1,0,1,105
833,0.3757,0,1,1,106
833,0.4355,1,0,1,108
833,0.4728,1,1,1,109
833,0.4021,1,0,1,110
833,0.38860000000000006,1,1,1,112
833,0.3436,1,0,1,113
833,0.3538,1,1,1,114
833,0.4278,1,1,1,116
833,0.4898,1,0,1,117
833,0.4859,1,0,1,118
833,0.3671,1,1,1,119
833,0.4852999999999999,1,0,1,120
833,0.4215,1,0,1,121
833,0.6008,1,1,1,122
833,0.4019,1,0,1,125
833,0.5428,0,0,1,126
833,0.4936,0,0,1,1
833,0.4244,1,0,1,3
833,0.4725,1,1,1,4
833,0.4352,1,1,1,5
833,0.38560000000000005,1,0,1,6
833,0.4341,1,1,1,8
833,0.4389,0,1,1,13
833,0.5798,1,1,1,14
833,0.4029,1,1,1,15
833,0.408,1,1,1,16
833,0.4124,1,0,1,18
833,0.3738,1,0,1,19
833,0.4699,1,1,1,20
833,0.4034,1,1,1,22
833,0.4084,1,1,1,24
833,0.4325,1,1,1,26
833,0.3405,1,1,1,27
833,0.4829,1,1,1,28
833,0.3216,0,1,1,30
833,0.3858,1,0,1,31
833,0.4177,1,0,1,32
833,0.6858,1,0,1,33
833,0.4346,1,0,1,34
833,0.475,1,1,1,35
833,0.4615,1,0,1,36
833,0.4015,1,0,1,38
833,0.5393,1,1,1,42
833,0.4328,1,0,1,43
833,0.5492,1,1,1,46
833,0.5641,1,1,1,47
833,0.3669,1,0,1,48
833,0.3301,1,0,1,49
833,0.4124,1,0,1,50
833,0.6788,1,0,1,51
833,0.447,1,0,1,52
833,0.3377,1,1,1,54
833,0.4675,1,0,1,56
833,0.5543,1,1,1,57
833,0.3564,1,1,1,58
833,0.474,1,0,1,59
833,0.3728,1,0,1,60
833,0.4836,1,1,1,62
833,0.365,1,0,1,63
833,0.607,1,0,1,66
833,0.4287,1,0,1,69
833,0.4416,1,1,1,71
833,0.4244,1,0,1,72
833,0.5375,1,1,1,73
833,0.4064,1,1,1,74
833,0.4334,1,1,1,75
833,0.4543,1,0,1,76
833,0.4125,1,0,1,77
833,0.5117,0,1,1,78
833,0.4805,1,1,1,79
833,0.5083,1,1,1,80
833,0.4263,1,1,1,81
833,0.4235,1,1,1,82
833,0.3538,1,0,1,83
833,0.3854999999999999,1,0,1,84
833,0.3785,1,0,1,85
833,0.4136,1,0,1,86
833,0.4539,1,0,1,89
833,0.6535,1,1,1,90
833,0.33940000000000003,1,0,1,92
833,0.3871,1,0,1,96
833,0.3569,1,0,1,97
833,0.3982,1,1,1,98
833,0.3529,1,0,1,99
833,0.388,1,0,1,101
833,0.3782,1,0,1,103
833,0.4026,1,1,1,104
833,0.4331,1,0,1,107
833,0.4356,1,0,1,108
833,0.4349,1,0,1,112
833,0.4368,1,1,1,113
833,0.5154,1,1,1,114
833,0.5338,1,1,1,115
833,0.4675,1,1,1,117
833,0.6455,1,0,1,119
833,0.3716,1,1,1,122
833,0.4389,1,1,1,123
833,0.5354,1,1,1,124
833,0.5053,1,1,1,125
833,0.4566,1,0,1,126
833,0.7338,0,1,1,0
833,0.4712,1,0,1,1
833,0.3999,1,0,1,3
833,0.3469,1,0,1,5
833,0.4245,1,0,1,7
833,0.4297,1,0,1,8
833,0.35860000000000003,1,0,1,9
833,0.4063,1,0,1,10
833,0.5245,1,1,1,11
833,0.3581,1,0,1,14
833,0.4208,1,1,1,17
833,0.3889,1,1,1,18
833,0.4295,1,1,1,19
833,0.4623,1,0,1,20
833,0.4029,1,0,1,21
833,0.4492,1,1,1,23
833,0.4048000000000001,1,1,1,24
833,0.3585,1,1,1,25
833,0.5349,1,0,1,30
833,0.4133,1,0,1,32
833,0.4983999999999999,0,0,1,34
833,0.5006,1,0,1,35
833,0.4226,0,1,1,38
833,0.449,1,1,1,39
833,0.3984,1,0,1,41
833,0.4509,1,0,1,42
833,0.4049,1,0,1,43
833,0.4473,1,0,1,44
833,0.4355,1,1,1,45
833,0.4184,1,1,1,46
833,0.3713,1,1,1,47
833,0.3321,1,0,1,48
833,0.5095,1,1,1,50
833,0.3993,1,0,1,53
833,0.5378000000000001,1,0,1,55
833,0.4354,1,1,1,57
833,0.4331,1,1,1,59
833,0.48640000000000005,1,0,1,60
833,0.3934,1,0,1,61
833,0.3748,1,1,1,62
833,0.3686,1,0,1,66
833,0.482,1,1,1,68
833,0.4669,1,1,1,69
833,0.3702,0,1,1,72
833,0.4387,1,1,1,75
833,0.3266,1,0,1,76
833,0.4612,1,1,1,78
833,0.5338,1,1,1,80
833,0.39060000000000006,1,0,1,81
833,0.4269,1,1,1,82
833,0.4368,1,0,1,83
833,0.4175,1,0,1,84
833,0.4559,1,1,1,86
833,0.3651,1,0,1,87
833,0.4097,1,0,1,88
833,0.4372,1,0,1,89
833,0.4347,1,1,1,90
833,0.6208,1,0,1,92
833,0.3839,1,0,1,95
833,0.4442,1,1,1,96
833,0.4349,1,1,1,98
833,0.3992,1,1,1,99
833,0.44910000000000005,1,1,1,102
833,0.4163,1,1,1,103
833,0.348,1,1,1,104
833,0.3819,1,1,1,105
833,0.4371,1,0,1,106
833,0.3927,1,0,1,107
833,0.3898,1,1,1,108
833,0.273,0,1,1,109
833,0.4538,1,1,1,113
833,0.486,1,1,1,114
833,0.3398,1,1,1,115
833,0.4048,1,0,1,116
833,0.43500000000000005,1,0,1,118
833,0.5107,1,0,1,119
833,0.4058,1,0,1,120
833,0.3882,1,0,1,121
833,0.3559,1,0,1,122
833,0.4287,1,1,1,123
833,0.4351,1,1,1,124
833,0.4575,1,1,1,125
833,0.4451,1,1,1,126
833,0.4174,1,0,1,127
837,1.001,1,0,1,0
837,0.508,1,1,1,2
837,0.583,1,1,1,3
837,0.736,0,1,1,4
837,0.806,1,1,1,5
837,0.468,1,0,1,7
837,0.349,1,1,1,8
837,0.34099999999999997,1,1,1,11
837,0.602,1,1,1,12
837,0.466,1,0,1,13
837,0.503,1,1,1,14
837,0.437,1,1,1,15
837,0.43400000000000005,1,0,1,17
837,0.334,1,1,1,19
837,0.383,1,1,1,20
837,0.269,0,0,1,22
837,0.686,1,0,1,24
837,0.369,1,1,1,26
837,0.784,1,1,1,29
837,0.285,1,0,1,30
837,0.43900000000000006,1,1,1,31
837,0.359,1,0,1,32
837,0.4,1,1,1,33
837,0.47,1,1,1,34
837,0.402,1,0,1,37
837,0.43700000000000006,1,0,1,39
837,0.369,0,1,1,40
837,0.417,0,0,1,41
837,0.419,1,0,1,42
837,0.586,1,1,1,45
837,0.518,1,0,1,48
837,0.386,1,0,1,50
837,0.635,1,0,1,51
837,0.524,1,0,1,52
837,0.769,1,1,1,53
837,0.468,1,1,1,54
837,0.502,1,1,1,55
837,0.375,1,0,1,60
837,0.376,1,1,1,61
837,0.343,1,0,1,62
837,0.566,1,1,1,63
837,0.532,1,1,1,66
837,0.523,1,1,1,68
837,0.752,1,0,1,69
837,0.502,1,0,1,70
837,0.922,1,1,1,71
837,0.455,1,0,1,72
837,0.567,0,0,1,73
837,0.491,1,0,1,75
837,0.442,1,1,1,76
837,0.419,1,0,1,78
837,0.439,1,0,1,79
837,0.525,1,0,1,80
837,0.568,1,0,1,81
837,0.634,1,1,1,82
837,0.751,1,1,1,84
837,0.634,1,1,1,86
837,0.502,1,0,1,88
837,0.552,1,1,1,91
837,0.507,1,1,1,92
837,0.542,1,0,1,93
837,0.523,1,0,1,94
837,0.452,1,1,1,95
837,0.453,1,0,1,101
837,0.33999999999999997,0,1,1,104
837,0.35,1,0,1,105
837,0.533,1,0,1,106
837,0.468,0,0,1,107
837,0.738,1,1,1,108
837,0.6669999999999999,1,0,1,109
837,0.568,1,0,1,110
837,0.52,1,1,1,111
837,0.373,1,1,1,112
837,0.29100000000000004,0,1,1,113
837,0.368,1,0,1,114
837,0.357,1,0,1,115
837,0.28900000000000003,0,0,1,116
837,0.6759999999999999,1,1,1,117
837,0.43600000000000005,1,0,1,119
837,0.366,1,1,1,120
837,0.649,1,0,1,121
837,0.501,1,1,1,122
837,0.652,1,0,1,126
837,0.689,1,1,1,127
837,0.501,0,1,1,1
837,0.401,1,1,1,2
837,0.36,1,0,1,3
837,0.42,1,0,1,4
837,0.449,1,1,1,9
837,0.353,1,0,1,10
837,0.593,1,0,1,11
837,0.703,1,0,1,12
837,0.537,1,1,1,13
837,0.555,1,0,1,14
837,0.64,1,1,1,16
837,0.689,1,1,1,17
837,0.402,1,1,1,19
837,0.386,0,0,1,20
837,0.384,1,1,1,22
837,0.506,0,0,1,23
837,0.536,1,0,1,25
837,0.55,1,1,1,26
837,0.537,1,0,1,27
837,0.685,1,0,1,28
837,0.606,1,0,1,29
837,0.385,1,1,1,31
837,0.6699999999999999,1,1,1,32
837,0.569,1,1,1,33
837,0.535,1,0,1,35
837,0.386,1,0,1,37
837,0.487,1,1,1,39
837,0.502,1,1,1,41
837,0.403,1,0,1,42
837,0.491,1,1,1,44
837,0.336,1,1,1,45
837,0.30100000000000005,1,1,1,46
837,0.485,1,0,1,48
837,0.617,0,1,1,49
837,1.107,1,0,1,50
837,0.502,1,1,1,52
837,1.148,0,1,1,55
837,0.644,1,1,1,56
837,0.517,1,0,1,58
837,0.57,1,1,1,59
837,0.453,1,0,1,61
837,0.42,1,0,1,62
837,0.451,1,1,1,63
837,0.55,1,1,1,65
837,0.654,1,0,1,67
837,0.551,1,1,1,69
837,1.185,1,1,1,70
837,0.666,1,0,1,72
837,0.43500000000000005,1,0,1,74
837,0.552,1,1,1,75
837,0.519,1,1,1,76
837,0.835,1,0,1,77
837,0.634,1,1,1,78
837,0.519,1,1,1,82
837,0.459,1,1,1,83
837,0.553,1,0,1,84
837,0.561,1,1,1,85
837,0.771,1,0,1,87
837,0.735,1,1,1,88
837,0.454,1,1,1,92
837,0.501,1,0,1,93
837,0.42,1,1,1,94
837,0.619,1,0,1,96
837,0.568,1,1,1,101
837,0.505,1,0,1,102
837,0.431,1,0,1,105
837,0.468,1,0,1,106
837,0.569,0,0,1,107
837,0.898,1,1,1,108
837,0.536,1,0,1,109
837,0.486,1,1,1,110
837,0.437,1,1,1,111
837,0.483,1,0,1,112
837,0.586,1,1,1,113
837,0.551,1,0,1,114
837,0.653,1,1,1,115
837,0.483,1,0,1,116
837,0.619,1,0,1,119
837,0.619,1,1,1,120
837,0.543,1,0,1,121
837,0.418,1,0,1,122
837,0.503,1,0,1,124
837,0.604,1,0,1,126
837,0.624,1,0,1,0
837,0.44300000000000006,1,0,1,2
837,0.452,1,0,1,3
837,0.468,1,0,1,4
837,0.5,1,1,1,5
837,0.519,1,1,1,8
837,0.618,1,1,1,9
837,0.518,1,0,1,11
837,0.477,1,1,1,12
837,0.337,0,0,1,13
837,0.548,1,1,1,14
837,0.474,1,1,1,15
837,0.452,1,0,1,16
837,0.525,1,0,1,17
837,0.788,1,0,1,18
837,0.516,1,1,1,19
837,0.652,1,1,1,20
837,0.568,1,1,1,21
837,0.8019999999999999,1,1,1,23
837,0.768,1,1,1,24
837,0.535,1,1,1,29
837,0.487,1,1,1,30
837,0.509,1,1,1,31
837,1.139,1,0,1,32
837,0.574,1,1,1,33
837,0.42,0,0,1,34
837,0.586,1,1,1,37
837,0.57,1,0,1,39
837,0.534,1,0,1,41
837,0.4,1,0,1,46
837,0.954,1,1,1,47
837,0.654,1,0,1,48
837,0.654,1,0,1,49
837,0.553,1,1,1,50
837,0.634,1,1,1,51
837,0.33599999999999997,1,0,1,54
837,0.535,1,1,1,56
837,0.639,1,0,1,57
837,0.668,1,0,1,58
837,0.55,1,1,1,60
837,0.351,1,0,1,62
837,0.33499999999999996,0,1,1,63
837,0.382,1,0,1,64
837,0.735,1,1,1,66
837,0.55,0,0,1,67
837,0.518,1,0,1,68
837,0.702,1,1,1,70
837,0.6859999999999999,1,1,1,71
837,0.52,1,0,1,73
837,0.447,1,1,1,74
837,0.418,1,1,1,75
837,0.7889999999999999,1,0,1,78
837,0.85,1,1,1,79
837,0.604,1,0,1,81
837,0.937,1,1,1,87
837,0.524,1,0,1,89
837,0.602,1,0,1,90
837,0.6669999999999999,1,1,1,94
837,0.958,1,1,1,97
837,0.883,1,0,1,99
837,1.027,1,0,1,100
837,1.069,0,1,1,101
837,0.621,1,1,1,102
837,0.686,1,1,1,103
837,0.583,1,0,1,104
837,0.451,1,0,1,105
837,0.336,1,0,1,106
837,0.649,1,0,1,107
837,0.536,1,0,1,108
837,0.43800000000000006,1,0,1,109
837,0.386,1,0,1,113
837,0.577,1,1,1,114
837,0.573,1,1,1,115
837,0.321,0,0,1,116
837,0.336,1,1,1,119
837,0.451,1,0,1,120
837,0.618,1,0,1,121
837,0.489,1,1,1,122
837,0.655,1,1,1,124
837,0.451,1,0,1,125
837,0.482,0,1,1,126
837,0.603,1,0,1,0
837,0.493,1,1,1,2
837,0.418,1,0,1,3
837,0.416,1,1,1,4
837,0.527,1,1,1,5
837,0.451,0,0,1,6
837,0.503,1,0,1,7
837,0.518,1,1,1,8
837,0.5,1,0,1,10
837,0.5680000000000001,1,1,1,12
837,0.593,1,0,1,13
837,0.403,1,1,1,16
837,0.651,0,0,1,18
837,0.43800000000000006,1,1,1,19
837,0.687,0,1,1,21
837,0.643,1,1,1,22
837,0.365,1,0,1,23
837,0.421,1,0,1,25
837,0.535,1,1,1,26
837,0.559,1,1,1,27
837,0.592,1,1,1,28
837,0.57,0,1,1,30
837,1.189,1,0,1,32
837,0.668,1,1,1,33
837,0.586,1,0,1,35
837,1.052,1,1,1,36
837,0.697,1,1,1,37
837,0.667,1,1,1,38
837,0.638,1,1,1,39
837,0.72,1,1,1,40
837,0.721,1,1,1,42
837,0.682,1,1,1,44
837,0.51,1,1,1,46
837,0.634,0,0,1,51
837,0.608,1,1,1,52
837,0.535,1,1,1,53
837,0.468,1,0,1,55
837,0.483,1,1,1,56
837,0.537,1,0,1,57
837,0.542,1,1,1,58
837,0.802,1,1,1,59
837,0.903,1,0,1,60
837,0.599,1,1,1,61
837,0.552,0,0,1,62
837,0.468,1,0,1,64
837,0.573,1,0,1,65
837,0.388,1,1,1,66
837,0.436,1,0,1,67
837,0.6849999999999999,1,0,1,68
837,0.486,1,0,1,70
837,0.403,1,1,1,73
837,0.466,0,0,1,74
837,0.561,1,0,1,75
837,0.631,1,1,1,76
837,0.734,1,0,1,77
837,0.652,1,1,1,79
837,0.419,1,0,1,80
837,0.817,1,1,1,82
837,0.467,1,0,1,83
837,1.04,1,0,1,85
837,0.487,1,0,1,86
837,0.618,1,1,1,87
837,0.6739999999999999,1,1,1,91
837,0.552,1,1,1,92
837,0.484,1,0,1,94
837,0.589,1,0,1,95
837,0.471,1,0,1,98
837,0.838,1,1,1,101
837,0.692,1,0,1,102
837,0.534,1,0,1,103
837,0.601,1,0,1,104
837,0.585,1,1,1,105
837,0.393,1,0,1,108
837,0.671,1,1,1,109
837,0.768,1,0,1,110
837,0.6839999999999999,1,0,1,111
837,0.869,1,1,1,115
837,0.417,1,0,1,116
837,0.501,1,0,1,120
837,0.634,1,0,1,122
837,0.8009999999999999,1,0,1,124
837,1.064,1,1,1,125
837,0.399,1,0,1,2
837,0.411,1,1,1,3
837,0.493,1,0,1,4
837,0.43400000000000005,1,1,1,8
837,0.484,1,0,1,9
837,0.6689999999999999,1,1,1,11
837,0.49,1,1,1,13
837,0.589,1,0,1,14
837,0.6679999999999999,1,1,1,15
837,0.754,1,0,1,16
837,0.472,1,0,1,18
837,0.527,1,0,1,19
837,0.483,1,0,1,20
837,0.656,1,1,1,21
837,1.124,0,1,1,22
837,0.484,1,0,1,23
837,0.375,1,1,1,24
837,0.383,1,1,1,26
837,0.684,1,1,1,27
837,0.517,1,0,1,28
837,0.766,1,0,1,29
837,0.765,1,0,1,31
837,0.43600000000000005,1,0,1,33
837,0.487,1,0,1,34
837,0.456,0,1,1,35
837,0.618,1,1,1,36
837,0.5,1,1,1,37
837,0.519,1,0,1,39
837,0.386,1,0,1,41
837,0.44200000000000006,1,0,1,43
837,0.62,1,1,1,44
837,0.518,1,1,1,45
837,1.052,1,0,1,47
837,0.553,1,1,1,48
837,0.635,1,0,1,49
837,0.72,1,1,1,50
837,0.702,1,1,1,52
837,0.6659999999999999,1,1,1,53
837,0.506,1,0,1,54
837,0.6729999999999999,1,1,1,56
837,0.871,1,0,1,58
837,0.854,1,0,1,59
837,0.489,1,1,1,60
837,0.649,1,0,1,61
837,0.969,1,1,1,63
837,0.666,1,1,1,65
837,0.933,1,1,1,66
837,0.503,1,1,1,67
837,0.5670000000000001,1,1,1,68
837,0.521,1,0,1,69
837,0.532,1,0,1,72
837,0.508,1,1,1,76
837,0.43400000000000005,1,0,1,77
837,0.852,1,1,1,79
837,0.551,1,0,1,83
837,0.30000000000000004,1,0,1,84
837,0.84,1,0,1,86
837,0.757,1,0,1,88
837,0.535,1,0,1,90
837,0.951,1,1,1,91
837,0.566,1,1,1,92
837,0.717,1,0,1,95
837,0.683,1,0,1,96
837,0.591,1,0,1,98
837,0.55,1,1,1,99
837,0.417,1,0,1,103
837,0.605,1,1,1,105
837,0.37,0,1,1,106
837,0.5670000000000001,1,1,1,108
837,0.516,1,0,1,109
837,0.418,1,0,1,110
837,1.058,1,1,1,111
837,0.519,1,1,1,112
837,0.967,1,0,1,116
837,0.7889999999999999,0,1,1,117
837,0.534,1,0,1,121
837,0.583,1,1,1,122
837,0.283,1,0,1,123
837,0.934,1,0,1,124
837,0.484,0,0,1,125
837,0.973,1,1,1,126
837,0.536,1,1,1,127
837,0.706,1,1,1,0
837,0.636,1,1,1,1
837,0.487,0,1,1,2
837,0.34,1,0,1,4
837,0.452,1,0,1,5
837,0.637,1,0,1,7
837,0.338,1,0,1,8
837,0.364,0,1,1,10
837,0.469,0,1,1,11
837,0.587,1,0,1,12
837,0.5680000000000001,1,1,1,13
837,0.585,1,1,1,14
837,0.419,1,1,1,15
837,0.635,1,1,1,16
837,0.45,1,0,1,19
837,0.768,1,0,1,20
837,0.77,1,1,1,21
837,0.937,1,0,1,22
837,1.035,1,1,1,24
837,0.604,1,1,1,26
837,0.47,1,0,1,28
837,1.067,1,1,1,29
837,0.517,1,0,1,30
837,0.806,0,1,1,31
837,0.987,1,1,1,32
837,0.601,1,0,1,35
837,0.453,1,0,1,36
837,0.869,1,1,1,38
837,1,0,0,1,39
837,0.487,1,0,1,40
837,0.436,1,0,1,41
837,0.551,1,0,1,43
837,0.77,1,1,1,48
837,0.751,1,0,1,49
837,0.418,1,0,1,50
837,0.616,1,0,1,52
837,0.551,1,0,1,55
837,0.453,1,0,1,57
837,0.689,0,1,1,60
837,0.703,1,1,1,61
837,0.586,1,1,1,62
837,1.183,1,0,1,63
837,0.523,1,0,1,65
837,1,1,0,1,66
837,0.552,0,1,1,68
837,1.003,1,0,1,70
837,0.574,1,0,1,72
837,0.5680000000000001,1,1,1,73
837,0.369,1,1,1,74
837,0.416,0,0,1,75
837,0.352,1,0,1,76
837,0.532,1,1,1,77
837,0.5680000000000001,1,1,1,79
837,0.923,0,1,1,81
837,0.501,1,1,1,83
837,0.829,1,0,1,85
837,0.606,1,0,1,86
837,0.85,1,0,1,87
837,1.169,1,1,1,88
837,0.455,1,0,1,90
837,0.591,1,1,1,91
837,0.624,1,1,1,92
837,0.572,1,0,1,93
837,0.651,1,1,1,94
837,1.266,1,1,1,95
837,0.491,1,1,1,97
837,0.938,1,0,1,98
837,0.737,1,1,1,99
837,0.905,1,0,1,100
837,0.642,1,0,1,101
837,0.558,0,1,1,104
837,0.458,1,0,1,108
837,0.518,1,1,1,109
837,0.742,1,1,1,111
837,0.599,1,0,1,112
837,0.535,1,1,1,114
837,0.484,1,1,1,115
837,0.6679999999999999,1,0,1,116
837,0.57,1,0,1,117
837,0.953,1,1,1,118
837,0.409,1,1,1,122
837,0.633,1,0,1,1
837,0.541,1,1,1,2
837,0.44,1,0,1,3
837,0.665,1,1,1,7
837,0.386,1,1,1,8
837,0.369,0,0,1,9
837,0.404,1,0,1,10
837,0.4,1,0,1,11
837,0.443,1,0,1,12
837,0.33799999999999997,1,0,1,13
837,0.524,1,0,1,14
837,0.417,1,0,1,17
837,0.343,1,0,1,18
837,0.401,0,1,1,19
837,0.615,1,0,1,20
837,0.701,1,1,1,21
837,1.217,1,1,1,25
837,0.452,1,1,1,26
837,0.419,1,0,1,31
837,0.452,1,0,1,32
837,0.467,1,0,1,33
837,0.55,1,0,1,34
837,0.451,1,0,1,35
837,0.55,1,1,1,36
837,0.548,1,1,1,38
837,0.585,1,1,1,39
837,0.448,1,0,1,40
837,0.516,1,1,1,41
837,0.873,1,0,1,44
837,0.999,1,1,1,45
837,0.636,0,1,1,46
837,0.835,1,1,1,47
837,0.52,1,0,1,48
837,0.704,1,1,1,49
837,0.503,1,0,1,50
837,0.586,1,0,1,52
837,0.787,1,1,1,53
837,0.632,1,0,1,54
837,0.584,1,0,1,55
837,0.585,0,1,1,59
837,0.771,1,1,1,60
837,0.83,1,1,1,62
837,0.57,0,1,1,64
837,0.853,1,0,1,65
837,0.816,1,1,1,67
837,0.385,1,0,1,68
837,0.552,1,1,1,69
837,0.777,1,0,1,71
837,0.551,1,1,1,73
837,0.471,1,0,1,74
837,0.608,1,1,1,77
837,0.467,1,0,1,78
837,0.569,1,1,1,80
837,0.518,1,1,1,82
837,0.484,1,1,1,83
837,0.589,1,0,1,85
837,0.587,1,0,1,86
837,0.605,1,1,1,87
837,0.567,1,1,1,88
837,0.487,1,0,1,90
837,0.565,1,1,1,91
837,0.601,1,1,1,93
837,0.601,1,1,1,94
837,0.6659999999999999,0,0,1,96
837,0.85,1,1,1,97
837,0.587,1,0,1,98
837,0.835,1,0,1,101
837,0.62,1,0,1,103
837,0.503,1,0,1,105
837,0.404,1,1,1,107
837,0.45,1,0,1,108
837,0.486,1,1,1,109
837,1.117,1,1,1,110
837,0.634,1,0,1,111
837,0.569,1,1,1,112
837,0.65,1,1,1,114
837,0.802,1,1,1,117
837,0.534,1,1,1,119
837,0.586,1,1,1,121
837,0.637,1,0,1,124
837,1.033,1,0,1,126
837,0.821,1,1,1,127
837,0.469,1,0,1,1
837,0.465,1,0,1,2
837,0.486,1,0,1,5
837,0.558,1,1,1,6
837,0.43900000000000006,1,1,1,7
837,0.47,1,0,1,9
837,0.636,1,0,1,11
837,0.6679999999999999,1,1,1,12
837,0.47,1,1,1,14
837,0.515,1,0,1,15
837,0.432,1,1,1,16
837,0.266,0,0,1,17
837,0.918,0,1,1,18
837,0.335,1,1,1,19
837,0.502,1,1,1,21
837,0.43600000000000005,1,0,1,22
837,0.452,1,0,1,24
837,0.519,1,0,1,25
837,0.516,1,1,1,26
837,0.468,1,0,1,27
837,0.386,1,0,1,28
837,0.4,1,0,1,29
837,0.385,1,1,1,30
837,0.49,1,0,1,31
837,0.418,1,0,1,32
837,0.456,0,0,1,34
837,0.718,1,0,1,35
837,0.435,1,0,1,36
837,0.412,1,1,1,37
837,0.633,1,1,1,38
837,0.501,1,1,1,41
837,0.405,1,0,1,42
837,0.824,1,0,1,43
837,0.434,1,1,1,45
837,0.836,1,1,1,46
837,0.377,0,1,1,48
837,0.552,0,0,1,50
837,0.557,1,0,1,51
837,0.484,1,0,1,52
837,0.453,1,0,1,53
837,0.336,1,1,1,54
837,0.383,1,1,1,55
837,0.43400000000000005,1,0,1,56
837,0.369,1,1,1,61
837,0.336,0,1,1,62
837,0.486,1,1,1,65
837,0.521,0,1,1,66
837,0.703,0,0,1,67
837,0.973,1,1,1,68
837,0.603,1,1,1,69
837,0.621,1,0,1,70
837,0.453,1,0,1,71
837,0.501,1,1,1,72
837,0.768,1,1,1,76
837,0.718,1,1,1,77
837,0.622,1,1,1,78
837,0.657,1,0,1,79
837,0.92,1,0,1,81
837,0.767,1,0,1,82
837,0.9,1,0,1,85
837,0.482,1,0,1,87
837,0.8029999999999999,1,1,1,88
837,0.62,0,1,1,89
837,0.536,1,0,1,91
837,1.169,1,0,1,92
837,1.068,1,1,1,93
837,0.391,1,0,1,94
837,0.419,0,1,1,96
837,0.7,1,0,1,100
837,0.482,1,1,1,101
837,0.569,1,1,1,102
837,0.302,1,1,1,103
837,0.477,1,0,1,104
837,0.419,0,0,1,109
837,0.597,1,1,1,113
837,0.902,1,1,1,117
837,0.588,1,1,1,121
837,0.5,1,1,1,122
837,0.534,1,0,1,124
837,0.703,0,0,1,125
837,0.515,1,0,1,127
8446,0.5207,1,0,1,0
8446,0.5358,1,0,1,2
8446,0.4722,1,1,1,5
8446,0.3394,0,0,1,7
8446,0.4735,1,1,1,9
8446,0.6068,1,1,1,11
8446,0.7198,1,1,1,14
8446,0.439,1,0,1,15
8446,0.4374,1,0,1,16
8446,0.3566,1,1,1,17
8446,0.4542,0,1,1,18
8446,0.3553,1,0,1,19
8446,0.437,1,0,1,20
8446,0.505,1,1,1,21
8446,0.3889,1,0,1,22
8446,0.4215,1,0,1,24
8446,0.405,1,0,1,25
8446,0.4227,1,1,1,28
8446,0.3039,1,0,1,29
8446,0.3546,1,0,1,30
8446,0.3568,1,1,1,31
8446,0.3733,0,1,1,33
8446,0.3376,1,1,1,34
8446,0.57,1,1,1,35
8446,0.4558,1,1,1,36
8446,0.3877,1,0,1,37
8446,0.5371,1,1,1,38
8446,0.4534,1,0,1,39
8446,0.4542,1,1,1,41
8446,0.5036,1,1,1,42
8446,0.5392,1,1,1,45
8446,0.4387,1,0,1,46
8446,0.4883,1,1,1,47
8446,0.3875,1,1,1,48
8446,0.3701,1,1,1,50
8446,0.3554,1,0,1,51
8446,0.4049,1,0,1,55
8446,0.3721,1,0,1,56
8446,0.4201,1,0,1,57
8446,0.521,1,1,1,59
8446,0.3732,1,0,1,60
8446,0.339,1,0,1,61
8446,0.4238,1,0,1,62
8446,0.3893,1,0,1,63
8446,0.3054,1,1,1,64
8446,0.3541,1,0,1,65
8446,0.3395,1,0,1,66
8446,0.4723,1,1,1,67
8446,0.4557,1,1,1,68
8446,0.3386,1,1,1,73
8446,0.4385,1,0,1,75
8446,0.3206,1,0,1,76
8446,0.3552,1,0,1,78
8446,0.3893,0,1,1,79
8446,0.5216,1,1,1,80
8446,0.455,1,1,1,85
8446,0.4059,1,1,1,86
8446,0.4548,1,0,1,87
8446,0.3529,1,0,1,88
8446,0.4887,1,1,1,89
8446,0.5726,1,1,1,91
8446,0.3723,1,0,1,93
8446,0.3557,1,0,1,94
8446,0.406,1,0,1,95
8446,0.3888,0,1,1,96
8446,0.3391,1,0,1,97
8446,0.488,1,1,1,99
8446,0.3712,1,0,1,100
8446,0.3571,1,0,1,103
8446,0.5379,1,1,1,104
8446,0.4887,1,1,1,105
8446,0.4553,1,0,1,107
8446,0.4555,1,0,1,109
8446,0.4535,1,1,1,114
8446,0.4043,1,1,1,115
8446,0.5879,1,1,1,117
8446,0.6377,1,1,1,119
8446,0.5048,1,1,1,121
8446,0.4707,1,1,1,122
8446,0.3549,1,0,1,123
8446,0.3554,1,0,1,124
8446,0.3728,1,0,1,125
8446,0.4226,1,1,1,126
8446,0.3541,1,0,1,127
8446,0.3374,1,0,1,2
8446,0.405,1,0,1,5
8446,0.4386,1,1,1,6
8446,0.3881,1,1,1,9
8446,0.4394,1,0,1,10
8446,0.3212,1,0,1,13
8446,0.406,1,0,1,16
8446,0.3559,1,0,1,17
8446,0.4722,1,1,1,18
8446,0.47,1,1,1,19
8446,0.3544,1,0,1,20
8446,0.4724,1,1,1,21
8446,0.4206,1,1,1,22
8446,0.437,1,1,1,23
8446,0.4036,1,1,1,24
8446,0.4204,1,1,1,25
8446,0.3897,1,0,1,26
8446,0.4225,1,1,1,27
8446,0.405,1,0,1,29
8446,0.4705,1,0,1,33
8446,0.3706,1,1,1,35
8446,0.4205,1,0,1,37
8446,0.4216,1,1,1,38
8446,0.3715,1,0,1,40
8446,0.4543,1,1,1,41
8446,0.3884,1,0,1,42
8446,0.4376,1,1,1,43
8446,0.338,1,1,1,44
8446,0.4371,1,1,1,45
8446,0.4216,1,0,1,46
8446,0.4709,1,0,1,47
8446,0.3548,1,1,1,48
8446,0.3871,1,0,1,49
8446,0.3369,1,0,1,51
8446,0.5371,1,0,1,52
8446,0.4049,1,1,1,54
8446,0.4556,1,1,1,55
8446,0.4735,1,0,1,57
8446,0.4389,1,1,1,58
8446,0.4224,1,1,1,60
8446,0.4229,1,0,1,62
8446,0.4058,1,0,1,63
8446,0.3554,0,1,1,64
8446,0.4545,1,0,1,65
8446,0.3885,1,1,1,66
8446,0.3745,1,0,1,68
8446,0.3565,1,0,1,70
8446,0.4213,1,1,1,73
8446,0.5718,1,1,1,74
8446,0.4044,1,1,1,76
8446,0.4208,1,1,1,78
8446,0.3708,1,0,1,79
8446,0.4891,1,1,1,80
8446,0.4881,1,1,1,82
8446,0.3889,0,1,1,83
8446,0.3395,1,0,1,84
8446,0.6548,1,0,1,85
8446,0.3564,1,0,1,88
8446,0.3223,1,0,1,89
8446,0.3244,1,0,1,90
8446,0.3725,1,0,1,91
8446,0.4739,1,1,1,92
8446,0.4041,1,0,1,95
8446,0.3889,1,0,1,97
8446,0.3731,1,0,1,98
8446,0.3385,1,1,1,99
8446,0.371,1,0,1,100
8446,0.3713,1,1,1,103
8446,0.422,1,1,1,104
8446,0.3058,1,1,1,105
8446,0.3359,1,0,1,106
8446,0.3553,1,0,1,107
8446,0.4201,1,0,1,108
8446,0.4056,1,1,1,109
8446,0.3222,1,0,1,110
8446,0.4043,0,1,1,114
8446,0.4873,1,0,1,115
8446,0.4037,1,0,1,116
8446,0.4219,1,1,1,118
8446,0.3704,0,1,1,123
8446,0.3873,1,1,1,124
8446,0.4546,1,0,1,125
8446,0.4708,1,1,1,126
8446,0.5376,1,1,1,127
8446,0.5538,1,1,1,0
8446,0.437,1,1,1,1
8446,0.4242,1,1,1,3
8446,0.3872,1,0,1,4
8446,0.3721,1,1,1,5
8446,0.3713,1,0,1,6
8446,0.3215,1,1,1,7
8446,0.3879,1,0,1,9
8446,0.4714,1,1,1,10
8446,0.3396,1,1,1,11
8446,0.4072,1,0,1,12
8446,0.4201,1,0,1,13
8446,0.4211,1,0,1,15
8446,0.3884,1,1,1,16
8446,0.3572,1,1,1,18
8446,0.3387,0,0,1,19
8446,0.4044,1,1,1,20
8446,0.3874,1,0,1,22
8446,0.5391,1,1,1,24
8446,0.4879,1,1,1,25
8446,0.3378,1,0,1,27
8446,0.5044,1,1,1,29
8446,0.355,1,0,1,30
8446,0.4552,1,1,1,31
8446,0.4212,1,1,1,32
8446,0.4724,1,1,1,33
8446,0.4204,1,0,1,36
8446,0.4061,1,0,1,37
8446,0.3238,1,0,1,39
8446,0.388,1,1,1,40
8446,0.4057,1,0,1,44
8446,0.5386,1,1,1,45
8446,0.3216,1,0,1,46
8446,0.3036,1,0,1,48
8446,0.4702,1,1,1,51
8446,0.4395,1,1,1,52
8446,0.4731,1,1,1,53
8446,0.4376,1,1,1,57
8446,0.4387,1,0,1,58
8446,0.4718,0,1,1,59
8446,0.3895,1,0,1,61
8446,0.4388,1,0,1,66
8446,0.3396,1,0,1,67
8446,0.3224,1,0,1,69
8446,0.4204,1,1,1,70
8446,0.387,1,0,1,72
8446,0.2874,1,0,1,73
8446,0.354,1,0,1,74
8446,0.4212,1,1,1,75
8446,0.5031,1,1,1,80
8446,0.4232,1,1,1,81
8446,0.4059,1,1,1,84
8446,0.4046,1,0,1,85
8446,0.4062,0,1,1,86
8446,0.4733,1,0,1,87
8446,0.5225,1,0,1,88
8446,0.4204,1,0,1,89
8446,0.4214,1,1,1,92
8446,0.4878,1,0,1,93
8446,0.3725,1,0,1,94
8446,0.4546,0,1,1,95
8446,0.3537,1,1,1,96
8446,0.6213,1,1,1,98
8446,0.3212,1,0,1,99
8446,0.3544,1,0,1,101
8446,0.3556,1,0,1,102
8446,0.4364,1,1,1,103
8446,0.4037,0,1,1,104
8446,0.3546,1,0,1,107
8446,0.4378,1,0,1,108
8446,0.4204,1,0,1,110
8446,0.4382,1,1,1,111
8446,0.5378,1,1,1,112
8446,0.4545,1,1,1,113
8446,0.3537,1,0,1,114
8446,0.3879,1,1,1,115
8446,0.439,1,1,1,116
8446,0.3212,1,0,1,117
8446,0.4049,1,0,1,118
8446,0.3227,1,0,1,119
8446,0.44,1,1,1,121
8446,0.355,1,1,1,122
8446,0.3543,1,0,1,123
8446,0.3223,1,0,1,126
8446,0.7056,1,0,1,0
8446,0.4201,1,1,1,2
8446,0.3716,1,0,1,3
8446,0.4546,1,1,1,4
8446,0.4409,1,0,1,6
8446,0.5209,1,1,1,7
8446,0.4538,1,0,1,8
8446,0.5211,1,1,1,10
8446,0.4227,1,1,1,11
8446,0.4718,1,1,1,12
8446,0.4864,1,1,1,13
8446,0.3881,1,0,1,14
8446,0.6221,1,1,1,16
8446,0.3895,1,1,1,18
8446,0.4029,1,0,1,19
8446,0.4371,1,0,1,20
8446,0.4556,1,1,1,21
8446,0.5385,1,0,1,22
8446,0.4572,1,0,1,23
8446,0.4054,1,0,1,25
8446,0.3733,1,0,1,26
8446,0.4715,1,1,1,27
8446,0.4878,1,1,1,29
8446,0.3895,1,0,1,30
8446,0.3718,1,0,1,31
8446,0.4891,1,1,1,33
8446,0.3366,1,0,1,34
8446,0.3889,1,0,1,35
8446,0.4704,1,1,1,36
8446,0.4042,1,0,1,37
8446,0.3706,1,1,1,38
8446,0.6044,1,1,1,39
8446,0.3899,1,0,1,41
8446,0.3706,1,1,1,42
8446,0.354,1,0,1,43
8446,0.4726,1,1,1,44
8446,0.622,1,1,1,46
8446,0.5046,1,1,1,47
8446,0.3542,1,0,1,48
8446,0.4229,1,0,1,52
8446,0.3223,1,0,1,53
8446,0.4051,1,0,1,54
8446,0.3543,1,1,1,57
8446,0.3365,1,0,1,64
8446,0.3365,1,0,1,65
8446,0.504,1,1,1,66
8446,0.3882,0,1,1,67
8446,0.4377,1,1,1,69
8446,0.3369,1,0,1,70
8446,0.3708,1,0,1,72
8446,0.3725,1,0,1,75
8446,0.4529,1,1,1,78
8446,0.4725,0,1,1,79
8446,0.6028,1,0,1,80
8446,0.5353,1,0,1,82
8446,0.4202,1,1,1,83
8446,0.3521,1,0,1,86
8446,0.5014,1,0,1,87
8446,0.386,1,1,1,88
8446,0.3685,1,0,1,90
8446,0.389,1,0,1,91
8446,0.4393,1,1,1,93
8446,0.3862,1,0,1,94
8446,0.3892,1,1,1,96
8446,0.4548,1,1,1,97
8446,0.3874,1,0,1,98
8446,0.4415,1,0,1,99
8446,0.341,1,1,1,100
8446,0.4528,0,1,1,103
8446,0.5059,1,1,1,104
8446,0.487,1,1,1,106
8446,0.5228,1,1,1,107
8446,0.3893,1,0,1,109
8446,0.4193,0,1,1,111
8446,0.4421,1,0,1,116
8446,0.4386,1,1,1,117
8446,0.3392,1,0,1,118
8446,0.4534,1,1,1,119
8446,0.4221,1,0,1,120
8446,0.5725,1,1,1,121
8446,0.4395,1,0,1,122
8446,0.7225,1,1,1,124
8446,0.3058,1,0,1,126
8446,0.4535,1,1,1,127
8446,0.7184,1,1,1,0
8446,0.4019,1,1,1,1
8446,0.4376,1,1,1,2
8446,0.3891,1,0,1,3
8446,0.4396,1,0,1,5
8446,0.4031,1,0,1,7
8446,0.623,1,0,1,8
8446,0.4562,1,1,1,11
8446,0.6192,1,0,1,13
8446,0.4196,1,1,1,14
8446,0.3901,1,1,1,15
8446,0.3865,1,1,1,16
8446,0.6029,1,1,1,17
8446,0.485,1,1,1,18
8446,0.3917,1,1,1,19
8446,0.4089,1,0,1,21
8446,0.4053,1,0,1,22
8446,0.392,1,1,1,23
8446,0.4231,1,0,1,24
8446,0.3878,1,0,1,25
8446,0.4865,1,0,1,26
8446,0.4194,1,0,1,27
8446,0.4364,1,1,1,28
8446,0.5372,1,1,1,29
8446,0.454,1,1,1,30
8446,0.4392,1,0,1,35
8446,0.3363,1,0,1,39
8446,0.3361,1,0,1,42
8446,0.472,1,1,1,44
8446,0.3537,1,0,1,45
8446,0.4693,1,0,1,46
8446,0.4192,1,0,1,47
8446,0.386,1,1,1,48
8446,0.4188,1,1,1,49
8446,0.4721,1,1,1,51
8446,0.3872,1,0,1,52
8446,0.3359,1,1,1,56
8446,0.3718,1,0,1,57
8446,0.5223,1,1,1,59
8446,0.3881,1,0,1,62
8446,0.4403,1,1,1,65
8446,0.3206,1,1,1,66
8446,0.3723,1,0,1,67
8446,0.3047,0,0,1,68
8446,0.4695,1,1,1,70
8446,0.4567,1,1,1,72
8446,0.4526,1,0,1,74
8446,0.4227,1,1,1,75
8446,0.3558,1,0,1,78
8446,0.4394,1,0,1,80
8446,0.30620000000000003,1,0,1,82
8446,0.4035,1,0,1,83
8446,0.5194,1,1,1,84
8446,0.3361,1,1,1,85
8446,0.3537,1,0,1,86
8446,0.4529,1,1,1,88
8446,0.487,1,0,1,89
8446,0.4035,1,1,1,90
8446,0.3566,1,0,1,91
8446,0.4907,1,1,1,92
8446,0.3686,0,1,1,93
8446,0.4921,1,1,1,94
8446,0.4196,1,1,1,96
8446,0.3878,1,0,1,99
8446,0.4239,1,1,1,100
8446,0.4356,1,1,1,102
8446,0.3557,1,0,1,103
8446,0.3202,1,1,1,104
8446,0.2867,1,1,1,106
8446,0.3525,1,1,1,108
8446,0.2727,1,1,1,110
8446,0.3222,1,1,1,111
8446,0.3395,1,1,1,113
8446,0.2864,1,0,1,114
8446,0.3226,1,0,1,116
8446,0.3397,1,0,1,117
8446,0.4555,1,0,1,119
8446,0.3692,1,0,1,120
8446,0.3861,1,0,1,121
8446,0.3554,1,0,1,122
8446,0.3413,1,0,1,123
8446,0.3056,0,1,1,124
8446,0.3557,1,0,1,126
8446,0.3225,1,0,1,127
8446,0.4562,1,1,1,1
8446,0.356,1,0,1,2
8446,0.337,1,1,1,4
8446,0.3368,1,0,1,7
8446,0.4027,1,0,1,8
8446,0.4879,1,1,1,9
8446,0.3734,1,0,1,10
8446,0.3889,1,1,1,11
8446,0.339,1,1,1,12
8446,0.2704,1,1,1,16
8446,0.3032,1,0,1,17
8446,0.3396,1,1,1,20
8446,0.3541,1,1,1,22
8446,0.3204,1,0,1,23
8446,0.306,1,1,1,25
8446,0.3731,1,0,1,28
8446,0.3421,1,1,1,30
8446,0.3026,0,1,1,31
8446,0.2896,0,1,1,32
8446,0.4719,1,1,1,34
8446,0.4066,1,0,1,35
8446,0.42,0,0,1,36
8446,0.4702,1,1,1,37
8446,0.387,1,1,1,38
8446,0.404,1,1,1,39
8446,0.3873,1,1,1,41
8446,0.4369,1,0,1,42
8446,0.3733,1,1,1,43
8446,0.3199,1,1,1,45
8446,0.4038,1,0,1,46
8446,0.3856,1,0,1,47
8446,0.2914,1,0,1,48
8446,0.3216,1,0,1,50
8446,0.3924,1,0,1,51
8446,0.4224,1,1,1,53
8446,0.3691,1,0,1,55
8446,0.5055,1,1,1,56
8446,0.5063,1,0,1,57
8446,0.4522,1,1,1,58
8446,0.4553,1,1,1,60
8446,0.2896,1,0,1,61
8446,0.2696,1,0,1,63
8446,0.3729,1,0,1,69
8446,0.3557,1,1,1,70
8446,0.2886,1,0,1,71
8446,0.337,1,0,1,73
8446,0.4398,1,1,1,74
8446,0.4723,1,1,1,75
8446,0.369,1,1,1,76
8446,0.3552,1,0,1,77
8446,0.3867,1,0,1,79
8446,0.2561,0,0,1,80
8446,0.3192,1,0,1,84
8446,0.3391,1,1,1,86
8446,0.4217,1,0,1,87
8446,0.4031,1,1,1,91
8446,0.4695,1,1,1,93
8446,0.386,1,1,1,94
8446,0.3871,1,0,1,95
8446,0.4528,1,0,1,96
8446,0.4385,1,1,1,97
8446,0.4205,1,1,1,99
8446,0.4357,1,1,1,100
8446,0.3378,1,0,1,101
8446,0.3231,1,0,1,102
8446,0.3355,1,0,1,103
8446,0.3693,0,1,1,105
8446,0.3197,1,0,1,107
8446,0.3866,1,0,1,108
8446,0.5221,1,1,1,111
8446,0.3889,1,0,1,115
8446,0.6225,1,1,1,116
8446,0.3871,1,0,1,118
8446,0.4032,1,0,1,119
8446,0.4718,1,1,1,120
8446,0.406,1,0,1,121
8446,0.2856,1,0,1,122
8446,0.419,0,1,1,123
8446,0.4745,1,1,1,124
8446,0.339,1,1,1,125
8446,0.2559,1,1,1,126
8446,0.4559,1,0,1,127
8446,0.5558,1,1,1,0
8446,0.3539,1,1,1,1
8446,0.4205,1,0,1,7
8446,0.4252,1,0,1,8
8446,0.5058,1,1,1,9
8446,0.5061,1,1,1,12
8446,0.3703,1,0,1,14
8446,0.3715,1,0,1,15
8446,0.4202,1,1,1,16
8446,0.3693,0,1,1,17
8446,0.7199,1,0,1,18
8446,0.5384,1,1,1,19
8446,0.4536,1,1,1,21
8446,0.3899,1,0,1,23
8446,0.4385,1,1,1,25
8446,0.3383,1,1,1,27
8446,0.3891,1,0,1,29
8446,0.4068,1,0,1,30
8446,0.4216,1,1,1,33
8446,0.3554,1,0,1,36
8446,0.389,1,1,1,37
8446,0.3203,1,0,1,38
8446,0.3245,1,0,1,39
8446,0.3389,1,1,1,40
8446,0.3564,1,1,1,41
8446,0.4557,1,1,1,42
8446,0.3705,1,0,1,43
8446,0.273,0,1,1,44
8446,0.471,1,1,1,46
8446,0.3871,1,1,1,47
8446,0.3702,1,0,1,48
8446,0.3693,1,1,1,49
8446,0.423,1,1,1,50
8446,0.3058,1,0,1,53
8446,0.2895,1,0,1,54
8446,0.3227,1,0,1,55
8446,0.3057,1,0,1,56
8446,0.2881,0,0,1,57
8446,0.4224,1,0,1,59
8446,0.4533,1,1,1,60
8446,0.4218,1,0,1,61
8446,0.4531,1,0,1,62
8446,0.4056,1,0,1,63
8446,0.372,1,0,1,64
8446,0.3695,1,0,1,67
8446,0.3897,1,0,1,68
8446,0.4223,1,0,1,69
8446,0.3052,1,0,1,71
8446,0.4352,1,0,1,72
8446,0.4239,1,0,1,73
8446,0.5365,1,1,1,74
8446,0.7385,1,0,1,77
8446,0.5218,1,1,1,78
8446,0.4367,1,0,1,80
8446,0.386,1,0,1,82
8446,0.4722,1,1,1,83
8446,0.4196,1,1,1,86
8446,0.4391,1,1,1,88
8446,0.4874,1,1,1,90
8446,0.3584,1,1,1,92
8446,0.4249,1,0,1,93
8446,0.3226,1,0,1,94
8446,0.3543,0,0,1,95
8446,0.3559,1,0,1,96
8446,0.3364,1,1,1,98
8446,0.3894,1,1,1,99
8446,0.4248,1,1,1,100
8446,0.3715,1,0,1,101
8446,0.4061,1,1,1,103
8446,0.44,1,1,1,105
8446,0.4527,1,1,1,106
8446,0.3372,1,0,1,107
8446,0.3709,1,1,1,108
8446,0.3895,1,0,1,109
8446,0.3692,1,0,1,110
8446,0.4228,1,1,1,112
8446,0.4369,1,1,1,113
8446,0.4881,1,1,1,115
8446,0.4562,1,1,1,118
8446,0.2893,1,0,1,121
8446,0.3408,1,0,1,122
8446,0.3379,1,1,1,123
8446,0.3726,1,1,1,125
8446,0.3024,0,1,1,126
8446,0.5719,1,1,1,0
8446,0.4532,1,0,1,1
8446,0.3404,0,1,1,4
8446,0.4025,0,1,1,5
8446,0.4055,1,1,1,6
8446,0.3722,1,0,1,7
8446,0.4906,1,1,1,8
8446,0.4226,1,1,1,9
8446,0.3244,1,0,1,11
8446,0.4221,1,0,1,12
8446,0.2711,1,1,1,16
8446,0.287,1,0,1,17
8446,0.4064,0,1,1,18
8446,0.4902,1,1,1,22
8446,0.4055,1,1,1,23
8446,0.403,1,0,1,24
8446,0.3376,1,0,1,26
8446,0.4239,0,1,1,27
8446,0.3363,1,0,1,28
8446,0.4389,1,1,1,31
8446,0.3867,1,1,1,32
8446,0.3879,1,0,1,33
8446,0.3698,0,1,1,35
8446,0.4694,1,1,1,36
8446,0.4031,1,1,1,38
8446,0.3559,1,1,1,45
8446,0.3888,1,0,1,46
8446,0.407,1,1,1,47
8446,0.4055,1,0,1,48
8446,0.3874,1,1,1,51
8446,0.4356,0,1,1,52
8446,0.4854,1,0,1,54
8446,0.3558,1,0,1,55
8446,0.4387,1,1,1,56
8446,0.4862,1,1,1,57
8446,0.5734,1,0,1,58
8446,0.4229,1,1,1,59
8446,0.3364,1,0,1,61
8446,0.3376,1,1,1,62
8446,0.5368,1,1,1,64
8446,0.3411,1,0,1,65
8446,0.7222,1,1,1,66
8446,0.3196,1,0,1,67
8446,0.3696,1,0,1,68
8446,0.4023,1,0,1,69
8446,0.4528,1,1,1,72
8446,0.3588,1,0,1,73
8446,0.4708,1,0,1,74
8446,0.4029,1,0,1,75
8446,0.5066,1,1,1,76
8446,0.37,1,0,1,77
8446,0.2582,1,0,1,78
8446,0.4884,1,1,1,80
8446,0.3555,1,1,1,81
8446,0.3886,1,0,1,83
8446,0.5394,1,1,1,85
8446,0.4556,1,0,1,90
8446,0.2723,0,0,1,94
8446,0.5373,1,0,1,96
8446,0.4363,1,0,1,97
8446,0.452,1,0,1,98
8446,0.42,1,1,1,99
8446,0.5192,1,1,1,100
8446,0.5694,1,1,1,101
8446,0.4222,1,0,1,102
8446,0.6227,1,1,1,103
8446,0.3701,1,0,1,104
8446,0.3901,0,1,1,105
8446,0.4025,1,1,1,106
8446,0.3539,1,0,1,107
8446,0.3717,1,0,1,108
8446,0.4042,1,0,1,109
8446,0.403,1,1,1,110
8446,0.4567,1,1,1,113
8446,0.3857,1,0,1,115
8446,0.3517,1,0,1,117
8446,0.3052,1,0,1,118
8446,0.3569,1,0,1,122
8446,0.3405,1,1,1,124
8446,0.3053,1,0,1,125
8446,0.3248,1,0,1,126
8446,0.372,0,1,1,127
845,0.488,1,0,1,0
845,0.404,1,1,1,2
845,0.368,1,0,1,3
845,0.381,1,0,1,5
845,0.421,1,0,1,6
845,0.373,1,0,1,7
845,0.347,1,1,1,8
845,0.417,1,1,1,11
845,0.486,1,1,1,13
845,0.352,0,1,1,14
845,0.538,1,1,1,15
845,0.443,1,0,1,20
845,0.399,1,0,1,21
845,0.589,1,0,1,22
845,0.415,1,1,1,24
845,0.515,1,1,1,25
845,0.404,1,1,1,26
845,0.405,1,1,1,27
845,0.385,1,0,1,28
845,0.373,1,0,1,29
845,0.468,1,1,1,31
845,0.421,1,0,1,32
845,0.388,1,0,1,33
845,0.449,1,1,1,34
845,0.377,1,0,1,35
845,0.538,1,0,1,37
845,0.368,1,1,1,38
845,0.422,1,1,1,39
845,0.382,1,0,1,41
845,0.389,1,0,1,42
845,0.499,1,0,1,43
845,0.532,1,1,1,44
845,0.388,1,0,1,46
845,0.415,1,0,1,47
845,0.389,1,0,1,48
845,0.566,1,1,1,51
845,0.418,1,0,1,52
845,0.434,1,0,1,55
845,0.501,1,1,1,56
845,0.418,1,0,1,57
845,0.482,1,1,1,59
845,0.4,0,1,1,60
845,0.536,1,0,1,61
845,0.386,1,1,1,62
845,0.458,1,1,1,63
845,0.454,1,1,1,64
845,0.4,1,0,1,65
845,0.481,1,0,1,66
845,0.465,1,1,1,68
845,0.401,1,0,1,70
845,0.399,1,0,1,71
845,0.399,1,0,1,72
845,0.487,1,1,1,73
845,0.465,1,1,1,74
845,0.605,1,1,1,75
845,0.421,1,1,1,76
845,0.42,1,0,1,78
845,0.389,1,0,1,80
845,0.415,0,0,1,81
845,0.573,1,0,1,82
845,0.498,1,0,1,83
845,0.454,1,0,1,88
845,0.466,1,1,1,89
845,0.365,1,1,1,90
845,0.437,1,1,1,91
845,0.549,1,1,1,95
845,0.423,1,1,1,96
845,0.417,0,1,1,97
845,0.383,1,0,1,98
845,0.387,1,1,1,99
845,0.388,1,1,1,100
845,0.549,1,1,1,103
845,0.531,1,1,1,106
845,0.714,1,0,1,107
845,0.515,1,1,1,109
845,0.598,1,1,1,110
845,0.473,1,1,1,113
845,0.485,1,0,1,115
845,0.531,1,1,1,116
845,0.529,1,0,1,118
845,0.537,1,0,1,119
845,0.576,1,0,1,120
845,0.632,1,1,1,122
845,0.534,1,0,1,126
845,0.383,1,1,1,0
845,0.394,1,1,1,2
845,0.365,1,0,1,3
845,0.388,1,0,1,6
845,0.472,1,1,1,8
845,0.401,1,0,1,9
845,0.424,1,0,1,10
845,0.422,1,0,1,12
845,0.421,1,0,1,14
845,0.338,1,0,1,15
845,0.351,1,0,1,16
845,0.415,0,1,1,18
845,0.383,1,1,1,19
845,0.489,1,1,1,20
845,0.415,1,1,1,21
845,0.598,1,1,1,23
845,0.478,1,0,1,24
845,0.466,1,0,1,25
845,0.334,1,0,1,26
845,0.502,1,1,1,28
845,0.433,0,1,1,29
845,0.332,1,1,1,30
845,0.58,1,1,1,32
845,0.701,1,0,1,33
845,0.422,1,0,1,34
845,0.438,1,1,1,36
845,0.404,1,1,1,37
845,0.354,1,1,1,38
845,0.437,1,1,1,40
845,0.483,1,0,1,42
845,0.483,1,0,1,43
845,0.42,1,0,1,44
845,0.383,0,1,1,47
845,0.471,1,1,1,48
845,0.415,1,0,1,49
845,0.391,1,0,1,51
845,0.404,1,0,1,52
845,0.555,1,1,1,55
845,0.356,1,0,1,57
845,0.546,1,1,1,58
845,0.332,1,0,1,60
845,0.381,1,0,1,61
845,0.425,1,0,1,62
845,0.546,1,1,1,63
845,0.435,1,0,1,64
845,0.601,1,1,1,65
845,0.421,1,1,1,69
845,0.359,1,1,1,71
845,0.426,1,0,1,72
845,0.465,1,1,1,73
845,0.548,1,1,1,75
845,0.332,1,0,1,78
845,0.549,1,1,1,79
845,0.717,0,0,1,80
845,0.455,1,0,1,81
845,0.371,1,0,1,82
845,0.451,1,1,1,83
845,0.533,1,0,1,84
845,0.432,1,1,1,86
845,0.471,1,1,1,87
845,0.468,1,1,1,89
845,0.454,1,1,1,90
845,0.442,1,1,1,92
845,0.302,1,0,1,93
845,0.45,1,0,1,96
845,0.499,1,0,1,99
845,0.448,0,1,1,101
845,0.471,1,1,1,102
845,0.431,1,0,1,103
845,0.431,1,0,1,104
845,0.417,1,1,1,105
845,0.591,1,1,1,108
845,0.331,1,0,1,110
845,0.352,1,1,1,112
845,0.401,0,1,1,113
845,0.349,1,0,1,114
845,0.405,1,0,1,115
845,0.382,1,1,1,117
845,0.383,1,0,1,120
845,0.465,1,1,1,121
845,0.548,1,1,1,125
845,0.403,1,0,1,126
845,0.533,1,0,1,127
845,0.489,1,1,1,0
845,0.481,0,1,1,2
845,0.471,1,1,1,3
845,0.369,1,0,1,7
845,0.404,1,0,1,8
845,0.439,1,1,1,10
845,0.413,1,0,1,11
845,0.455,1,1,1,13
845,0.535,1,0,1,15
845,0.373,1,0,1,17
845,0.32,1,0,1,18
845,0.282,1,1,1,23
845,0.348,1,0,1,26
845,0.542,1,0,1,28
845,0.452,1,1,1,29
845,0.365,1,0,1,30
845,0.386,1,1,1,31
845,0.366,1,1,1,32
845,0.349,1,1,1,34
845,0.355,1,1,1,35
845,0.298,1,1,1,36
845,0.387,1,0,1,37
845,0.429,1,1,1,38
845,0.368,0,0,1,40
845,0.368,1,1,1,42
845,0.382,1,0,1,44
845,0.371,1,0,1,45
845,0.351,1,0,1,47
845,0.481,1,0,1,48
845,0.418,1,1,1,49
845,0.429,1,0,1,50
845,0.538,1,0,1,52
845,0.422,1,0,1,53
845,0.548,1,1,1,54
845,0.482,1,1,1,55
845,0.505,1,1,1,57
845,0.533,1,0,1,58
845,0.354,0,1,1,62
845,0.356,1,0,1,64
845,0.499,1,1,1,65
845,0.591,1,1,1,66
845,0.333,1,1,1,69
845,0.449,1,1,1,71
845,0.565,1,0,1,72
845,0.448,1,1,1,73
845,0.414,1,0,1,74
845,0.449,1,1,1,75
845,0.504,1,1,1,76
845,0.352,1,1,1,78
845,0.508,1,1,1,84
845,0.417,1,0,1,85
845,0.406,1,1,1,86
845,0.447,0,0,1,87
845,0.45,1,0,1,88
845,0.335,1,1,1,90
845,0.518,1,0,1,91
845,0.483,1,1,1,93
845,0.416,1,0,1,94
845,0.403,1,0,1,95
845,0.416,1,0,1,96
845,0.355,1,0,1,97
845,0.449,1,0,1,98
845,0.413,1,1,1,99
845,0.425,1,1,1,100
845,0.472,1,1,1,101
845,0.491,1,1,1,102
845,0.355,0,1,1,103
845,0.397,1,0,1,105
845,0.415,0,1,1,106
845,0.445,1,0,1,108
845,0.466,1,0,1,109
845,0.432,1,0,1,111
845,0.399,1,0,1,112
845,0.485,1,1,1,113
845,0.478,1,1,1,115
845,0.382,1,0,1,117
845,0.421,1,0,1,118
845,0.519,1,0,1,119
845,0.395,1,0,1,120
845,0.57,1,0,1,122
845,0.465,1,0,1,124
845,0.438,1,1,1,125
845,0.415,0,1,1,127
845,0.398,1,0,1,0
845,0.417,1,0,1,5
845,0.404,1,0,1,6
845,0.399,1,0,1,8
845,0.382,1,0,1,9
845,0.415,1,1,1,10
845,0.366,1,0,1,13
845,0.437,1,1,1,14
845,0.392,1,0,1,17
845,0.521,1,1,1,19
845,0.388,1,1,1,20
845,0.417,1,0,1,21
845,0.417,1,1,1,22
845,0.437,1,1,1,23
845,0.401,0,0,1,26
845,0.434,1,0,1,27
845,0.378,1,0,1,28
845,0.371,1,0,1,29
845,0.434,1,0,1,31
845,0.421,1,0,1,33
845,0.367,1,0,1,34
845,0.485,1,1,1,37
845,0.434,1,0,1,38
845,0.396,1,1,1,39
845,0.402,1,0,1,40
845,0.449,1,1,1,41
845,0.399,1,0,1,43
845,0.353,1,0,1,44
845,0.352,1,1,1,45
845,0.364,1,1,1,47
845,0.332,1,1,1,48
845,0.433,1,0,1,50
845,0.404,1,0,1,52
845,0.365,1,0,1,53
845,0.419,1,1,1,54
845,0.299,1,1,1,55
845,0.349,1,1,1,56
845,0.317,1,1,1,57
845,0.373,1,1,1,58
845,0.332,1,1,1,60
845,0.531,1,0,1,61
845,0.383,1,1,1,64
845,0.388,1,1,1,65
845,0.341,1,1,1,66
845,0.35,1,1,1,67
845,0.345,1,0,1,70
845,0.499,1,1,1,71
845,0.433,1,1,1,72
845,0.35,1,0,1,73
845,0.362,1,0,1,76
845,0.4,1,1,1,79
845,0.4,1,0,1,80
845,0.365,1,1,1,81
845,0.387,1,0,1,82
845,0.369,0,1,1,83
845,0.385,0,1,1,85
845,0.354,1,0,1,87
845,0.369,1,1,1,88
845,0.381,1,0,1,89
845,0.369,1,0,1,93
845,0.586,1,1,1,94
845,0.385,1,0,1,95
845,0.418,1,1,1,96
845,0.402,1,0,1,97
845,0.37,1,1,1,99
845,0.45,1,0,1,100
845,0.405,1,0,1,101
845,0.476,1,0,1,106
845,0.41,1,1,1,107
845,0.368,1,0,1,108
845,0.401,0,1,1,109
845,0.537,1,1,1,110
845,0.339,1,0,1,111
845,0.453,1,1,1,112
845,0.466,1,0,1,113
845,0.398,1,1,1,114
845,0.421,1,1,1,115
845,0.431,1,1,1,118
845,0.584,1,0,1,119
845,0.516,1,1,1,120
845,0.366,1,1,1,121
845,0.499,1,1,1,122
845,0.365,1,0,1,127
845,0.388,1,1,1,1
845,0.433,1,0,1,4
845,0.419,0,1,1,5
845,0.404,1,0,1,7
845,0.388,1,0,1,8
845,0.512,1,1,1,9
845,0.432,1,1,1,10
845,0.465,1,0,1,16
845,0.483,1,0,1,17
845,0.454,1,0,1,18
845,0.4,1,0,1,20
845,0.368,0,1,1,21
845,0.435,1,0,1,22
845,0.502,1,1,1,23
845,0.385,1,1,1,25
845,0.388,1,1,1,27
845,0.369,1,0,1,28
845,0.385,1,1,1,29
845,0.465,1,1,1,30
845,0.403,1,0,1,31
845,0.52,1,0,1,32
845,0.322,1,1,1,34
845,0.404,1,1,1,36
845,0.482,1,1,1,39
845,0.486,1,1,1,42
845,0.618,1,0,1,44
845,0.482,1,1,1,45
845,0.398,1,1,1,50
845,0.404,1,0,1,51
845,0.417,1,0,1,52
845,0.515,1,1,1,53
845,0.386,1,0,1,54
845,0.336,1,0,1,56
845,0.33,1,1,1,57
845,0.466,1,0,1,58
845,0.387,1,0,1,60
845,0.368,0,0,1,64
845,0.464,1,1,1,68
845,0.468,1,1,1,70
845,0.331,0,1,1,71
845,0.386,1,0,1,72
845,0.472,1,0,1,73
845,0.367,1,0,1,76
845,0.43,1,1,1,77
845,0.431,1,0,1,78
845,0.403,1,0,1,79
845,0.367,1,1,1,80
845,0.348,1,0,1,81
845,0.437,1,1,1,83
845,0.422,1,1,1,84
845,0.421,1,1,1,85
845,0.451,0,1,1,88
845,0.433,1,0,1,89
845,0.68,1,1,1,90
845,0.384,1,0,1,91
845,0.642,1,1,1,93
845,0.422,1,1,1,94
845,0.434,1,0,1,95
845,0.437,1,0,1,97
845,0.365,1,0,1,99
845,0.454,1,1,1,101
845,0.364,1,0,1,102
845,0.403,1,1,1,103
845,0.386,1,1,1,107
845,0.354,1,0,1,108
845,0.351,1,1,1,110
845,0.288,1,1,1,111
845,0.384,1,1,1,112
845,0.438,1,1,1,113
845,0.357,1,1,1,114
845,0.518,1,0,1,115
845,0.388,1,0,1,116
845,0.365,1,0,1,117
845,0.352,1,1,1,118
845,0.372,1,1,1,119
845,0.373,1,0,1,120
845,0.346,1,1,1,121
845,0.333,0,1,1,122
845,0.301,1,0,1,123
845,0.386,1,0,1,124
845,0.387,1,0,1,125
845,0.366,1,0,1,126
845,0.338,1,0,1,127
845,0.687,1,1,1,2
845,0.436,1,0,1,3
845,0.401,1,0,1,5
845,0.371,1,1,1,6
845,0.544,1,1,1,7
845,0.402,0,1,1,9
845,0.491,1,1,1,10
845,0.41,1,0,1,11
845,0.421,1,1,1,15
845,0.406,1,0,1,16
845,0.366,1,0,1,17
845,0.486,1,0,1,19
845,0.487,1,0,1,20
845,0.407,1,0,1,21
845,0.448,1,1,1,23
845,0.327,1,0,1,24
845,0.335,1,0,1,26
845,0.302,1,0,1,28
845,0.362,1,1,1,29
845,0.333,1,1,1,30
845,0.355,1,1,1,31
845,0.37,1,0,1,33
845,0.317,1,0,1,34
845,0.369,1,0,1,36
845,0.365,0,1,1,37
845,0.42,1,1,1,39
845,0.384,1,1,1,40
845,0.447,1,1,1,41
845,0.409,1,1,1,42
845,0.421,1,1,1,43
845,0.464,1,0,1,44
845,0.468,1,1,1,45
845,0.465,0,1,1,48
845,0.452,1,0,1,49
845,0.417,1,0,1,50
845,0.466,1,0,1,51
845,0.45,1,1,1,53
845,0.399,1,1,1,54
845,0.386,1,0,1,55
845,0.583,1,1,1,56
845,0.367,0,0,1,58
845,0.438,1,1,1,60
845,0.481,1,1,1,62
845,0.454,0,1,1,66
845,0.318,1,0,1,67
845,0.39,1,1,1,68
845,0.465,1,1,1,71
845,0.385,1,0,1,72
845,0.398,1,0,1,76
845,0.469,1,0,1,79
845,0.433,1,0,1,81
845,0.4,1,0,1,82
845,0.421,1,0,1,83
845,0.465,1,1,1,87
845,0.422,1,1,1,88
845,0.401,1,0,1,89
845,0.448,1,1,1,90
845,0.47,1,1,1,91
845,0.401,1,0,1,92
845,0.417,1,0,1,94
845,0.667,1,0,1,95
845,0.483,1,1,1,100
845,0.399,0,1,1,101
845,0.347,1,1,1,102
845,0.37,1,0,1,103
845,0.388,1,0,1,104
845,0.532,1,0,1,105
845,0.401,1,0,1,106
845,0.451,1,1,1,107
845,0.434,1,1,1,108
845,0.419,1,0,1,109
845,0.355,1,0,1,110
845,0.403,1,0,1,111
845,0.401,1,1,1,112
845,0.365,1,1,1,114
845,0.35,1,1,1,115
845,0.315,1,0,1,116
845,0.271,0,1,1,117
845,0.404,1,1,1,118
845,0.354,1,0,1,120
845,0.4,1,1,1,123
845,0.351,1,0,1,124
845,0.398,1,1,1,127
845,0.533,1,0,1,0
845,0.34,1,1,1,1
845,0.648,1,0,1,2
845,0.383,1,0,1,3
845,0.415,1,0,1,7
845,0.402,1,0,1,9
845,0.465,1,1,1,10
845,0.459,1,1,1,12
845,0.399,0,1,1,13
845,0.405,1,1,1,14
845,0.466,1,1,1,17
845,0.421,1,1,1,18
845,0.483,1,1,1,20
845,0.495,1,1,1,22
845,0.466,1,0,1,23
845,0.383,1,0,1,24
845,0.382,1,0,1,26
845,0.433,0,1,1,27
845,0.405,1,1,1,28
845,0.417,1,0,1,29
845,0.383,1,1,1,30
845,0.467,0,1,1,33
845,0.365,1,1,1,34
845,0.589,1,1,1,35
845,0.365,1,0,1,36
845,0.468,1,0,1,38
845,0.452,1,0,1,41
845,0.602,1,1,1,43
845,0.412,1,0,1,45
845,0.416,1,1,1,46
845,0.393,1,0,1,48
845,0.371,1,0,1,51
845,0.416,1,0,1,52
845,0.301,0,1,1,53
845,0.372,1,0,1,55
845,0.418,1,1,1,56
845,0.351,0,0,1,57
845,0.483,1,0,1,58
845,0.349,1,1,1,59
845,0.403,1,1,1,62
845,0.418,1,0,1,64
845,0.433,1,0,1,66
845,0.533,1,0,1,67
845,0.503,1,0,1,68
845,0.384,1,1,1,69
845,0.371,1,1,1,70
845,0.338,1,1,1,71
845,0.45,1,0,1,72
845,0.451,1,1,1,75
845,0.316,1,1,1,76
845,0.354,1,0,1,78
845,0.493,1,1,1,79
845,0.649,1,0,1,80
845,0.455,1,0,1,83
845,0.502,1,1,1,85
845,0.449,1,1,1,87
845,0.415,1,0,1,89
845,0.35,1,1,1,90
845,0.381,1,0,1,92
845,0.405,1,0,1,94
845,0.355,0,1,1,96
845,0.465,1,1,1,97
845,0.321,1,0,1,99
845,0.371,1,0,1,100
845,0.368,1,1,1,101
845,0.398,1,1,1,102
845,0.383,1,0,1,103
845,0.382,1,1,1,104
845,0.382,1,0,1,105
845,0.398,1,0,1,107
845,0.403,1,0,1,110
845,0.359,1,1,1,112
845,0.516,1,1,1,113
845,0.421,1,1,1,114
845,0.335,1,1,1,116
845,0.599,1,0,1,118
845,0.502,1,1,1,119
845,0.366,1,1,1,120
845,0.432,1,0,1,122
845,0.399,1,0,1,123
845,0.486,1,0,1,124
845,0.334,0,1,1,125
845,0.381,0,0,1,127
845,0.667,1,1,1,0
845,0.431,1,0,1,2
845,0.375,1,0,1,4
845,0.322,1,0,1,5
845,0.32,1,0,1,6
845,0.353,1,1,1,7
845,0.35,1,0,1,8
845,0.388,1,0,1,9
845,0.349,1,1,1,11
845,0.392,1,0,1,15
845,0.371,1,0,1,16
845,0.338,1,0,1,17
845,0.581,1,0,1,20
845,0.334,1,1,1,21
845,0.604,1,1,1,26
845,0.374,1,1,1,28
845,0.371,1,1,1,29
845,0.359,1,1,1,30
845,0.366,1,1,1,31
845,0.554,1,1,1,35
845,0.384,0,0,1,36
845,0.434,1,1,1,37
845,0.366,1,1,1,38
845,0.369,1,0,1,39
845,0.421,1,0,1,41
845,0.55,1,1,1,43
845,0.371,1,1,1,44
845,0.487,1,0,1,45
845,0.315,0,1,1,46
845,0.537,1,1,1,47
845,0.369,1,0,1,48
845,0.394,1,0,1,49
845,0.348,1,0,1,50
845,0.371,1,0,1,51
845,0.41,1,0,1,54
845,0.365,1,0,1,55
845,0.402,1,0,1,56
845,0.449,0,1,1,57
845,0.497,1,1,1,60
845,0.418,1,0,1,61
845,0.353,1,0,1,62
845,0.426,1,0,1,66
845,0.449,1,0,1,68
845,0.438,1,0,1,69
845,0.435,1,1,1,70
845,0.366,1,1,1,71
845,0.414,1,1,1,72
845,0.488,1,1,1,75
845,0.401,1,1,1,77
845,0.391,1,1,1,78
845,0.392,1,0,1,79
845,0.322,0,1,1,80
845,0.389,1,0,1,82
845,0.386,1,0,1,84
845,0.401,1,1,1,85
845,0.415,1,0,1,86
845,0.417,1,1,1,87
845,0.449,1,1,1,88
845,0.535,1,0,1,89
845,0.402,1,1,1,91
845,0.405,1,1,1,92
845,0.4,1,0,1,94
845,0.393,0,1,1,96
845,0.368,1,1,1,97
845,0.418,1,1,1,98
845,0.452,1,0,1,99
845,0.639,1,0,1,100
845,0.419,1,1,1,101
845,0.415,1,1,1,102
845,0.39,0,1,1,104
845,0.316,1,1,1,105
845,0.482,1,0,1,106
845,0.354,1,0,1,107
845,0.482,1,1,1,112
845,0.418,1,0,1,113
845,0.398,0,0,1,115
845,0.454,1,0,1,116
845,0.418,1,1,1,117
845,0.405,1,1,1,118
845,0.382,1,1,1,120
845,0.523,1,1,1,121
845,0.565,1,0,1,122
845,0.45,1,0,1,125
845,0.418,0,0,1,127
8521,0.6176,1,0,1,0
8521,0.5339,1,1,1,1
8521,0.4461,1,0,1,2
8521,0.4824,1,0,1,3
8521,0.4491,1,1,1,4
8521,0.4893,1,1,1,5
8521,0.485,1,0,1,6
8521,0.4276,1,0,1,8
8521,0.6674,1,1,1,9
8521,0.5145,0,0,1,10
8521,0.6385,1,0,1,11
8521,0.6706,1,0,1,13
8521,0.5307,1,1,1,14
8521,0.4818,1,0,1,15
8521,0.4345,1,1,1,16
8521,0.4166,1,1,1,18
8521,0.5542,1,1,1,20
8521,0.5404,1,1,1,21
8521,0.4754,1,0,1,23
8521,0.5713,1,0,1,25
8521,0.5365,1,1,1,29
8521,0.4735,1,0,1,31
8521,0.5686,1,1,1,33
8521,0.554,1,1,1,34
8521,0.5363,1,1,1,37
8521,0.5014,1,0,1,38
8521,0.5811,1,0,1,39
8521,0.5185,1,1,1,40
8521,0.7175,1,1,1,45
8521,0.5013,1,1,1,46
8521,0.47,1,1,1,50
8521,0.5059,1,1,1,51
8521,0.4657,1,0,1,52
8521,0.4014,1,1,1,53
8521,0.5198,1,0,1,54
8521,0.5246,1,0,1,56
8521,0.4698,1,1,1,57
8521,0.3894,1,0,1,58
8521,0.4486,1,1,1,59
8521,0.422,1,1,1,60
8521,0.4337,1,0,1,61
8521,0.4077,1,0,1,62
8521,0.4298,1,1,1,63
8521,0.47,1,0,1,64
8521,0.4982,1,1,1,65
8521,0.4696,1,0,1,67
8521,0.5164,1,1,1,68
8521,0.4672,1,1,1,70
8521,0.5426,1,0,1,73
8521,0.4223,1,0,1,74
8521,0.55,1,0,1,76
8521,0.4548,1,1,1,78
8521,0.519,1,0,1,79
8521,0.5163,1,1,1,80
8521,0.4677,1,1,1,81
8521,0.4059,1,1,1,84
8521,0.3877,1,1,1,85
8521,0.5692,1,0,1,88
8521,0.4281,1,0,1,89
8521,0.5864,1,1,1,90
8521,0.4649,1,0,1,93
8521,0.4881,1,0,1,95
8521,0.5321,1,1,1,97
8521,0.5547,1,1,1,98
8521,0.4719,1,0,1,100
8521,0.4521,1,1,1,101
8521,0.5869,1,1,1,103
8521,0.4016,1,1,1,106
8521,0.5709,1,1,1,107
8521,0.4492,1,0,1,108
8521,0.4187,1,0,1,109
8521,0.4474,1,0,1,110
8521,0.4724,1,0,1,111
8521,0.5397,1,1,1,113
8521,0.4886,1,1,1,115
8521,0.4999,1,0,1,116
8521,0.6071,1,0,1,120
8521,0.4998,1,0,1,121
8521,0.4394,1,0,1,123
8521,0.6376,1,0,1,124
8521,0.5382,1,0,1,125
8521,0.4212,1,1,1,127
8521,0.5638,1,0,1,0
8521,0.5358,1,0,1,3
8521,0.4714,1,0,1,4
8521,0.4996,1,1,1,5
8521,0.4337,1,0,1,6
8521,0.4193,1,0,1,7
8521,0.4369,1,0,1,8
8521,0.4562,1,1,1,9
8521,0.5363,1,1,1,11
8521,0.49,1,0,1,17
8521,0.4893,1,1,1,18
8521,0.5875,1,1,1,19
8521,0.4727,1,1,1,21
8521,0.4184,1,0,1,22
8521,0.455,1,0,1,23
8521,0.4382,1,1,1,24
8521,0.5542,1,1,1,28
8521,0.489,1,0,1,30
8521,0.5013,1,1,1,31
8521,0.6351,1,1,1,36
8521,0.4879,1,1,1,37
8521,0.3723,1,0,1,39
8521,0.6165,1,1,1,40
8521,0.4889,1,1,1,41
8521,0.5693,1,0,1,42
8521,0.469,1,1,1,46
8521,0.5282,1,0,1,47
8521,0.5993,1,0,1,48
8521,0.5061,1,0,1,49
8521,0.4637,1,1,1,50
8521,0.4548,1,1,1,51
8521,0.366,1,0,1,52
8521,0.4041,1,0,1,53
8521,0.3799,1,0,1,54
8521,0.4552,1,0,1,55
8521,0.416,1,0,1,57
8521,0.4345,1,0,1,58
8521,0.458,1,0,1,61
8521,0.5052,1,1,1,63
8521,0.4509,1,0,1,64
8521,0.5758,1,0,1,65
8521,0.5869,1,0,1,66
8521,0.8003,1,1,1,68
8521,0.5203,1,1,1,69
8521,0.4023,1,1,1,71
8521,0.5169,1,1,1,73
8521,0.6191,1,0,1,74
8521,0.4843,1,0,1,75
8521,0.5349,1,1,1,76
8521,0.5561,1,1,1,78
8521,0.495,1,1,1,79
8521,0.5142,1,0,1,82
8521,0.6373,1,0,1,83
8521,0.4153,1,1,1,84
8521,0.4875,1,0,1,85
8521,0.5969,1,1,1,86
8521,0.4478,1,1,1,87
8521,0.4984,1,0,1,91
8521,0.4827,1,0,1,93
8521,0.5183,1,1,1,94
8521,0.4476,1,1,1,95
8521,0.7035,1,0,1,96
8521,0.5172,1,1,1,100
8521,0.5681,1,0,1,101
8521,0.5866,0,0,1,102
8521,0.5274,1,0,1,103
8521,0.5067,1,1,1,104
8521,0.5027,1,1,1,106
8521,0.5852,1,0,1,107
8521,0.4825,1,1,1,108
8521,0.4022,1,0,1,109
8521,0.4338,1,1,1,110
8521,0.4224,1,1,1,111
8521,0.4887,1,1,1,112
8521,0.5191,1,0,1,113
8521,0.4203,1,0,1,115
8521,0.5212,1,0,1,117
8521,0.4482,1,1,1,118
8521,0.3666,1,1,1,119
8521,0.6416,1,1,1,121
8521,0.4982,1,0,1,123
8521,0.6364,1,1,1,124
8521,0.5303,1,1,1,125
8521,0.4684,1,1,1,127
8521,0.5852,1,0,1,0
8521,0.4069,1,0,1,1
8521,0.4036,1,1,1,3
8521,0.4559,1,1,1,4
8521,0.3713,1,0,1,5
8521,0.4582,1,0,1,7
8521,0.6354,1,1,1,9
8521,0.3987,1,0,1,10
8521,0.4007,1,0,1,12
8521,0.6041,1,0,1,14
8521,0.521,1,0,1,15
8521,0.5993,1,0,1,22
8521,0.5165,1,1,1,26
8521,0.3882,1,1,1,27
8521,0.6187,1,0,1,28
8521,0.8247,1,0,1,29
8521,0.5517,1,0,1,30
8521,0.4875,1,1,1,31
8521,0.4834,1,1,1,32
8521,0.521,1,1,1,33
8521,0.4908,1,1,1,34
8521,0.4814,1,1,1,36
8521,0.5317,1,0,1,38
8521,0.4034,1,1,1,39
8521,0.5057,1,0,1,41
8521,0.4697,1,1,1,42
8521,0.4651,1,1,1,44
8521,0.6302,1,0,1,47
8521,0.4337,1,1,1,48
8521,0.4724,1,1,1,50
8521,0.4641,1,0,1,51
8521,0.4531,1,0,1,52
8521,0.408,1,0,1,53
8521,0.406,1,0,1,55
8521,0.368,1,1,1,56
8521,0.4564,1,1,1,57
8521,0.4054,1,1,1,58
8521,0.4394,1,1,1,59
8521,0.6352,1,0,1,61
8521,0.5229,1,0,1,62
8521,0.4149,0,1,1,64
8521,0.5501,1,1,1,65
8521,0.3662,1,1,1,66
8521,0.4751,1,1,1,71
8521,0.4497,1,0,1,72
8521,0.3824,0,1,1,74
8521,0.4365,1,0,1,77
8521,0.4164,1,0,1,78
8521,0.5161,1,1,1,79
8521,0.4001,1,0,1,80
8521,0.5028,1,0,1,82
8521,0.5399,1,0,1,83
8521,0.4501,1,0,1,84
8521,0.5262,1,1,1,86
8521,0.4331,1,1,1,87
8521,0.472,1,0,1,88
8521,0.466,1,1,1,89
8521,0.4321,1,1,1,90
8521,0.7708,1,1,1,91
8521,0.398,1,1,1,93
8521,0.6153,1,1,1,95
8521,0.4158,1,1,1,96
8521,0.3909,1,0,1,97
8521,0.5378,1,0,1,98
8521,0.4713,1,0,1,99
8521,0.8078,1,1,1,101
8521,0.6126,1,1,1,102
8521,0.5146,1,1,1,104
8521,0.6516,1,0,1,107
8521,0.583,1,1,1,108
8521,0.5036,1,0,1,110
8521,0.4321,1,0,1,114
8521,0.4192,1,0,1,116
8521,0.5063,1,0,1,117
8521,0.7749,1,0,1,119
8521,0.4529,1,1,1,121
8521,0.5477,1,1,1,122
8521,0.4672,1,0,1,123
8521,0.553,1,1,1,124
8521,0.4828,1,0,1,125
8521,0.6191,1,1,1,126
8521,0.519,1,0,1,127
8521,0.516,1,1,1,1
8521,0.5895,1,1,1,2
8521,0.436,1,1,1,4
8521,0.4894,1,1,1,5
8521,0.4694,1,0,1,6
8521,0.402,1,0,1,8
8521,0.5394,1,0,1,9
8521,0.5142,1,0,1,10
8521,0.4701,1,1,1,11
8521,0.4815,1,1,1,12
8521,0.6655,1,0,1,13
8521,0.4698,1,1,1,14
8521,0.4363,1,0,1,16
8521,0.4578,1,0,1,19
8521,0.4578,1,1,1,21
8521,0.4353,1,0,1,25
8521,0.5042,1,1,1,26
8521,0.536,1,1,1,29
8521,0.4499,1,0,1,31
8521,0.3899,1,1,1,32
8521,0.5365,1,0,1,33
8521,0.4725,1,0,1,34
8521,0.3973,0,0,1,35
8521,0.4525,1,1,1,36
8521,0.5699,1,0,1,37
8521,0.3585,1,0,1,39
8521,0.5663,1,0,1,42
8521,0.455,1,0,1,43
8521,0.404,1,1,1,45
8521,0.3882,1,1,1,46
8521,0.5062,1,1,1,48
8521,0.4721,1,1,1,50
8521,0.5437,1,1,1,51
8521,0.4659,1,1,1,52
8521,0.58,1,1,1,53
8521,0.4556,1,1,1,54
8521,0.3881,1,0,1,55
8521,0.4147,1,0,1,57
8521,0.5887,1,1,1,59
8521,0.3823,1,1,1,60
8521,0.4819,1,1,1,61
8521,0.4654,1,1,1,62
8521,0.4572,1,0,1,64
8521,0.4411,1,0,1,65
8521,0.4654,1,0,1,66
8521,0.5148,1,1,1,67
8521,0.4516,1,0,1,70
8521,0.5065,1,0,1,71
8521,0.5694,0,0,1,74
8521,0.752,1,1,1,75
8521,0.4881,1,1,1,76
8521,0.5375,1,0,1,78
8521,0.4309,1,0,1,80
8521,0.4317,1,1,1,81
8521,0.4663,1,0,1,82
8521,0.3845,1,1,1,83
8521,0.3659,1,0,1,84
8521,0.4386,1,1,1,85
8521,0.6052,1,0,1,87
8521,0.4815,1,1,1,89
8521,0.4696,1,0,1,90
8521,0.6702,1,1,1,91
8521,0.6159,1,1,1,93
8521,0.5677,1,1,1,95
8521,0.5337,1,1,1,96
8521,0.473,1,1,1,98
8521,0.539,1,1,1,99
8521,0.5004,1,0,1,100
8521,0.4543,1,0,1,101
8521,0.4734,1,0,1,103
8521,0.5871,1,1,1,104
8521,0.5388,1,1,1,105
8521,0.4703,1,0,1,106
8521,0.5451,1,0,1,107
8521,0.6818,1,0,1,109
8521,0.6048,1,1,1,112
8521,0.4036,1,0,1,114
8521,0.7215,1,0,1,116
8521,0.5362,1,1,1,117
8521,0.4372,1,0,1,120
8521,0.4885,1,1,1,124
8521,0.6808,1,0,1,125
8521,0.4003,1,0,1,126
8521,0.7695,1,1,1,0
8521,0.4736,1,1,1,1
8521,0.375,0,0,1,2
8521,0.542,1,0,1,3
8521,0.4296,1,0,1,4
8521,0.5705,1,1,1,5
8521,0.5546,1,0,1,7
8521,0.5345,1,1,1,8
8521,0.5479,1,1,1,9
8521,0.7176,1,0,1,10
8521,0.6167,1,1,1,12
8521,0.434,1,1,1,14
8521,0.5508,1,0,1,15
8521,0.5509,1,1,1,16
8521,0.5861,1,0,1,17
8521,0.4702,1,0,1,21
8521,0.7165,1,1,1,22
8521,0.4657,1,0,1,24
8521,0.7482,1,1,1,25
8521,0.5146,1,0,1,26
8521,0.4994,0,1,1,31
8521,0.366,1,1,1,32
8521,0.499,1,1,1,34
8521,0.3862,1,0,1,35
8521,0.5363,1,0,1,36
8521,0.4246,1,0,1,38
8521,0.4541,1,0,1,39
8521,0.6339,1,1,1,40
8521,0.4052,0,1,1,41
8521,0.3659,1,1,1,42
8521,0.446,1,1,1,44
8521,0.5646,1,1,1,46
8521,0.5648,1,1,1,47
8521,0.5326,1,1,1,49
8521,0.4482,1,0,1,51
8521,0.404,1,0,1,52
8521,0.5803,1,0,1,53
8521,0.5649,1,1,1,54
8521,0.4618,1,0,1,55
8521,0.4663,1,1,1,56
8521,0.4699,1,1,1,58
8521,0.4035,1,0,1,60
8521,0.3889,1,1,1,61
8521,0.3695,1,0,1,62
8521,0.3718,0,1,1,65
8521,0.5028,1,0,1,66
8521,0.5315,1,1,1,67
8521,0.4485,1,0,1,71
8521,0.4622,1,0,1,73
8521,0.51,1,0,1,74
8521,0.4555,1,0,1,75
8521,0.4815,1,0,1,76
8521,0.4839,1,1,1,77
8521,0.4651,1,0,1,78
8521,0.3871,1,1,1,80
8521,0.5353,0,0,1,82
8521,0.571,1,0,1,83
8521,0.4363,1,1,1,84
8521,0.4861,1,0,1,85
8521,0.4018,1,1,1,86
8521,0.4055,1,0,1,87
8521,0.4196,1,0,1,90
8521,0.4989,1,0,1,91
8521,0.5874,1,1,1,93
8521,0.4263,1,1,1,94
8521,0.4862,1,0,1,100
8521,0.531,1,1,1,102
8521,0.466,1,1,1,103
8521,0.498,0,1,1,105
8521,0.66,1,1,1,106
8521,0.5024,1,0,1,107
8521,0.4307,1,0,1,108
8521,0.5474,1,1,1,109
8521,0.4651,1,1,1,110
8521,0.4569,1,1,1,113
8521,0.6656,1,1,1,114
8521,0.4335,1,0,1,116
8521,0.4377,1,0,1,117
8521,0.4812,1,1,1,118
8521,0.5648,1,1,1,119
8521,0.4524,1,0,1,124
8521,0.5047,1,0,1,125
8521,0.4877,1,0,1,126
8521,0.4053,1,0,1,127
8521,0.7529,1,1,1,0
8521,0.6637,0,1,1,1
8521,0.4523,1,1,1,2
8521,0.415,1,0,1,4
8521,0.3341,1,0,1,5
8521,0.5024,0,1,1,6
8521,0.5661,1,0,1,7
8521,0.4168,1,1,1,9
8521,0.3405,1,0,1,10
8521,0.4658,1,1,1,11
8521,0.4374,1,0,1,13
8521,0.4337,1,1,1,14
8521,0.4809,1,1,1,15
8521,0.4325,1,0,1,16
8521,0.3857,1,0,1,18
8521,0.3784,1,1,1,19
8521,0.3515,1,0,1,20
8521,0.4482,1,0,1,21
8521,0.4679,1,0,1,23
8521,0.4371,0,1,1,25
8521,0.3995,1,0,1,26
8521,0.4687,1,1,1,27
8521,0.5193,1,0,1,28
8521,0.4181,1,1,1,31
8521,0.4045,1,1,1,34
8521,0.4332,1,1,1,36
8521,0.4701,1,1,1,37
8521,0.5361,1,0,1,39
8521,0.4525,1,0,1,41
8521,0.4154,1,1,1,42
8521,0.4392,1,1,1,44
8521,0.4697,1,0,1,47
8521,0.4824,1,1,1,48
8521,0.4055,1,1,1,50
8521,0.3887,1,1,1,51
8521,0.3886,1,0,1,54
8521,0.4557,1,0,1,57
8521,0.474,1,1,1,60
8521,0.4387,1,0,1,61
8521,0.5367,1,0,1,65
8521,0.5305,1,0,1,66
8521,0.4145,1,0,1,67
8521,0.454,1,1,1,71
8521,0.4984,1,0,1,72
8521,0.3568,1,0,1,74
8521,0.4362,1,1,1,75
8521,0.4522,1,1,1,79
8521,0.4331,1,0,1,80
8521,0.5144,1,1,1,81
8521,0.4531,1,0,1,82
8521,0.4491,1,1,1,84
8521,0.4998,1,1,1,85
8521,0.3817,1,0,1,87
8521,0.3982,1,0,1,88
8521,0.4387,1,0,1,90
8521,0.4536,1,0,1,91
8521,0.4038,1,0,1,92
8521,0.4003,1,0,1,93
8521,0.4196,1,1,1,94
8521,0.4066,1,1,1,95
8521,0.3985,1,0,1,96
8521,0.4709,1,1,1,97
8521,0.4517,1,1,1,99
8521,0.4491,1,0,1,100
8521,0.5921,1,1,1,102
8521,0.4824,1,1,1,103
8521,0.434,1,1,1,104
8521,0.4216,1,1,1,105
8521,0.401,0,0,1,106
8521,0.4532,1,1,1,107
8521,0.4156,1,0,1,109
8521,0.4078,1,0,1,110
8521,0.4726,1,0,1,111
8521,0.3846,1,1,1,112
8521,0.4485,1,0,1,113
8521,0.3978,1,0,1,114
8521,0.4981,1,1,1,116
8521,0.633,1,0,1,118
8521,0.6226,1,0,1,119
8521,0.5137,1,1,1,120
8521,0.5238,1,1,1,121
8521,0.6556,1,1,1,124
8521,0.4053,1,0,1,125
8521,0.5997,1,1,1,0
8521,0.4006,1,1,1,2
8521,0.5038,1,0,1,4
8521,0.4818,0,1,1,5
8521,0.5529,1,0,1,6
8521,0.5057,1,0,1,7
8521,0.5318,1,1,1,8
8521,0.398,0,0,1,9
8521,0.5863,1,1,1,10
8521,0.5999,1,0,1,11
8521,0.4479,1,1,1,13
8521,0.5219,1,1,1,14
8521,0.4903,1,1,1,15
8521,0.3534,1,0,1,16
8521,0.4386,1,1,1,19
8521,0.5509,1,1,1,20
8521,0.5042,1,0,1,21
8521,0.4646,1,0,1,22
8521,0.4715,1,0,1,24
8521,0.5181,1,1,1,25
8521,0.4179,0,0,1,26
8521,0.6863,1,1,1,27
8521,0.4198,1,0,1,28
8521,0.4821,1,0,1,30
8521,0.6383,1,0,1,31
8521,0.565,1,1,1,32
8521,0.4716,1,1,1,33
8521,0.451,1,0,1,34
8521,0.5023,1,1,1,44
8521,0.4984,1,1,1,45
8521,0.6153,1,1,1,48
8521,0.4704,1,0,1,51
8521,0.505,1,0,1,52
8521,0.4089,1,0,1,53
8521,0.5021,1,1,1,54
8521,0.4812,1,0,1,57
8521,0.4552,1,0,1,58
8521,0.5159,1,1,1,59
8521,0.4002,1,1,1,61
8521,0.5378,1,1,1,62
8521,0.4244,1,1,1,64
8521,0.5335,1,1,1,65
8521,0.4932,1,1,1,66
8521,0.4868,1,0,1,67
8521,0.517,1,0,1,68
8521,0.4832,1,0,1,69
8521,0.4046,1,0,1,71
8521,0.5416,1,1,1,73
8521,0.5217,1,1,1,74
8521,0.433,1,0,1,76
8521,0.4869,1,0,1,78
8521,0.4721,1,0,1,79
8521,0.4555,1,0,1,81
8521,0.3881,1,0,1,82
8521,0.5189,1,1,1,84
8521,0.4648,1,0,1,85
8521,0.473,1,0,1,86
8521,0.5352,1,1,1,87
8521,0.4563,1,0,1,88
8521,0.4856,1,1,1,89
8521,0.402,1,1,1,90
8521,0.3698,1,0,1,91
8521,0.3881,1,1,1,92
8521,0.5487,1,1,1,94
8521,0.4325,1,0,1,95
8521,0.4173,1,0,1,96
8521,0.6014,1,1,1,98
8521,0.3856,1,0,1,99
8521,0.5007,1,1,1,100
8521,0.4991,1,0,1,102
8521,0.5014,1,1,1,103
8521,0.4751,1,0,1,106
8521,0.5228,1,1,1,107
8521,0.4324,1,1,1,108
8521,0.4627,1,0,1,109
8521,0.5186,1,1,1,111
8521,0.4387,0,1,1,112
8521,0.4655,1,0,1,114
8521,0.4487,1,0,1,115
8521,0.5379,1,0,1,117
8521,0.4713,1,0,1,118
8521,0.5651,1,1,1,121
8521,0.4727,1,1,1,127
8521,0.5671,1,0,1,0
8521,0.4153,1,0,1,1
8521,0.4433,1,0,1,2
8521,0.4667,1,0,1,3
8521,0.4665,1,0,1,5
8521,0.4402,1,0,1,6
8521,0.4007,1,0,1,7
8521,0.5696,1,1,1,9
8521,0.4115,1,0,1,10
8521,0.4568,1,0,1,15
8521,0.5814,1,0,1,16
8521,0.4665,0,1,1,18
8521,0.5338,1,0,1,20
8521,0.5354,1,1,1,21
8521,0.5702,1,0,1,22
8521,0.604,1,1,1,23
8521,0.4385,1,0,1,25
8521,0.4895,1,0,1,27
8521,0.466,1,1,1,28
8521,0.5494,1,1,1,29
8521,0.4858,1,1,1,31
8521,0.5216,1,1,1,32
8521,0.4826,1,1,1,34
8521,0.4829,1,0,1,35
8521,0.4203,1,0,1,36
8521,0.5544,1,1,1,37
8521,0.5525,1,1,1,41
8521,0.4716,1,1,1,42
8521,0.4712,1,1,1,43
8521,0.4313,1,1,1,44
8521,0.4813,1,0,1,45
8521,0.3976,1,1,1,48
8521,0.5167,1,1,1,51
8521,0.4536,1,0,1,52
8521,0.5069,1,0,1,53
8521,0.4737,1,0,1,54
8521,0.4158,1,0,1,55
8521,0.7381,0,0,1,56
8521,0.4655,1,1,1,57
8521,0.4207,1,0,1,58
8521,0.4385,1,0,1,60
8521,0.4493,0,1,1,61
8521,0.5996,1,1,1,62
8521,0.4994,0,0,1,63
8521,0.5371,1,1,1,66
8521,0.4233,1,0,1,68
8521,0.3977,1,0,1,70
8521,0.5226,1,0,1,71
8521,0.6667,1,1,1,72
8521,0.5044,1,1,1,73
8521,0.4309,1,1,1,74
8521,0.5027,1,1,1,76
8521,0.4358,1,1,1,78
8521,0.4662,1,1,1,80
8521,0.4,1,0,1,81
8521,0.4721,1,1,1,84
8521,0.4643,0,1,1,85
8521,0.3809,1,0,1,87
8521,0.5874,1,1,1,88
8521,0.4999,1,1,1,91
8521,0.532,0,0,1,92
8521,0.5172,1,0,1,93
8521,0.6137,1,1,1,94
8521,0.3805,1,0,1,95
8521,0.5055,1,1,1,98
8521,0.6146,1,1,1,99
8521,0.4546,1,0,1,100
8521,0.5353,1,1,1,101
8521,0.4117,1,1,1,102
8521,0.3856,1,0,1,103
8521,0.3992,1,0,1,104
8521,0.4515,1,1,1,105
8521,0.4328,1,0,1,107
8521,0.455,1,0,1,108
8521,0.4525,1,0,1,110
8521,0.4716,1,0,1,112
8521,0.4344,0,0,1,113
8521,0.4739,1,1,1,117
8521,0.4424,1,1,1,118
8521,0.5016,1,1,1,119
8521,0.514,1,1,1,121
8521,0.547,1,1,1,124
8521,0.5211,1,0,1,126
8521,0.487,1,1,1,127
8704,0.648,1,0,1,1
8704,0.388,1,1,1,2
8704,0.569,1,0,1,3
8704,0.536,1,0,1,4
8704,0.602,1,1,1,5
8704,0.582,1,1,1,7
8704,0.64,1,1,1,10
8704,0.695,1,1,1,11
8704,0.53,1,0,1,12
8704,0.574,1,0,1,14
8704,0.815,1,0,1,16
8704,0.535,1,0,1,23
8704,0.72,1,1,1,24
8704,0.564,1,1,1,26
8704,0.494,1,0,1,28
8704,0.64,1,1,1,29
8704,0.478,1,1,1,30
8704,0.783,1,1,1,32
8704,0.612,1,1,1,38
8704,0.566,0,0,1,39
8704,0.594,1,0,1,40
8704,0.693,1,1,1,43
8704,0.554,1,0,1,45
8704,0.802,1,1,1,46
8704,0.721,1,1,1,47
8704,0.734,1,0,1,52
8704,0.566,1,0,1,53
8704,0.5,1,0,1,54
8704,0.661,1,0,1,56
8704,0.65,1,0,1,60
8704,0.566,1,0,1,61
8704,0.523,1,0,1,62
8704,0.558,1,0,1,63
8704,0.852,1,0,1,64
8704,0.774,1,1,1,66
8704,0.588,1,0,1,67
8704,0.532,1,0,1,69
8704,0.641,1,0,1,71
8704,0.524,1,0,1,72
8704,1.036,1,1,1,73
8704,0.756,1,1,1,75
8704,0.859,1,1,1,76
8704,0.505,1,0,1,77
8704,0.564,1,0,1,78
8704,0.47,0,1,1,79
8704,0.496,1,0,1,82
8704,0.629,1,0,1,83
8704,0.777,0,0,1,85
8704,0.617,1,0,1,86
8704,0.576,1,0,1,88
8704,0.817,1,1,1,89
8704,0.582,1,0,1,93
8704,0.638,1,0,1,96
8704,0.758,1,1,1,97
8704,0.648,1,1,1,98
8704,0.501,1,0,1,99
8704,0.595,1,1,1,100
8704,0.721,1,0,1,102
8704,0.768,1,1,1,104
8704,0.584,1,1,1,106
8704,0.584,1,0,1,108
8704,0.744,1,1,1,110
8704,0.673,1,1,1,112
8704,0.597,1,0,1,113
8704,0.776,1,0,1,115
8704,0.805,1,0,1,116
8704,0.852,1,1,1,117
8704,0.703,1,1,1,119
8704,0.76,1,1,1,123
8704,0.6,1,0,1,124
8704,0.85,1,1,1,125
8704,0.842,1,1,1,127
8704,0.643,1,0,1,0
8704,0.834,1,1,1,1
8704,0.507,1,0,1,3
8704,0.528,1,0,1,4
8704,0.517,1,1,1,6
8704,0.5,1,1,1,7
8704,0.412,1,0,1,8
8704,0.593,1,0,1,9
8704,0.421,1,0,1,10
8704,0.394,0,0,1,12
8704,0.505,1,0,1,13
8704,0.648,1,1,1,14
8704,0.464,1,0,1,15
8704,0.57,1,1,1,17
8704,0.72,1,0,1,20
8704,0.516,1,1,1,22
8704,0.509,1,1,1,24
8704,0.502,1,1,1,25
8704,0.58,1,0,1,26
8704,0.989,1,1,1,27
8704,0.617,1,0,1,28
8704,0.566,1,0,1,30
8704,0.561,1,0,1,31
8704,0.579,1,1,1,32
8704,0.556,1,1,1,34
8704,0.549,1,1,1,37
8704,0.441,1,1,1,38
8704,0.482,1,0,1,39
8704,0.52,1,1,1,40
8704,0.707,1,1,1,41
8704,0.568,1,0,1,43
8704,0.589,1,1,1,46
8704,0.497,1,0,1,47
8704,0.528,1,0,1,49
8704,0.564,1,0,1,50
8704,0.481,1,0,1,53
8704,0.677,1,1,1,54
8704,0.514,1,0,1,55
8704,0.528,1,1,1,60
8704,0.405,1,0,1,61
8704,0.694,1,1,1,62
8704,0.533,1,0,1,65
8704,0.672,1,1,1,67
8704,0.63,0,0,1,68
8704,0.497,1,0,1,71
8704,0.458,1,1,1,72
8704,0.578,1,1,1,74
8704,0.597,1,1,1,77
8704,0.58,1,0,1,78
8704,0.604,1,1,1,81
8704,0.653,1,1,1,82
8704,0.549,1,1,1,83
8704,0.515,1,1,1,86
8704,0.632,1,0,1,87
8704,0.711,1,0,1,88
8704,0.587,1,0,1,89
8704,0.535,1,0,1,90
8704,0.649,1,0,1,91
8704,0.469,1,1,1,92
8704,0.357,1,1,1,93
8704,0.629,1,1,1,95
8704,0.497,1,0,1,97
8704,0.531,1,1,1,99
8704,0.676,1,0,1,100
8704,0.678,1,1,1,102
8704,0.511,1,0,1,105
8704,0.456,1,0,1,107
8704,0.832,1,0,1,108
8704,0.429,1,0,1,110
8704,0.439,1,1,1,111
8704,0.615,1,1,1,113
8704,0.516,1,0,1,114
8704,0.502,1,0,1,115
8704,0.561,1,1,1,116
8704,0.572,1,1,1,117
8704,0.537,1,1,1,118
8704,0.681,1,0,1,119
8704,0.505,1,1,1,121
8704,0.438,1,1,1,122
8704,0.429,1,0,1,124
8704,0.571,1,1,1,125
8704,0.516,1,0,1,126
8704,0.502,1,1,1,127
8704,0.963,1,1,1,1
8704,0.507,1,0,1,3
8704,0.486,1,0,1,4
8704,0.547,1,1,1,5
8704,0.599,1,0,1,6
8704,0.876,0,0,1,7
8704,0.544,1,1,1,8
8704,0.763,1,1,1,9
8704,0.599,1,1,1,11
8704,0.577,1,1,1,13
8704,0.786,1,1,1,14
8704,0.488,1,1,1,15
8704,0.434,1,0,1,16
8704,0.5,1,1,1,19
8704,0.465,1,0,1,20
8704,0.438,1,0,1,22
8704,0.638,1,1,1,23
8704,0.508,1,1,1,24
8704,0.398,1,0,1,25
8704,0.782,1,1,1,28
8704,0.534,1,1,1,30
8704,0.697,1,0,1,32
8704,0.44,1,1,1,35
8704,0.455,1,1,1,36
8704,0.602,1,1,1,37
8704,0.579,1,0,1,41
8704,0.594,1,1,1,44
8704,0.598,1,0,1,46
8704,0.564,1,1,1,47
8704,0.748,1,0,1,52
8704,0.842,1,0,1,53
8704,0.568,1,0,1,54
8704,0.544,1,0,1,55
8704,0.642,1,1,1,59
8704,0.605,1,1,1,60
8704,0.858,1,1,1,61
8704,0.53,1,1,1,62
8704,0.526,1,0,1,63
8704,0.456,1,0,1,65
8704,0.58,1,1,1,66
8704,0.566,1,0,1,68
8704,0.55,1,1,1,70
8704,0.69,1,1,1,72
8704,0.516,1,1,1,73
8704,0.533,1,0,1,74
8704,0.615,1,1,1,75
8704,0.586,1,0,1,77
8704,0.515,1,0,1,78
8704,0.62,1,0,1,82
8704,0.679,1,0,1,83
8704,0.7,1,1,1,84
8704,0.426,1,0,1,85
8704,0.478,1,1,1,86
8704,0.527,1,1,1,90
8704,0.503,1,1,1,91
8704,0.6,1,0,1,93
8704,0.436,1,0,1,94
8704,0.596,1,0,1,96
8704,0.418,1,1,1,97
8704,0.481,1,1,1,98
8704,0.506,1,0,1,99
8704,0.842,1,1,1,100
8704,0.758,1,1,1,102
8704,0.76,1,0,1,104
8704,0.487,1,0,1,105
8704,0.729,1,1,1,109
8704,0.587,1,0,1,111
8704,0.566,1,0,1,112
8704,0.58,1,1,1,113
8704,0.603,1,1,1,114
8704,0.588,1,0,1,116
8704,0.473,1,0,1,117
8704,0.507,0,0,1,119
8704,0.709,1,1,1,120
8704,0.494,1,1,1,121
8704,0.529,1,0,1,122
8704,0.411,1,0,1,123
8704,0.497,1,0,1,124
8704,0.618,1,1,1,126
8704,0.476,1,0,1,127
8704,0.53,1,1,1,1
8704,0.606,1,0,1,2
8704,0.829,0,1,1,4
8704,0.703,1,0,1,5
8704,0.694,1,0,1,6
8704,0.666,1,1,1,7
8704,0.509,1,0,1,9
8704,0.602,1,0,1,12
8704,0.63,1,0,1,13
8704,0.634,1,0,1,16
8704,0.549,1,1,1,17
8704,0.58,1,1,1,18
8704,0.528,1,1,1,19
8704,0.518,1,0,1,20
8704,0.489,1,0,1,21
8704,0.476,1,0,1,22
8704,0.477,1,0,1,23
8704,0.514,1,1,1,24
8704,0.704,1,1,1,25
8704,0.565,1,0,1,28
8704,0.532,1,1,1,29
8704,0.571,1,1,1,32
8704,0.6,1,1,1,33
8704,0.788,1,1,1,35
8704,0.854,1,1,1,39
8704,0.568,1,1,1,40
8704,0.86,1,1,1,43
8704,0.495,1,0,1,46
8704,0.615,1,0,1,50
8704,0.475,1,0,1,51
8704,0.834,1,1,1,52
8704,0.665,1,1,1,53
8704,0.532,1,0,1,55
8704,0.478,1,1,1,56
8704,0.616,1,0,1,59
8704,0.528,1,0,1,60
8704,0.518,1,0,1,61
8704,0.575,1,1,1,62
8704,0.455,1,0,1,65
8704,0.794,1,0,1,69
8704,0.535,1,0,1,71
8704,0.627,1,0,1,72
8704,0.474,0,0,1,73
8704,0.622,1,0,1,74
8704,0.612,1,1,1,76
8704,0.513,1,0,1,77
8704,0.535,1,0,1,79
8704,0.494,1,0,1,80
8704,0.511,1,0,1,81
8704,0.507,1,1,1,85
8704,0.614,1,1,1,86
8704,0.633,1,1,1,87
8704,0.528,1,1,1,88
8704,0.47,1,1,1,89
8704,0.543,1,1,1,90
8704,0.587,1,1,1,91
8704,0.796,1,1,1,92
8704,0.781,1,0,1,93
8704,0.571,1,1,1,94
8704,0.577,1,0,1,95
8704,0.55,1,1,1,96
8704,0.587,1,1,1,97
8704,0.568,1,1,1,99
8704,0.778,1,0,1,100
8704,0.485,1,1,1,101
8704,0.621,1,1,1,102
8704,0.604,1,1,1,104
8704,0.535,1,1,1,105
8704,0.686,1,0,1,107
8704,0.577,1,0,1,108
8704,0.63,1,1,1,109
8704,0.695,1,1,1,110
8704,0.819,1,1,1,111
8704,0.457,1,0,1,112
8704,0.656,1,0,1,113
8704,0.552,1,1,1,114
8704,0.463,1,0,1,115
8704,0.448,1,0,1,117
8704,0.41,1,0,1,118
8704,0.633,1,0,1,119
8704,0.606,1,1,1,123
8704,0.685,1,1,1,125
8704,0.533,1,0,1,126
8704,0.476,1,0,1,127
8704,0.541,1,0,1,1
8704,0.489,1,0,1,4
8704,0.431,1,0,1,6
8704,0.561,1,0,1,7
8704,0.655,1,1,1,12
8704,0.606,1,0,1,13
8704,0.58,1,1,1,15
8704,0.777,1,0,1,17
8704,0.552,1,1,1,18
8704,0.611,1,0,1,20
8704,0.497,1,0,1,21
8704,0.564,1,1,1,22
8704,0.524,1,1,1,24
8704,0.581,1,0,1,25
8704,0.638,1,1,1,27
8704,0.425,1,1,1,28
8704,0.499,1,0,1,29
8704,0.661,1,1,1,30
8704,0.461,1,0,1,31
8704,0.454,1,0,1,32
8704,0.46,0,0,1,33
8704,0.399,1,1,1,34
8704,0.474,1,0,1,35
8704,0.711,1,1,1,36
8704,0.506,1,1,1,38
8704,0.591,1,1,1,40
8704,0.547,1,0,1,42
8704,0.631,1,0,1,43
8704,0.502,1,1,1,45
8704,0.496,1,0,1,46
8704,0.572,1,1,1,48
8704,0.462,1,0,1,50
8704,0.673,1,0,1,54
8704,0.477,1,0,1,58
8704,0.525,1,1,1,60
8704,0.549,1,1,1,61
8704,0.498,1,1,1,62
8704,0.55,1,0,1,63
8704,0.526,1,0,1,66
8704,0.519,1,1,1,67
8704,0.41,1,0,1,68
8704,0.702,1,1,1,69
8704,0.509,1,0,1,70
8704,0.541,1,1,1,72
8704,0.897,1,1,1,73
8704,0.493,1,1,1,74
8704,0.689,1,0,1,76
8704,0.536,1,0,1,78
8704,0.501,1,1,1,80
8704,0.719,1,1,1,81
8704,0.463,1,0,1,82
8704,0.526,1,1,1,85
8704,0.55,1,0,1,88
8704,0.37,1,1,1,89
8704,0.502,1,1,1,90
8704,0.503,1,0,1,91
8704,0.482,1,1,1,93
8704,0.505,1,0,1,94
8704,0.44,1,0,1,95
8704,0.647,1,0,1,96
8704,0.571,1,1,1,97
8704,0.479,1,1,1,98
8704,0.501,1,0,1,99
8704,0.502,1,1,1,100
8704,0.524,1,1,1,101
8704,0.573,1,0,1,104
8704,0.501,1,1,1,105
8704,0.65,1,1,1,106
8704,0.594,1,1,1,108
8704,0.472,1,0,1,109
8704,0.533,1,0,1,110
8704,0.549,1,1,1,111
8704,0.722,1,0,1,113
8704,0.597,1,0,1,115
8704,0.472,1,0,1,117
8704,0.688,1,1,1,120
8704,0.555,1,1,1,123
8704,0.518,1,0,1,124
8704,0.515,1,1,1,125
8704,0.452,1,0,1,126
8704,0.535,1,0,1,127
8704,0.659,1,0,1,0
8704,0.491,1,1,1,2
8704,0.483,1,1,1,6
8704,0.497,1,0,1,7
8704,0.411,1,0,1,9
8704,0.515,1,1,1,12
8704,0.56,1,1,1,14
8704,0.599,1,1,1,15
8704,0.462,1,0,1,16
8704,0.55,1,1,1,17
8704,0.467,1,1,1,20
8704,0.528,1,1,1,23
8704,0.427,1,0,1,24
8704,0.497,1,1,1,25
8704,0.51,1,1,1,26
8704,0.603,1,1,1,27
8704,0.48,1,0,1,28
8704,0.534,1,1,1,29
8704,0.628,1,1,1,30
8704,0.498,1,1,1,33
8704,0.517,1,1,1,34
8704,0.494,1,1,1,35
8704,0.443,1,1,1,36
8704,0.621,1,0,1,37
8704,0.565,1,0,1,38
8704,0.55,1,1,1,39
8704,0.602,1,0,1,40
8704,0.411,1,0,1,41
8704,0.506,1,1,1,42
8704,0.583,1,0,1,43
8704,0.445,1,1,1,45
8704,0.343,1,0,1,48
8704,0.344,0,1,1,49
8704,0.416,1,1,1,50
8704,0.394,1,0,1,51
8704,0.427,1,1,1,52
8704,0.516,1,1,1,53
8704,0.729,1,0,1,56
8704,0.518,1,1,1,59
8704,0.377,1,0,1,62
8704,0.668,1,0,1,63
8704,0.419,1,0,1,64
8704,0.678,1,1,1,65
8704,0.366,1,0,1,68
8704,0.586,1,1,1,69
8704,0.494,1,1,1,72
8704,0.444,1,0,1,74
8704,0.534,1,1,1,75
8704,0.524,1,0,1,76
8704,0.416,1,1,1,77
8704,0.415,1,1,1,78
8704,0.516,1,0,1,79
8704,0.475,1,0,1,80
8704,0.425,0,0,1,82
8704,0.433,1,1,1,84
8704,0.469,1,0,1,88
8704,0.419,1,0,1,90
8704,0.443,1,0,1,91
8704,0.689,1,0,1,92
8704,0.511,1,0,1,93
8704,0.587,1,1,1,94
8704,0.449,1,1,1,95
8704,0.476,1,1,1,97
8704,0.373,1,1,1,98
8704,0.447,1,0,1,99
8704,0.508,1,0,1,100
8704,0.487,1,0,1,102
8704,0.532,1,1,1,103
8704,0.495,1,1,1,107
8704,0.562,1,0,1,108
8704,0.6,1,0,1,109
8704,0.498,1,0,1,110
8704,0.492,1,0,1,111
8704,0.414,0,0,1,114
8704,0.348,1,0,1,115
8704,0.475,1,1,1,116
8704,0.525,1,0,1,117
8704,0.374,1,0,1,118
8704,0.583,1,1,1,119
8704,0.515,1,0,1,120
8704,0.485,1,1,1,121
8704,0.355,1,0,1,122
8704,0.58,1,0,1,123
8704,0.389,1,1,1,124
8704,0.733,1,1,1,0
8704,1.017,1,0,1,1
8704,0.463,1,1,1,2
8704,0.486,1,0,1,4
8704,0.63,1,0,1,5
8704,0.445,1,0,1,6
8704,0.55,1,0,1,8
8704,0.543,1,1,1,10
8704,0.641,1,0,1,11
8704,0.487,1,0,1,12
8704,0.705,1,1,1,13
8704,0.466,1,1,1,14
8704,0.539,1,1,1,16
8704,0.439,1,1,1,17
8704,0.665,1,0,1,18
8704,0.533,1,0,1,20
8704,0.502,1,0,1,21
8704,0.566,1,1,1,23
8704,0.533,1,0,1,25
8704,0.48,1,0,1,27
8704,0.695,1,1,1,29
8704,0.609,1,0,1,30
8704,0.665,1,1,1,32
8704,0.704,1,1,1,33
8704,0.647,1,0,1,36
8704,0.591,1,0,1,38
8704,0.649,1,0,1,39
8704,0.549,1,0,1,40
8704,0.546,1,0,1,41
8704,0.509,1,0,1,42
8704,0.497,1,0,1,44
8704,0.881,1,1,1,45
8704,0.417,1,0,1,46
8704,0.437,1,0,1,47
8704,0.489,1,1,1,50
8704,0.647,1,1,1,51
8704,0.453,1,1,1,52
8704,0.449,1,1,1,53
8704,0.399,1,1,1,54
8704,0.485,1,0,1,55
8704,0.712,1,1,1,58
8704,0.614,1,0,1,59
8704,0.629,1,1,1,60
8704,0.513,1,0,1,61
8704,0.479,0,0,1,63
8704,0.403,1,0,1,64
8704,0.427,1,0,1,66
8704,0.538,1,1,1,68
8704,0.516,1,0,1,69
8704,0.593,1,1,1,70
8704,0.55,1,0,1,71
8704,0.581,1,1,1,72
8704,0.474,1,0,1,73
8704,0.618,1,1,1,74
8704,0.518,1,1,1,77
8704,0.633,1,1,1,79
8704,0.428,1,1,1,80
8704,0.551,1,0,1,82
8704,0.47,1,1,1,83
8704,0.524,1,0,1,85
8704,0.447,1,0,1,88
8704,0.766,1,1,1,90
8704,0.538,1,1,1,93
8704,0.456,1,0,1,94
8704,0.563,1,0,1,95
8704,0.62,1,1,1,99
8704,0.462,1,1,1,100
8704,0.612,1,0,1,102
8704,0.491,1,0,1,103
8704,0.537,1,1,1,105
8704,0.493,1,0,1,106
8704,0.735,1,1,1,107
8704,0.485,1,0,1,109
8704,0.605,1,1,1,111
8704,0.492,1,1,1,113
8704,0.573,1,1,1,114
8704,0.757,1,1,1,116
8704,0.663,1,1,1,117
8704,0.587,1,0,1,121
8704,0.538,1,1,1,123
8704,0.845,1,1,1,124
8704,0.429,1,0,1,126
8704,0.525,1,1,1,127
8704,0.541,1,0,1,2
8704,0.53,1,1,1,4
8704,0.498,1,0,1,5
8704,0.592,1,1,1,6
8704,0.461,1,0,1,7
8704,0.575,1,0,1,9
8704,0.525,1,1,1,11
8704,0.463,1,0,1,12
8704,0.564,1,1,1,13
8704,0.409,1,0,1,16
8704,0.445,1,1,1,17
8704,0.49,1,0,1,18
8704,0.5,1,1,1,20
8704,0.53,1,0,1,21
8704,0.458,1,0,1,22
8704,0.531,1,1,1,23
8704,0.475,1,0,1,25
8704,0.551,1,1,1,26
8704,0.587,1,0,1,28
8704,0.509,1,1,1,30
8704,0.695,1,0,1,31
8704,0.635,1,0,1,32
8704,0.482,1,0,1,33
8704,0.516,1,1,1,34
8704,0.509,1,1,1,35
8704,0.503,1,1,1,36
8704,0.645,1,1,1,38
8704,0.47,1,1,1,39
8704,0.801,1,0,1,40
8704,0.581,1,1,1,41
8704,0.613,1,0,1,42
8704,0.525,1,1,1,43
8704,0.534,1,1,1,46
8704,0.48,1,1,1,47
8704,0.476,1,0,1,48
8704,0.426,1,0,1,49
8704,0.701,1,1,1,50
8704,0.426,1,1,1,52
8704,0.478,1,1,1,53
8704,0.446,1,1,1,54
8704,0.576,1,1,1,55
8704,0.522,1,1,1,56
8704,0.427,1,1,1,57
8704,0.517,1,0,1,58
8704,0.382,1,0,1,63
8704,0.433,1,0,1,65
8704,0.461,1,0,1,66
8704,0.491,1,1,1,68
8704,0.5,1,0,1,70
8704,0.777,1,0,1,71
8704,0.51,1,0,1,73
8704,0.533,1,1,1,74
8704,0.519,1,1,1,76
8704,0.764,1,1,1,79
8704,0.661,1,0,1,80
8704,0.515,1,0,1,82
8704,0.43,1,1,1,83
8704,0.551,1,1,1,86
8704,0.476,1,1,1,87
8704,0.432,1,0,1,88
8704,0.568,1,1,1,89
8704,0.571,1,0,1,90
8704,0.458,1,0,1,92
8704,0.535,1,1,1,93
8704,0.465,1,0,1,95
8704,0.511,0,0,1,97
8704,0.445,1,0,1,98
8704,0.539,1,0,1,101
8704,0.533,1,1,1,102
8704,0.531,1,0,1,103
8704,0.809,1,0,1,104
8704,0.53,1,1,1,107
8704,0.406,1,1,1,108
8704,0.519,1,0,1,109
8704,0.765,1,0,1,110
8704,0.407,1,0,1,112
8704,0.536,1,1,1,114
8704,0.377,1,0,1,116
8704,0.513,1,0,1,119
8704,0.534,1,1,1,120
8704,0.457,1,1,1,121
8704,0.467,1,1,1,122
8704,0.528,1,1,1,123
8704,0.426,1,0,1,124
8755,0.7232,1,1,1,1
8755,0.5082,1,1,1,4
8755,0.6278,1,0,1,8
8755,0.4644,1,1,1,10
8755,0.5733,1,1,1,12
8755,0.7287,1,0,1,13
8755,0.5322,1,1,1,15
8755,0.6986,1,0,1,16
8755,0.5716,1,1,1,17
8755,0.4678,1,0,1,20
8755,0.4668,1,0,1,21
8755,0.6191,1,0,1,22
8755,0.4147,1,1,1,24
8755,0.4439,1,0,1,25
8755,0.722,1,0,1,26
8755,0.421,1,0,1,30
8755,0.5995,1,1,1,33
8755,0.5485,1,1,1,34
8755,0.6976,1,0,1,35
8755,0.7001,1,0,1,38
8755,0.4425,1,1,1,39
8755,0.7213,1,1,1,40
8755,0.6002,1,0,1,42
8755,0.61240000000000006,0,1,1,43
8755,0.5798,1,0,1,46
8755,0.4335,1,1,1,47
8755,0.7152,1,1,1,49
8755,0.5133,1,1,1,50
8755,0.6553,1,1,1,52
8755,0.5113,1,0,1,54
8755,0.4397,1,1,1,56
8755,0.3723,1,1,1,57
8755,0.5131,1,0,1,58
8755,0.3826,1,0,1,60
8755,0.4416,1,1,1,61
8755,0.5334,1,0,1,63
8755,0.5606,1,1,1,65
8755,0.6923,1,0,1,66
8755,0.4182,1,0,1,70
8755,0.7473,1,0,1,71
8755,0.3965,1,1,1,73
8755,0.5375,1,1,1,74
8755,0.6393,1,0,1,75
8755,0.5124,1,0,1,76
8755,0.5059,1,1,1,77
8755,0.6008,1,1,1,78
8755,0.4666,1,1,1,81
8755,0.411,1,0,1,83
8755,0.4379,1,1,1,85
8755,0.4414,1,0,1,87
8755,0.7648,1,1,1,88
8755,0.5145,1,0,1,90
8755,0.3805,1,0,1,91
8755,0.4074,1,0,1,92
8755,0.2575,1,1,1,93
8755,0.4665,1,0,1,94
8755,0.3928,1,1,1,95
8755,0.447,1,0,1,96
8755,0.606,1,1,1,97
8755,0.3931,1,0,1,98
8755,0.4079,1,0,1,99
8755,0.5559,1,1,1,100
8755,0.4423,1,1,1,102
8755,0.4634,1,0,1,103
8755,0.4157,0,1,1,106
8755,0.4201,1,0,1,107
8755,0.6529,1,1,1,108
8755,0.4898,1,1,1,109
8755,0.7256,1,0,1,110
8755,0.4656,1,1,1,112
8755,0.4194,1,0,1,113
8755,0.4191,1,0,1,115
8755,0.4195,1,0,1,116
8755,0.4628,1,1,1,118
8755,0.5796,1,0,1,119
8755,0.7675,1,1,1,122
8755,0.4914,1,0,1,123
8755,0.5722,1,1,1,124
8755,0.6137,1,1,1,125
8755,0.6312,1,1,1,126
8755,0.6555,1,0,1,127
8755,0.6049,1,1,1,2
8755,0.6737,1,1,1,4
8755,0.3972,1,0,1,5
8755,0.4314,1,0,1,6
8755,0.5337,1,0,1,9
8755,0.5151,1,0,1,10
8755,0.6683,1,1,1,11
8755,0.6269,1,0,1,12
8755,0.7188,1,1,1,14
8755,0.4876,1,0,1,15
8755,0.6957,1,0,1,16
8755,0.6695,1,0,1,17
8755,0.6295,1,1,1,19
8755,0.5356,1,0,1,20
8755,0.7219,1,0,1,23
8755,0.6272,1,1,1,25
8755,0.4657,1,0,1,26
8755,0.3953,1,0,1,28
8755,0.4456,1,1,1,29
8755,0.7412,1,0,1,30
8755,0.3719,1,0,1,31
8755,0.471,1,0,1,33
8755,0.6983,1,1,1,37
8755,0.5588,1,1,1,38
8755,0.4889,1,1,1,39
8755,0.5142,1,1,1,40
8755,0.5611,1,0,1,42
8755,0.4881,1,0,1,44
8755,0.4779,1,1,1,46
8755,0.4706,1,1,1,47
8755,0.5484,1,1,1,48
8755,0.4684,1,0,1,50
8755,0.5598,1,1,1,51
8755,0.4446,1,0,1,53
8755,0.423,1,0,1,56
8755,0.3705,1,0,1,57
8755,0.3963,1,1,1,58
8755,0.5136,1,1,1,60
8755,0.4474,1,1,1,61
8755,0.373,1,1,1,62
8755,0.3768,1,0,1,63
8755,0.3505,1,0,1,64
8755,0.295,1,0,1,65
8755,0.4665,1,0,1,67
8755,0.4896,1,1,1,68
8755,0.5362,1,0,1,69
8755,0.4859,1,0,1,70
8755,0.4662,1,1,1,71
8755,0.4164,1,1,1,72
8755,0.3498,1,0,1,73
8755,0.5553,1,1,1,74
8755,0.4887,1,0,1,77
8755,0.4191,1,0,1,81
8755,0.4886,1,1,1,84
8755,0.4651,1,1,1,86
8755,0.4181,1,1,1,87
8755,0.4891,1,0,1,88
8755,0.3725,1,0,1,89
8755,0.4872,1,0,1,90
8755,0.4153,1,0,1,91
8755,0.4042,1,1,1,93
8755,0.4173,1,0,1,94
8755,0.6398,1,1,1,95
8755,0.3972,1,0,1,97
8755,0.3713,1,1,1,98
8755,0.4391,1,1,1,104
8755,0.3724,1,0,1,106
8755,0.383,1,1,1,107
8755,0.4662,1,0,1,109
8755,0.4881,1,1,1,111
8755,0.4441,1,1,1,113
8755,0.571,1,1,1,114
8755,0.3982,1,0,1,118
8755,0.4238,1,0,1,120
8755,0.4879,1,1,1,122
8755,0.5688,1,1,1,124
8755,0.4547,1,0,1,125
8755,0.4429,1,1,1,127
8755,0.5578,1,0,1,3
8755,0.4763,1,0,1,4
8755,0.4913,1,0,1,5
8755,0.3937,1,1,1,7
8755,0.4656,1,0,1,8
8755,0.4857,1,1,1,9
8755,0.4481,1,1,1,10
8755,0.4151,1,1,1,12
8755,0.502,1,0,1,13
8755,0.3488,1,0,1,15
8755,0.3947,1,1,1,17
8755,0.4439,1,1,1,18
8755,0.4348,1,0,1,19
8755,0.3974,1,1,1,22
8755,0.4861,1,1,1,23
8755,0.4386,1,1,1,26
8755,0.3718,1,0,1,27
8755,0.469,1,1,1,30
8755,0.4385,1,0,1,31
8755,0.3713,1,0,1,32
8755,0.3995,1,0,1,33
8755,0.4438,1,1,1,34
8755,0.4404,1,1,1,35
8755,0.4874,1,0,1,38
8755,0.7092,1,1,1,39
8755,0.3658,1,1,1,41
8755,0.509,1,1,1,42
8755,0.4217,1,1,1,43
8755,0.3844,1,0,1,46
8755,0.444,1,1,1,48
8755,0.4181,1,0,1,49
8755,0.4173,1,0,1,51
8755,0.454,1,0,1,53
8755,0.4513,1,1,1,54
8755,0.6487,1,1,1,55
8755,0.4835,1,1,1,56
8755,0.4416,1,1,1,57
8755,0.4635,1,1,1,60
8755,0.5357,1,0,1,62
8755,0.4472,1,0,1,63
8755,0.4223,0,1,1,64
8755,0.7206,1,0,1,65
8755,0.7673,1,0,1,67
8755,0.4227,1,0,1,68
8755,0.4185,1,0,1,69
8755,0.5091,1,1,1,72
8755,0.4428,1,1,1,73
8755,0.4127,1,1,1,75
8755,0.5819,1,1,1,77
8755,0.4489,1,1,1,79
8755,0.4443,1,0,1,80
8755,0.4107,1,0,1,81
8755,0.6911,1,0,1,82
8755,0.4422,1,0,1,83
8755,0.3484,1,0,1,85
8755,0.4397,1,0,1,86
8755,0.5148,1,0,1,88
8755,0.5019,1,0,1,90
8755,0.5154,1,1,1,92
8755,0.4662,1,1,1,94
8755,0.4414,1,0,1,95
8755,0.4385,1,0,1,96
8755,0.443,1,1,1,97
8755,0.3973,1,0,1,99
8755,0.4384,0,0,1,100
8755,0.4891,1,1,1,102
8755,0.5663,1,1,1,103
8755,0.402,1,0,1,104
8755,0.4887,1,1,1,105
8755,0.5729,1,1,1,107
8755,0.4631,1,1,1,109
8755,0.5113,1,1,1,110
8755,0.585,1,0,1,112
8755,0.6736,1,1,1,113
8755,0.4915,1,1,1,114
8755,0.4385,1,0,1,115
8755,0.3939,1,1,1,116
8755,0.5107,1,0,1,117
8755,0.4153,1,0,1,119
8755,0.4125,1,0,1,121
8755,0.4388,1,0,1,122
8755,0.4159,1,0,1,123
8755,0.4426,1,1,1,126
8755,0.7355,1,1,1,1
8755,0.3694,1,0,1,2
8755,0.4685,1,0,1,6
8755,0.4471,1,1,1,8
8755,0.4454,1,1,1,10
8755,0.5457,1,1,1,12
8755,0.4592,1,1,1,15
8755,0.3952,1,0,1,17
8755,0.3739,1,0,1,19
8755,0.4411,1,1,1,20
8755,0.4346,1,0,1,21
8755,0.4179,1,1,1,22
8755,0.4178,1,1,1,23
8755,0.3717,1,1,1,24
8755,0.5075,1,1,1,25
8755,0.4837,1,1,1,26
8755,0.524,1,0,1,27
8755,0.4212,1,1,1,28
8755,0.3707,1,0,1,29
8755,0.4427,1,0,1,30
8755,0.4345,1,1,1,31
8755,0.4465,1,1,1,35
8755,0.3716,1,0,1,36
8755,0.5148,1,1,1,37
8755,0.4574,1,0,1,38
8755,0.7042,1,1,1,39
8755,0.4152,1,0,1,42
8755,0.4381,1,0,1,43
8755,0.4656,1,0,1,44
8755,0.4388,1,1,1,46
8755,0.5104,1,1,1,47
8755,0.4427,1,1,1,48
8755,0.4386,1,1,1,49
8755,0.3948,1,1,1,50
8755,0.3711,1,0,1,52
8755,0.4074,1,1,1,54
8755,0.3944,0,1,1,56
8755,0.4185,1,0,1,59
8755,0.4964,1,0,1,60
8755,0.4412,1,1,1,61
8755,0.3938,1,1,1,62
8755,0.4847,1,0,1,64
8755,0.4394,1,0,1,65
8755,0.5329,1,1,1,68
8755,0.4631,1,0,1,71
8755,0.4183,1,0,1,72
8755,0.4631,1,0,1,73
8755,0.4175,1,0,1,74
8755,0.4652,1,1,1,75
8755,0.5223,1,1,1,76
8755,0.4883,1,1,1,77
8755,0.5808,1,1,1,79
8755,0.3951,1,1,1,80
8755,0.6254,1,1,1,83
8755,0.5357,1,0,1,84
8755,0.5548,1,1,1,88
8755,0.3735,1,0,1,90
8755,0.439,1,0,1,91
8755,0.4413,1,0,1,94
8755,0.471,1,1,1,95
8755,0.4433,1,0,1,96
8755,0.5053,1,0,1,98
8755,0.3768,1,0,1,99
8755,0.3894,1,0,1,100
8755,0.4148,1,0,1,101
8755,0.585,1,1,1,103
8755,0.6022,1,0,1,104
8755,0.493,1,1,1,105
8755,0.4174,1,0,1,106
8755,0.4209,1,0,1,107
8755,0.4289,1,0,1,109
8755,0.4161,1,0,1,110
8755,0.4685,1,0,1,111
8755,0.3932,1,0,1,114
8755,0.4624,1,0,1,116
8755,0.5214,1,0,1,117
8755,0.5242,1,1,1,119
8755,0.4867,1,1,1,120
8755,0.4416,1,1,1,121
8755,0.4642,1,1,1,122
8755,0.4685,1,1,1,124
8755,0.4049,1,0,1,126
8755,0.4463,1,0,1,127
8755,0.417,1,1,1,2
8755,0.42,1,1,1,3
8755,0.4437,1,1,1,5
8755,0.3619,1,0,1,6
8755,0.4659,1,1,1,7
8755,0.4063,1,1,1,8
8755,0.4427,1,1,1,9
8755,0.6273,1,1,1,11
8755,0.3969,1,0,1,12
8755,0.3713,1,0,1,13
8755,0.4178,1,1,1,15
8755,0.5844,1,1,1,17
8755,0.5144,1,1,1,20
8755,0.3979,1,0,1,21
8755,0.4613,1,0,1,22
8755,0.3724,1,0,1,24
8755,0.3969,1,0,1,25
8755,0.6093,1,1,1,27
8755,0.3816,1,0,1,28
8755,0.6072,1,0,1,30
8755,0.3957,1,1,1,31
8755,0.4675,1,1,1,32
8755,0.4336,1,0,1,33
8755,0.378,0,1,1,35
8755,0.4381,1,1,1,36
8755,0.3747,1,0,1,37
8755,0.4436,1,0,1,38
8755,0.486,1,1,1,40
8755,0.367,1,0,1,41
8755,0.4189,1,1,1,44
8755,0.485,1,0,1,45
8755,0.4291,1,0,1,46
8755,0.4849,1,0,1,48
8755,0.4272,1,1,1,49
8755,0.4407,1,0,1,51
8755,0.4194,1,0,1,52
8755,0.4259,1,1,1,54
8755,0.4674,1,0,1,56
8755,0.4646,1,1,1,57
8755,0.4301,1,1,1,59
8755,0.3497,1,0,1,60
8755,0.3589,1,1,1,61
8755,0.3979,1,1,1,63
8755,0.4645,1,1,1,64
8755,0.5614,1,0,1,65
8755,0.4601,1,0,1,67
8755,0.4419,1,1,1,68
8755,0.4469,1,0,1,69
8755,0.3529,1,0,1,70
8755,0.4381,1,0,1,71
8755,0.6017,1,1,1,72
8755,0.4398,1,0,1,75
8755,0.4143,1,0,1,76
8755,0.5351,1,0,1,78
8755,0.4942,1,0,1,85
8755,0.4295,1,1,1,86
8755,0.4135,1,0,1,87
8755,0.4454,1,1,1,88
8755,0.3963,1,0,1,91
8755,0.3885,1,0,1,92
8755,0.3705,1,1,1,94
8755,0.347,1,0,1,95
8755,0.6221,1,1,1,97
8755,0.4635,1,0,1,98
8755,0.3936,1,0,1,99
8755,0.413,1,1,1,100
8755,0.6946,1,1,1,101
8755,0.417,1,0,1,102
8755,0.6051,1,1,1,103
8755,0.4595,1,1,1,104
8755,0.4823,1,1,1,105
8755,0.4524,1,1,1,106
8755,0.4372,1,1,1,109
8755,0.3916,1,1,1,110
8755,0.674,1,0,1,113
8755,0.6763,1,1,1,114
8755,0.4702,1,1,1,115
8755,0.3829,1,0,1,116
8755,0.3469,1,0,1,117
8755,0.5053,1,1,1,121
8755,0.3453,1,0,1,122
8755,0.4428,1,0,1,124
8755,0.3951,1,1,1,127
8755,0.3965,1,1,1,1
8755,0.5772,1,1,1,2
8755,0.6687,1,1,1,3
8755,0.5868,1,1,1,5
8755,0.3977,1,0,1,6
8755,0.3376,1,0,1,9
8755,0.5377,1,1,1,10
8755,0.5331,1,1,1,11
8755,0.4431,1,1,1,12
8755,0.3471,1,0,1,13
8755,0.3597,1,0,1,14
8755,0.421,1,0,1,15
8755,0.5802,1,1,1,17
8755,0.3608,1,1,1,21
8755,0.3901,1,0,1,22
8755,0.425,1,0,1,23
8755,0.5063,1,1,1,26
8755,0.4429,1,1,1,27
8755,0.4145,1,0,1,29
8755,0.4195,1,0,1,31
8755,0.414,1,0,1,32
8755,0.427,1,1,1,33
8755,0.4596,1,1,1,35
8755,0.3973,1,1,1,36
8755,0.3716,1,0,1,37
8755,0.4546,1,1,1,39
8755,0.422,1,0,1,41
8755,0.418,1,0,1,43
8755,0.4517,1,0,1,45
8755,0.4039,1,0,1,46
8755,0.4596,1,0,1,47
8755,0.356,1,0,1,50
8755,0.4223,1,1,1,51
8755,0.4538,1,1,1,52
8755,0.3976,1,1,1,53
8755,0.3463,1,0,1,54
8755,0.3612,1,0,1,55
8755,0.4439,1,0,1,58
8755,0.6037,1,1,1,59
8755,0.3747,1,1,1,60
8755,0.3591,1,0,1,61
8755,0.47,1,1,1,62
8755,0.3727,1,0,1,63
8755,0.4403,1,0,1,64
8755,0.4488,1,1,1,65
8755,0.3482,1,0,1,66
8755,0.3236,1,0,1,67
8755,0.3743,1,1,1,68
8755,0.383,1,0,1,70
8755,0.3485,1,0,1,71
8755,0.6457,1,0,1,72
8755,0.558,1,1,1,73
8755,0.3912,1,1,1,74
8755,0.4437,1,1,1,75
8755,0.4637,1,1,1,76
8755,0.3978,1,1,1,77
8755,0.3722,1,0,1,79
8755,0.5849,1,0,1,80
8755,0.3938,1,0,1,82
8755,0.3852,1,0,1,83
8755,0.4396,1,1,1,84
8755,0.485,1,1,1,85
8755,0.3506,1,1,1,88
8755,0.3356,1,1,1,91
8755,0.4677,1,1,1,92
8755,0.4226,1,0,1,94
8755,0.4666,1,1,1,96
8755,0.4017,1,1,1,100
8755,0.395,1,1,1,101
8755,0.3982,1,0,1,102
8755,0.4725,1,1,1,105
8755,0.454,1,1,1,106
8755,0.426,1,0,1,111
8755,0.5357,1,1,1,114
8755,0.4627,1,0,1,115
8755,0.4422,1,1,1,116
8755,0.3948,1,0,1,117
8755,0.5451,1,1,1,118
8755,0.4394,1,0,1,121
8755,0.4471,1,0,1,123
8755,0.4159,1,0,1,124
8755,0.4055,1,0,1,125
8755,0.3956,1,0,1,126
8755,0.4395,1,1,1,127
8755,0.6544,1,1,1,1
8755,0.4654,1,1,1,2
8755,0.3219,1,0,1,4
8755,0.4594,1,1,1,8
8755,0.5988,1,0,1,9
8755,0.4149,1,0,1,11
8755,0.4068,1,0,1,12
8755,0.3897,1,1,1,13
8755,0.3514,1,0,1,14
8755,0.4642,1,1,1,15
8755,0.3495,1,0,1,17
8755,0.4098,1,1,1,18
8755,0.3025,0,1,1,19
8755,0.4324,1,0,1,20
8755,0.4151,1,0,1,22
8755,0.4375,1,1,1,24
8755,0.4034,1,0,1,27
8755,0.4293,1,0,1,28
8755,0.4456,1,0,1,30
8755,0.4771,1,1,1,31
8755,0.3493,1,1,1,33
8755,0.4393,1,0,1,34
8755,0.4339,1,0,1,35
8755,0.4182,1,1,1,37
8755,0.3469,1,0,1,38
8755,0.4052,1,1,1,41
8755,0.4461,1,1,1,44
8755,0.5482,1,1,1,45
8755,0.4835,1,1,1,47
8755,0.4165,1,1,1,48
8755,0.4265,1,0,1,51
8755,0.3498,1,0,1,52
8755,0.3734,1,0,1,53
8755,0.5079,1,1,1,56
8755,0.3912,1,0,1,58
8755,0.4148,1,1,1,59
8755,0.4442,1,0,1,62
8755,0.3715,1,1,1,63
8755,0.6119,1,0,1,64
8755,0.5483,1,1,1,66
8755,0.4128,1,1,1,67
8755,0.3972,1,1,1,68
8755,0.3371,1,0,1,69
8755,0.3486,1,1,1,70
8755,0.3158,1,0,1,71
8755,0.4297,1,0,1,73
8755,0.5555,1,0,1,75
8755,0.3617,1,1,1,76
8755,0.4672,1,1,1,77
8755,0.4199,1,1,1,78
8755,0.4161,1,0,1,79
8755,0.4857,1,1,1,81
8755,0.4186,1,0,1,87
8755,0.4388,1,1,1,88
8755,0.4189,1,1,1,89
8755,0.4401,1,1,1,90
8755,0.3565,1,0,1,92
8755,0.3484,1,0,1,93
8755,0.2941,1,1,1,94
8755,0.419,1,0,1,95
8755,0.4507,1,0,1,96
8755,0.3945,1,0,1,97
8755,0.4616,1,1,1,98
8755,0.4387,1,1,1,100
8755,0.4409,1,1,1,102
8755,0.6047,1,1,1,106
8755,0.3957,1,0,1,107
8755,0.434,1,1,1,108
8755,0.4771,1,1,1,109
8755,0.3988,1,0,1,110
8755,0.4728,1,1,1,112
8755,0.3933,1,1,1,113
8755,0.372,1,0,1,115
8755,0.3948,1,0,1,116
8755,0.5539,1,0,1,117
8755,0.4817,1,1,1,118
8755,0.3944,1,0,1,119
8755,0.4633,1,0,1,121
8755,0.4648,1,1,1,122
8755,0.5289,1,0,1,124
8755,0.4805,1,1,1,125
8755,0.3945,1,0,1,127
8755,0.4194,1,0,1,1
8755,0.4395,1,0,1,2
8755,0.4607,1,0,1,3
8755,0.3497,1,1,1,5
8755,0.3906,1,0,1,6
8755,0.3451,1,0,1,7
8755,0.4622,1,1,1,8
8755,0.3955,1,1,1,9
8755,0.4568,1,1,1,12
8755,0.3465,1,0,1,14
8755,0.4156,1,1,1,15
8755,0.4382,1,1,1,16
8755,0.3502,1,0,1,19
8755,0.3695,1,0,1,20
8755,0.4876,1,1,1,21
8755,0.4342,1,0,1,22
8755,0.4041,1,1,1,23
8755,0.3953,1,0,1,24
8755,0.441,1,1,1,25
8755,0.3464,1,0,1,30
8755,0.311,0,1,1,31
8755,0.4136,1,1,1,34
8755,0.3677,1,0,1,35
8755,0.4171,1,0,1,36
8755,0.4381,1,1,1,39
8755,0.4856,1,0,1,40
8755,0.4739,1,1,1,41
8755,0.52,1,1,1,42
8755,0.4156,1,1,1,43
8755,0.4449,1,0,1,48
8755,0.3048,0,1,1,50
8755,0.4444,1,0,1,51
8755,0.4682,1,0,1,53
8755,0.4333,1,0,1,54
8755,0.5953,1,0,1,56
8755,0.4897,1,0,1,57
8755,0.4694,1,0,1,59
8755,0.6234,1,1,1,60
8755,0.464,1,1,1,62
8755,0.5758,1,0,1,63
8755,0.4131,1,0,1,65
8755,0.3586,1,0,1,66
8755,0.4052,1,0,1,67
8755,0.5433,1,1,1,68
8755,0.4271,1,0,1,69
8755,0.4667,1,1,1,70
8755,0.4863,1,1,1,71
8755,0.4316,1,0,1,73
8755,0.4651,1,1,1,74
8755,0.5089,1,1,1,75
8755,0.4869,1,1,1,76
8755,0.4173,1,1,1,77
8755,0.3653,1,0,1,82
8755,0.4192,1,1,1,84
8755,0.346,1,1,1,85
8755,0.3673,1,0,1,86
8755,0.4154,1,1,1,87
8755,0.4084,1,0,1,88
8755,0.4625,1,0,1,91
8755,0.4406,1,1,1,93
8755,0.5116,1,1,1,94
8755,0.3931,1,1,1,95
8755,0.4335,1,0,1,97
8755,0.4286,1,0,1,98
8755,0.3806,1,1,1,100
8755,0.4164,1,0,1,102
8755,0.4864,1,1,1,104
8755,0.3949,1,0,1,105
8755,0.4673,1,1,1,106
8755,0.5092,1,0,1,108
8755,0.381,1,0,1,110
8755,0.4192,1,1,1,111
8755,0.4601,1,0,1,112
8755,0.4331,1,1,1,113
8755,0.3705,1,0,1,117
8755,0.3968,1,0,1,119
8755,0.4642,1,1,1,120
8755,0.4468,1,1,1,121
8755,0.4245,1,1,1,123
8755,0.5067,1,1,1,124
8755,0.3777,1,1,1,125
8755,0.419,1,0,1,126
8755,0.4672,1,0,1,127
8785,0.4369,1,1,1,0
8785,0.4564,0,1,1,1
8785,0.5237,1,0,1,2
8785,0.4366,1,1,1,3
8785,0.4065,0,1,1,4
8785,0.5025,1,1,1,6
8785,0.456,1,0,1,7
8785,0.426,1,0,1,9
8785,0.4471,1,0,1,10
8785,0.4637,1,0,1,11
8785,0.3991,1,0,1,14
8785,0.4071,1,1,1,15
8785,0.4704,1,0,1,16
8785,0.4725,1,0,1,17
8785,0.4232,1,1,1,19
8785,0.506,1,1,1,20
8785,0.4049,1,1,1,21
8785,0.4885,1,1,1,24
8785,0.422,1,1,1,26
8785,0.5551,1,0,1,27
8785,0.3731,1,1,1,28
8785,0.4996,1,0,1,29
8785,0.572,1,1,1,31
8785,0.5882,1,0,1,32
8785,0.623,1,1,1,35
8785,0.4064,1,0,1,36
8785,0.4579,1,1,1,37
8785,0.5219,1,0,1,39
8785,0.5042,1,0,1,40
8785,0.4964,1,0,1,41
8785,0.5547,1,0,1,42
8785,0.4345,1,1,1,43
8785,0.4728,0,1,1,47
8785,0.4387,1,0,1,50
8785,0.5243,1,1,1,52
8785,0.5492,1,1,1,54
8785,0.5058,1,1,1,56
8785,0.5043,1,0,1,57
8785,0.5386,1,0,1,58
8785,0.4473,1,0,1,59
8785,0.4368,1,0,1,60
8785,0.5714,1,1,1,61
8785,0.4743,1,0,1,62
8785,0.473,1,1,1,64
8785,0.7407,1,1,1,66
8785,0.4573,1,1,1,69
8785,0.3555,1,1,1,70
8785,0.3565,1,0,1,74
8785,0.5758,1,1,1,75
8785,0.4091,1,0,1,76
8785,0.4204,1,1,1,80
8785,0.4906,1,0,1,83
8785,0.6685,1,0,1,84
8785,0.3749,1,1,1,85
8785,0.406,1,0,1,86
8785,0.3696,1,0,1,87
8785,0.4891,1,1,1,88
8785,0.5882,1,1,1,89
8785,0.6466,1,1,1,90
8785,0.5414,1,1,1,93
8785,0.4895,1,0,1,94
8785,0.3903,0,1,1,95
8785,0.5175,1,1,1,96
8785,0.5743,1,0,1,98
8785,0.506,1,0,1,99
8785,0.4052,1,0,1,100
8785,0.5054,1,0,1,101
8785,0.4407,1,0,1,102
8785,0.4219,1,0,1,104
8785,0.6029,1,1,1,105
8785,0.6204,1,1,1,106
8785,0.5058,1,0,1,107
8785,0.3385,1,0,1,108
8785,0.5425,0,1,1,110
8785,0.4877,1,1,1,111
8785,0.4076,1,0,1,115
8785,0.4241,0,0,1,117
8785,0.4055,1,1,1,118
8785,0.4236,1,0,1,120
8785,0.3227,0,1,1,121
8785,0.4056,0,1,1,126
8785,0.64,1,1,1,127
8785,0.4531,1,0,1,0
8785,0.3841,0,1,1,2
8785,0.4056,1,0,1,3
8785,0.4236,1,0,1,5
8785,0.4891,1,0,1,6
8785,0.4368,1,1,1,8
8785,0.5918,1,1,1,10
8785,0.4237,1,0,1,11
8785,0.7565,1,1,1,12
8785,0.5724,1,1,1,13
8785,0.4758,1,0,1,14
8785,0.5376,1,1,1,15
8785,0.4263,1,1,1,17
8785,0.5456,1,1,1,18
8785,0.4718,1,1,1,19
8785,0.4224,1,0,1,20
8785,0.5935,1,0,1,21
8785,0.6067,1,1,1,24
8785,0.5227,1,1,1,25
8785,0.5066,1,1,1,27
8785,0.4935,1,1,1,29
8785,0.5206,1,1,1,30
8785,0.4223,1,1,1,31
8785,0.4381,1,0,1,32
8785,0.4064,1,0,1,33
8785,0.5225,1,0,1,34
8785,0.7559,1,0,1,36
8785,0.505,1,1,1,38
8785,0.6388,1,1,1,39
8785,0.6723,1,0,1,40
8785,0.5368,1,1,1,41
8785,0.4722,1,0,1,42
8785,0.4573,1,1,1,43
8785,0.5054,1,1,1,44
8785,0.4557,1,0,1,45
8785,0.5557,1,0,1,46
8785,0.4712,1,1,1,48
8785,0.4169,1,0,1,53
8785,0.4399,1,0,1,56
8785,0.4401,1,0,1,57
8785,0.4889,1,0,1,59
8785,0.4682,1,1,1,61
8785,0.3888,1,1,1,63
8785,0.5035,1,1,1,65
8785,0.4392,1,0,1,66
8785,0.4058,1,0,1,67
8785,0.4706,1,0,1,68
8785,0.6064,1,0,1,70
8785,0.6236,1,1,1,72
8785,0.6338,1,0,1,73
8785,0.4528,1,1,1,74
8785,0.3497,1,0,1,76
8785,0.4504,1,0,1,79
8785,0.473,1,0,1,82
8785,0.4731,1,0,1,83
8785,0.3537,1,0,1,84
8785,0.473,1,1,1,85
8785,0.5,1,1,1,87
8785,0.5892,1,1,1,88
8785,0.3888,1,1,1,89
8785,0.3229,1,1,1,90
8785,0.4398,1,0,1,91
8785,0.4714,1,1,1,94
8785,0.5077,1,1,1,95
8785,0.6058,1,1,1,96
8785,0.3618,1,0,1,98
8785,0.5093,1,1,1,100
8785,0.6243,1,1,1,101
8785,0.3904,1,0,1,102
8785,0.5062,1,0,1,103
8785,0.5586,1,1,1,104
8785,0.61,1,0,1,107
8785,0.4909,1,1,1,108
8785,0.3887,1,0,1,110
8785,0.4852,1,0,1,113
8785,0.5386,1,0,1,115
8785,0.6704,1,1,1,116
8785,0.5381,1,0,1,119
8785,0.4672,1,0,1,120
8785,0.3554,0,1,1,123
8785,0.4222,1,1,1,124
8785,0.4552,1,1,1,125
8785,0.4526,1,0,1,127
8785,0.5392,1,1,1,0
8785,0.2887,1,1,1,2
8785,0.4386,1,1,1,3
8785,0.4624,1,0,1,4
8785,0.5212,1,1,1,5
8785,0.521,1,0,1,6
8785,0.4221,1,1,1,7
8785,0.388,1,0,1,8
8785,0.355,1,1,1,9
8785,0.4728,1,0,1,10
8785,0.4083,1,1,1,12
8785,0.7734,1,0,1,13
8785,0.3235,1,0,1,15
8785,0.5548,1,1,1,17
8785,0.4403,1,0,1,18
8785,0.4508,1,1,1,19
8785,0.3695,1,0,1,23
8785,0.4048,1,0,1,24
8785,0.437,1,1,1,29
8785,0.5055,1,0,1,32
8785,0.4545,1,0,1,33
8785,0.5422,1,0,1,34
8785,0.4506,1,1,1,36
8785,0.4565,1,1,1,39
8785,0.5175,1,1,1,40
8785,0.8387,1,1,1,41
8785,0.4099,1,0,1,42
8785,0.5338,1,0,1,43
8785,0.7066,1,1,1,44
8785,0.3234,0,1,1,45
8785,0.4358,1,1,1,46
8785,0.4226,0,1,1,48
8785,0.3719,1,0,1,49
8785,0.5052,1,1,1,51
8785,0.6185,1,0,1,52
8785,0.5403,1,0,1,55
8785,0.3561,1,0,1,57
8785,0.3579,0,0,1,58
8785,0.4675,1,0,1,59
8785,0.568,1,1,1,60
8785,0.6574,1,1,1,61
8785,0.385,1,1,1,62
8785,0.3531,1,0,1,63
8785,0.3542,1,1,1,65
8785,0.5023,1,0,1,67
8785,0.5069,1,0,1,68
8785,0.5538,1,1,1,69
8785,0.4915,1,0,1,72
8785,0.3966,1,1,1,73
8785,0.4382,0,1,1,75
8785,0.5247,1,1,1,76
8785,0.556,1,0,1,77
8785,0.4379,1,1,1,80
8785,0.4414,1,0,1,81
8785,0.3865,1,1,1,85
8785,0.4234,1,1,1,86
8785,0.5706,1,1,1,87
8785,0.5245,1,1,1,88
8785,0.6059,1,0,1,89
8785,0.4062,1,0,1,90
8785,0.3211,1,1,1,93
8785,0.387,1,0,1,94
8785,0.4221,1,0,1,95
8785,0.4549,1,0,1,96
8785,0.6244,1,1,1,97
8785,0.5082,1,0,1,98
8785,0.5568,1,1,1,99
8785,0.6077,1,0,1,100
8785,0.4697,1,0,1,101
8785,0.4728,1,0,1,104
8785,0.4061,1,0,1,105
8785,0.4899,1,1,1,109
8785,0.4216,1,0,1,110
8785,0.4248,1,1,1,111
8785,0.5236,1,0,1,112
8785,0.4717,1,0,1,113
8785,0.5515,1,1,1,115
8785,0.6393,1,0,1,117
8785,0.5387,1,1,1,118
8785,0.3537,1,1,1,119
8785,0.5046,1,0,1,120
8785,0.4231,1,0,1,121
8785,0.4378,1,1,1,126
8785,0.3729,1,1,1,127
8785,0.4526,1,0,1,0
8785,0.3212,1,0,1,5
8785,0.4223,1,1,1,8
8785,0.6724,1,1,1,9
8785,0.5012,1,1,1,12
8785,0.4347,1,1,1,13
8785,0.5394,1,1,1,15
8785,0.5056,1,1,1,16
8785,0.62,1,1,1,17
8785,0.521,1,1,1,18
8785,0.5183,1,1,1,19
8785,0.442,1,1,1,21
8785,0.3547,0,1,1,24
8785,0.3548,1,0,1,25
8785,0.4084,1,1,1,26
8785,0.5057,1,0,1,28
8785,0.4893,1,1,1,29
8785,0.4714,1,1,1,32
8785,0.422,1,0,1,33
8785,0.4231,1,0,1,34
8785,0.422,1,0,1,35
8785,0.4394,1,0,1,36
8785,0.6059,1,0,1,40
8785,0.6387,1,0,1,41
8785,0.4833,1,1,1,45
8785,0.5387,1,0,1,49
8785,0.5057,1,0,1,51
8785,0.52,1,0,1,52
8785,0.5069,1,1,1,53
8785,0.3722,0,0,1,55
8785,0.4343,1,0,1,57
8785,0.4044,1,0,1,58
8785,0.3728,1,0,1,59
8785,0.5032,1,0,1,64
8785,0.4588,1,1,1,65
8785,0.385,0,1,1,66
8785,0.3544,0,1,1,67
8785,0.4088,1,0,1,68
8785,0.5056,1,0,1,69
8785,0.5886,1,1,1,70
8785,0.4231,1,0,1,71
8785,0.4883,1,1,1,72
8785,0.3727,1,0,1,73
8785,0.4223,1,1,1,74
8785,0.4563,1,1,1,75
8785,0.5887,1,0,1,76
8785,0.488,1,1,1,77
8785,0.453,1,0,1,78
8785,0.4023,1,1,1,79
8785,0.4733,1,0,1,81
8785,0.4044,1,1,1,82
8785,0.5549,1,1,1,83
8785,0.5563,1,1,1,84
8785,0.5222,1,0,1,87
8785,0.4411,1,0,1,89
8785,0.4869,1,1,1,90
8785,0.5907,1,0,1,91
8785,0.3545,1,0,1,92
8785,0.4396,1,0,1,94
8785,0.6377,1,1,1,95
8785,0.4405,1,0,1,96
8785,0.5172,1,0,1,97
8785,0.4505,1,1,1,98
8785,0.5311,1,1,1,99
8785,0.7228,1,0,1,101
8785,0.434,1,1,1,102
8785,0.6236,1,1,1,103
8785,0.5408,1,0,1,104
8785,0.4754,1,1,1,105
8785,0.504,1,0,1,106
8785,0.3871,1,0,1,108
8785,0.4198,1,0,1,111
8785,0.4392,1,0,1,112
8785,0.5393,1,0,1,113
8785,0.5879,1,1,1,114
8785,0.4552,1,0,1,117
8785,0.4104,1,1,1,118
8785,0.5017,1,1,1,119
8785,0.5013,1,1,1,120
8785,0.5227,1,1,1,121
8785,0.4011,1,1,1,122
8785,0.4008,1,1,1,123
8785,0.4417,1,0,1,124
8785,0.4888,1,0,1,125
8785,0.4066,1,0,1,0
8785,0.5741,1,1,1,2
8785,0.555,1,1,1,8
8785,0.3709,1,0,1,9
8785,0.4898,1,1,1,10
8785,0.5361,1,0,1,11
8785,0.5685,1,1,1,13
8785,0.4692,1,1,1,14
8785,0.4727,1,0,1,15
8785,0.3197,1,0,1,17
8785,0.4543,1,1,1,18
8785,0.6566,1,0,1,19
8785,0.523,1,1,1,22
8785,0.5402,1,0,1,23
8785,0.472,1,0,1,24
8785,0.5721,1,1,1,25
8785,0.6078,1,0,1,26
8785,0.6313,1,1,1,27
8785,0.6348,1,1,1,28
8785,0.5048,1,1,1,33
8785,0.4888,1,1,1,35
8785,0.4877,1,1,1,37
8785,0.474,1,1,1,39
8785,0.3746,1,0,1,40
8785,0.539,1,0,1,41
8785,0.3352,1,0,1,42
8785,0.4215,1,0,1,44
8785,0.3353,1,0,1,45
8785,0.5863,1,0,1,46
8785,0.39,1,0,1,47
8785,0.4966,1,0,1,48
8785,0.5543,1,0,1,50
8785,0.5064,1,1,1,53
8785,0.482,1,1,1,55
8785,0.4576,1,0,1,56
8785,0.8061,1,0,1,58
8785,0.4031,1,1,1,59
8785,0.535,1,1,1,60
8785,0.4074,1,0,1,66
8785,0.5391,1,1,1,70
8785,0.4381,1,1,1,71
8785,0.4226,0,0,1,73
8785,0.475,1,1,1,74
8785,0.423,1,0,1,75
8785,0.4495,1,0,1,76
8785,0.4476,1,1,1,77
8785,0.5831,1,1,1,78
8785,0.368,1,0,1,79
8785,0.3851,1,0,1,80
8785,0.473,1,1,1,81
8785,0.5221,1,1,1,82
8785,0.4904,1,1,1,83
8785,0.7719,1,0,1,86
8785,0.4943,1,0,1,87
8785,0.5207,1,0,1,90
8785,0.3721,0,1,1,94
8785,0.4182,1,1,1,95
8785,0.5525,1,1,1,96
8785,0.4928,1,1,1,98
8785,0.4384,1,1,1,99
8785,0.4891,1,1,1,100
8785,0.3876,1,1,1,101
8785,0.4547,1,1,1,102
8785,0.507,1,0,1,104
8785,0.3856,1,0,1,105
8785,0.455,1,1,1,106
8785,0.49,1,1,1,107
8785,0.452,1,1,1,109
8785,0.4907,1,0,1,110
8785,0.5074,1,1,1,112
8785,0.3552,1,1,1,113
8785,0.522,1,0,1,115
8785,0.3497,1,0,1,116
8785,0.4364,1,0,1,117
8785,0.3876,1,0,1,118
8785,0.6358,1,0,1,119
8785,0.4345,1,0,1,120
8785,0.4782,1,1,1,121
8785,0.5554,1,0,1,122
8785,0.4881,1,0,1,123
8785,0.5501,1,0,1,124
8785,0.4056,1,1,1,126
8785,0.3914,1,0,1,127
8785,0.459,0,1,1,0
8785,0.4376,1,1,1,1
8785,0.5174,1,1,1,2
8785,0.539,1,1,1,3
8785,0.5059,1,1,1,5
8785,0.4863,1,0,1,6
8785,0.4225,1,0,1,10
8785,0.4912,1,1,1,11
8785,0.3725,1,0,1,14
8785,0.4581,1,1,1,15
8785,0.486,1,1,1,20
8785,0.4873,1,0,1,21
8785,0.4892,1,0,1,23
8785,0.5249,1,0,1,24
8785,0.6728,1,1,1,25
8785,0.3406,1,0,1,26
8785,0.4848,1,0,1,29
8785,0.3831,1,0,1,30
8785,0.3958,1,1,1,31
8785,0.4018,1,0,1,32
8785,0.4069,1,1,1,33
8785,0.4722,1,1,1,34
8785,0.5082,1,0,1,35
8785,0.6161,1,1,1,36
8785,0.3769,1,0,1,37
8785,0.4765,1,1,1,38
8785,0.4563,1,0,1,39
8785,0.3693,1,0,1,43
8785,0.3681,1,1,1,44
8785,0.5067,1,1,1,45
8785,0.5896,1,0,1,46
8785,0.4016,1,0,1,48
8785,0.4063,1,0,1,49
8785,0.3903,1,0,1,51
8785,0.3886,1,0,1,52
8785,0.4083,0,1,1,53
8785,0.6064,1,0,1,56
8785,0.4878,1,1,1,57
8785,0.5242,1,1,1,58
8785,0.405,1,0,1,59
8785,0.5549,1,1,1,60
8785,0.4803,1,1,1,62
8785,0.3677,1,1,1,63
8785,0.4221,0,1,1,65
8785,0.5718,1,1,1,66
8785,0.5268,1,1,1,67
8785,0.5253,1,0,1,68
8785,0.5064,1,0,1,69
8785,0.4184,1,0,1,70
8785,0.5739,1,0,1,71
8785,0.4572,1,1,1,72
8785,0.4405,1,1,1,73
8785,0.4903,1,0,1,74
8785,0.5414,1,1,1,76
8785,0.659,1,0,1,77
8785,0.3757,1,0,1,78
8785,0.6398,1,1,1,81
8785,0.4121,1,1,1,85
8785,0.4677,1,1,1,87
8785,0.5243,1,0,1,89
8785,0.4058,1,0,1,90
8785,0.7892,1,0,1,91
8785,0.3245,0,1,1,92
8785,0.4202,1,0,1,93
8785,0.4635,1,0,1,94
8785,0.3969,1,1,1,96
8785,0.3756,1,0,1,97
8785,0.4023,1,0,1,99
8785,0.5668,1,1,1,100
8785,0.5495,1,1,1,101
8785,0.4246,0,0,1,102
8785,0.4055,1,0,1,105
8785,0.4054,1,0,1,106
8785,0.4176,1,1,1,107
8785,0.4713,1,1,1,108
8785,0.3729,1,1,1,111
8785,0.4078,1,0,1,114
8785,0.4114,1,0,1,115
8785,0.5063,1,0,1,118
8785,0.3721,1,1,1,121
8785,0.4529,1,0,1,122
8785,0.502,1,1,1,123
8785,0.384,1,1,1,124
8785,0.4395,1,1,1,125
8785,0.4025,1,0,1,0
8785,0.3393,1,0,1,1
8785,0.338,1,0,1,4
8785,0.3727,1,0,1,5
8785,0.4033,1,0,1,6
8785,0.5053,1,1,1,8
8785,0.4876,1,1,1,9
8785,0.4351,1,0,1,11
8785,0.4503,1,0,1,13
8785,0.4086,1,1,1,14
8785,0.4518,1,1,1,16
8785,0.3899,1,1,1,18
8785,0.4873,1,1,1,19
8785,0.5312,1,0,1,20
8785,0.4355,1,1,1,21
8785,0.3724,1,0,1,22
8785,0.4087,1,0,1,23
8785,0.4167,1,1,1,25
8785,0.4287,1,1,1,26
8785,0.4349,1,0,1,27
8785,0.4508,1,0,1,28
8785,0.3653,1,1,1,29
8785,0.4192,1,0,1,30
8785,0.4567,1,1,1,34
8785,0.4354,1,1,1,35
8785,0.5394,1,1,1,36
8785,0.374,1,0,1,37
8785,0.5904,1,1,1,38
8785,0.5173,1,0,1,40
8785,0.4367,1,0,1,41
8785,0.3912,1,1,1,43
8785,0.4372,1,0,1,45
8785,0.3308,1,0,1,47
8785,0.3386,1,0,1,48
8785,0.4238,1,1,1,49
8785,0.3841,1,0,1,50
8785,0.2846,0,0,1,51
8785,0.4905,1,1,1,52
8785,0.5725,1,1,1,53
8785,0.4968,1,1,1,55
8785,0.402,1,0,1,56
8785,0.3381,0,1,1,58
8785,0.3479,1,0,1,59
8785,0.4038,1,1,1,60
8785,0.3562,1,0,1,61
8785,0.4989,1,0,1,64
8785,0.5616,1,1,1,66
8785,0.378,1,1,1,68
8785,0.4006,1,1,1,69
8785,0.6698,1,1,1,71
8785,0.4695,1,1,1,73
8785,0.4057,0,1,1,74
8785,0.3549,1,0,1,75
8785,0.4051,1,1,1,78
8785,0.5018,1,0,1,79
8785,0.4671,0,0,1,82
8785,0.4891,1,1,1,83
8785,0.4726,1,1,1,90
8785,0.4724,1,1,1,91
8785,0.3718,1,0,1,92
8785,0.3802,1,1,1,93
8785,0.4589,1,1,1,94
8785,0.4892,1,1,1,96
8785,0.3742,1,0,1,97
8785,0.3399,1,0,1,99
8785,0.3574,1,1,1,100
8785,0.507,1,1,1,103
8785,0.4726,1,0,1,104
8785,0.4564,1,0,1,106
8785,0.4238,1,0,1,109
8785,0.3716,1,0,1,111
8785,0.3572,1,0,1,113
8785,0.2954,0,0,1,115
8785,0.3865,1,1,1,116
8785,0.4987,1,1,1,117
8785,0.4567,1,0,1,118
8785,0.3854,1,1,1,119
8785,0.4033,1,0,1,120
8785,0.3779,1,0,1,123
8785,0.5343,1,1,1,124
8785,0.5187,1,1,1,125
8785,0.5312,1,0,1,126
8785,0.4088,1,0,1,127
8785,0.4777,1,1,1,0
8785,0.7261,1,0,1,1
8785,0.3352,0,1,1,2
8785,0.3855,1,0,1,4
8785,0.3539,0,1,1,6
8785,0.4185,1,0,1,9
8785,0.3798,1,0,1,12
8785,0.4452,1,0,1,13
8785,0.4603,1,1,1,14
8785,0.4872,1,0,1,15
8785,0.4526,1,1,1,16
8785,0.3769,1,0,1,18
8785,0.3218,0,0,1,19
8785,0.4229,1,0,1,22
8785,0.4447,1,1,1,23
8785,0.3879,0,1,1,25
8785,0.4172,1,0,1,27
8785,0.3855,1,0,1,28
8785,0.4221,1,0,1,29
8785,0.5222,1,0,1,30
8785,0.5035,1,1,1,32
8785,0.3871,1,1,1,35
8785,0.4856,1,0,1,36
8785,0.4123,1,0,1,37
8785,0.4388,1,0,1,38
8785,0.4019,1,0,1,39
8785,0.5048,1,1,1,40
8785,0.4584,1,0,1,41
8785,0.5382,1,1,1,42
8785,0.5134,1,1,1,44
8785,0.4777,1,0,1,45
8785,0.5197,1,1,1,47
8785,0.4846,1,1,1,48
8785,0.3893,1,0,1,50
8785,0.5137,1,1,1,53
8785,0.4671,1,0,1,54
8785,0.6142,1,1,1,55
8785,0.3869,1,1,1,56
8785,0.372,1,1,1,57
8785,0.4972,1,1,1,58
8785,0.4878,1,0,1,60
8785,0.5142,1,1,1,62
8785,0.5085,0,1,1,63
8785,0.5403,1,0,1,67
8785,0.3551,1,0,1,68
8785,0.4742,1,1,1,69
8785,0.5226,0,1,1,70
8785,0.4365,1,0,1,71
8785,0.5894,1,0,1,72
8785,0.5735,1,0,1,73
8785,0.3895,1,0,1,74
8785,0.3865,1,1,1,75
8785,0.4069,1,0,1,76
8785,0.4851,1,1,1,78
8785,0.4374,1,0,1,80
8785,0.4229,1,1,1,82
8785,0.4876,1,0,1,84
8785,0.5047,1,1,1,85
8785,0.4165,1,1,1,86
8785,0.4562,1,1,1,87
8785,0.4829,1,0,1,89
8785,0.3816,1,0,1,91
8785,0.3702,1,0,1,93
8785,0.4014,1,0,1,94
8785,0.4526,1,1,1,95
8785,0.3669,1,0,1,96
8785,0.3875,1,1,1,97
8785,0.3902,1,0,1,99
8785,0.4042,1,0,1,100
8785,0.4679,1,1,1,103
8785,0.3738,1,0,1,105
8785,0.4004,1,1,1,106
8785,0.4956,1,1,1,108
8785,0.4678,1,1,1,109
8785,0.4739,1,1,1,111
8785,0.4694,1,0,1,113
8785,0.3734,1,1,1,114
8785,0.388,1,1,1,115
8785,0.3551,1,1,1,116
8785,0.372,1,1,1,119
8785,0.4568,1,0,1,122
8785,0.4975,1,1,1,123
8785,0.4375,1,0,1,124
8785,0.4898,1,1,1,127
8788,0.7473,1,0,1,0
8788,0.4815,1,1,1,5
8788,0.4211,1,1,1,6
8788,0.3681,0,1,1,8
8788,0.401,1,0,1,9
8788,0.4683,1,0,1,10
8788,0.401,1,0,1,11
8788,0.3842,1,1,1,12
8788,0.4002,1,0,1,14
8788,0.4023,1,0,1,16
8788,0.4708,1,0,1,18
8788,0.5516,1,1,1,19
8788,0.4683,1,1,1,20
8788,0.4689,1,1,1,22
8788,0.43120000000000003,1,1,1,23
8788,0.5014,1,1,1,24
8788,0.511299999,1,1,1,25
8788,0.4958,1,0,1,26
8788,0.385400001,1,0,1,27
8788,0.5536,1,1,1,28
8788,0.3628,1,0,1,30
8788,0.5973,1,1,1,33
8788,0.349700001,0,1,1,34
8788,0.383799999,1,0,1,36
8788,0.3473,1,0,1,37
8788,0.4303,1,0,1,38
8788,0.547299999,1,1,1,40
8788,0.3548,0,1,1,41
8788,0.3898,1,0,1,43
8788,0.7006,1,0,1,46
8788,0.4153,0,1,1,49
8788,0.432400001,1,1,1,50
8788,0.3522,1,0,1,51
8788,0.3614,1,1,1,52
8788,0.5015,1,1,1,53
8788,0.3641,1,1,1,54
8788,0.3789,1,0,1,55
8788,0.5086,1,1,1,57
8788,0.3859,1,0,1,58
8788,0.483400001,1,1,1,59
8788,0.4332,1,1,1,60
8788,0.463700001,1,1,1,62
8788,0.5284,1,1,1,63
8788,0.3744,1,0,1,65
8788,0.488299999,1,1,1,67
8788,0.357,1,0,1,69
8788,0.471,1,1,1,70
8788,0.4699,1,0,1,72
8788,0.3858,1,0,1,74
8788,0.473,1,0,1,79
8788,0.4179,1,0,1,81
8788,0.5343,1,1,1,82
8788,0.4435,1,0,1,83
8788,0.6016,1,1,1,84
8788,0.498,1,1,1,85
8788,0.3833,1,1,1,87
8788,0.4003,1,0,1,88
8788,0.3804,1,0,1,89
8788,0.4141,1,0,1,90
8788,0.4481,1,0,1,91
8788,0.4511,1,0,1,92
8788,0.5998,1,1,1,93
8788,0.401599999,1,0,1,94
8788,0.631099999,1,1,1,95
8788,0.4343,1,0,1,96
8788,0.6645,1,1,1,97
8788,0.483099999,1,0,1,98
8788,0.467200001,1,1,1,99
8788,0.457,1,0,1,100
8788,0.337099999,1,0,1,101
8788,0.5332,1,0,1,102
8788,0.5418,1,1,1,107
8788,0.4394,1,1,1,111
8788,0.7193,1,0,1,113
8788,0.5863,1,0,1,115
8788,0.354,1,0,1,117
8788,0.3585,1,0,1,118
8788,0.470400001,1,1,1,119
8788,0.441,1,1,1,121
8788,0.4615,1,1,1,122
8788,0.3976,1,1,1,124
8788,0.3851,1,0,1,126
8788,0.3415,1,0,1,127
8788,0.483799999,1,0,1,2
8788,0.6338,1,1,1,5
8788,0.4356,1,0,1,6
8788,0.4262,1,1,1,8
8788,0.383700001,1,0,1,9
8788,0.3666,1,1,1,10
8788,0.433700001,1,1,1,11
8788,0.365,1,0,1,12
8788,0.411,1,0,1,13
8788,0.4008,1,1,1,14
8788,0.5015,1,1,1,18
8788,0.4675,1,0,1,19
8788,0.467700001,1,1,1,20
8788,0.542299999,1,1,1,21
8788,0.6319,1,1,1,22
8788,0.4311,1,0,1,23
8788,0.451,1,0,1,24
8788,0.449099999,1,1,1,29
8788,0.4346,1,0,1,30
8788,0.757099999,1,1,1,31
8788,0.468,1,0,1,32
8788,0.6196,1,1,1,33
8788,0.5123,1,1,1,34
8788,0.3891,1,0,1,36
8788,0.3722,1,0,1,37
8788,0.3549,1,0,1,38
8788,0.490200001,1,0,1,40
8788,0.4857,1,1,1,41
8788,0.4525,1,1,1,43
8788,0.4843,1,1,1,44
8788,0.3678,1,0,1,46
8788,0.6497,1,0,1,47
8788,0.368,1,0,1,50
8788,0.3933,1,0,1,51
8788,0.3482,1,0,1,52
8788,0.347299999,1,1,1,53
8788,0.313400001,1,0,1,54
8788,0.3729,1,0,1,56
8788,0.3044,1,1,1,57
8788,0.3056,0,1,1,58
8788,0.418599999,1,0,1,61
8788,0.3392,1,0,1,63
8788,0.45,1,1,1,64
8788,0.3505,0,1,1,65
8788,0.397200001,1,0,1,66
8788,0.35,1,1,1,69
8788,0.297400001,0,1,1,70
8788,0.333200001,1,0,1,71
8788,0.3304,1,1,1,74
8788,0.3098,0,1,1,76
8788,0.404,0,1,1,77
8788,0.464,1,1,1,80
8788,0.373400001,1,1,1,82
8788,0.3003,1,0,1,83
8788,0.3278,1,0,1,84
8788,0.437,1,0,1,86
8788,0.3508,1,0,1,87
8788,0.3605,1,1,1,90
8788,0.3332,1,0,1,92
8788,0.2503,1,0,1,93
8788,0.259400001,1,0,1,94
8788,0.316400001,0,1,1,95
8788,0.4331,1,0,1,96
8788,0.3768,0,1,1,98
8788,0.5305,1,1,1,99
8788,0.3794,1,0,1,101
8788,0.4262,0,1,1,102
8788,0.534,1,1,1,103
8788,0.3678,1,0,1,105
8788,0.319400001,1,0,1,108
8788,0.4973,0,1,1,109
8788,0.4345,1,0,1,110
8788,0.4422,1,0,1,111
8788,0.6683,1,1,1,112
8788,0.4409,1,1,1,115
8788,0.5022,1,1,1,116
8788,0.3797,1,0,1,117
8788,0.3862,1,1,1,118
8788,0.3524,1,0,1,119
8788,0.3356,0,1,1,120
8788,0.3358,1,0,1,121
8788,0.338400001,1,0,1,123
8788,0.4825,1,1,1,125
8788,0.330599999,0,1,1,127
8788,0.4513,1,0,1,0
8788,0.6358,1,1,1,1
8788,0.4694,1,1,1,2
8788,0.376,1,0,1,5
8788,0.367599999,1,0,1,7
8788,0.4005,1,0,1,9
8788,0.3815,1,0,1,10
8788,0.420900001,1,0,1,12
8788,0.4676,1,1,1,13
8788,0.434400001,1,1,1,15
8788,0.4022,1,1,1,17
8788,0.5778,1,1,1,19
8788,0.630900001,1,1,1,20
8788,0.3973,1,1,1,21
8788,0.3263,0,1,1,22
8788,0.4368,1,1,1,23
8788,0.3362,1,0,1,24
8788,0.389700001,1,0,1,25
8788,0.4126,1,0,1,26
8788,0.4228,1,0,1,28
8788,0.436099999,1,0,1,29
8788,0.4508,1,1,1,30
8788,0.401700001,1,0,1,31
8788,0.3858,1,1,1,32
8788,0.502700001,1,1,1,33
8788,0.586900001,1,0,1,34
8788,0.3857,1,0,1,36
8788,0.4005,1,0,1,39
8788,0.3517,1,0,1,40
8788,0.5282,1,1,1,41
8788,0.6178,1,1,1,44
8788,0.4025,1,0,1,45
8788,0.3983,1,0,1,47
8788,0.5842,1,1,1,48
8788,0.396599999,1,1,1,50
8788,0.4347,1,1,1,51
8788,0.4941,1,1,1,53
8788,0.481099999,1,0,1,56
8788,0.4193,1,1,1,57
8788,0.4021,1,0,1,58
8788,0.4954,1,1,1,59
8788,0.501599999,1,1,1,64
8788,0.4433,1,0,1,65
8788,0.407299999,1,0,1,67
8788,0.4045,1,1,1,69
8788,0.4846,1,1,1,70
8788,0.3729,1,0,1,71
8788,0.3245,1,0,1,74
8788,0.339,1,0,1,75
8788,0.4535,1,1,1,76
8788,0.2696,1,1,1,78
8788,0.364200001,0,1,1,79
8788,0.265099999,0,1,1,80
8788,0.3627,1,1,1,81
8788,0.2997,1,0,1,82
8788,0.3177,1,0,1,84
8788,0.7315,0,1,1,85
8788,0.3655,1,1,1,86
8788,0.3608,1,0,1,87
8788,0.3356,0,1,1,88
8788,0.3145,1,0,1,89
8788,0.3442,1,1,1,90
8788,0.34,1,0,1,91
8788,0.456599999,1,1,1,93
8788,0.361,1,0,1,94
8788,0.305099999,0,1,1,95
8788,0.350400001,1,1,1,96
8788,0.3808,1,0,1,98
8788,0.3775,1,0,1,99
8788,0.406,1,1,1,100
8788,0.388099999,1,0,1,102
8788,0.5695,1,1,1,103
8788,0.5484,1,0,1,106
8788,0.451099999,1,1,1,108
8788,0.484799999,1,1,1,109
8788,0.367,1,0,1,111
8788,0.5672,1,0,1,112
8788,0.383,1,0,1,116
8788,0.425299999,1,0,1,118
8788,0.5712,1,0,1,119
8788,0.7335,1,1,1,120
8788,0.424400001,1,0,1,123
8788,0.665,1,1,1,125
8788,0.3837,1,0,1,127
8788,0.487,1,1,1,0
8788,0.6687,1,1,1,1
8788,0.3803,1,1,1,2
8788,0.3473,1,0,1,3
8788,0.419400001,1,0,1,5
8788,0.4053,1,0,1,6
8788,0.359400001,0,1,1,7
8788,0.396700001,0,1,1,8
8788,0.5527,1,1,1,9
8788,0.349099999,1,0,1,10
8788,0.334200001,1,0,1,11
8788,0.331200001,1,0,1,12
8788,0.3325,0,1,1,13
8788,0.500099999,1,0,1,14
8788,0.4007,1,1,1,15
8788,0.411099999,1,1,1,16
8788,0.3257,1,1,1,17
8788,0.3258,1,1,1,19
8788,0.383900001,1,0,1,20
8788,0.368299999,1,0,1,21
8788,0.3142,1,0,1,22
8788,0.4012,1,1,1,23
8788,0.3714,1,1,1,27
8788,0.3518,1,1,1,29
8788,0.5066,1,1,1,30
8788,0.3945,1,1,1,32
8788,0.4967,1,1,1,35
8788,0.3645,1,0,1,36
8788,0.3901,1,0,1,37
8788,0.3512,1,0,1,38
8788,0.3951,1,1,1,40
8788,0.322,1,0,1,42
8788,0.3172,1,0,1,43
8788,0.3013,1,0,1,44
8788,0.403,1,0,1,49
8788,0.3629,1,0,1,50
8788,0.2975,0,1,1,51
8788,0.3822,1,0,1,52
8788,0.271,1,1,1,53
8788,0.332,1,1,1,55
8788,0.384,1,1,1,56
8788,0.3475,1,0,1,59
8788,0.3664,1,1,1,60
8788,0.3389,1,1,1,61
8788,0.3399,1,1,1,62
8788,0.365900001,1,0,1,63
8788,0.3496,0,1,1,64
8788,0.3887,0,1,1,65
8788,0.3727,1,0,1,66
8788,0.3799,1,0,1,67
8788,0.4108,1,0,1,68
8788,0.4265,1,1,1,71
8788,0.4725,1,0,1,73
8788,0.461900001,1,1,1,74
8788,0.493599999,1,0,1,76
8788,0.4441,1,0,1,79
8788,0.356,1,0,1,82
8788,0.471200001,1,1,1,83
8788,0.393099999,1,1,1,85
8788,0.422900001,1,0,1,86
8788,0.382400001,1,0,1,88
8788,0.4865,1,1,1,89
8788,0.5315,1,1,1,91
8788,0.3825,1,0,1,92
8788,0.467200001,1,1,1,93
8788,0.4675,1,0,1,94
8788,0.4194,1,0,1,98
8788,0.3405,1,0,1,101
8788,0.4324,1,0,1,104
8788,0.351,1,0,1,105
8788,0.3543,1,0,1,108
8788,0.394,1,1,1,113
8788,0.4155,1,1,1,114
8788,0.350400001,1,0,1,115
8788,0.356400001,1,0,1,116
8788,0.5033,1,1,1,117
8788,0.353200001,1,0,1,118
8788,0.3863,0,1,1,119
8788,0.3397,1,0,1,121
8788,0.3525,1,1,1,122
8788,0.4836,1,1,1,125
8788,0.3995,1,1,1,127
8788,0.4188,1,0,1,1
8788,0.3673,1,0,1,2
8788,0.4477,1,0,1,3
8788,0.433299999,1,1,1,4
8788,0.433700001,1,1,1,6
8788,0.5029,1,1,1,10
8788,0.4263,1,1,1,13
8788,0.500599999,1,1,1,14
8788,0.3543,1,0,1,15
8788,0.4012,1,0,1,16
8788,0.3823,1,1,1,17
8788,0.5678,1,1,1,18
8788,0.4513,1,0,1,19
8788,0.5025,1,1,1,20
8788,0.4196,1,1,1,21
8788,0.4186,1,1,1,22
8788,0.369599999,1,0,1,23
8788,0.405599999,1,0,1,24
8788,0.3864,1,0,1,26
8788,0.421,0,1,1,27
8788,0.4649,0,1,1,28
8788,0.4375,1,1,1,30
8788,0.476200001,1,0,1,31
8788,0.4846,1,1,1,32
8788,0.533400001,1,1,1,33
8788,0.4806,1,0,1,34
8788,0.5666,1,1,1,35
8788,0.380900001,1,1,1,37
8788,0.349900001,1,0,1,38
8788,0.3348,0,1,1,39
8788,0.351,1,1,1,40
8788,0.3766,0,1,1,41
8788,0.3974,1,1,1,43
8788,0.302400001,1,1,1,44
8788,0.3662,1,1,1,47
8788,0.3602,0,1,1,48
8788,0.363299999,1,0,1,50
8788,0.3691,1,0,1,51
8788,0.3619,1,0,1,52
8788,0.3677,1,0,1,54
8788,0.3508,1,0,1,55
8788,0.347,1,0,1,56
8788,0.3887,0,0,1,57
8788,0.4163,1,0,1,58
8788,0.481700001,1,1,1,59
8788,0.3728,1,0,1,61
8788,0.302599999,1,0,1,63
8788,0.336599999,1,1,1,64
8788,0.3233,1,1,1,65
8788,0.359,1,1,1,66
8788,0.422200001,1,1,1,67
8788,0.368400001,1,0,1,69
8788,0.3217,0,0,1,70
8788,0.6437,1,1,1,72
8788,0.3544,1,0,1,73
8788,0.3853,1,0,1,74
8788,0.3706,1,0,1,75
8788,0.453299999,1,0,1,77
8788,0.345400001,1,0,1,78
8788,0.5926,1,1,1,79
8788,0.4477,1,1,1,81
8788,0.417,1,1,1,82
8788,0.365599999,1,0,1,86
8788,0.3547,1,0,1,90
8788,0.3259,1,0,1,92
8788,0.3855,1,1,1,93
8788,0.3478,1,0,1,94
8788,0.3707,1,0,1,95
8788,0.3245,1,1,1,100
8788,0.3358,1,1,1,103
8788,0.3118,0,1,1,104
8788,0.3502,1,0,1,106
8788,0.463900001,1,1,1,109
8788,0.3475,1,0,1,110
8788,0.306,0,1,1,112
8788,0.359200001,1,0,1,114
8788,0.3475,1,0,1,115
8788,0.3982,1,0,1,116
8788,0.3349,1,0,1,118
8788,0.352400001,1,0,1,119
8788,0.417,1,0,1,123
8788,0.4388,1,1,1,125
8788,0.5608,1,1,1,127
8788,0.429099999,1,0,1,2
8788,0.3511,1,0,1,3
8788,0.284099999,1,0,1,4
8788,0.341599999,1,0,1,6
8788,0.4469,1,0,1,7
8788,0.4482,0,1,1,8
8788,0.365599999,1,0,1,10
8788,0.4013,1,1,1,11
8788,0.496400001,1,1,1,12
8788,0.360099999,1,0,1,15
8788,0.368,1,0,1,16
8788,0.3303,1,0,1,17
8788,0.296599999,1,0,1,18
8788,0.468099999,1,1,1,20
8788,0.3893,1,0,1,22
8788,0.354,1,0,1,24
8788,0.5116,1,1,1,25
8788,0.3705,1,0,1,28
8788,0.3487,1,0,1,29
8788,0.4034,1,1,1,30
8788,0.3651,1,1,1,31
8788,0.4256,1,1,1,32
8788,0.5172,1,1,1,33
8788,0.3515,1,0,1,34
8788,0.4263,1,1,1,35
8788,0.367400001,1,0,1,36
8788,0.3534,1,0,1,37
8788,0.3507,1,1,1,38
8788,0.4341,1,1,1,39
8788,0.6005,1,1,1,42
8788,0.379900001,1,0,1,44
8788,0.4802,1,0,1,48
8788,0.3817,1,0,1,49
8788,0.486,1,0,1,51
8788,0.571,1,1,1,53
8788,0.431400001,1,0,1,55
8788,0.6455,1,1,1,56
8788,0.4662,0,0,1,57
8788,0.451099999,1,0,1,59
8788,0.607400001,1,0,1,62
8788,0.412099999,1,0,1,63
8788,0.4198,1,1,1,64
8788,0.5062,1,1,1,65
8788,0.501900001,1,1,1,66
8788,0.4345,1,1,1,67
8788,0.4328,1,1,1,70
8788,0.422099999,1,1,1,74
8788,0.284,1,0,1,75
8788,0.306900001,1,0,1,77
8788,0.3129,0,1,1,78
8788,0.285,1,0,1,79
8788,0.3195,1,0,1,80
8788,0.389,0,1,1,82
8788,0.4383,0,0,1,83
8788,0.4055,1,0,1,84
8788,0.387400001,1,1,1,85
8788,0.5201,1,1,1,87
8788,0.4503,1,0,1,89
8788,0.334,1,1,1,90
8788,0.4198,1,1,1,92
8788,0.467400001,1,1,1,93
8788,0.3653,1,0,1,94
8788,0.3841,1,0,1,95
8788,0.333,0,1,1,96
8788,0.3485,0,1,1,98
8788,0.3473,1,0,1,99
8788,0.313400001,1,1,1,100
8788,0.4167,1,1,1,103
8788,0.3677,1,1,1,104
8788,0.4174,1,1,1,105
8788,0.3679,1,1,1,106
8788,0.388,1,0,1,107
8788,0.367099999,1,1,1,111
8788,0.5615,1,1,1,112
8788,0.3647,1,0,1,113
8788,0.3494,1,1,1,114
8788,0.3995,1,0,1,115
8788,0.4177,1,1,1,119
8788,0.4337,1,1,1,120
8788,0.4012,1,0,1,121
8788,0.3679,1,0,1,124
8788,0.5671,1,1,1,125
8788,0.451,1,1,1,127
8788,0.3724,1,0,1,3
8788,0.3833,1,1,1,4
8788,0.353099999,1,0,1,5
8788,0.3722,1,0,1,6
8788,0.4172,1,1,1,8
8788,0.3668,0,1,1,10
8788,0.3177,1,0,1,11
8788,0.3336,0,1,1,12
8788,0.5214,1,1,1,15
8788,0.5659,1,1,1,16
8788,0.5535,1,0,1,17
8788,0.4008,1,0,1,18
8788,0.485599999,1,1,1,19
8788,0.5172,1,0,1,21
8788,0.6725,1,1,1,22
8788,0.6039,1,1,1,23
8788,0.4454,1,1,1,24
8788,0.3808,1,0,1,25
8788,0.4178,1,1,1,26
8788,0.3542,1,0,1,27
8788,0.382700001,1,1,1,28
8788,0.3568,1,1,1,29
8788,0.3854,1,0,1,30
8788,0.4074,1,0,1,32
8788,0.4052,1,1,1,34
8788,0.4128,1,1,1,37
8788,0.614599999,1,1,1,38
8788,0.3668,1,0,1,39
8788,0.376,1,0,1,42
8788,0.4174,1,0,1,43
8788,0.344,1,0,1,44
8788,0.4555,1,1,1,46
8788,0.5883,1,1,1,47
8788,0.516400001,1,0,1,48
8788,0.4068,1,0,1,49
8788,0.4268,1,1,1,50
8788,0.421299999,1,0,1,52
8788,0.3637,0,1,1,55
8788,0.489,1,1,1,56
8788,0.367099999,1,0,1,57
8788,0.4041,1,0,1,58
8788,0.3232,0,1,1,60
8788,0.357400001,1,1,1,62
8788,0.3872,1,0,1,64
8788,0.384700001,1,0,1,65
8788,0.3647,1,1,1,66
8788,0.4362,0,1,1,67
8788,0.4516,0,0,1,68
8788,0.328,1,0,1,69
8788,0.4202,1,0,1,74
8788,0.4559,1,1,1,75
8788,0.3862,1,0,1,77
8788,0.4225,1,1,1,78
8788,0.3918,0,0,1,80
8788,0.3544,1,0,1,81
8788,0.366,1,1,1,82
8788,0.4499,1,1,1,84
8788,0.4179,0,1,1,87
8788,0.4422,1,0,1,89
8788,0.4041,1,0,1,90
8788,0.367,1,1,1,91
8788,0.3813,1,1,1,96
8788,0.5269,1,0,1,98
8788,0.6221,1,0,1,99
8788,0.3855,1,0,1,102
8788,0.4828,1,0,1,103
8788,0.433900001,1,0,1,104
8788,0.3671,1,0,1,105
8788,0.351299999,1,0,1,106
8788,0.6016,1,0,1,108
8788,0.3838,1,0,1,111
8788,0.4163,1,1,1,112
8788,0.3658,1,0,1,113
8788,0.483700001,1,1,1,114
8788,0.3502,0,1,1,115
8788,0.401,1,1,1,117
8788,0.350400001,1,0,1,119
8788,0.4338,1,1,1,120
8788,0.516599999,1,1,1,121
8788,0.3815,1,1,1,122
8788,0.513799999,0,1,1,125
8788,0.450200001,1,1,1,3
8788,0.3388,0,1,1,4
8788,0.3472,1,1,1,5
8788,0.3554,1,1,1,7
8788,0.354799999,0,1,1,8
8788,0.3027,1,0,1,9
8788,0.305099999,1,0,1,11
8788,0.315,1,0,1,15
8788,0.4159,1,1,1,16
8788,0.3482,1,0,1,17
8788,0.4334,1,0,1,19
8788,0.381900001,1,1,1,20
8788,0.5065,1,0,1,21
8788,0.337599999,1,1,1,22
8788,0.3557,1,1,1,23
8788,0.3305,0,1,1,24
8788,0.3636,1,0,1,26
8788,0.346900001,1,1,1,28
8788,0.4704,1,0,1,31
8788,0.366799999,1,0,1,33
8788,0.3476,1,0,1,35
8788,0.389,1,0,1,38
8788,0.368099999,0,1,1,39
8788,0.6721,1,0,1,41
8788,0.389400001,1,0,1,42
8788,0.667099999,1,0,1,44
8788,0.4032,1,1,1,45
8788,0.381,1,1,1,46
8788,0.449,1,0,1,49
8788,0.4556,1,0,1,50
8788,0.4378,1,1,1,51
8788,0.4226,1,1,1,52
8788,0.4029,1,0,1,53
8788,0.471900001,1,0,1,54
8788,0.4805,1,0,1,55
8788,0.447400001,1,0,1,56
8788,0.390400001,0,1,1,58
8788,0.348900001,1,0,1,59
8788,0.3211,0,1,1,60
8788,0.5479,1,1,1,61
8788,0.414099999,0,1,1,62
8788,0.3608,1,1,1,64
8788,0.4246,1,1,1,68
8788,0.321900001,1,0,1,69
8788,0.4193,1,1,1,70
8788,0.3531,1,0,1,73
8788,0.3705,1,1,1,74
8788,0.356,1,1,1,76
8788,0.346900001,1,0,1,77
8788,0.4156,0,1,1,78
8788,0.3539,1,0,1,79
8788,0.4134,0,1,1,81
8788,0.454,1,0,1,82
8788,0.3889,1,0,1,83
8788,0.348400001,1,0,1,86
8788,0.3768,1,0,1,87
8788,0.380799999,1,0,1,88
8788,0.390299999,1,1,1,90
8788,0.3895,1,1,1,91
8788,0.502299999,1,1,1,93
8788,0.4031,1,0,1,94
8788,0.3643,0,0,1,97
8788,0.3332,1,0,1,99
8788,0.404700001,1,1,1,100
8788,0.483,1,1,1,105
8788,0.4968,1,1,1,106
8788,0.4149,1,0,1,108
8788,0.3925,1,1,1,111
8788,0.371599999,1,0,1,113
8788,0.3637,1,1,1,114
8788,0.3206,1,0,1,115
8788,0.3401,1,1,1,116
8788,0.343099999,1,1,1,117
8788,0.3723,1,1,1,118
8788,0.365,1,0,1,119
8788,0.5225,1,1,1,120
8788,0.3724,1,1,1,121
8788,0.5058,1,1,1,122
8788,0.3705,1,0,1,123
8788,0.3193,1,0,1,124
8788,0.518900001,1,1,1,125
8788,0.3879,1,0,1,126
8788,0.3473,1,0,1,127
916,0.6087,1,0,1,0
916,0.589,1,1,1,2
916,0.5461,1,1,1,3
916,0.42,1,1,1,4
916,0.4453,1,1,1,5
916,0.4904,1,0,1,7
916,0.6192,1,0,1,10
916,0.525,1,0,1,13
916,0.4919,1,0,1,14
916,0.505,1,1,1,19
916,0.3536,1,0,1,21
916,0.7758,1,1,1,23
916,0.8655,1,0,1,24
916,0.5452,1,1,1,26
916,0.5006,1,0,1,27
916,0.3375,1,0,1,29
916,0.4021,1,1,1,31
916,0.3752,1,1,1,32
916,0.3513,1,1,1,33
916,0.3724,1,0,1,35
916,0.4916,1,0,1,36
916,0.4492,0,1,1,37
916,0.7226,1,0,1,38
916,0.5049,1,0,1,39
916,0.4151,1,1,1,40
916,0.4053,1,1,1,43
916,0.4007,1,1,1,44
916,0.4395,1,0,1,45
916,0.3749,1,0,1,46
916,0.3976,1,0,1,48
916,0.4713,1,1,1,49
916,0.6539,0,1,1,50
916,0.3885,1,1,1,52
916,0.4576,1,1,1,54
916,0.4239,1,0,1,56
916,0.4459,1,0,1,58
916,0.8398,1,1,1,59
916,0.4206,1,0,1,60
916,0.5551,1,0,1,61
916,0.4566,1,0,1,62
916,0.5206,1,1,1,63
916,0.4547,1,0,1,64
916,0.7563,1,1,1,65
916,0.4548,0,1,1,68
916,0.3732,1,1,1,69
916,0.4087,1,0,1,71
916,0.6064,1,0,1,72
916,0.6719,1,1,1,73
916,0.6295,1,0,1,74
916,0.3575,1,0,1,77
916,0.4827,0,1,1,78
916,0.5326,1,1,1,81
916,0.3843,1,1,1,84
916,0.3716,1,1,1,86
916,0.4653,1,1,1,90
916,0.5817,1,1,1,91
916,0.4081,1,0,1,93
916,0.6985,1,1,1,95
916,0.6955,1,0,1,96
916,0.4879,1,1,1,97
916,0.67,1,0,1,99
916,0.6304,1,0,1,101
916,0.4597,1,1,1,103
916,0.4698,1,0,1,105
916,0.6639,1,1,1,106
916,0.5225,1,0,1,107
916,0.7044,1,1,1,108
916,0.6458,0,0,1,109
916,0.7506,1,1,1,110
916,0.46,1,0,1,111
916,0.3713,1,0,1,113
916,0.4248,1,1,1,114
916,0.4075,1,0,1,118
916,0.3221,1,0,1,119
916,0.3955,1,1,1,120
916,0.4783,1,1,1,121
916,0.3956,1,0,1,122
916,0.4718,1,1,1,123
916,0.5748,1,0,1,124
916,0.7299,1,1,1,125
916,0.5043,0,0,1,126
916,0.5732,1,0,1,127
916,0.7348,1,1,1,0
916,0.4405,1,0,1,1
916,0.4913,1,0,1,2
916,0.585,1,1,1,3
916,0.4651,1,1,1,4
916,0.4983,1,0,1,6
916,0.4257,1,0,1,7
916,0.5513,1,0,1,8
916,0.73740000000000006,1,0,1,10
916,0.6432,1,1,1,11
916,0.4496,1,0,1,13
916,0.4071,1,0,1,14
916,0.3808,1,1,1,15
916,0.68,1,1,1,16
916,0.4883,1,1,1,20
916,0.4587,1,1,1,22
916,0.5813,1,1,1,23
916,0.5415,1,1,1,24
916,0.4416,1,0,1,25
916,0.4481,1,1,1,26
916,0.4204,1,0,1,27
916,0.4678,1,1,1,28
916,0.7211,1,0,1,29
916,0.5569,1,1,1,30
916,0.622,1,1,1,31
916,0.5129,1,1,1,33
916,0.3882,1,1,1,34
916,0.5709,1,1,1,35
916,0.3867,1,0,1,36
916,0.4212,1,0,1,37
916,0.4802,1,1,1,38
916,0.5159,1,1,1,39
916,0.6555,1,0,1,40
916,0.4581,1,0,1,43
916,0.3757,1,0,1,44
916,0.4064,1,0,1,47
916,0.4544,1,1,1,48
916,0.4652,1,1,1,49
916,0.5158,1,0,1,50
916,0.4299,1,1,1,51
916,0.507,1,0,1,52
916,0.5364,1,0,1,55
916,0.4317,1,0,1,56
916,0.4392,1,0,1,57
916,0.526,1,1,1,58
916,0.4051,1,0,1,60
916,0.4575,1,0,1,63
916,0.4571,1,1,1,69
916,0.3498,1,0,1,70
916,0.4566,1,0,1,72
916,0.3639,1,1,1,73
916,0.5471,1,1,1,74
916,0.3845,1,1,1,76
916,0.5117,1,1,1,79
916,0.4621,1,0,1,81
916,0.4539,1,0,1,83
916,0.7321,1,1,1,84
916,0.4642,1,1,1,86
916,0.4104,1,0,1,88
916,0.3533,1,0,1,89
916,0.3583,1,0,1,90
916,0.5065,1,1,1,94
916,0.4004,1,0,1,95
916,0.375,1,0,1,96
916,0.3709,1,0,1,97
916,0.4382,1,0,1,100
916,0.5719,1,1,1,101
916,0.4726,1,1,1,103
916,0.6224,1,1,1,104
916,0.485,1,0,1,105
916,0.3801,1,1,1,107
916,0.4233,1,1,1,108
916,0.4882,1,1,1,109
916,0.68,1,0,1,110
916,0.5407,1,0,1,112
916,0.461,1,0,1,114
916,0.4413,1,0,1,116
916,0.5208,1,1,1,119
916,0.6257,1,1,1,120
916,0.7126,0,1,1,122
916,0.7975,1,0,1,123
916,0.4204,1,1,1,126
916,0.687,1,1,1,0
916,0.4007,1,0,1,1
916,0.5996,1,0,1,3
916,0.4552,1,1,1,4
916,0.5376,1,0,1,5
916,0.7609,1,1,1,6
916,0.4005,1,1,1,8
916,0.39,1,1,1,9
916,0.7485,1,1,1,12
916,0.6307,1,1,1,14
916,0.4129,1,0,1,15
916,0.4888,1,0,1,16
916,0.4804,0,1,1,17
916,0.4211,1,0,1,18
916,0.8125,1,0,1,19
916,0.4824,1,1,1,22
916,0.6029,1,1,1,24
916,0.7148,1,1,1,25
916,0.4555,1,1,1,26
916,0.3724,1,0,1,27
916,0.44,1,1,1,28
916,0.4217,1,1,1,29
916,0.3968,1,0,1,31
916,0.3543,1,0,1,32
916,0.416,1,0,1,33
916,0.488,1,1,1,36
916,0.559,1,0,1,37
916,0.3651,1,0,1,41
916,0.6244,1,1,1,43
916,0.4044,1,0,1,45
916,0.5092,1,1,1,48
916,0.5282,1,0,1,49
916,0.5156,1,0,1,50
916,0.637,1,0,1,52
916,0.3803,0,0,1,53
916,0.7092,1,1,1,54
916,0.6234,1,1,1,55
916,0.4364,1,0,1,56
916,0.6215,1,1,1,58
916,0.5189,1,0,1,59
916,0.445,1,0,1,62
916,0.5214,1,1,1,65
916,0.4804,1,1,1,66
916,0.5545,1,0,1,67
916,0.515,1,1,1,69
916,0.5213,1,1,1,71
916,0.8208,1,1,1,72
916,0.3708,1,1,1,74
916,0.6049,1,1,1,76
916,0.4289,1,0,1,79
916,0.3659,1,0,1,80
916,0.5184,1,1,1,83
916,0.459,1,1,1,85
916,0.404,1,0,1,86
916,0.363,1,1,1,87
916,0.3726,1,0,1,88
916,0.4572,1,1,1,89
916,0.732,0,0,1,90
916,0.4787,1,0,1,91
916,0.5346,1,1,1,92
916,0.4311,1,0,1,93
916,0.368,1,1,1,94
916,0.5382,1,0,1,95
916,0.3722,1,0,1,96
916,0.4883,1,1,1,97
916,0.4383,1,1,1,98
916,0.3882,1,0,1,100
916,0.5148,1,0,1,102
916,0.7328,1,0,1,103
916,0.5031,1,0,1,105
916,0.4049,1,0,1,108
916,0.3719,1,0,1,109
916,0.5349,1,0,1,110
916,0.3959,1,0,1,111
916,0.4342,1,0,1,114
916,0.5038,1,1,1,115
916,0.3902,1,0,1,116
916,0.4053,1,0,1,117
916,0.4486,1,1,1,119
916,0.4047,1,1,1,121
916,0.4625,0,1,1,123
916,0.5072,1,1,1,125
916,0.7028,1,1,1,0
916,0.6166,1,1,1,1
916,0.7033,1,0,1,2
916,0.4549,1,1,1,3
916,0.4875,1,1,1,4
916,0.4868,1,1,1,6
916,0.5055,1,1,1,7
916,0.4713,1,1,1,8
916,0.4744,1,0,1,9
916,0.4556,1,1,1,11
916,0.4221,1,1,1,12
916,0.4388,1,0,1,13
916,0.4422,1,1,1,16
916,0.3675,1,0,1,17
916,0.7193,1,1,1,18
916,0.5049,1,0,1,19
916,0.7742,1,0,1,21
916,0.3629,1,1,1,22
916,0.4207,1,1,1,23
916,0.5702,1,0,1,24
916,0.3896,1,0,1,25
916,0.5031,1,1,1,26
916,0.3839,1,0,1,27
916,0.375,1,1,1,28
916,0.3889,1,1,1,29
916,0.3814,1,0,1,30
916,0.5201,1,1,1,31
916,0.8793,1,1,1,32
916,0.4875,1,1,1,34
916,0.6757,1,1,1,35
916,0.6529,1,0,1,37
916,0.4069,1,0,1,38
916,0.4807,1,0,1,40
916,0.3936,1,1,1,42
916,0.4861,1,1,1,45
916,0.3387,1,1,1,46
916,0.3882,1,1,1,47
916,0.5207,1,1,1,49
916,0.6303,1,0,1,53
916,0.3542,1,0,1,54
916,0.5032,1,0,1,59
916,0.5056,1,1,1,61
916,0.3547,1,0,1,63
916,0.3965,1,1,1,64
916,0.3887,1,1,1,65
916,0.4896,1,1,1,66
916,0.4712,1,1,1,72
916,0.4053,1,1,1,73
916,0.4704,1,0,1,74
916,0.4641,0,1,1,75
916,0.5052,1,0,1,76
916,0.495,1,0,1,78
916,0.4032,1,0,1,80
916,0.6545,1,1,1,81
916,0.7127,1,0,1,82
916,0.5773,1,1,1,85
916,0.3891,1,1,1,87
916,0.4316,1,0,1,89
916,0.7043,1,0,1,96
916,0.5343,1,0,1,98
916,0.3655,1,0,1,100
916,0.468,1,1,1,101
916,0.7221,1,0,1,102
916,0.4835,1,0,1,104
916,0.4678,1,1,1,105
916,0.3733,1,0,1,106
916,0.4876,1,1,1,107
916,0.3564,1,0,1,109
916,0.4532,1,1,1,111
916,0.4391,1,0,1,113
916,0.4069,1,0,1,114
916,0.501,1,1,1,115
916,0.3957,1,0,1,116
916,0.3645,1,0,1,117
916,0.489,1,0,1,118
916,0.7404,1,1,1,119
916,0.4525,1,0,1,120
916,0.3885,1,0,1,121
916,0.3684,1,1,1,123
916,0.3695,1,0,1,124
916,0.405,1,0,1,125
916,0.407,1,0,1,127
916,0.3571,1,1,1,1
916,0.4096,1,0,1,2
916,0.3878,1,0,1,3
916,0.6644,1,0,1,4
916,0.5916,1,1,1,6
916,0.4474,1,0,1,10
916,0.3552,1,0,1,11
916,0.5251,1,1,1,13
916,0.3722,1,1,1,14
916,0.3386,1,0,1,16
916,0.5554,1,1,1,17
916,0.3048,1,0,1,20
916,0.4712,1,1,1,21
916,0.3215,1,0,1,23
916,0.3601,1,0,1,24
916,0.5057,1,1,1,25
916,0.5475,1,0,1,26
916,0.502,1,1,1,31
916,0.5247,1,0,1,32
916,0.5879,1,1,1,33
916,0.6471,1,1,1,34
916,0.4213,1,0,1,35
916,0.4619,1,0,1,36
916,0.45,1,0,1,37
916,0.533,1,1,1,38
916,0.3873,1,0,1,39
916,0.3748,1,1,1,41
916,0.3579,1,1,1,42
916,0.4547,1,1,1,43
916,0.4398,1,0,1,47
916,0.4071,1,1,1,49
916,0.4037,1,0,1,50
916,0.4988,1,0,1,51
916,0.3666,1,0,1,52
916,0.5212,1,0,1,55
916,0.358,1,0,1,57
916,0.3549,1,0,1,58
916,0.3386,1,0,1,59
916,0.4305,0,1,1,60
916,0.4861,1,0,1,62
916,0.4494,0,1,1,63
916,0.7699,1,1,1,64
916,0.5387,1,1,1,69
916,0.6648,1,1,1,70
916,0.394,1,0,1,71
916,0.5081,1,0,1,74
916,0.5166,1,1,1,75
916,0.5715,1,0,1,76
916,0.4001,1,1,1,77
916,0.381,1,0,1,78
916,0.5194,1,0,1,80
916,0.4045,1,0,1,81
916,0.4459,1,0,1,82
916,0.3972,1,0,1,83
916,0.4825,1,0,1,84
916,0.4195,1,1,1,85
916,0.3787,1,0,1,86
916,0.537,1,1,1,87
916,0.521,1,1,1,88
916,0.4415,0,1,1,89
916,0.7413,1,1,1,91
916,0.5036,1,0,1,92
916,0.4782,1,0,1,93
916,0.5052,1,1,1,94
916,0.3868,1,1,1,97
916,0.4153,1,0,1,98
916,0.4718,1,1,1,99
916,0.6828,1,1,1,100
916,0.4292,1,1,1,101
916,0.6069,1,1,1,102
916,0.3872,1,1,1,106
916,0.473,1,1,1,107
916,0.7872,1,1,1,109
916,0.4758,1,0,1,110
916,0.4381,1,1,1,112
916,0.4362,1,0,1,116
916,0.4067,1,1,1,117
916,0.4878,0,1,1,119
916,0.6049,1,0,1,120
916,0.6866,1,1,1,124
916,0.4713,1,1,1,127
916,0.7346,1,1,1,0
916,0.4138,1,0,1,2
916,0.5341,1,1,1,7
916,0.3091,1,1,1,8
916,0.4745,1,1,1,9
916,0.4371,1,0,1,10
916,0.7204,1,0,1,11
916,0.3944,1,0,1,13
916,0.3792,1,1,1,14
916,0.4563,1,1,1,15
916,0.437,1,1,1,17
916,0.3883,1,0,1,19
916,0.3423,1,0,1,21
916,0.443,1,0,1,22
916,0.5184,1,1,1,24
916,0.358,1,0,1,25
916,0.3751,1,0,1,26
916,0.4128,1,0,1,27
916,0.47,1,0,1,28
916,0.537,1,1,1,29
916,0.4217,1,1,1,30
916,0.4575,1,1,1,31
916,0.4721,1,1,1,32
916,0.5819,1,0,1,33
916,0.3729,1,0,1,35
916,0.3889,1,0,1,36
916,0.5245,1,0,1,37
916,0.3636,1,0,1,39
916,0.4547,1,1,1,40
916,0.5322,1,1,1,41
916,0.3655,1,1,1,43
916,0.3781,1,0,1,44
916,0.4889,1,1,1,45
916,0.5548,1,0,1,46
916,0.5047,1,0,1,47
916,0.4262,1,0,1,48
916,0.4709,1,1,1,49
916,0.3543,1,0,1,51
916,0.4329,1,0,1,55
916,0.3908,1,0,1,58
916,0.4548,1,1,1,59
916,0.5563,1,1,1,62
916,0.6149,1,1,1,63
916,0.4319,1,0,1,67
916,0.6921,1,1,1,68
916,0.6957,1,1,1,69
916,0.4184,1,0,1,70
916,0.3669,1,1,1,72
916,0.4405,1,1,1,73
916,0.6284,1,0,1,74
916,0.4613,1,0,1,77
916,0.3728,1,0,1,78
916,0.4234,1,0,1,79
916,0.3712,1,1,1,83
916,0.3899,1,1,1,84
916,0.5884,1,0,1,85
916,0.3745,1,0,1,86
916,0.7873,1,1,1,89
916,0.6032,1,0,1,90
916,0.4014,1,0,1,92
916,0.4379,1,1,1,95
916,0.4719,1,1,1,96
916,0.4154,1,1,1,97
916,0.3377,1,1,1,98
916,0.4657,1,1,1,99
916,0.6158,1,0,1,100
916,0.3389,1,0,1,102
916,0.4337,1,1,1,103
916,0.4251,1,1,1,104
916,0.4298,1,0,1,110
916,0.3726,1,1,1,111
916,0.5632,1,1,1,112
916,0.5904,1,1,1,113
916,0.3622,1,0,1,114
916,0.3961,1,1,1,115
916,0.4822,1,1,1,116
916,0.4529,1,0,1,118
916,0.4622,1,0,1,119
916,0.4454,0,1,1,120
916,0.5292,1,0,1,122
916,0.4728,1,1,1,123
916,0.3611,1,0,1,124
916,0.421,1,1,1,125
916,0.6886,1,1,1,0
916,0.4363,1,1,1,1
916,0.4194,1,0,1,2
916,0.3986,0,1,1,3
916,0.6543,1,1,1,4
916,0.3744,1,1,1,6
916,0.3846,1,0,1,7
916,0.3713,1,0,1,8
916,0.3705,1,0,1,12
916,0.408,1,0,1,13
916,0.6327,1,1,1,16
916,0.4082,1,0,1,17
916,0.372,1,0,1,19
916,0.4213,1,1,1,21
916,0.4703,1,1,1,23
916,0.4034,1,0,1,24
916,0.3719,1,0,1,25
916,0.5901,1,1,1,27
916,0.4781,1,1,1,29
916,0.8551,1,1,1,30
916,0.4916,1,1,1,31
916,0.3742,1,1,1,32
916,0.4356,1,0,1,33
916,0.4579,1,1,1,34
916,0.5267,1,1,1,35
916,0.4872,1,1,1,37
916,0.4387,1,1,1,38
916,0.3896,1,0,1,39
916,0.3422,1,1,1,40
916,0.3934,1,0,1,43
916,0.4343,1,1,1,46
916,0.3713,1,0,1,48
916,0.4458,1,1,1,51
916,0.375,1,0,1,53
916,0.5495,1,1,1,55
916,0.4352,1,0,1,56
916,0.4584,1,1,1,57
916,0.3902,1,0,1,58
916,0.4205,0,1,1,59
916,0.6268,1,0,1,62
916,0.7654,1,0,1,63
916,0.3585,1,0,1,64
916,0.3379,1,0,1,65
916,0.5095,1,0,1,66
916,0.7395,1,1,1,67
916,0.5362,1,0,1,68
916,0.5056,1,1,1,69
916,0.5039,1,0,1,73
916,0.6016,1,0,1,74
916,0.5351,1,1,1,77
916,0.5231,1,1,1,78
916,0.8582,1,0,1,79
916,0.3695,1,1,1,80
916,0.5285,1,0,1,81
916,0.4754,1,0,1,82
916,0.3593,1,1,1,83
916,0.5732,1,0,1,84
916,0.4221,1,0,1,85
916,0.4956,1,1,1,87
916,0.5374,1,1,1,89
916,0.4209,1,0,1,93
916,0.4295,0,1,1,96
916,0.596,1,1,1,97
916,0.4881,1,0,1,98
916,0.3892,1,0,1,99
916,0.4985,1,1,1,101
916,0.3996,1,0,1,102
916,0.7087,1,1,1,104
916,0.416,1,0,1,105
916,0.3556,1,0,1,106
916,0.4245,1,0,1,107
916,0.5003,1,0,1,108
916,0.4468,1,1,1,110
916,0.3918,1,1,1,111
916,0.3785,1,0,1,115
916,0.5036,1,1,1,116
916,0.5231,0,1,1,117
916,0.5376,1,1,1,118
916,0.3581,1,0,1,120
916,0.3934,1,1,1,122
916,0.646,1,0,1,123
916,0.7513,1,0,1,127
916,0.6585,1,0,1,0
916,0.3887,1,0,1,1
916,0.5326,1,0,1,2
916,0.5486,1,1,1,6
916,0.4759,1,1,1,7
916,0.7359,1,1,1,8
916,0.5993,1,1,1,11
916,0.4797,1,0,1,13
916,0.5032,1,1,1,14
916,0.4082,1,1,1,15
916,0.658,1,1,1,16
916,0.5405,1,1,1,18
916,0.3874,1,0,1,19
916,0.4735,1,0,1,20
916,0.4976,1,1,1,22
916,0.4376,1,0,1,25
916,0.5228,1,1,1,27
916,0.4654,0,1,1,28
916,0.4058,1,0,1,30
916,0.4059,1,0,1,31
916,0.4802,1,1,1,32
916,0.7316,1,0,1,34
916,0.5422,1,0,1,35
916,0.5374,1,1,1,37
916,0.3921,1,0,1,40
916,0.405,1,0,1,41
916,0.5205,1,1,1,42
916,0.4243,1,0,1,46
916,0.4825,1,0,1,47
916,0.5049,1,0,1,49
916,0.4164,1,0,1,50
916,0.524,1,1,1,51
916,0.4587,1,1,1,53
916,0.5233,1,0,1,54
916,0.7879,1,1,1,55
916,0.9039,1,1,1,58
916,0.6362,1,0,1,59
916,0.3746,1,0,1,60
916,0.4467,1,0,1,61
916,0.4726,1,1,1,62
916,0.4725,1,1,1,66
916,0.5386,1,1,1,67
916,0.4389,1,0,1,69
916,0.6825,1,1,1,70
916,0.5546,1,1,1,74
916,0.4135,1,1,1,75
916,0.7242,1,0,1,76
916,0.4888,1,0,1,77
916,0.3293,1,1,1,78
916,0.3398,1,0,1,81
916,0.4405,0,1,1,83
916,0.568,1,0,1,84
916,0.596,1,1,1,86
916,0.4256,1,1,1,87
916,0.5053,1,1,1,89
916,0.4635,1,1,1,90
916,0.4763,1,1,1,91
916,0.6551,1,0,1,93
916,0.3702,1,1,1,94
916,0.4237,1,0,1,95
916,0.3419,1,0,1,97
916,0.417,1,0,1,99
916,0.3549,1,0,1,100
916,0.4297,1,1,1,102
916,0.3569,1,0,1,103
916,0.3379,1,1,1,104
916,0.5221,1,1,1,106
916,0.4484,1,0,1,107
916,0.5675,1,1,1,109
916,0.4051,1,0,1,110
916,0.4533,1,1,1,112
916,0.319,1,0,1,113
916,0.4542,1,1,1,114
916,0.5617,1,0,1,116
916,0.4411,1,0,1,118
916,0.4221,1,0,1,120
916,0.3567,1,0,1,121
916,0.4403,1,1,1,122
916,0.686,1,0,1,123
916,0.4686,1,1,1,124
916,0.4238,1,1,1,125
916,0.4969,1,1,1,127
985,0.537,1,1,1,1
985,0.602,1,1,1,2
985,0.465,1,0,1,3
985,0.408,1,1,1,4
985,0.457,1,1,1,6
985,0.38,1,0,1,7
985,0.439,1,1,1,9
985,0.406,1,1,1,13
985,0.452,1,1,1,15
985,0.67,1,0,1,17
985,0.398,1,0,1,21
985,0.54,1,1,1,22
985,0.39,1,0,1,24
985,0.326,1,0,1,25
985,0.491,1,1,1,26
985,0.431,1,1,1,32
985,0.347,1,0,1,33
985,0.408,1,0,1,38
985,0.408,1,0,1,40
985,0.376,1,0,1,41
985,0.435,1,0,1,42
985,0.491,1,1,1,45
985,0.542,1,0,1,46
985,0.372,0,1,1,47
985,0.464,1,1,1,49
985,0.407,1,1,1,50
985,0.525,1,1,1,51
985,0.577,1,1,1,52
985,0.604,1,0,1,53
985,0.509,1,0,1,54
985,0.43,1,1,1,55
985,0.385,1,1,1,56
985,0.443,1,1,1,57
985,0.552,1,1,1,59
985,0.449,1,0,1,60
985,0.67,1,0,1,62
985,0.458,1,0,1,63
985,0.428,1,0,1,64
985,0.496,1,1,1,66
985,0.524,1,0,1,67
985,0.43,1,1,1,68
985,0.424,1,1,1,70
985,0.673,1,0,1,72
985,0.461,1,1,1,73
985,0.342,1,1,1,74
985,0.319,1,0,1,75
985,0.426,1,0,1,77
985,0.386,1,0,1,79
985,0.449,1,0,1,82
985,0.614,1,1,1,83
985,0.332,1,0,1,84
985,0.352,1,0,1,85
985,0.637,1,1,1,87
985,0.571,1,0,1,88
985,0.358,1,1,1,90
985,0.422,1,0,1,92
985,0.374,0,0,1,93
985,0.56,1,1,1,94
985,0.542,1,1,1,95
985,0.57,1,1,1,96
985,0.356,1,0,1,98
985,0.454,1,1,1,99
985,0.365,1,0,1,100
985,0.403,1,0,1,102
985,0.459,1,1,1,104
985,0.448,1,0,1,105
985,0.318,1,0,1,106
985,0.434,1,0,1,108
985,0.425,1,0,1,110
985,0.375,1,0,1,111
985,0.504,1,1,1,112
985,0.428,1,0,1,114
985,0.357,1,1,1,115
985,0.363,1,0,1,116
985,0.477,0,1,1,118
985,0.553,1,1,1,119
985,0.378,1,0,1,121
985,0.375,1,1,1,123
985,0.416,1,0,1,124
985,0.403,1,1,1,125
985,0.362,1,1,1,126
985,0.37,1,1,1,127
985,0.646,1,0,1,0
985,0.399,1,1,1,1
985,0.354,1,1,1,2
985,0.513,1,1,1,4
985,0.491,1,1,1,7
985,0.565,1,1,1,9
985,0.396,1,1,1,11
985,0.483,1,1,1,14
985,0.341,1,0,1,15
985,0.48,1,0,1,18
985,0.528,1,1,1,22
985,0.526,1,1,1,23
985,0.332,1,0,1,24
985,0.623,1,0,1,25
985,0.391,0,0,1,26
985,0.527,1,0,1,27
985,0.404,1,1,1,28
985,0.431,1,0,1,29
985,0.355,1,0,1,31
985,0.329,1,0,1,33
985,0.345,1,0,1,34
985,0.425,1,0,1,36
985,0.424,1,0,1,37
985,0.409,1,1,1,38
985,0.396,1,0,1,40
985,0.436,1,0,1,41
985,0.345,1,1,1,43
985,0.34,1,0,1,44
985,0.41,1,0,1,45
985,0.506,1,1,1,48
985,0.324,1,1,1,49
985,0.356,1,0,1,56
985,0.33,1,1,1,57
985,0.338,1,0,1,58
985,0.324,1,0,1,60
985,0.397,1,1,1,61
985,0.391,1,0,1,62
985,0.649,1,1,1,63
985,0.384,1,0,1,66
985,0.407,1,0,1,67
985,0.523,1,0,1,68
985,0.375,1,0,1,69
985,0.448,1,1,1,70
985,0.374,1,1,1,71
985,0.375,0,1,1,72
985,0.558,1,0,1,73
985,0.499,1,1,1,74
985,0.383,1,0,1,75
985,0.414,1,1,1,77
985,0.408,1,1,1,78
985,0.506,1,1,1,79
985,0.53,1,1,1,80
985,0.395,1,0,1,82
985,0.402,1,0,1,83
985,0.582,1,0,1,84
985,0.521,1,1,1,85
985,0.45,1,0,1,87
985,0.398,1,1,1,88
985,0.469,1,1,1,89
985,0.37,1,1,1,90
985,0.412,1,0,1,92
985,0.423,1,1,1,93
985,0.36,1,0,1,94
985,0.464,1,1,1,95
985,0.418,1,0,1,96
985,0.499,1,1,1,97
985,0.453,1,0,1,98
985,0.465,1,1,1,99
985,0.364,1,0,1,100
985,0.464,1,1,1,104
985,0.451,0,1,1,105
985,0.422,1,1,1,106
985,0.452,1,1,1,107
985,0.393,1,0,1,109
985,0.475,1,0,1,111
985,0.529,1,0,1,112
985,0.453,0,1,1,114
985,0.455,1,1,1,116
985,0.438,1,0,1,117
985,0.457,1,1,1,119
985,0.555,1,0,1,120
985,0.532,1,0,1,123
985,0.47,1,1,1,125
985,0.506,1,1,1,126
985,0.656,1,0,1,0
985,0.643,1,1,1,3
985,0.458,1,1,1,4
985,0.375,1,0,1,5
985,0.352,1,0,1,6
985,0.333,1,1,1,7
985,0.34,1,0,1,8
985,0.34,1,1,1,10
985,0.342,1,0,1,11
985,0.504,1,1,1,12
985,0.354,1,0,1,13
985,0.329,1,0,1,14
985,0.455,1,0,1,15
985,0.53,1,0,1,16
985,0.391,1,0,1,17
985,0.397,1,0,1,19
985,0.373,0,0,1,20
985,0.456,1,0,1,21
985,0.451,1,1,1,22
985,0.473,1,0,1,26
985,0.424,1,1,1,28
985,0.337,1,1,1,30
985,0.307,1,0,1,31
985,0.598,1,1,1,32
985,0.403,1,0,1,34
985,0.448,1,1,1,35
985,0.494,1,1,1,36
985,0.339,1,0,1,37
985,0.31,1,0,1,39
985,0.315,1,1,1,40
985,0.415,1,0,1,43
985,0.424,1,1,1,45
985,0.364,1,0,1,46
985,0.398,1,1,1,47
985,0.341,0,1,1,49
985,0.412,0,0,1,50
985,0.452,0,1,1,51
985,0.395,1,1,1,53
985,0.437,1,0,1,54
985,0.503,1,1,1,56
985,0.631,1,1,1,57
985,0.416,1,0,1,58
985,0.619,1,0,1,61
985,0.39,1,0,1,62
985,0.419,1,0,1,63
985,0.742,1,1,1,64
985,0.492,1,0,1,65
985,0.376,1,0,1,67
985,0.481,1,1,1,69
985,0.524,1,1,1,71
985,0.545,1,0,1,72
985,0.372,1,0,1,74
985,0.38,1,1,1,77
985,0.423,1,0,1,79
985,0.403,1,0,1,80
985,0.398,1,1,1,81
985,0.497,1,1,1,86
985,0.491,1,1,1,87
985,0.552,1,1,1,88
985,0.424,1,1,1,89
985,0.483,1,1,1,91
985,0.727,1,0,1,92
985,0.412,1,0,1,93
985,0.409,1,0,1,94
985,0.485,1,0,1,95
985,0.569,1,1,1,99
985,0.45,1,0,1,103
985,0.384,1,1,1,105
985,0.375,1,1,1,107
985,0.404,1,1,1,109
985,0.384,1,1,1,111
985,0.303,1,1,1,112
985,0.423,1,0,1,113
985,0.506,1,0,1,114
985,0.386,1,0,1,115
985,0.488,1,1,1,116
985,0.562,1,1,1,120
985,0.376,1,0,1,121
985,0.376,1,1,1,122
985,0.398,1,0,1,123
985,0.404,1,1,1,124
985,0.423,1,1,1,125
985,0.584,1,1,1,0
985,0.33,1,0,1,1
985,0.336,1,1,1,3
985,0.411,1,0,1,4
985,0.327,1,0,1,5
985,0.275,0,0,1,6
985,0.387,1,0,1,8
985,0.489,1,0,1,10
985,0.433,0,1,1,11
985,0.356,1,0,1,13
985,0.331,1,1,1,14
985,0.436,1,0,1,16
985,0.37,1,1,1,17
985,0.385,0,1,1,18
985,0.426,1,0,1,19
985,0.403,1,0,1,20
985,0.69,1,0,1,21
985,0.343,1,0,1,24
985,0.393,1,0,1,26
985,0.39,1,0,1,27
985,0.426,1,0,1,29
985,0.397,1,0,1,30
985,0.389,1,0,1,32
985,0.374,1,0,1,33
985,0.48,1,1,1,35
985,0.523,1,1,1,36
985,0.461,1,1,1,38
985,0.416,0,1,1,39
985,0.603,1,1,1,40
985,0.377,1,0,1,41
985,0.381,1,0,1,44
985,0.363,1,1,1,46
985,0.465,1,1,1,47
985,0.546,1,1,1,49
985,0.473,1,1,1,50
985,0.359,1,1,1,52
985,0.374,1,1,1,55
985,0.431,1,1,1,59
985,0.404,1,1,1,60
985,0.468,1,0,1,61
985,0.331,1,0,1,63
985,0.414,1,0,1,64
985,0.336,1,0,1,65
985,0.351,1,0,1,66
985,0.308,1,0,1,68
985,0.449,1,0,1,69
985,0.578,1,0,1,71
985,0.366,1,1,1,73
985,0.422,1,1,1,74
985,0.275,1,1,1,75
985,0.408,1,1,1,77
985,0.321,1,1,1,78
985,0.351,1,0,1,80
985,0.363,1,0,1,81
985,0.472,1,1,1,82
985,0.642,1,1,1,83
985,0.383,0,1,1,87
985,0.508,1,0,1,88
985,0.359,1,1,1,89
985,0.473,1,0,1,91
985,0.431,1,1,1,92
985,0.458,1,0,1,93
985,0.382,1,1,1,94
985,0.355,1,1,1,96
985,0.493,1,1,1,98
985,0.384,1,0,1,101
985,0.391,1,1,1,103
985,0.374,1,0,1,104
985,0.404,1,1,1,105
985,0.369,1,0,1,106
985,0.376,1,0,1,107
985,0.353,1,0,1,108
985,0.341,1,0,1,109
985,0.381,1,1,1,110
985,0.543,1,1,1,111
985,0.356,1,1,1,112
985,0.359,1,1,1,114
985,0.387,1,0,1,116
985,0.368,1,0,1,120
985,0.465,1,1,1,122
985,0.389,1,0,1,124
985,0.425,1,1,1,125
985,0.488,1,1,1,126
985,0.434,1,1,1,127
985,0.553,1,0,1,0
985,0.467,1,1,1,2
985,0.44,1,1,1,3
985,0.426,1,0,1,5
985,0.363,1,0,1,6
985,0.438,1,1,1,7
985,0.308,1,0,1,8
985,0.386,1,1,1,9
985,0.345,1,0,1,10
985,0.34,1,0,1,11
985,0.364,0,1,1,12
985,0.432,1,0,1,13
985,0.469,1,1,1,14
985,0.516,1,0,1,18
985,0.359,1,0,1,20
985,0.429,1,1,1,21
985,0.583,1,0,1,22
985,0.382,0,1,1,23
985,0.457,1,1,1,26
985,0.409,1,1,1,27
985,0.364,1,0,1,28
985,0.342,1,0,1,29
985,0.398,1,1,1,32
985,0.352,1,1,1,33
985,0.584,1,1,1,34
985,0.405,1,0,1,35
985,0.404,0,1,1,36
985,0.41,1,0,1,38
985,0.336,1,0,1,39
985,0.398,1,1,1,40
985,0.454,1,0,1,41
985,0.346,1,1,1,42
985,0.357,1,1,1,43
985,0.382,1,0,1,45
985,0.492,1,0,1,46
985,0.358,1,0,1,47
985,0.421,1,1,1,48
985,0.425,1,1,1,50
985,0.392,1,0,1,51
985,0.378,1,1,1,53
985,0.351,1,0,1,54
985,0.352,1,0,1,55
985,0.355,0,0,1,56
985,0.402,1,0,1,57
985,0.379,1,1,1,59
985,0.457,1,1,1,62
985,0.372,1,0,1,67
985,0.618,1,1,1,72
985,0.384,1,0,1,73
985,0.397,1,0,1,75
985,0.356,1,1,1,79
985,0.432,1,0,1,81
985,0.428,1,0,1,82
985,0.398,1,1,1,83
985,0.342,1,1,1,85
985,0.307,1,0,1,86
985,0.477,0,1,1,88
985,0.385,1,0,1,90
985,0.389,1,1,1,92
985,0.398,1,0,1,93
985,0.424,1,0,1,94
985,0.374,0,0,1,95
985,0.595,1,1,1,97
985,0.408,1,1,1,99
985,0.37,1,1,1,100
985,0.42,1,0,1,102
985,0.361,1,1,1,103
985,0.494,1,1,1,105
985,0.351,1,1,1,106
985,0.364,1,1,1,107
985,0.454,1,1,1,108
985,0.313,1,1,1,111
985,0.307,1,0,1,112
985,0.317,0,0,1,113
985,0.448,1,1,1,115
985,0.46,1,1,1,116
985,0.361,1,0,1,118
985,0.391,0,0,1,119
985,0.59,1,1,1,120
985,0.465,1,0,1,121
985,0.648,1,1,1,122
985,0.332,1,0,1,123
985,0.452,1,1,1,125
985,0.36,1,0,1,126
985,0.486,1,0,1,0
985,0.539,1,1,1,3
985,0.378,0,1,1,4
985,0.426,1,0,1,5
985,0.507,1,0,1,6
985,0.481,1,1,1,7
985,0.447,1,0,1,8
985,0.351,1,0,1,11
985,0.423,1,1,1,12
985,0.74,1,1,1,15
985,0.471,1,1,1,20
985,0.449,0,1,1,21
985,0.451,0,0,1,22
985,0.455,1,1,1,24
985,0.471,1,1,1,25
985,0.42,1,0,1,26
985,0.425,1,0,1,27
985,0.325,1,1,1,28
985,0.488,1,1,1,29
985,0.405,1,0,1,30
985,0.391,1,1,1,31
985,0.389,1,0,1,32
985,0.37,1,0,1,33
985,0.408,1,1,1,34
985,0.572,1,0,1,35
985,0.42,1,0,1,36
985,0.509,1,0,1,37
985,0.472,1,1,1,38
985,0.353,0,1,1,39
985,0.365,1,1,1,40
985,0.344,1,0,1,41
985,0.402,1,1,1,42
985,0.465,1,0,1,43
985,0.411,1,1,1,47
985,0.377,1,0,1,49
985,0.351,1,0,1,51
985,0.408,1,0,1,52
985,0.398,1,1,1,53
985,0.393,1,1,1,54
985,0.332,1,0,1,56
985,0.342,1,1,1,57
985,0.431,1,0,1,58
985,0.441,1,1,1,59
985,0.346,1,0,1,60
985,0.405,1,0,1,61
985,0.341,1,1,1,64
985,0.406,1,1,1,65
985,0.438,1,0,1,67
985,0.44,1,1,1,69
985,0.392,1,0,1,71
985,0.447,1,0,1,73
985,0.477,1,0,1,75
985,0.515,1,1,1,76
985,0.404,1,0,1,77
985,0.46,1,0,1,80
985,0.391,1,1,1,82
985,0.352,1,0,1,84
985,0.37,1,0,1,85
985,0.35,1,0,1,86
985,0.403,1,0,1,89
985,0.409,1,0,1,91
985,0.319,1,1,1,93
985,0.414,1,1,1,94
985,0.377,1,1,1,95
985,0.304,1,0,1,96
985,0.513,1,1,1,97
985,0.438,1,1,1,98
985,0.372,1,0,1,99
985,0.373,1,1,1,101
985,0.352,1,1,1,102
985,0.352,1,0,1,104
985,0.381,1,0,1,105
985,0.54,1,0,1,106
985,0.356,1,0,1,107
985,0.41,1,1,1,109
985,0.343,1,1,1,111
985,0.359,1,1,1,114
985,0.42,1,1,1,117
985,0.472,1,1,1,118
985,0.465,1,1,1,120
985,0.353,1,0,1,122
985,0.407,1,0,1,123
985,0.381,1,1,1,124
985,0.395,1,0,1,0
985,0.37,1,1,1,1
985,0.439,0,1,1,2
985,0.454,1,1,1,3
985,0.449,1,1,1,4
985,0.497,1,0,1,5
985,0.541,1,0,1,6
985,0.351,1,0,1,7
985,0.343,1,0,1,8
985,0.398,1,1,1,10
985,0.371,1,0,1,11
985,0.385,1,0,1,12
985,0.366,1,0,1,13
985,0.363,0,1,1,15
985,0.474,1,1,1,16
985,0.54,1,0,1,17
985,0.307,1,0,1,18
985,0.365,1,1,1,19
985,0.39,1,1,1,20
985,0.358,1,0,1,21
985,0.387,0,0,1,23
985,0.58,1,0,1,31
985,0.413,1,1,1,33
985,0.409,1,1,1,34
985,0.526,1,1,1,35
985,0.341,0,0,1,36
985,0.353,1,1,1,37
985,0.353,1,1,1,38
985,0.534,1,1,1,42
985,0.415,1,0,1,43
985,0.383,1,1,1,44
985,0.37,1,0,1,46
985,0.541,1,1,1,48
985,0.439,0,1,1,50
985,0.349,1,0,1,52
985,0.399,1,1,1,53
985,0.369,1,1,1,55
985,0.621,1,0,1,56
985,0.424,1,1,1,57
985,0.371,1,0,1,59
985,0.33,1,1,1,61
985,0.414,1,0,1,62
985,0.352,1,0,1,63
985,0.325,1,0,1,65
985,0.368,1,0,1,66
985,0.524,1,1,1,67
985,0.425,0,1,1,68
985,0.416,1,0,1,69
985,0.416,1,0,1,71
985,0.379,1,0,1,72
985,0.455,1,1,1,75
985,0.368,1,1,1,76
985,0.458,1,1,1,77
985,0.347,1,0,1,81
985,0.439,1,1,1,85
985,0.393,1,0,1,86
985,0.335,1,1,1,89
985,0.324,1,0,1,90
985,0.372,1,1,1,92
985,0.364,0,0,1,93
985,0.397,1,1,1,94
985,0.365,1,0,1,95
985,0.372,0,1,1,97
985,0.39,1,1,1,99
985,0.36,1,1,1,100
985,0.432,1,0,1,102
985,0.391,1,0,1,104
985,0.397,1,0,1,105
985,0.43,0,1,1,107
985,0.629,1,1,1,108
985,0.419,1,0,1,110
985,0.392,1,0,1,111
985,0.621,1,1,1,112
985,0.48,1,1,1,113
985,0.476,1,0,1,114
985,0.397,1,0,1,115
985,0.473,1,0,1,116
985,0.447,1,1,1,117
985,0.531,1,1,1,118
985,0.385,1,0,1,121
985,0.44,1,0,1,122
985,0.359,1,1,1,123
985,0.37,1,0,1,124
985,0.467,1,1,1,127
985,0.424,1,0,1,0
985,0.37,1,1,1,2
985,0.424,1,1,1,5
985,0.403,1,1,1,8
985,0.411,1,0,1,10
985,0.598,1,1,1,11
985,0.391,1,0,1,12
985,0.475,1,0,1,15
985,0.337,1,0,1,16
985,0.373,1,0,1,17
985,0.369,1,0,1,18
985,0.328,1,0,1,24
985,0.405,1,0,1,27
985,0.302,1,0,1,28
985,0.483,1,0,1,29
985,0.465,0,1,1,31
985,0.446,1,0,1,32
985,0.354,1,0,1,35
985,0.39,1,1,1,38
985,0.399,1,0,1,39
985,0.39,1,0,1,40
985,0.351,1,0,1,41
985,0.459,1,0,1,44
985,0.597,1,0,1,45
985,0.592,1,1,1,46
985,0.379,0,0,1,47
985,0.323,1,0,1,48
985,0.336,1,0,1,49
985,0.344,1,0,1,51
985,0.431,1,1,1,52
985,0.337,1,1,1,53
985,0.341,1,1,1,54
985,0.31,1,0,1,55
985,0.48,1,1,1,57
985,0.373,0,1,1,58
985,0.407,1,1,1,60
985,0.36,1,0,1,63
985,0.365,1,0,1,66
985,0.459,1,1,1,67
985,0.43,1,1,1,68
985,0.465,1,0,1,70
985,0.484,1,1,1,72
985,0.431,1,1,1,73
985,0.459,1,0,1,76
985,0.505,1,1,1,77
985,0.447,1,1,1,78
985,0.418,1,0,1,79
985,0.536,1,1,1,82
985,0.392,1,1,1,83
985,0.408,0,0,1,85
985,0.484,1,1,1,86
985,0.405,1,0,1,88
985,0.499,1,1,1,90
985,0.458,1,1,1,91
985,0.363,1,1,1,93
985,0.442,1,1,1,94
985,0.351,1,1,1,95
985,0.391,0,1,1,96
985,0.408,1,0,1,98
985,0.392,1,1,1,100
985,0.358,1,0,1,101
985,0.375,1,1,1,102
985,0.343,1,1,1,103
985,0.357,1,1,1,104
985,0.369,1,0,1,105
985,0.383,1,0,1,106
985,0.374,1,0,1,107
985,0.48,1,1,1,108
985,0.389,1,0,1,109
985,0.404,1,0,1,110
985,0.352,1,1,1,111
985,0.336,1,0,1,112
985,0.342,0,1,1,113
985,0.474,1,1,1,114
985,0.38,1,0,1,115
985,0.392,0,1,1,116
985,0.438,1,0,1,119
985,0.447,1,1,1,120
985,0.431,1,0,1,122
985,0.498,1,1,1,123
985,0.448,1,0,1,124
985,0.415,0,1,1,125
985,0.539,1,1,1,126
